Comment,Label
cảm ơn thầy,2
học từ vựng bài 1 xong học ngữ pháp luôn à thầy,1
thầy có dạy trực tuyến không ạ,1
thầy ơi em muốn mua bộ sách trọn bộ cho người mới bắt đầu ạ,1
em muốn đăng ký khóa học ạ,1
"thầy à, em đã đạt n4 kì thi tháng 122024 rồi ạ, em cảm ơn thầy nhiều",2
"thầy ơi , em đã học xong 2 bảng chữ cái hiragana và katakani thì tiếp theo nên học giáo trình minna no nihongo hay là học kanji kèm từ vựng trước a.",1
bài 1 dễ qué,2
bài một xem anime là hiểu lọt lòng hết,2
có bán sách n5 theo bài giảng không thầy,1
thầy ơi mình học từ vựng bài 1 xong rồi tới ngữ pháp bài 1 luôn hả thâỳ,1
thầy dạy hay quá . sau bài tổng kết lại cho mọi ng dễ hiểu,2
cho em hỏi. mình có lớp học trực tuyến không ạ,1
sao không dạy từ vựng chung luôn ạ,1
thầy cho em hỏi học n5 là giờ xem video từ vựng (chị trà)  và ngữ pháp (thầy)  riêng phải không thầy.,1
thầy tiệp dạy rất dễ hiểu luôn . không chỉ dạy kiến thức tận tâm mà còn tạo động lực để tụi em cố gắng nữa . chúc thầy và đội ngũ minato ngày càng phát triển ạ,2
chuỗi video này thầy dạy bản mới hay cũ của minnano nihongo ạ?,1
"lần đầu tiên em coi thầy dạy miẽn phí là dễ hiểu cuốn luốn ý. em học n5 rùi mà không vào đầu được cái gì , không biết gì luôn học đi học lại chán không muốn học nũa . đến hnay nghe thầy dạy mà lại chịu nghe tù đầu luôn . dễ hiểu dã man . em cũng muốn học thầy lắm mà em vùa đi làm tối về chăm con nhỏ . chỉ rảnh tù 10h khuya . nên chỉ coi video như này thôi. nếu thầy có dạy kèm và có phuong pháp học ntn đối với trừơng hợp như em thầy có thể chỉ dạy em không ạ",2
"thầy dạy rất dễ hiểu ạ. em muốn học lớp của thầy lắm mà em làm đảo ca không có thời gian cố định, nên chỉ có thể nên youtube nghe thầy giảng thôi ạ. cảm ơn thầy rất nhiều ạ! chúc thầy luôn mạnh khỏe vui vẻ và thành công.",2
"thầy có đăng video từ vựng của thầy trà. thầy trà phát âm rất chuẩn nhật, em có thể học theo nha",1
đúng rồi em nhé!,1
thầy cảm ơn em nhiều. chúc em sớm chinh phục được hết kiến thức n5 nha,2
bản mới nhé em!,1
học theo giáo trình này thì mình chuẩn bị sách gì cho n5 ạ,1
"thầy này quá tâm huyết. không chỉ dạy đủ cả ngữ pháp, từ vựng ở ngưỡng n5 là cái ngưỡng trẻ em học ngôn ngữ rất chi tiết mà còn dặn dò cẩn thận, giúp nhiều người như em không cần phải đi học ở ngoài. respect thầy",2
sao lại mina phải là minna chứ,1
dạ em cảm ơn thầy ạ,2
"đăng kí học một trung tâm khác, học bài một họ dạy lướt quá và hơi khó hiểu nên lên youtube tìm, thấy bài giảng ngữ pháp của thầy và trà thầy giảng tù vựng dễ hiểu quá huhu tiếc quá. em càm ơn các thầy đã đăng những bài giảng dễ hiểu như thế này ạ..",2
"cảm ơn thầy rất nhiều 
mình là đứa chậm tiêu nhất nhưng nghe thầy giảng là khoái học",2
em bắt đầu học,1
thầy dạy hay quá,2
thầy oi làm sao biết tên tiếng nhật ạ,1
"dạ thầy đang dạy ngữ pháp n5 ạ,, học xong 2 bảng chữ cái katakana và hiragana nên học gì tiếp theo ạ, em cảm ơn ạ",1
cảm ơn thầy,2
thầy này dạy dễ hiểu mặc dù mình học tận 2 tháng đến khi định bỏ thì ông này là động lực của tôi,2
"thầy ơi, thầy có nhận dạy kèm trực tuyến 1-1 không ạ",1
dạ thầy oi cho em hỏi câu cỏi có từ để hỏi có bỏ chủ ngữ khi nói được không ạ,1
thầy dạy dễ hiểu thực sự,2
"thầy dạy dễ hiểu, sâu sắc câu từ. thật sự rất xúc động khi mình đã bỏ 1 time khá dài không sử dụng tiếng nhât, mà nay vô tình thấy được thầy hướng dẫn lại bài đầu, nghe tới đâu là nhớ tới đó. biết ơn bài giảng của thầy. chúc thầy nhiều sức khỏe, vui vẻ và bình an",2
"thật là may mắn thầy lấy lại được kênh, thật may mắn em bắt đầu học thì xem được video của thầy, 
ig - thạch thất 332025",2
minano nihongo nhé em!,1
thầy cảm ơn chia sẻ cực kì ý nghĩa của em  được chia sẻ kiến thức với thầy đó là niềm vui. được các bạn tin tưởng đồng hành mỗi ngày đó là niềm vinh dự. hi vọng những video thầy đăng trên kênh đều sẽ có ích cho em,2
đúng rồi em ơi minna là tên của giáo trình em à.,1
uki em nhé,1
cảm ơn bạn nhiều  hi vọng những video này sẽ giúp cho bạn thêm yêu thích tiếng nhật,2
chúc em học tiếng nhật dễ và hiệu quả nha,2
thầy cảm ơn em nhiều,2
thầy trà có 1 video ngắn về cách viết tên trong tiếng nhật đó em  em xem lại video nha,1
em học tiếp từ vựng bài 1  ngữ pháp n5 nha em  học đúng chương trình mina 1 là chuẩn nhé em,1
ukie em nhé!,1
kiki ông này cảm ơn em nhiều,2
thank kiu  ông này,2
nếu đăng ký học trực tuyến thì đăng ký sao ạ thầy,1
thầy cảm ơn nha,2
"thông thường, chỉ có 2 trường hợp bỏ chủ ngữ là: chủ ngữ là bản thân mình, hoặc chủ ngữ đã được xác định trước đó em nhé!",1
dạ em cảm ơn,2
thầy cảm ơn em nhé  hôm nay em đã học xong bài 1 chưa,2
kiki tuyệt vời quá. được đánh thức lại kiến thức cũ là một điều vô cùng thú vị. thầy tin là kiến thức tiếng nhật của em sẽ nhớ lâu hơn sau mỗi lần em xem lại kiến thức,2
thầy cảm ơn em nhiều  thật mừng vì kênh đã về. cố gắng chăm chỉ để không bỏ lỡ bài nào nhé em,2
"thầy dạy hay quá ạ, xem cực kì dễ hiểu ạ",2
xem video của thầy quá là tâm huyết và dễ hiểu nhất,2
cảm ơn thầy,2
"thầy ơi, em mới học xong bảng chữ cái cũng như các nguyên tắc rồi ạ. giờ em nên bắt đầu học bài từ vựng trước hay ngữ pháp trước ạ? và em nên học xen kẽ 2 phần này hay hoàn thành xong phần nào rồi học tiếp phần nấy ạ. em cảm ơn thầy ạ",1
ơn trời. thầy lấy lại được kênh rồi,2
mừng quá.. thầy đã lấy lại được gốc cho em,2
"cảm ơn thầy, thầy dạy rất dễ hiểu",2
e xem thầy dạy rất dễ hiểu . cám ơn thầy đã tạo ra video giảng dạy rất hay,2
"thưa thầy, ta có thể dùng hiragana và katakana viết lẫn lộn trong 1 câu được không ạ. ví dụ một câu có thể viết bằng hiragana nhưng lại dùng thêm ít katakana hoặc thay bằng katakana. có tiêu chuẩn nào để mình viết không ạ. em xin cảm ơn thầy ạ",1
đang nghe đến 1:00:00. đã hoàn thành,1
thầy ib em với em muốn đăng ký học n4 ạ nay trượt rồi ạ,1
em muốn đăng kí học thì ntn ạ,1
cảm ơn thầy,2
bây giờ là 23:09 ngày 6 tháng 1 2025.,1
cô kaiwa quen để giao tiếp với đồng nghiệp nên muzukashi .mukashi mukashi benkyou n5 nihongo,1
rất hay dễ hiểu,2
có bạn nào chưa học bảng chữ cái đã xem video này không,1
bạn rất giỏi trong giảng dạy,2
kiki thầy cảm ơn em nhiều  nha,2
thầy cảm ơn em nha. được em và các bạn ủng hộ thầy vui quá. chúc em sớm chinh phục được hết kiến thức n5 n4 nha,2
thầy cảm ơn em nha  thầy chúc em sớm chinh phục được hết kiên thức n4 n5 nha,2
thầy ơi em muốn học đủ lộ trình của n5 thì học từ bài nào theo thứ tự ạ. em cảm ơn thầy ạ!,1
em học từ vựng trước rồi học ngữ pháp sau. và học từ bài 1 đến bài 25 là hết chương trình n5 nhé em. em học ngữ pháp xong thì em tìm thêm bài tập để nhớ sâu hơn nha,1
dạ em cảm ơn thầy,2
uki em nha,1
em học từ vựng thuộc rồi mới học ngữ pháp em nha  học vậy thì em sẽ tự tin học ngữ pháp hơn nha,1
kiki vui quá em ơi,2
kiki thầy cũng vui lắm luôn,2
cảm ơn em rất nhiều  chúc em sớm chinh phục được hết kiến thức n5 nha,2
em nói làm thầy vui quá. thầy cảm ơn em nhiều. chúc em sớm chinh phục được hết kiến thức n5 n4 nhé,2
"trong tiếng nhật thì katakana dùng cho các từ đi mượn, hoặc để nhấn mạnh thôi em nha. nếu một từ vựng là hiragana thì em vẫn dùng hiragana trong câu bình thường em nha",1
hơi dài chút nhưng đầy đủ kiến thức. em cố gắng học hết bài nha,1
em giúp thầy nhắn tin vào facebook nguyễn ngọc tiệp để thầy gửi thông tin khoá học cho em nhé! thầy cảm ơn em nhiều,2
em giúp thầy nhắn tin qua facebook nguyễn ngọc tiệp để thầy gửi thông tin khoá học cho em nhé! thầy cảm ơn nhé,2
uki em nha,1
thật tuyệt vời cố gắng kiên trì nha em!,2
dạ vâng ạ  vậy cô cố gắng nhé ạ,2
kiki thầy cảm ơn em nhiều,2
vậy thì tìm và xem ngay bảng chữ cái em nha,1
mình cảm ơn bạn nhiều nha,2
rất thuyết phục dễ hiểu,2
dễ hiểu huhu học ng khác không vào vừa vào xem thầy dính luôn,2
cảm giác học từ thầy thấy đơn giản và có hứng thú học tiếng nhật hơn nhiều ạ.,2
thầy ơi em đang muốn học trực tuyến khóa học n5 ạ,1
mình bắt đầu tự học trên youtube.không biết có ổn không,1
muốn vào học bài 1 thì nên học thuộc thê chữ kanji hay học thuộc  hinagana và katakana là vào học bài 1 vậy ạ,1
"thầy đã handsome lại còn dạy hay nữa chứ. học thầy dễ hiểu ghê. cảm ơn thầy nhiều. chúc thầy sức khoẻ và thành công, nhiệt huyết trên con đường giảng dạy tiếng nhật ạ.",2
tên duyên thì viết ra tiếng nhật sao anh,1
vậy học từ vựng ở đâu bà như thế nào ạ,1
thầy ơi cho em hỏi thực tập sinh đọc và ghi sao vậy thầy,1
quá ok  a. cảm ơn thầy a,2
hay nhan. học trực tuyến như này cũng ok.  cám ơn kênh. đã được kênh và theo dõi học tại nhà,2
"bài giảng tuyệt vời nhất mà mình từng xem, quá là tâm huyết cảm ơn bạn đã chia sẻ",2
cảm ơn thầy..thầy dạy dễ hiểu quá,2
bắt đầu học trực tuyến từ n5 đến n4 thôi nào,1
rất cảm ơn thầy..,2
cảm ơn anh rất nhiều. để bình luận ở đây. ngày mai bắt đầu từ hôm nay,2
thật đúng là cặn kẽ và rễ hiểu cảm ơn thầy giáo ạ,2
có khoá học nào thầy dạy trực tuyến kèm 1-1 không ạ,1
cảm ơn bạn nhiều,2
kiki thầy cảm ơn em nhiều. nhớ chăm chỉ học đừng phụ công thầy quay bài nha,2
kiki chào đón em đến với những bài giảng của thầy. chúc em sớm chinh phục được hết bài giảng n4 n5 nha,2
em cảm ơn thầy ạ,2
"thầy đăng đầy đủ video rồi, em có thể học hết n4 n5 bằng các video của thầy đã đăng nha  em sẽ càm nhận được có ổn hay không khi học những video đầu nha",1
học từ vựng trong bài học ở đâu vạy ạ,1
"em học bảng chữ cái hinagana và katakana, biến âm.... xong thì em chuyển qua bài 1. em học từ vựng trước ngữ pháp sau. từ vựng thầy đăng 50 bài mina, em tìm giúp thầy nha",1
kiki đọc bình luận của em mà thầy vui quá  như thế này thầy lại có động lực tiếp tục quay thật nhiều video rồi  chúc em sớm chinh phục được hết kiến thức n5 nha!,2
"dạ em cảm ơn thầy. 
trong tương lai em sẽ đăng kí lớp zoom của thầy trước khi sang nhật.",2
em tìm list danh sách từ vựng 1- 50 mina 1 giúp thầy nhé!,1
thầy cho em hỏi tháng 3 năm sau em bay. mà ăn tết mình xong em muốn học trực tuyến thì được không thầy.,1
thaonguyen-gp2gt  em cũng có cùng câu hỏi này,1
dạ em cảm ơn thầy nhiều ạ,2
kiki thầy cảm ơn em nhiều nha,2
chúc em sớm chinh phục được kiến thức mina 1 của n5 nha,2
thầy cảm ơn em nhiều nha  cố gắng chăm học không phụ công thầy quay bài nhé!,2
kiki thầy cảm ơn em nhiều. chúc em sớm chinh phục được hết kiến thức tiếng nhật nha,2
kiki học liền em ơi,2
kiki cố gắng chăm chỉ học hết n5 nha em,2
uki luôn em ơi. cố gắng chăm chỉ chinh phục hết bài giảng n5 n4 nhé em!,2
cố gắng chăm chỉ chinh phục được hết kiến thức n4 n5 nha,2
de đang học luôn thầy,2
hay wá thầy ơi,2
học 25 bài này trước hay học 50 bài từ vựng trước vậy thầy,1
thầy dạy dễ hiểu lắm,2
điều tuyệt vời nằm ở đây .,2
"thầy ơi, trong bài có vài từ kanji ấy thầy có video dạy không ạ?",1
n1 no n2 thì phải dịch là n2 của n1 chứ ạ. học sinh của trường anh thì phải là trường anh (n1) no học sinh (n2),1
mình học 2 bảng hiragana với katakana rồi mới bắt đầu học bài này hay sao ạ? em mới học nên không biết học cái nào trước!,1
neu ten trong tieng nhat co nghia thi sao,1
"học theo lộ trình của thầy thì dùng sách gì ạ , em chúc thầy có thật nhiều sức khoẻ ạ",1
may quá có video của thầy để mình có động lực học,2
muốn học kanji thì học như nào mọi người ạ,1
mọi người cho tui hỏi mua giáo trình ở đâu ạ,1
days 3. . điểm danh,1
"thầy dạy đúng có tâm có tầm luôn , em chúc thầy có thâht nhiều sức khoẻ và thành công hơn trong tương lai ạ",2
cảm ơn thầy rất hay và dễ hiểu ạ,2
"dạ em chào thầy ạ,
em chỉ mới tìm hiểu về tiếng nhật thôi, hiện tại em vừa học vừa làm nên nhiều khi strethầy cũng như lười khi đụng vào sách vở, em vô tình xem 1 video ngắn của thầy chia sẻ về việc làm thế nào để không buồn ngủ khi học tiếng, em cảm thấy video rất truyền động lực luôn ạ. và thế là em lao vào cày view seri này, hiện tại em xem clip này là lần thứ 10 11 chi đó rồi, em ngồi bình thường cũng bật lên nghe để cho nhớ và có phản xạ. em chỉ mới học thuộc bảng hiragana thôi, nhưng những câu ví dụ và ngữ pháp, từ vựng trong video này của thầy em đã thuộc nằm lòng hết rồi  

có thể thầy không xem được những dòng này(e nghĩ là thường sẽ có 1 team riêng phụ trách mảng youtube) nhưng em vẫn muốn gửi lời cảm ơn đến thầy vì sự tâm huyết trong từng câu chữ để truyền đạt kiến thức

nhờ có những clip của thầy đã tiếp thêm động lực để có thể cố gắng nghiêm túc học hơn 
chúc thầy và những thành viên ở trung tâm nhiều sức khỏe và thành công hơn nữa ạ

cảm ơn thầy và team rất nhiều",1
mọi người cố gắng học hết 25 bài nha  (mình cũng v ),1
thầy dạy quá tận tâm và quá dễ hiểu luôn,2
kiki cố gắng chăm chỉ em nhé!,2
kiki thầy cảm ơn em,2
em học từ vựng trước rồi học ngữ pháp em nhé!,1
vâng ạ!,2
thầy cảm ơn em nha  cố gắng chinh phục hết n5 n4 em nha!,2
kiki thầy cảm ơn loan nha,2
"thầy cảm ơn em nhiều nha  em muốn hỏi về video kanji em nhỉ. video kanji thuộc tài liệu của khoá học trực tuyến nên hiện tại thầy chưa thể chia sẻ công khai trên youtube được. em có thể tự học bộ thủ trước, sau đó học kanji từng trình độ nha",1
cảm ơn thầy ạ,2
thầy vẫn dịch như vậy mà em nhỉ. em xem lại bài giúp thầy nhé!,1
slide bị ngược ạ. slide ghi n1 của n2,1
đúng rồi em nha. em học xong hết video bảng chữ cái rồi em học từ vựng và ngữ pháp nha,1
em mua bộ sách mina no nihongo nhé em!,1
kiki vậy cố gắng chăm chỉ không được phụ công thầy quay bài đâu nha em,2
em học từ bộ thủ rồi chuyển sang học kanji n5 n4 nhé,1
giáo trình minano nihongo em có thể mua ở bất kì hiệu sách nào nha em!,1
thầy cảm ơn rất nhiều. thầy chúc em học tiếng nhật thật hiệu quả. cố gắng chinh phục hết kiến thức n5 n4 luôn em nhé!,2
thầy cảm ơn nhiều nha. chúc em sớm chinh phục được hết kiến thức n5 nha,2
"nếu thầy bảo là thầy vẫn làm người rep những bình luận này của em, thì em có tin không  
thầy rất cảm ơn em vì những tình cảm cũng như những lời chia sẻ đầy ý nghĩa của em. được em đồng hành cùng thầy chắc chắc là một cái duyên rồi. nếu có cơ hội thầy hi vọng được gặp em ở khoá học n3 nha  
thầy chúc em sẽ sớm chinh phục được khoá học n5 n4 nha",2
"dạ, em hẹn thầy ở khóa học cao hơn ạ.",2
cùng các bạn cố gắng em nha,1
thầy cảm ơn fedback có tâm của em nha,2
có ai tự học ở nhà mà mới bắt đầu học như mình không . thầy giảng rất hay ạ em mới bắt đầu học,1
"nể thầy thiệt, video gần 2 tiếng quá chi tiết luôn",2
"vừa vào bài 1 đã xuất hiện mấy chứ tiếng nhật ngoằn nghèo chả hiểu gì cả. ít ra cũng phải dạy cách viết, quy tắc viết, quy tắc phát âm đã chứ. chưa gì đã xằng với cả kưn gì đó nghe không hiểu gì.",0
em cũng đeo tai nghe bật to để hiểu thấy to quá em bỏ tay nghe ra,1
"thôi thầy ạ em theo thầy làm 1 giáo viên bình thường, để họ tự lo đi, em giúp z đủ r",1
cảm ơn thầy rất nhiều,2
thầy dạy dễ hiểu dễ học. nhưng vì em học nghe thông qua tai nghe nên mỗi lần đổi bài là em hơi giật mình xíu,2
anh ơi anh dạy ở đâu đấy cho em xin địa chỉ để vào học ạ,1
thật sự là rất chi tiết rất dễ hiểu luôn  bật video thầy lên rồi ngồi vào bàn học mà mình tập trung học hơn mấy tiếng không hay luôn. mong là mình sẽ chinh phục được n5 và cảm ơn thầy nhìu lắm ạ,2
học thầy dễ hiểu nhất,2
ước biết kênh này sớm hơn,2
thầy cô và ace trong trung tâm quá tuyệt vời. có cơ hội em sẽ đăng kí off line. hiện tại đăng kí kênh của thầy cô thay cho lời cảm ơn,2
thầy ơi thầy em đọc nặng thành sềnh được không ạ,1
thầycó thể cho em hỏi cách sử dụng các trợ từ gắn cuối câu trong tiếng nhật và cách sử dụng được không ạ,1
"mua sách gì để tự học, ôn n5 ổn z anh (e có học 2 bản từ vựng r)",1
có ai mới học không ib kết bạn cùng học,1
e mất gốc n5 không biết bắt đầu từ đâu luôn,1
kiki thầy cảm ơn em. có nhiều bạn cũng đang bắt đầu học giống như em vậy. em cố gắng chăm chỉ nha,2
thầy có bí quyết gì học nhanh thuộc từ vựng không ạ.em học toàn hay quên dù biết từ vựng rất quan trọng,1
vậy em cố gắng chăm chỉ theo bài không phụ công thầy quay bài nha,2
từ vựng không lo học than cái gì,1
uki em nha,1
uki em nha   thầy đợi em.,1
kiki ukie em nha  chúc em học tốt nhé,1
thầy cảm ơn em nhé. để thầy xem lại âm thanh xem có bị sao không em nhé!,2
"chào em, anh có lớp trực tuyến và lớp zoom có thể học ở bất kì đâu. em liên hệ nick facebook nguyễn ngọc tiệp để thầy tiện tư vấn cho em nha",1
kiki tuyệt vời quá em ơi. cảm ơn vì những lời khen của em nha. thầy rất vui vì được đồng hành cùng em trên hành trình này. chúc em sớm chinh phục được khoá học n5 nha.,2
"um thế ông học trên đấy đi dịch sao học đấy đi
anh tiệp giảng dễ hiểu như thế mà. đúng là lỗ tai cây",1
kiki tuyệt vời em ơi. thầy cảm ơn em nhiều nha,2
cũng chưa quá muộn đâu em. cố gắng học nha em,1
thầy cảm ơn em nhiều nha. chúc em sớm chinh phục được video n5 n4 thầy đăng trên kênh nha,2
ý của em là vĩ tố cuối câu phải không em?,1
em học theo mina no nihongo là ổn. em học cả từ vựng và ngữ pháp song song nhau cho nhanh nhớ em nhé!,1
"ngữ pháp là gì z anh, chỉ cần học trong cuốn mina là được phải không anh",1
đúng rồi em. có sách ngữ pháp mina riêng đó em nhé,1
em cám ine anh nhìu,1
có tớ đây,1
tôi với,1
kết bạn nào,1
em cứ ôn lại ngữ pháp và học từ vựng nữa là sẽ ôn được lại kiến thức nha,1
vâng do ngày trước covid nên trung tâm dạy trực tuyến nên em không biết gì hết,1
học gần xong n2 rồi vẫn mông luông quá giờ mình quyết định học lại tiếng nhật từ con số 0 luôn để nắm chắc kiến thức,1
có ai như em không ạ? giờ mới bắt đầu học lại ạ.,1
"e có học tiếng nhật ở trường r. em xem lại thấy th giảng hay quá. phương pháp giảng dạy dễ hiểu, có bài tập để ôn lại. rất biết ơn th. chúc th vui vẻ.",2
thầy giảng rất chi tiết lần đầu em nghe được người giảng như thầy giá mà em xem được video của thầy sớm hơn,2
có app gì trên điện thaoji có thể ôn luyện từ vựng không mọi người ai có cho em xin với,1
quá ok luôn thầy oi,2
cảm ơn thầy,2
"video rất bổ ích ạ
cuối cùng em cũng đã tìm ra trang thầy để có thể tập trung vào việc học thôi ạ
cám ơn thầy",2
"e tưởng đô na ta lịch sự hơn đa rê,  ô i kư tsu lịch sự hơn nan sai chứ ạ",1
em cám ơn vì bài giảng ạ,2
cảm ơn thầy nhiều  em mất gốc ngữ pháp 2 năm không dùng đến. giờ nghe lại dễ hiểu quá,2
thầy dạy dễ hiểu quá,2
"em cảm ơn thầy rất nhiều ạ, bài giảng hay quá ạ 3",2
cảm ơn thầy rất nhiều ạ,2
bắt đầu học lại từ đầu,1
cảm ơn thầy tiệp ạ thầy dạy dễ hiểu,2
"1 cấu trúc đưa ra rất nhiều ví dụ nên học rất dễ vào và không bị nản, thầy dạy hay phết",2
thầy ủng hộ em ôn lại kiến thức nha. em vừa học vừa ghi chép lại kiến thức đã ôn để nhớ như in luôn nha,2
kiki thầy cảm ơn em nhiều nha. chúc em sớm chinh phục được khoá n5 n4 em nha,2
kiki may quá  em cố gắng chinh phục xong khoá n5 nhé em,2
hiện tại thầy có app luyện ghi nhớ thực hành được mở miễn phí cho n5 em nhé  các n khác cần đăng ký khoá học mới học được em nha,1
kiki thầy chúc mừng em đã tìm thấy thầy  cố gắng chinh phục hết n5 n4 thầy đăng trên kênh nha em,2
uki em nhé. thầy đợi em nha,1
ok em nhé. em cố gắng học hết n5 rồi sang n4 học luôn nhé. thầy đăng hết video n5 n4 trên kênh rồi nha. yên tâm học nhé em!,1
cố gắng một thời gian nữa là học xong được n5 n4 luôn đó em 3,1
thầy cảm ơn em nhiều nhé,2
cứ dạy xong bài nào mà có lời cảm ơn chân thành như thế này thầy lại thấy có động lực lắm luôn,2
lần này học lại phải học chắc luôn để không phải học lại em nhé,1
kiki học thế dễ vào hơn em nhỉ  thầy cũng thích học như vậy,2
người mới học n5 thì nên mua sách nào vậy anh,1
ôi trời thầy dạy chi tiết dễ hiểu quá ạ,2
thầy dạy cũng dễ hiểu lắm luôn,2
"thầy giỏi quá em học 2 ngày nói mới xong 
chắc em bỏ luôn quá",2
em rất thích video . hú hú,2
thầy dạy dễ hiểu qua,2
mình học hết n4 cách đây 5 năm.giờ mở ra học lại cảm thấy quên quá nhiều rồi.vì không có cơ hội ôn hay sử dụng.làm thế nào để có động lực học lại từ đầu đây.ngoài 40 tuổi rồi,1
thầy dạy dễ hiểu lắm ạ cảm ơn thầy rất nhiều ạ,2
cảm ơn thầy rất nhiều,2
"anh giảng dạy rất chi tiết rõ ràng dễ hiểu, chúc anh nhiều sức khỏe",2
thầy dạy chi tiết dễ hiểu quá ạ,2
cảm ơn thầy rất nhiều,2
cảm ơn thầy đã chia sẻ kiến thức rất tận tình em là người mới bắt đầu học dễ hiểu dễ nắm bắt được bài và ghi nhớ tốt.,2
đi học trung tâm cả tháng mới biết bạn .  biết sớm thì ở nhà học cũng ok,1
45 tuổi đang học tiếng nhật.bỏ 25 năm đi làm kg có cơ hội học.giờ đi học già nó rồi.nhưng vẫn cố gắng,1
em đã học tại nhà chữ cái vì lười nên chưa học nhanh.,1
10h học bắt đầu,1
"thầy dạy hay , dễ hiểu quá ạ",2
thầy dạy nhiệt tình dễ hiểu.  cảm ơn thầy rất nhiều.,2
"muốn học thì tìm thầy ở đâu, có dạy trực tuyến không thầy ,",1
n5 n4 thì thầy thấy bộ sách mina rất phù hợp em nha.,1
thầy cảm ơn em nhiều. chúc em sớm chinh phục n5 n4 nhé 3,2
kiki thầy cảm ơn em nha  cố gắng chinh phục xong n5 n4 em nha 3,2
"cố lên em ơi. chặng đường này có thầy đồng hành, đừng bỏ thầy nha",1
mình nghĩ bạn cứ cố gắng học và ôn lại những kiến thức cơ bản trước. dần dần khi học thêm được nhiều kiến thức bạn sẽ thấy mình có thêm động lực đó nha,1
thầy cảm ơn em nha  em cố gắng học theo nha,2
thầy cảm ơn em nha  chúc em sớm chinh phục được n5 n4 nha,2
tuyệt vời quá. vậy em cố gắng kiên trì chinh phục hết chương trình n5 n4 nha,2
thế giờ học lại luôn từ đầu luôn đi bạn  chúc bạn sớm hoàn thành chương trình n5 n4 nha,1
"tuyệt vời quá ạ. mỗi ngày học một chút, em tin là chị sẽ sớm hoàn thành được bài học n4, n5 nha em",2
... đang chuẩn bị qua nhật bản rồi ...biết nói ít rồi.cảm ơn thầy,2
giải thích rõ ràng,2
uki em nha. em cố gắng dành thời gian học hết n5 và n4 nha,1
dạ em đang cố học truoc bài . thầy dạy rất hay á . em học sg muốn học bên thầy để tốt tiếng nhật hơn,2
cố gắng chinh phục từng chút từng chút một nhé em,1
thầy cảm ơn em nha  em cố gắng kiên trì học hết n5 và n4 nha,2
thầy cảm ơn em nha. chỉ cần các bạn kiên trì học tới cùng thì đó cũng là lời cảm ơn chân thành với thầy rồi,2
em liên hệ nick facebook: nguyễn ngọc tiệp giúp thầy nha  thầy cảm ơn em nha,2
162 em đã cười rất nhiều,2
"1 năm 3 tháng học tiếng nhật, nhờ xem từ bài 1 đến ngữ pháp sinkanzen n3 của thầy nên đã đỗ n3 trong 10 tháng từ khi chưa bình thường gì. thật sự cảm ơn thầy",2
em muốn học bảng chữ cái,1
thầy ơi cho em xin link học chữ cái,1
"cảm ơn thầy rất nhiều, thầy giảng dễ hiểu ạ",2
cảm ơn thầy,2
"cảm ơn thầy rất nhiều, tuy em mới lần đầu học nhưng thầy giảng rất có tâm và dễ hiểu, em học theo và phát âm thấy tự tin lắm luôn. mong thầy và trung tâm luôn nhiều sức khỏe và giảng thật nhiều bài hay đến những người học như chúng em. cảm ơn thầy nhiều ạ",2
"em cảm ơn thầy nhiều ạ, thầy cho em hỏi các hán tự là mình tự học hay trong chương trình có dạy ạ ?",2
cảm ơn thầy nhiều thật tốt bụng,2
rất hay.va rât dễ hiêu,2
"em đã mải mê tìm nơi để học 
và quyết định mua sách về tự học ở nhà qua các video của thầy
mê cách thầy chi tiết với từng câu chữ khi dạy",1
cho em xin link file nghe của sách minano nihongo 1 với ạ,1
watashi wa watashi dets ( tôi là tôi ạ ),1
watashi wa thuy dets,1
thầy không dạy 25 bài từ vựng à?,1
em bắt đầu mới học mà thấy anh dạy dễ hiểu quá.,2
"cảm ơn thầy nhiều lắm, chúc thầy sức khỏe dồi dào,",2
mình mới học tiêg có thắc mắc là khi nào minh viết tên của nguoi nào đó bằng chữ hiraganavà khi nào viết bằng chữ katakana hay ntn?,1
thầy cũng có khiếu hài hước đấy chứ,1
ui thầy chúc mừng em nha. thật sự đây là điều tuyệt vời nhất trong ngày. một lần nữa thầy chúc mừng em. tiếp tục cố gắng và phát huy năng lực tiếng nhật của mình nha,2
một ngày b học mấy tiếng mà lẹ vậy,1
em tìm trong phần danh sách sẽ thấy chuỗi video bảng chữ cái tiếng nhật nha em,1
em tìm trong phần danh sách sẽ thấy chuỗi video bảng chữ cái tiếng nhật nhé em,1
thầy cảm ơn em nhiều nha. thầy hi vọng là những video thầy đăng sẽ có ích cho em. thầy có đăng đầy đủ các video để có thể bắt đầu học tiếng nhật rồi. em cố gắng sớm chinh phục n5 - n4 nha,2
"em có thể tự học 216 bộ thủ, sau đó tự học kanji theo từng cấp độ nha em. còn chương trình học kanji ở minato thì chỉ dành cho khoá học trực tuyến thôi em à.",1
dạ thầy ạ.,2
kiki em cố gắng học hết n5 n4 thầy đã đăng nha,2
thầy chúc em học tốt và chinh phục được hết n5 và n4 nha,2
thầy có đăng 25 bài từ vựng do cô trà giảng dạy nhé em! em tìm từ vựng mina 1 giúp thầy nhé!,1
nhưng không phải là thầy dạy..hihi,2
cảm ơn anh thầy rất nhiều,2
"chúc em học tập tốt, sớm hoàn thành chương trình n5 nhé",1
thầy chúc em học tập hiệu quả nhé,2
thầy thấy không phải tên người nhật thì đều được viết katakana em nhé,1
2k10 học lúc này có thichs hợp không thầy,1
ai có thể giúp tôi ngữ pháp bài 1 n5 được không . thầy giao bài về nhà khó quá tôi không hiểu,0
sao mà mấy ông xuất khẩu lao động bắt học thuộc muốn xỉu,1
"thầy dạy dễ hiểu lắm,em cảm ơn thầy nhiều .em chúc thầy thật nhiều sức khoẻ.",2
thầy giảng hay thật em cảm ơn thầy nhiều ạ,2
"em mới bắt đầu học thấy khó khăn quá.nhờ thầy dạy mà bây giờ em tự tin hơn rồi. mong có nhiều bài 2 ,3 ,4 ,5... hơn nửa.cảm ơn sei",2
nói đề sư vẫn ra đúng e,1
cảm ơn thầy nha,2
em đã tự học minna 2 của anh thi đỗ n4 cách đây 3 năm trước. anh rất tâm huyết. giờ em quay lại ôn và dạy cho hsinh của mình lên youtobe tìm anh để tự học và chuẩn bị bài trước. cảm ơn anh rất nhiều ạ. mong anh chia sẻ nhiều hơn kiến thức cho mọi người ạ. chúc anh luôn thành công ạ,2
"watashi desu mới là tôi là mà ủa.
watashi wa có phải không minna san",1
không thấy tiệp dạy cách học từ vựng nhỉ,1
rất là bổ ích luôn,2
cảm ơn bạn tiệp. dễ hiểu hơn xem những video của trang khác ạ,2
tôi sang n4 mà giờ mới hiểu cặn kẽ bài 1 của n5,1
thầy dạy hay gần bằng lồng tiếng anime rồi đó,2
"thầy dạy hay quá, rất dễ hiểu và nói rất hay, theo thầy suốt thôi",2
"em có thể học luôn từ bây giờ được nhé, em học từ bảng chữ cái, khi nào hết bảng chữ cái em quay lại bài 1 học nhé  thầy chúc  em học tập hiệu quả nhé 3",1
"bạn thử xem lại kiến thức mình đã nói, sau đó thử áp dụng kiến thức và làm bài tập nhé bạn!",2
"học như vậy để giới thiệu khi đi phỏng vấn đơn hàng là hợp lý em nhé. nói như vậy để thể hiện sự lịch sự với giám đốc, cấp trên... nhé em!",1
thầy cảm ơn em  chúc em học tập tốt sớm hoàn thành chương trình n5 nhé,2
thầy cảm ơn em nhé!,2
thầy chúc em học tập tốt nhé,1
"đọc những dòng này của em, anh thật sự rất vui. những chia sẻ của em sẽ là động lực để anh tiếp tục chia sẻ thêm thật nhiều kiến thức đến cộng đồng tiếng nhật nữa. anh cảm ơn em nhiều nhé!",2
thầy vẫn dạy từ vựng trong khoá học em nha,1
là không có ở you tube ạ?,1
thầy chúc em học tập tốt nha,2
chúc bạn học tập tốt nhé,1
hạạa  em  vui tính quá,2
thầy cảm ơn em nhiều nha! chúc em học tốt nhé  3,2
cám mơn anh nhiều nhờ anh mà em hiểu thêm về bài học rất nhiều ạh,2
dễ hiểu quá.không như trường dạy,2
"thầy cho em hỏi tên người viết chữ hira hay kata vậy ạ, tại em thấy lúc thì thầy viết kata , lúc thì hira ạ. em cảm ơn ạ",1
"sao
yêu  nhật bản nên tôi học để sang nhật bản",1
"cảm ơn thầy, giờ em đang học tiếng nhật chả hiểu gi khi học ở trường, mà ngễ thầy giảng em thấy dễ hiểu hơn trên trường",2
thầy dạy hay quá,2
"hay quá thầy ơi, rất dễ hiểu em không biết gì cũng học được",2
thầy có dạy trực tuyến không ạ,1
thầy có dạy trực tuyến không ạ,1
"trời ơi em học trung tâm mất 5tr mà còn không được chi tiết như này nữa. học trung tâm bài 11 khó hiểu quá xem của thầy dễ hiểu hơn rất nhiều nên quay lại học lại từ b1 luôn

 thầy quá tâm huyết luôn ạ, cảm ơn thầy rất nhiều, em chúc thầy ngày càng thành công trên sự nghiệp của mình ạ",2
"đây là video đầu tiên em xem trên hành trình học tiếng nhật của mình. những gì thầy và đội ngũ chia sẻ thực sự là rất tận tâm. từ hướng dẫn cách đọc, ngữ điệu, từ vựng và cách thầy giảng.... em xin chân thành cảm ơn thầy và đội ngũ ạ.",2
thầy dạy em không dời mắt luôn!!!!,2
cám ơn những bài giảng của thầy.. cách dạy của thầy hay lắm. chúc thầy nhiều sức khỏe.,2
em xin tri ân thầy rất nhiều vì bài học rất hay và bổ ích này ạ.,2
"cảm ơn thấy, bài học rất rõ ràng và chi tiết, dễ hiểu!",2
"cảm ơn thầy đã dạy em hiểu bài rất nhiều,cho những người không có thời gian đi học như em khi nghe thầy dạy em nghe rất dễ hiểu ,cảm ơn thầy nhiều lắm",2
"thầy cho em xin zalo được không à, em muốn đăng ký học trực tuyến.",1
ngày nhà giáo việt nam mới biết đến thầy. chúc thầy nhiều sức khỏe để ra nhiều video,2
cảm ơn thầy,2
chúc em học tập tốt nha  3,1
chúc bạn học tốt nhé  3,1
"câu trong tiếng nhật thông thường được viết bằng chữ hiragana, katakana, chữ hán. tên người, địa danh nước ngoài hoặc các từ ngoại lai được viết bằng chữ katakana em nha!",1
thầy chúc em học tốt nha 3,1
cảm ơn em đã theo dõi thầy. chúc em học tốt nhé 3,2
"thầy cảm ơn em nhiều, mong rằng luôn nhận được sự ủng hộ từ em",2
"thầy cảm ơn em. chúc em học tốt, sớm đạt được mục tiêu nha 3",2
thầy cảm ơn em. chúc em học tốt nha 3,2
"thầy cảm ơn em. chúc em học tốt, sớm đạt được mục tiêu nha 3",2
cảm ơn em đã theo dõi thầy. chúc em học tốt sớm đạt được mục tiêu của mình nhé,2
cho mình hỏi thi n1-n5 có thi nói và viết không ạ?,1
đã xem xog bài 1 cám ơn thầy nhiều lắm,2
watashi wa giang còi desu.,1
e tính sẽ cố gắng tự học sau 1 tháng để khi được gặp thầy có thể chào hỏi tự giới thiệu được vài câu tn với thầy.,1
trung tâm mình ở đâu ạ! em muốn xin số điện thoại của thầy tiệp ạ! cảm ơn thầy ạ!,2
hay quá cảm ơn thầy. em bắt đầu học đây ạ!,2
"thầy dạy rễ hiểu ghê,10điem",2
em mới bắt đầu chưa biết gì học thầy em biết thêm với thầy dạy dễ hiểu,2
anh giảng rất có tâm và dễ hiểu,2
a dạy hay thật. em chuẩn bị đi du học xem được clip này. quá hay ạ.,2
minato dễ học quá,2
tình cờ xem được kênh của thầy em học trên trường quá nhanh nhờ có thầy mà em đã hiểu bài ạ,2
trước khi học cái này thì phải học bản chữ cái trước đúng hông ạ,1
"đây là video đầu tiên mình xem khi mới tiếp xúc tiếng nhật vào khoảng 2 năm trước, bây giờ đã có n2 rồi  xem lại bồi hồi quá đi",1
dạy cuốn quá ạ,2
tự học được hết á cac bạn oi thầy dạy hết n4 lận,1
"mới bắt đầu học tiếng nhật mà nghe thầy giảng dễ hiểu lắm ạ,sẽ cố gắng theo thầy để học hết n5 rồi đến n4 
thầy quá tận tâm !",2
"thầy giảng rất truyền cảm và thu hút , dễ hiểu .",2
thấm đang học tiếng nhật 3,1
cảm ơn thầy rất nhiều . thầy dạy thật tâm huyết,2
"hôm nay là lần đầu tiên em học thầy ,e  cũng mới bắt đầu học tiếng nhật nên đi học ở trường rất nặng với em nếu không chuẩn bị trước .và em rất cảm ơn thầy vì đã dạy rất nhiệt tình cho các bạn mới như em ạ 
chúc thầy thật nhiều sức khoẻ ạ",2
thầy có dạy trực tuyến không . em đang làm việc ở nhật muốn học á,1
tuyệt vời. em đang học đến bài 9 và hôm nay mới được xem video này của thầy. chúc thầy sức khoẻ.,2
"hướng dân chi tiết nhiệt tình quá ,  ngu như mình cũng hiểu , cám ơn thầy nhé",2
"em đang học lại tiếng nhật từ đầu và có xem qua nhiều người giảng nhưng thấy video của thầy là giảng nhiệt huyết thật sự luôn ạ, mặc dù học qua video của thầy nhưng giúp em rất dễ hiểu bài và nhớ được lâu hơn. mong thầy ra video cách học kanji cho người mới bắt đầu nua ạ",2
"người thầy tâm huyết nhất mà mình từng học luôn ấy mọi người oi, đối với 1 ng tự học tiếng nhật như mình thì mình thấy thầy dạy rất perfect luôn, vô cùng dễ hiểu và tâm đắc nhất trong các thầy cô dạy tiếng mà mình từng gặp
chúc thầy thật nhiều sức khoẻ ạ !!!",2
"em đang học lại từ đầu, xem nhiều video nhưng học theo thầy hay và dễ hiểu, cảm ơn thầy",2
thầy dịch từ mới tiếng nhật viết ra tiếng việt có từ nghệ không rõ cảm ơn,1
tui cũng thắc mắc dóng bạn,1
ban giỏi vây,1
bạn tự học hay sao ạ? giỏi quá.,2
"mình giờ bắt đầu học, xin vía từ bạn",1
mình chưa biết tiếng nhật trước khi học tiếng n5 bài 1 của thầy thì mình có cần học  het bảng chữ cái rồi mới bắt đầu video này hay không vậy ạa,1
"mình cũng cùng ý kiến giống bạn ,từ không biết gì mà giờ bị cuốn ghê",1
muốn học từ vựng thầy dạy mà sao tìm không thấy á,1
anh dạy mà em đã biết cách đọc bài giảng dễ hiểu,2
công nhận thầy dạy dễ hiểu,2
quá tuyệt vời thầy ạ,2
"thầy có bán file mềm các bài học n5 này không ạ,",1
"thầy dạy kỹ quá, rất hay ạ",2
gặp được video của thầy có hứng học hơn đối với đứa mới học như e,1
"tuyệt vời quá thầy ơi, em học ở lớp không hiểu , lên đây nghe thầy giảng cái hiểu luôn",2
em muốn học một khóa trực tuyến ạ,1
học hết 20 bài mina đầu tiên có đỗ được n5 không ạ,1
cho em hỏi là chỉ học trên có đỗ được n5 không ạ,1
cho em hỏi 1 câu này,1
thầy quá tuyệt vời thầy ơi,2
"dễ hiểu ghê, thankiu thầy cô nhiều ạ",2
cám ơn thầy bài học rất tuyệt vời,2
thầy dạy hay quá dễ hiểu á em cảm ơn thầy nhiu á,2
e muốn xem lần lượt học xong video này xong học ntn nữa á,1
thầy dạy cực kỳ dễ hiểu mình không trên lớp cô dạy nhanh không hiểu ln í,2
"tận tụy zữ luôn, cảm ưn minato nhìu nghen",2
thầy ơi khi nào chữ có dấu nhỏ vậy ạ?,1
thầy cảm ơn em nhiều nha  chúc em học tập tốt,2
"rất hay ,cảm ơn thầy ạ",2
thầy cho em hỏi n5 có tổng hợp là 25 bài phải không ạ.mong được thầy trả lời em ạ !,1
hay quá thầy ơi. kỹ càng dễ hiểu nữa.,2
thề luôn chưa bao giờ học ol mà thấy có hứng thú như khi xem video của thầy và học. tìm kiếm trên youtube bài 23 rồi bắt gặp đk video của thầy hay quá nên giờ cày lại từ bài 1 nè,2
cám ơn thầy,2
"đến bây giờ mới biết kênh của thầy 
thật lòng biết ơn thầy ạ",2
có app nào học từ vựng phù hợp với giáo trình này không ạ thầy,1
em dạy rất hay cũng rất dễ hiểu,2
thầy dạy dễ hiểu qá ạ.,2
rất hay. và hữu ích cám ơn a. đang không biết học sao khi trên lớp  cô giảng nhanh. rất may mănd thấy kênh của anh.,2
sao biết đọc tên mình z ạ theo tiếng nhật í thầy,1
bắt đầu học lại n5 lần thứ 3 từ 662023,1
anh dạy rất chi tiết và dễ hiểu,2
thầy cho em hỏi mình nên học ngữ pháp trước hay học kanji trước ạ? người mới bắt đầu từ 2 bảng chữ cái thầy ạ,1
thầy dạy rẩt dễ hiểu,2
thầy giảng dễ hiểu,2
"giảng rất chi tiết, rất nét, kỹ càng, dễ hiểu -- thầy tuyệt vời",2
giống mình ka,1
"học ngữ pháp thì cũng cần có vốn từ vựng để thực hành em ạ, nên em cần học song song nhé. khi học từ vựng thì học cả kanji luôn, chứ đừng để mất gốc kanji sau này quay lại học sẽ rất vất vả đấy.",1
em cảm ơn thầy ạ.,2
tên người là dùng katakana phải không ạ,1
"thầy dạy rất hay  , dễ hiểu . gặp được thầy tiếng nhật của em giỏi x2  em cảm ơn thầy nhiều",2
thầy có nhận dạy trực tuyến không ạ.thầy dạy dễ hiểu lắm,2
hay lắm thầy,2
hâm mộ thầy ghê cơ.,2
tuyệt vời quá thầy,2
thầy ơi học đến đâu để đạt được n5  n4 ạ,1
anh giảng kỹ và dễ hiểu,2
"thầy giảng hay quá ! cảm thầy đã ra nhiều video hấp dẫn người học như vậy ,rõ ràng,dễ hiểu.",2
"thật sự rất kỹ cà dễ hiểu, xin cảm ơn",2
thầy dạy có tâm quá .cảm ơn thầy nhiều ạ,2
thầy ơi cho em hỏi là tên của em là tâm thì khi nói tiếng nhật sẽ thêm gì vào sau ạ,1
thầy và các bạn ơi em bắt đầu học thì xem video nào ạ,1
thầy dạy rất chi tiết và dễ hiểu .mình đang bắt đầu học bài 1 hy vọng sẽ đồng hành hết video của sei,2
thầy ơi giáo trình thầy dạy trên đây là gì vậy ạ?,2
quá tuyệt vời thầy ạ.,2
"cám ơn anh tiệp minato rất nhiều, bài giảng của anh rất tâm huyết và cụ thể.",2
"chuẩn em nha, tên người nước ngoài sẽ dùng katakana nhé.",1
em xem video học từ bảng chữ cái nha,1
"bạn ơi, tui mới bắt đầu học, thì lên học từ đâu ạ",1
hay thầy,2
"em lướt tiktok thì thấy giới thiệu thầy dạy hay, dễ hiểu nên em mò sang đây
ai ngờ....hay và dễ hiểu thật mọi người ạ
cảm ơn thầy nhiều ạ",2
"em học đến n3 rồi mới biết đến kênh của thầy , thật sự thầy giảng quá dễ hiểu. mong ｎ2 sẽ đki theo học được thầy 3",2
dễ hiểu quá đi,2
"thầy ơi, 18:00 cấu trúc n1 no n2 phải dịch là n2 của n1 chứ ạ?",1
thầy còn từ sama thì dùng khi nào ạ,1
giảng  hay  quá  thầy  ơi,2
thầy dạy dễ hiểu cho thầy ngàn lai,2
hay qa thầy ạ,2
mình học hết bài 1 ở trung tâm mà vẫn lơ mơ . nghe xong clip thông luôn. thanhsk,1
cảm ơn thầy.,2
"đến bây giờ em mới biết đến kênh này trên youtube, thật sự nể và trân trọng những gì mà thầye đã làm và cống hiến chất xám của mình để chia sẻ cho mọi người. chúc thầy luôn thành công và phát triển",2
em mới học sáng học cô tối về nghe lại thầy giảng hiểu bài luôn. cảm ơn thầy ạ.,2
vẫn đang học ạ. đang cb vào bài 1,1
thật biết ơn thầy đã có chuỗi bài giảng hay và chất lượng như thế này ạ,2
hay quá thầy ơi,2
thầy dạy tận tâm quá.có bạn nào thành công học video trực tuyến như này chưa nhỉ,1
thầy ơi học xg bản chữ cái higarana với các nguyên âm trường âm là học ngữ pháp được rồi đk thầy,1
thầy dạy rất kỹ và hay .,2
thầy giảng dễ hiểu quá,2
e chào  thầy  ạ  em học  trâm nên  em xem đi  xem lại  video của  thầy  mỗi ngày  nên  em tiến bộ  hơn  rất  nhiều  em rất  mong  thầy  ra nhiều  video hơn  để  giúp đỡ  nhiều  người  học  kém  như  em ạ em cảm ơn  thầy  nhiều  ạ,2
quá tuyệt thầy..rất tâm huyết..cảm ơn ạ,2
chân thành cảm ơn thầy tiệp rat nhiều ạ! bài học không những miễn phí mà thầy dạy cực kì tâm huyết luôn ạ!!! chúc thầy và trung tâm ngày càng phát triển và tiếp cận đến với thật nhiều người.,2
"hôm nay em bắt đầu học ngữ pháp bài 1 em vừa học xong bài 1. cảm ơn thầy rất nhiều , pp giảng dạy của thầy rất dễ hiểu ạ .",2
tuyệt vời thầy,2
cảm ởn thầy về bài giảng rất hay ạ,2
hay quá ạ,2
thầy giảng siêu chi tiết và dễ hiểu luôn ạ trung tâm . em cảm ơn thầy nhiềuuu,2
"damọi người đây là lần đầu tiên em coi 1clip 2tiếng không skip
thầy dạy dễ hiểu vl",2
e dg làm cũng yamada kun thầy ạ,1
"tuyệt quá thầy ơi
cảm ơn thầy nhiều ạ
chúc thầy sức khỏe ạ",2
thầy có trung tâm không ạ,1
"đây là lần đầu tiên em xem và học một bài giảng tiếng nhật từ đầu đến cuối mà không hề thấy chán như vậy. thầy tiệp giảng dạy rất dễ hiểu, bài giảng sinh động, chi tiết và rất tỉ mỉ. nhất là về phần phát âm. cảm ơn thầy đã giảng dạy bằng tất cả tâm huyết của mình. cảm ơn đội ngũ giáo viên đã hết lòng vì những người như bọn em ạ. chúc thầy cùng các thầy cô có thật nhiều sức khỏe để tiếp tục công việc và đam mê của mình ạ. em sẽ luôn ủng hộ kênh ạ!",2
thầy cảm ơn em nhiều nha. cũng vì những lời này mà thầy và đội ngũ giáo viên ở minato luôn có thêm động lực để giảng dạy,2
giọng thầy hay quá,2
không thể tin được dạy miễn phí mà lại tận tâm đến như thế! em chân thành cảm ơn thầy tiệp minato và đội ngũ giáo viên đã hết lòng vì chúng em như vậy 3 em sẽ like và sub kênh ạ !!,2
"huhu mình đi học đến bài 5 vẫn không hiểu lắm , ở nhà tìm thấy thầy học thử xem dễ hiểu quá luôn í , cảm ơn thầy em biết nói tiếng nhật rồi",2
"e moi học n5 được nghe nhưng bài của thầy hay và dễ hiểu quá
cảm ơn thầy nhiều ạ",2
em muốn học khoá học bên thầy thì làm sao ạ,1
thấy thầy dạy hơi bị hay,2
thầy tiệp dạy hay quá nhờ có những video của thầy tiệp mà em hiểu được cách chia thể chia thì,2
thầy　dạy hay quá ạ,2
"thầy ơi làm thế nào nhớ được từ vựng lâu ạ
em học từ vựng thuộc trc quên sau thầy oi",1
thầy ơi em có thể mua sách học thêm từ vựng của nhà xuất bản nào để bổ sung thêm kiến thức được ạ... em cảm ơn ạ..!,1
thầy dạy dễ hiểu lắm,2
thầy và cô cực tâm huyết luôn ạ. chúc thầy cô thật nhiều sức khỏe để tiếp tục con đường giảng dạy. được học miễn phí mà các thầy cô giảng hay quá 3 3 3,2
dễ hiểu quá  tuyệt vời,2
"tuyệt vời quá em mới học lên bài một được 3 ngày rồi mà không hiểu gì hết không muốn học nữa luôn ấy, may quá hôm nay vô tình xem được video của thầy mà em mừng quá dễ hiểu dễ nghe dễ nói, cảm ơn thầy nhiều lắm đã truyền tải cho em thêm năng lượng để học tiếp ạ",2
"đây là clip học tiếng nhật đầu tiên mình xem, mới 2p đầu thôi nhưng đã có ấn tượng rất tốt vì thầy giáo nói về tàm quan trọng của từ vựng khi học ngữ pháp. mình chưa có trải nghiệm gì với tiếng nhật nên không biết sao nhưng điều này đối với tiếng anh thì rất đúng! kể cả khi giao tiếp tiếng anh, thì từ vựng mới là chìa khoá truyền đạt ý muốn chứ không phải ngữ pháp.",1
thầy dạy kỹ quá. dễ hiểu,2
cho em hỏi là list từ vựng của bài 1 là ở video nào ạ? hay sách nào sẽ đầy đủ từ vựng từng bài thầy chỉ giúp em với ạ?,1
thầy diễn sâu ghê á,2
"ồ trư ca rê sa ma đesu tà
đô mồ à ri ga tô gồ zai maát tà",1
thầy dạy quá là tâm huyết hơn cả thầy chủ nhiệm của em chúc thầy có thật nhiều sức khoẻ ạ,2
"cái gì cũng thế em ạ, học xong phải sử dụng, thậm chí sử dụng thường xuyên mới nhớ được. em cố gắng sử dụng những từ mình đã học trong giao tiếp hàng ngày mới nhớ được lâu. phát triển ý khi mình nói, dùng nhiều từ vựng mới học hơn là sẽ nhớ được đó.",1
nếu em học sơ cấp thì ngoài minna no nihongo em có thể tham khảo thêm somatome hoặc shinkanzen nhé.,1
"từ vựng chiếm 60-70 nhưng muốn truyền đạt đúng ý thì phải có ngữ pháp
ngữ pháp ví như gia vị của 1 món ăn, không có thì nhạt, dùng chuẩn thì nó sẽ ngon
nhưng không có thức ăn thì không có gì cả",1
đô i ta si ma si tê,1
cảm ơn em nhiều  mong là những video này sẽ giúp ích cho việc học tiếng nhật của em nhé.,2
dạ mong anh ra nhiều video ạ,1
"thầy ơi, cho em xin powpoint có được không ạ?",1
em cảm ơn thầy nhiều,2
cảm ơn thầy nhiều ạ,2
nên học từ vựng của cô trà hay ngữ pháp của thầy trước ạ,1
cảm ơn thầy nhiều ạ.14.8.2022,2
cho em xin link tài liệu được không ạ,1
"cảm ơn thầy ạ, bài dạy thực sự có tâm",2
tuyệt vời thầy ơi,2
"thầy ơi, tôi tên kà nhật, thì tên nhật trong tiếng nhật viết sao ạ",1
e mới học bảng chữ cái .muốn học n5 thì học ở đâu vậy thầy . thầy dạy dễ hiểu .mong thầy chỉ giúp .e cám ơn thầy ạ,2
"cảm ơn, vì video rất hay!",2
cảm ơn anh ạ,2
ui cuối cùg cũg đã có kênh dạy ngữ pháp đầy đủ,1
thầy dạy dễ hiểu quá,2
có tâm ắt có tầm. cảm ơn thầy rất nhiều.,2
thầy giảng rất tâm huyết. cảm ơn thầy rất nhiều 3,2
"thầy ơi em mới bắt đầu từ số 0, vậy em phải học bảng chữ cái trước rồi mới xem video từ vựng, rồi xem video chữ cái ạ? em bị lơ mơ lộ trình quá ạ",1
thầy dạy hay quá,2
"thầy cảm ơn em nhiều nhé, trong quá trình học nếu có gì không hiểu thì đừng ngại để lại bình luận, thầy sẽ phản hồi em sớm nhất có thể nhé.",2
thầy không rõ là em muốn xin cụ thể link về tài liệu gì. tuy nhiên em có thể truy câp vào web của minato: minato.edu.vn sau đó vào phần thư viện kiến thức .... để tìm tài liệu em cần nhé.,1
"thầy cảm ơn em nhiều, khi tự học có gì không hiểu thì đừng quên để lại bình luận để thầy trợ giúp sớm nhất có thể nhé!",2
"thầy cảm ơn em nhiều nhé, em học có gì không hiểu thì đừng ngại bình luận để thầy trợ giúp nhé .",2
cảm ơn thầy ạ,2
"thầy cảm ơn em rất nhiều, em học có gì không hiểu thì đừng ngại bình luận nhé, thầy sẽ giải đáp sớm nhất có thể!",2
"cảm ơn bạn rất nhiều, chúc bạn học tốt!",2
"cảm ơn em, chúc em học tốt!",2
thầy cảm ơn em nhiều và chúc em học tốt nhé!,2
"thầy cảm ơn em nhé, chúc em học tốt!",2
"thầy cảm ơn em nhiều, chúc em học tốt nhé!",2
"thầy cảm ơn em nhiều nhé, chúc em học tốt!",2
thầy cảm ơn em và chúc em học tốt nhé!,2
là mình xem video từ vựng rồi qua xem video ngữ pháp á thầy?,1
"thầy dạy rất tỉ mỉ, mình mới bắt đầu học và cảm thấy hứng thú với môn ngoại ngữ này.",2
cảm ơn thầy nhé . em học trên lớp tiếp thu được rất ít mà về nghe thầy giảng thêm thì hiểu được khá sâu rồi,2
tại sao tên nobita không viết bằng katakana và có thêm san vậy ạ,1
u là trời. phải nói là cực kì dễ hiểu và kĩ luôn ấy ạ.. cảm ơn thầy,2
thầy dạy rất dễ hiểu ạ và qua việc xem video thầy dạy đã truyền cảm hứng học tiếng nhật cho 1 đứa mất gốc như em ạ!,2
huhu thầy dạy dễ hiểu cá,2
cảm ơn thầy nhiều lắm luôn video rất cần thiết cho mọi người mong thầy vẫn sẽ tiếp tục phát triển,2
xem 1 lần mà thấy thầy giảng hay và chi tiết.,2
em mới bắt đầu học chưa biết chữ nào thì cần phải học như nào mong thầy giúp đỡ,1
đúng rồi em nhé. em xem video từ vựng để học cách sử dụng từ rồi học ngữ pháp để vận dụng nha.,1
dạ em cảm ơn thầy ạ,2
"thầy cảm ơn em rất nhiều, thầy chúc em học tốt!",2
cảm ơn thầy,2
thầy cảm ơn em nhiều và chúc em học tốt nhé!,2
"thầy cảm ơn em rất rất nhiều nhé, thầy chúc em học tốt!",2
thầy cảm ơn em rất nhiều vì bình luận của em cũng là động lực dành cho thầy .,2
"thầy cảm ơn em nhé, em có thể tham gia nhóm cộng đồng tiếng nhật minato dorimu trên facebook để có thêm kiến thức và bài học hay mỗi ngày nhé.",2
"thầy cảm ơn em nhiều, chúc em học tốt nhé   !",2
không có phụ đề romanji thì khó học hơn,0
"không hiểu sao giờ em mấy thấy kênh của thầy ,lưới qua tiktok thấy mọi người đăng những kênh lên học tiếng nhật qua youtube có kênh của thầy luôn vô đó bao nhiêu người cũng mê cách dạy của thầy vô bình luận quá trời",2
công nhận thầy dễ hiểu mà chi tiết thật,2
sàn hay là sàng... oh my god,2
cảm ơn thầy dạy rất dễ hiểu ạ.chúc thầy thật nhiều sức khỏe ạ,2
thầy dạy rất dễ hiểu. cảm ơn thầy rất nhiều,2
cảm ơn thầy nhiều lắm,2
thầy dạy so good,2
thầy cho em hỏi tên tran dinh lương tiếng nhật viết thế nào ạ,1
cảm ơn thầy video rất ý nghĩa và chi tiết. xem video em thấy được tâm huyết của thầy. sẽ luôn ủng hộ kênh này!,2
thầy dạy rất hay.,2
"may quá gặp được video của thầy ạ,  thầy giảng dễ hiểu lắm ạ. like và đăng kí kênh thầy để theo đuổi tiếng nhật thôi hihi. em mới học tiếng nhật nên giảng rõ ràng như này em mới hiểu được",2
rất chi tiết và dễ hiểu. cảm ơn anh và chúc anh mạnh khỏe ạ,2
thầy dạy dễ hiểu lắm ạ,2
rất hay thầy ơi !,2
thầy ơi em đang bên nhật có lớp học trực tuyến nào không ạ em chưa biết gì mong thầy giúp đỡ ạ,1
cho thầy 1like thầy giảng tỷ mì hay nữa,2
cảm ơn thầy nhiều lắmmm ạ 3,2
thày ơi thầy dạy rất hay. em hiểu bài. nhưng có 1 thắc mắc là em muốn học từ mới ở đâu ạ,1
thầy có dạy trực tuyến không ạ,1
thầy giảng hay quá.lai tỉ mỉ nữa,2
"thầy ơi, bữa em có thấy bài hướng dẫn đăng ký học n5 miễn phí trên wed mà giờ em không nhớ vào wed nào để đk học, thầy chỉ giùm em với ạ, em cảm ơn thầy ạ",1
cảm ơn chia sẻ của bạn mình cũng thích học tiếng nhật,2
cảm ơn thầy rất nhiều ạ mong rằng thầy sẽ làm thật nhiều vi deo bổ ích như này ạ,2
e rất thích video của thầy. hi vọng thầy ra cách để viết họ và tên trong tiếng nhật và cách nhớ quy tắc viết ạ,1
ad ơi em hỏi là giáo trình minna ad dạy là bản cũ hay bản mới ạ,1
"giờ mới biết tới thầy, thầy giảng hay quá",2
"em ngồi học tê chân luôn  nhưng vẫn cố gắng ngồi học tới hết bài , thầy dạy hay lắm ạ",2
thầy dạy hay quá ạ,2
cảm ơn anh hi vọng anh sẽ ra nhiều bài tiếp theo nữa,2
hay và tận tình chi tiết quy trình rõ ràng không áp lực mau tiếp thu.,2
"em mới biết đến kênh thầy gần đây thôi, và em thấy thầy hay cô trà hay mọi người phía sau hậu trường có sự nhiệt huyết và quyết tâm nhất định đối với bài giảng, và chính nhờ điều đó đã giúp bài học trở nên dễ hiểu hơn. không dấu giếm gì, em là một học sinh n3 tiếng nhật, nhưng sau một thời gian, em đã mất gốc đi. mất gốc thì phải học lại, và một hôm khi đang tìm video giảng dạy thì thấy kênh của minato. rồi em bấm thử học một buổi và thấy có rất nhiều thứ của n5 mà khi trước các thầy cô của trung tâm khác chưa dạy cho mình (hoặc mình đã quên). và minato còn dạy mình cách đặt trọng âm, nhấn nhá thế nào sao cho chuẩn nhật, và sau 5 video xem thôi giọng của mình đã kiểu nhật bản hơn và nghe nó tự nhiên, thanh thoát hơn trước. và chính vì những điều đó, em xin gửi lời cảm ơn chân thành đến trung tâm mình và mong trung tâm sẽ ngày càng ra nhiều video giảng dạy để giúp ích hơn cho mọi người ạ!",2
thầy dạy hay quá ạ,2
thầy ơi. có kênh dạy chữ hán không ạ. em tìm mãi không thấy kênh của thầy,2
chú tiệp ơi con thảo vy và đăng khoa đây ạ con và anh hai con sẽ ủng hộ chú ạ,2
"em chào thầy. khi hỏi bạn là giáo viên phải không? mình sẽ trả lời là không, em không phải giáo viên, em là học sinh. thay vào đó mình sẽ trả lời là không, em là học sinh cho ngắn gọn. nhưng khi trả lời như vậy mình có bị bắt lỗi ngữ pháp không ạ?",1
thầy giảng nghe hay và dễ hiểu,2
xem đi xem lại càng ngấm thầy á,2
"rất hữu ích luôn á, dễ hiểu bài",2
ui  chào 2 con nhé. cảm ơn 2 con đã ủng hộ chú,2
em trả lời như vậy đúng rồi nhé.,1
"thật hữu ích, cảm ơn thầy, trân trọng thầy",2
cảm ơn thầy ạ,2
thầy cho em hỏi với... em mới thuộc cơ bản thì học từ vựng hay học ngữ pháp của thầy ạ,1
thầy dạy dễ hiểu quá ạ . sẳn tiện cho em hỏi thầy có video nào dạy cách đọc tuổi không ạ ?,2
nhìn thầy nhìn vui vui kiểu gì,2
thầy ơi em muốn thầy giúp em học,1
thầy dạy hay quá! cảm ơn thầy nhiều,2
xem nhiều video bài 1 n5. nhưng chỉ có. bài của thầy chi tiết và dễ hiểu lắm. cảm ơn thầy nhé 3,2
cảm ơn thầy rất nhiều ạ!,2
dễ hiểu lắm ạ!! cảm ơn thầy !!,2
hay lắm anh ạ... dễ hiểu nữa,2
bài hay lắm ạ. em mới học nhờ cách truyền đạt của thầy và cô mà em tiến bộ rất thuận lợi ạ. cảm ơn thầy cô rất nhiều.,2
thầy dạy vừa nhiệt tình vừa có tâm. cảm ơn thầy,2
thầy dạy rất nhiệt huyết truyền nhiều hứng thú học tập thỉnh thoảng có cả lời động viên khích lệ  không tiếc like và subscribe cho thầy,2
em cảm ơn thầy nhiều ạ 3 thầy giảng dễ hiểu lắm ạ 3,2
"thầy dạy hay mà có tâm quá, em xem không skip luôn ấy",2
thầy dạy rất dễ hiểu ạ! cảm ơn thầy rất nhiều,2
thật ra học tới bài 3 cái bận quá hơn 2 tuần nhớ quá quyết định nghiêm túc ôn lại học cái ôn lại ở đây dễ vào thật,2
dạy dễ hiểu lắm ạ em cảm ơn nhiều ạ,2
giảng viên nên đứng gọn sang 1 bên để có thể nhìn bảng rõ hơn,1
"video dạy hay quá, được học miễn phí mà các thầy còn dạy nhiệt tình nữa, cảm ơn nhiều ạ",2
quá đỉnh luôn thầy ơi,2
dạ em cảm ơn thầy nhiều ạ.,2
cảm ơn thầy đã dạy và truyền khi cảm hứng cho em về môn tiếng nhật em sẽ luôn ủng hộ thầy,2
thầy dạy hay dễ hiểu và thầy phát âm chuẩn nghe đã phết,2
thầy giảng dễ hiểu lắm luôn ạ. cảm ơn thầy nhiều ạ,2
"có ai như mình đậu n3, đang ôn n2 nhưng vẫn nghe bài 1 minna của thầy không, bị ghiền cách thầy giảng thôi nhé",1
thấy dạy hay và rất dễ hiểu ạ.,2
không tiếc like đâu vì thầy dạy dễ hiểu quá 3 cảm ơn thầy nhiều lắm ạ,2
thầy cho em hỏi em muốn mua quyển bài tập về làm thì nên mua quyển nào ạ,1
thầy dạy hay qá dễ hiểu nữa,2
hay lắm thầy ơi,2
cảm ơn thầy em học thôi đã mệt rồi thấy thật nể phục anh khi đứng liên tục quay hơn 2 tiếng để có thể mang cho chúng em nhiều kiến thức . cảm ơn anh và mong anh luôn đam mê với công việc,2
thầy ngọc tiệp nói rất hay và dạy rất dễ hiểu..,2
cảm ơn thầy ạ,2
thầy tiệp rất tâm huyết.,2
thầy cảm ơn em nhiều,2
"haiz , học xong  có chứng chỉ n5 rồi.2 năm không va chạm , giờ lại học lại thầy ơi",1
thầy giảng chi tiết quá,2
"mình xem rất rất là nhiều video rồi mà không video nào dạy hiểu và hay như video thầy giảng, mọi người học ol mà không vào thì rất là tiếc",2
cảm ơn thầy,2
cảm ơn thầy rất nhiều !,2
"đang giãn cách, rảnh học ngôn ngữ mới, cám ơn thầy ạ",2
hay lắm ạ,2
22:11 câu tiếng nhật đầu tiên của cuộc đời,1
cám ơn thầy,2
thầy làm thêm giáo án tiếng nhật n5 full đi ạ em hóng mãi,1
"cảm ơn thầy nhiều, thầy giảng rất dễ hiểu. mong thầy ra được nhiều video hơn để mọi người đều học được ạ",2
"cảm ơn em nhiều nha  cũng muộn rồi, em ngủ sớm và ggsk mùa dịch covid nha 3",2
thầy ơi em muốn thầy giúp đỡ học thêm được không ạ em đang ở nhật hơn 2 năm không học gì giờ không biết gì ạ,1
cảm ơn em nhiều nha 3 tương lai n1 còn đợi em phía trước. tiếp tục cố gắng nha em.  sau này n1 quay lại rep bình luận thầy nha,2
thầy kết bạn giúp em  muốn học,1
thầy dạy de hiểu lắm luôn,2
chuẩn á,1
b hoc het n5 co dễ hoc không ban.minh dag hoc n5 nen mih muon hoi ban,1
diemphuong7609  dễ lắm b ơi. giờ mình học gần xong n2 r,1
phamtiep7828 bạn ơi bạn tự học hay đến trung tâm v ạ,2
thầy ơi em muốn đăng ki học tiếng nhật từ thầy hãy gửi tn cho em đi,1
phamtiep7828 b có xem hết bài dạy trên youtube của thầy không vậy,1
thầy cho em hỏi học xong 25 bài mina 1 có thể giao tiếp cơ bản được chưa ạ !,1
chúc em học tốt và đạt kết quả cao em nhé,1
cảm ơn thầy nhiều ạ... video rất dễ hiểu. chúc thầy nhiều sức khoẻ và ra nhiều video cho chúng em cùng học nhá,2
hay ghê,2
cảm ơn thầy nhiều,2
thấy trực tiếp nhào vô xem tính đâu thầy dạy n1 ai ngờ đâu là bài 1,1
chúc em học tốt và đạt kết quả cao nhé,1
không dạy bài 1 n5 thì đừng nghĩ học bài 1 n1.nền móng là quan trọng nhất.đừng coi thường như thế,1
em vừa mới học tiếng nhật nhưng em tiếp thu ở trung tâm hơi chậm về xem thêm video của thầy dạy thấy nắm được căn bản từng bài . em cảm ơn thầy rất nhiều.,2
"cảm ơn thầy , thầy dạy hay hơn trung tâm",2
cảm ơn rất nhiều ạ,2
thầy dạy rất có tâm ạ,2
thầy tiệp dạy dễ nghe hơn học trực tiếp thầy khác. vừa khó hiểu mà còn học dồn nữa,2
cảm ơn thầy nhiều ạ,2
"em cảm ơn thầy rất nhiều vì bài học rất chi tiết, dễ hiểu và đầy đủ ạ!!! em học rất dễ hiểu",2
e 27t mới bắt đầu biết tới t.tsinh em mới bắt đầu và biết được anh.a dạy rất tốt dễ hiểu hơn cả thầy trong lớp nữa ạ cám ơn anh nhiều chúc anh sức khõe ạ..,2
thầy ơi em học chậm có cách nào em học tốt hơn không?,1
em cảm ơn thầy ạ,2
"thầy giảng dễ hiểu  , thầy giảng rất có tâm",2
thầy dạy rất có tâm,2
nghe thầy giảng qua là hiểu luôn thầy ơi . lỗi sạn không sao đâu ạ thầy quá tận tâm rồi,2
thầy ơi em mới học n5 theo của thầy thì nên mua giáo trình nào ạ,1
"anh dạy có tâm , chi tiết , dễ hiểu dễ áp dụng . mà thi thoảng lại có câu nói truyền động lực cho ng đang xem . cảm ơn anh , yêu anh",2
t hiểu hết luôn đó má,1
thầy nch dễ thương ghê cứ bị thích thấy thầy cười học dễ hiểu làm ạ em cảm ơn thầy,2
thầy nói chuyện rất dễ hiểu luôn,2
mina no nihongo á bạn,1
em đang mơ hồ,1
e rất cảm on thầy,2
"bạn n:
- em ưa giáo viên nào nhất?
tôi:
-top 1 lòng tôi 
(ngọc   tiệp minato)",2
nghe thầy nói phần 1 tôi đoán là thầy kikuchi,2
có ai đang cày tiếng n5 cùng mình không ạ cảm ơn các thầy cô ở minato cùng những video bài dạy tâm huyết ạ,2
em cảm ơn thầy bài giảng rất hay và bổ ích,2
có ai còn học khôngcảm ơn thầy ạ,2
thầy là cứu tinh cho những người đang mơ hồ như em 3,2
n5 gồm tát cả bạn bài vậy thầy,1
thầy dạy rất tuyệt vời chi tiết rõ ràng rành mạch,2
cám ơn thầy,2
"biết ơn thầy vì bài học bổ ích, thầy dạy có tâm lắm ạ",2
"rất thích xem video thầy dạy vừa hài mà vừa dễ hiểu vì thầy dạy quá tận tình luôn, thiết kế bài giảng đúng trọng tâm và giản lược nữacảm ơn thầy ạ",2
thầy còn trẻ mà dạy kỹ dễ hiểu,2
thầy giảng rất dễ hiểu,2
thầy ơi bài giảng chi tiết dễ hiểu và rất hay ạ. biết ơn thầy rất nhiều,2
uki em nhé,1
kiki thầy cảm ơn em nhé,2
có nhiều bạn đang học n5 lắm  cố gắng chăm chỉ đừng phụ công thầy quay bài nhé em!,2
uki em nhé  chăm chỉ học bài nhé em!,1
có nhiều bạn cũng đang âm thầm học giống em lắm,1
còn  toi,2
kiki chúc em học tốt nhé!,1
gồm 25 bài nhé em!,1
em thử nghe lại một lần nữa và ghi lại những cái chưa rõ để xác định và nắm rõ kiến thức nhé!,1
thầy cảm ơn em nhiều nhé  chúc em sớm chinh phục được hết kiến thức n5 nhé,2
uki em nhé,1
cảm ơn em nha  chúc em sớm chinh phục được hết n5 nhé,2
thầy cảm ơn em nhé  em cố gắng chăm chỉ đừng phụ công thầy dạy sớm quay bài nha,2
dạ vâng thầy ạ,2
thầy cũng hay đọc comen ha em cảm ơn,2
tuyệt vời em ơi. bạn nào cũng cảm nhận kanji hay thì sẽ học dễ vào lắm em à. cố gắng kiên trì học hết kanji nhé em,2
dạ  em cảm ơn anhọchị nhiều ạ,2
kiki thầy cảm ơn em,2
kiki em cố gắng chăm chỉ học bài đừng phụ công thầy quay bài nha,2
"trong bài này này nói chigaimatsu ,với soujarimasen  ,vậy nó có được áp dụng trả lời như cho bài số 1 khi hỏi  là nam có phải học sinh không?hay chỉ dùng trong cấu trúc kore,sore,are thôi vậy thầy",1
cám ơn thầy rất nhiều ạ chúc thầy suc khoẻ,2
mình năm nay 38t lần đầu làm quen với tiếng nhật.rất cảm ơn bai giảng chi tiết của bạn,2
"đang học bài 2 rồi.  bài giảng dễ hiểu sinh động, không quá khó.  thầy dạy rất hay,",2
mình đã học xong ngữ pháp bài số 2. cảm ơn thầy nhiều ạ,2
"đang chán thì gặp đúng thầy dạy rất dễ hiểu, chậm rãi, có hứng thú học hẳn . cảm ơn thầy rất nhiều",2
vật nan  người dare,1
e vừa đi học vừa đi làm lang thang tìm được kênh của thầy rất dễ hiểu  tội mỗi cái đầu óc học trước quên sau. học qua rồi không nhớ lại phải quay lại.thả tim  cho thầy .e phải chỉnh đốn lại cái đầu mình thôi,1
thầy dạy hay quá ạ,2
vậy vật gần cả người nghe lẫn người nói thì nói thế nào ạ,1
"bài học của thầy tiệp cứ gọi là quá dễ hiểu.thầy giảng dạy chi tiết, rất dễ nhớ và còn vận dụng vào mấy bài tập sau nữa.chúc thầy tiệp ra những video bài học bổ ích như này",2
cảm ơn thầy xem video của thầy em thấy dễ hiểu hơn nhiều ạ,2
"nên học từ vựng không ạ 
thầy",1
cảm ơn thầy.lần đầu học tiếng nhật lọ mọ trên mạng gặp được videos của thầy dạy.e thấy rất hay và rất dễ hiểu.biết ơn thầy nhiều lắm chúc thầy thật nhiều sức khỏe và ra nhiều video có ý nghĩa nv.biết ơn thầy nhiều,2
"đến giờ này cô đã học xong, thật thú vị, cô không biết nói gì hơn, xin cảm ơn ngọc thầy tiệp rất nhiều. (hôm nay cô rảnh thời gian và dành hết thời gian để học cho xong ngữ pháp bài 2), vì càng học, cô càng thấy ngọc thầy tiệp giảng kỹ càng, dễ hiểu vô cùng.",2
"hôm nay cô vào bài ngữ pháp 2 của ngọc tiêp thầy, mà hay quá rất có hứng thú học, cô không dám  hứa hẹn trước, nhưng cô sẽ cố gắng, để một ngày cô được tri ân các thầy ở ngoài đời, vì nhà cô ở xa hà nội, tận miền trung du phú thọ, ngọc thầy tiệp à. cô cảm ơn rất nhiều!",2
"thầy cho em hỏi ở phần n1 no n2 trong câu hỏi không có từ để hỏi, mình có thể trả lời là hai, soudesu và ie, soujarimasen không ạ.",1
cảm ơn thầy giáo xem video của thầy em học tiếng nhật có phần dễ dàng hơn ạ,2
"ý em là khi hỏi câu đó ,có được phép trả lời là chigaimatsu ,với soujarimasen không ?",1
dạ chị cố gắng học hết 50 bài ngữ pháp em đã đăng nha  chúc chị học hiệu quả,1
hôm trước có khách hàng công ty người nhật đến công ty mình họp nói tiếng nhật không nghe được gì rất khó chịu và cũng là động lực đẻ mình làm quen với tiếng nhật .xin cảm ơn các bài giảng của bạn nhiều lắm rất dễ hiểu và mình cảm thấy tiếng nhật hay hơn,2
thầy cảm ơn em nhiều nha  cố gắng chăm chỉ theo bài không phụ công thầy quay bài nha,2
vâng ạ.,2
cố gắng chăm chỉ học hết kiến thức n5 nhé em!,2
kiki thầy cảm ơn em nhiều nha  chúc em học tiếng nhật dễ và hiệu quả nhé!,2
dạ em vô cùng biết ơn anh ạ. cảm ơn anh vì sự tận tâm này. em chúc anh cùng gia đình thiệt nhiều sức khỏe và bình an.,2
kiki vậy cố gắng ôn lại kiến thức cho chắc luôn nha em  cố gắng học hết cả n4 n3 luôn nha em,2
kiki thầy cảm ơn em nhiều nha. chúc em học tiếng nhật hiệu quả nha,2
"thầy cảm ơn em nha. thầy ra hết video ngữ pháp n5 n4 rồi, em cố gắng chăm chỉ học bài đừng phụ công thầy quay bài nha",2
kiki cố gắng chăm học không được phụ công thầy quay video nha,2
có chứ em. em phải học từ vựng trước rồi mới học ngữ pháp nha,1
kiki thầy cảm ơn em đã tin tưởng và theo dõi những bài học của thầy. chúc em sớm chinh phục được khoá học n5 n4 nha,2
"đọc chia sẻ của cô cháu vui quá. mỗi ngày thấy cô bình luận ở mỗi bài khác nhau, cháu biết rằng cô vẫn ở đó dõi theo những bài học của cháu. cháu cảm ơn cô nhiều ạ",2
"cô chăm chỉ quá ạ, cháu vẫn đang dõi theo bước chân cô bằng những bình luận của cô vào từng bài cô học. cảm ơn cô đã mang đến động lực rất lớn cho chúng cháu. nếu cô học hết 50 bài cháu sẽ xin phép lên phú thọ để được gặp cô ạ",2
"cô chuẩn bị vào bài 3 ngữ pháp của ngọc thầy tiệp. từ mới bài 3 cô học thuộc rồi do trà thầy dạy rất hay và dễ thuộc, cho cô hỏi chút là cô thấy có chữ như kanji ở góc màn hình của trà thầy hoặc ở trên cùng bên tay trái thì học thế nào, cô mong các  thầy chỉ bảo cô với, cô cảm ơn nhiều các thầy ngọc tiệp, trà nhé! cô hy vọng học thành công tn n5 để có cơ hội gặp gỡ các thầy ở miền trung du phú thọ nhé!",2
kiki cố gắng chăm chỉ theo bài thầy dạy em nha,2
cảm ơn thầy nhiều ạ thầy dạy rất tỉ mỉ  và dễ hiểu xem rất nhiều vi deo nhưng chỉ thích nghe vi deo thầy giảng ạ,2
cảm ơn thầy nhiều.1 thầy có tâm có tầm.,2
tuyệt quá ạ,2
"cảm ơn thầy , bài giảng rất chi tiết ạ,",2
rất hay,2
"tự học ch bình thường học gì ,được 1 đàn anh hiện đg ở nhật chỉ kênh thầy, ban đầu hơi chậm hiểu chút nhưng thầy giảng kỉ,e chép kiến thức để học rồi ôn không sót",2
"thấy mọi người review thầy vào học thử, chưa thấy ai giảng mà dễ hiểu và tận tình như thầy luôn ạ. tự học như em cảm giác như học trên lớp ấy. cảm ơn thầy rất nhiều",2
cảm ơn thầy đã rất tận tình ạ,2
cảm ơn thầy rất nhiều từ hôm qua đã đk học trực tuyến xong. mới biết đến video của thầy. lần đầu tiên biết đến thầy. cảm ơn thầy nhiều ạ,2
bên d có khoá dạy ol không ạ,1
học thầy này hiểu mà mình học ở trung tâm không hiểu gi cả như chó nghe thời sự ấy may gặp thầy này trên youtube,2
"chời ơi thầy vừa đẹp trai mà còn dạy có tâm như này thì chịu sao nổi ạ, thầy dạy cực cực cực dễ hiểu luôn. không biết diễn tả như nào luôn ạ, cám ơn thầy đã làm những seri bổ ích như vầy ạ",2
"cảm ơn thầy, dễ hiểu lắm ạ , mong thầy ra thêm nhiều video tiếng nhật ạ",2
"mua muốn minna no nihongo về nhìn toàn chữ là chữ, hên được mấy bạn giới thiệu kênh thầy, vừa học vừa đối chiếu với sách, tuy bản mới có hơi khác so với bài giảng nhưng vẫn học được",1
"thầy dạy rất dễ hiểu!
rất kỹ từng câu từng chữ!",2
thật may mắn khi bình thường đến kênh của thầy,2
"em cảm ơn thầy, em mới cày nát seri bảng chữ cái của thầy rồi , bây giờ em qua học từng bài",2
tuyệt vời quá nhung ơi. thầy lại vui cười cả tối mất thôi. em cố gắng chăm chỉ không phụ công thầy quay bài nha,2
thầy cảm ơn em nhiều nha. chúc em học tiếng nhật hiệu quả nha,2
thầy chúc em học tốt nha,1
vậy phải chăm học không phụ công thầy quay bài em nha,1
kiki thầy cảm ơn nhung,2
kiki cố gắng học dần dần em sẽ hiểu hết nha. chúc em sớm chinh phục được kiến thức n5 nhé,2
"ui, tuyệt vời quá. đọc bình luận của em thầy vui quá . đây cũng là những điều thầy hi vọng và gửi gắm trong video. hi vọng bạn nào cũng cảm nhận được như em 3",2
kiki chúc mừng em đã về với đội của thầy  chào đón về với minato,2
có em nhé. em liên hệ nick facebook nguyễn ngọc tiệp để thầy tiện tư vấn cho em nhé!,1
ui đọc bình luận của em làm thầy vui quá  em thật là có tâm. thầy cảm ơn em nhiều nha. chúc em sớm chinh phục được n5 nhé,2
thầy cảm ơn em nhiều  trên kênh thầy đăng hết video n4 và n5 rồi. em cố gắng học theo những video thầy đăng nhé,2
chúc em sớm chinh phục được khoá n5 và hoc xong cuốn mina nha,2
thầy cảm ơn em nha. chúc em sớm hoàn thành bài học của n5 và n4 nha,2
"thầy dạy có tâm có tầm, chúc thầy thật nhiều sức khỏe và ra thêm video nữa",2
thật sự rất dễ vào luôn ý,2
"rất có tâm trong nghề ạ,",2
"cái giá của gần 2 tiếng đồng hồ, thầy giảng siêu chi tiết và luôn nhắc đi nhắc lại em nhớ vào đầu lúc nghe giảng luôn. mong có thể lết qua hết ctrình n5, để sang được n4 đăng kí được học với thầy!",1
em đang học mà khó quá,0
lúc tối đang xen ngủ quên đến sáng luôn,1
"cảm ơn thầy nhiều ạ, bài giảng rất hay ạ.",2
rât dễ hieu,2
em nghe theo thầy chưa thuộc bài chưa học ngữ pháp mà học từ vựng  lâu quá chưa qua bài 3 .,1
"học xong bài thầy giảng là hiểu . không còn loay hoay suy nghĩ tại sao nó lại là thế này, không phải cái đó cái kia
chỉ cần biết từ vựng là áp dụng ngay được cấu trúc.
cảm giác mê học luôn.",1
dễ hiểu quá thày ơi,2
thầy dạy rất hay mà con vui tính nữa,2
em cảm ơn thầy rất nhiều ạ,2
"bà giảng dễ hiểu, em cảm ơn thầy",2
"tại sao chữ bút bi lại có dấu gạch ngang vậy thầy tiệp? tuy có dấu gạch ngang nhưng thầy lại không đọc chữ đó ra, em chưa hiểu lắm. mong thầy giải đáp em nha",1
thầy cảm ơn em nhiều nhé. em cố gắng học xong chương trình n5 và n4 thầy đăng rồi nha,2
em xem ở video thầy hướng dẫn dạy bảng chữ cái giúp thầy nhé!,1
thầy cảm ơn em nhiều nha 3,2
cố gắng em nha. thầy tin là em có thể sớm chinh phục được n5. hẹn gặp lại em ở khoá n4 nha,2
cố gắng em nha,2
"cố gắng lên em nha  bài hơi dài chút nhưng dễ hiểu, em sẽ nhớ kỹ từng phần luôn",2
"vì từ vựng quan trọng lắm em à. em cố gắng đọc đi đọc lại thật nhiều lần, viết đi viết lại để học cũng là cách để thuộc từ vựng em nha",1
kiki đọc bình luận của em mà thầy vui không tả nổi luôn  thầy sẽ lan toả năng lượng tích cực đến những người khác nữa. chúc em học tốt và sớm hoàn thành chương trình n5 n4 nhé,2
"e cảm ơn thầy. ,",2
thầy chúc em học tập tốt nhé,1
kiki thầy cảm ơn em đã quá khen,2
thầy chúc em học tập tốt nha,2
uki em nhé,1
đó là trường âm em nha,1
em cảm ơn nha.,2
cảm ơn thầy đã dạy rất chi tiết và post hết 25 bài cho những học sinh chưa có điều kiện đi hoc ở trung tâm như em. xin chân thành tri ân sự tận tâm giảng dạy của thầy.,2
cảm ơn thầy bài giảng rất dễ hiểu,2
hay quá ạ,2
thầy rất nhiệt huyết và có tâm .. bài học rất hữu ích cho các bạn mới học,2
"cảm ơn thầy quá nhiều luôn, học thầy hiểu bài lên bao nhiêu ạ",2
"thầy giảng rất kỹ và dễ hiểu, em cảm ơn thầy nhiều ạ! :goodvibes:",2
"thầy giảng quá hay, triệu like",2
học bài của thầy thật dễ hiểu,2
cảm ơn thầy rất nhiều ạ,2
"thầy rất tâm huyết luôn ạ, em cảm ơn thầy nhiều. mà thầy ơi, 1:26:25 thì có dấu chấm hỏi ở cuối câu đây là catalog hong ạ. em thấy ở cấu trúc thì không có nhưng câu này lại có ạ. em cảm ơn thầy lần nữa",2
"dạy kỹ từng chi tiết, dễ hiểu. quá tuyệt vời luôn thầy",2
nay đi ăn sashimi gặp thầy định hỏi có pải thầy tiệp minato không mà không dám hỏi,1
phải nói là thầy dạy dễ hiểu thực sự,2
video của thầy phải nói là rất tỉ mỉ,2
cảm ơn thầy rất nhiều ạ,2
cám on thầy... nho coa thầy mak gio em dang học tieng nhật dễ hiểu quá thầy ạ. học trên truong không có giảng kĩ như vậy.,2
"e học từ vựng với cấu trúc ngữ pháp  khó nhớ học kém lắm ,e vừa bắt đầu học bài 1 bài 2 mà không biết gì giúp em với",0
thầy thật tâm huyết,2
thầy giảng dễ hiểu và hay ag,2
thầy đã đăng 50 bài của n5 và n4 rồi. em có thể học trên này luôn nhé. chúc em học tiếng nhật hiệu quả nha,1
dạ em cảm ơn thầy rất nhiều ạ.  bài thầy giảng rất kỹ và dễ hiểu ạ.,2
thầy chúc em học tập tốt nhé,1
thầy cảm ơn em nhé!,2
thầy cảm ơn chia sẻ của em. cố gắng chinh phục hết n5 và n4 luôn em nhé,2
thầy cảm ơn em nhé,2
chúc em sớm hoàn thành chương trình n5 nhé,1
em  cảm ơn thầy. chúc thầy nhiều sức khỏe và thành công ạ :d,2
thầy cảm ơn em nhé,2
tuyệt vời quá em ơi. chúc em học tốt nhé,2
"thầy cảm ơn em. với câu văn trong tiếng nhật, thì câu hỏi không có từ để hỏi thì sẽ đi kèm dấu hỏi. còn những câu có từ để hỏi thì sẽ không cần thêm dấu hỏi em nhé",1
dạ em cảm ơn thầy ạa,2
thầy cảm ơn em nhé,2
kakaka ở quán nào thế em,1
thầy cảm ơn em nhiều nhé,2
thầy cảm ơn em nhé  chúc  em học tập tốt nhé,2
thầy chúc bạn học tốt nhé 3,1
thầy chúc em học tốt nha 3,1
em cố gắng xem đi xem lại bài nhiều lần và ghi chú lại để nhớ lâu hơn em nhé!,1
thầy cảm ơn em nhiều nha. chúc em học tốt 3,2
thầy chúc em học tốt nhé 3,1
thầy cực kỳ có tâm . xem bài giảng của thầy là biết . chúc thầy nhiều skhoe,2
thầy đã đẹp trai mà lại còn dạy hay,2
hay thầy ơi,2
cảm ơn thầy rất nhiều ạ em rất hiểu bài khi thầy dạy ạ,2
cảm ơn thầy rất nhiều ạ. ước gì biết đến thầy sớm hơn,2
quá tuyệt,2
"thầy dạy dễ hiểu quá ạ, em cảm ơn thầy, chúc thầy nhiều sức khỏe",2
cảm ơn a,2
10đ thầy ạ,2
"cảm ơn thầy ,tất cả những bài giảng của thầy đều rất dễ hiểu",2
học một lần mà dễ hiểu quá trời luôn ấy,2
cảm ơn thầy đã dạy rất chi tiết,2
cảm ơn thầy về bài gian,2
"cảm ơn thầy rất nhiều ạ, bài học nào thầy dạy rất tuyệt ạ",2
cảm ơn thầy rất nhiều ạ,2
thầy dạy chi tiết dễ hiểu,2
"không hiểu tại sao tiếng nhật thì rất là dài nhưng họ lại thích nói ngắn gọn nhỉ, sao không cải cách để nói ngắn hơn ví dụ từ arimasen có thể thay bằng 1 từ gì đó ngắn hơn và mang sắc thái lịch sự nhỉ?",1
"thầy cảm ơn em. chúc em học tốt, sớm đạt được mục tiêu nha 3",2
rất hay,2
thầy dạy hay quá chúc thầy thật nhiều sức khỏe và ra nhiều video mới ạ,2
tuyệt vời quá thầy ơi,2
thầy tuyệt,2
"em đang tu học tiếng nhật ở nhà, gặp được thầy giảng quá kỹ càng, em cảm ơn nhiều ạ.",2
thầy dạy rất tuyệt vời thầy ơi,2
"2 vợ chồng mình 32 tuổi rồi mới bắt đầu bập bẹ học những chữ tiếng nhật đầu tiên.vì trc giờ chỉ học tiếng anh.thật sự rất hoang mang vì sợ là khó quá và cũng không có nhiều tg như các bạn hs,sv vì còn công việc,con cái.nhưng nghe được bài giảng của thầy thì tụi mình cũng đã tự học được những bài tiếng nhật đầu tiên.xin cảm ơn thầy nhiều",2
cảm ơn thầy  muốn đăng ký khoá học thật nma mình đang học theo trung tâm r . hic,2
kết cái cuối cùng đẳng cấp thật lấy vi du hay,2
"thầy dạy siêu kỹ, siêu chi tiết luôn. bài này cô giáo tren lớp dạy đúng 15",2
e thích cách rút dép ra video của thầy,1
"cảm ơn thầy nhiều ạ, thầy dạy kĩ chi tiết quá ạ",2
ngữ pháp y chang tiếng hàn.,1
thầy dạy chi tiết zê hiểu,2
35:16 tại sao cái đó lại sử dụng kore ạ,1
cảm ơn thầy nhiều ạ.thầy dạy rất là có tâm.rất chinchu ạ.,2
thầy có tâm ắt sẽ có tầm và có phúc. chúc thầy nhiều sức khoẻ. tôi năm nay đã 36sai vẫn học tiếng nhật vì đam mê và trải nghiệm.,2
tuyệt vời nhé thầy,2
cảm ơn thầy nhiều ạ,2
"thầy dạy rất hay, rất dễ hiểu. cảm ơn thầy rất nhiều",2
thầy chúc em học tốt nha,1
thầy cảm ơn em nhiều nha  thầy chúc em học tốt,2
thầy chúc hai vợ chồng học tốt nha,1
thật hả bạn. mình đg định đi học trung tâm nhma nghĩ chắc dạy cũng không kĩ bằng thầy với tốn nhìu tiền nên tự học cho nhanh,1
"thầy giảng dễ hiểu và rất có tâm ,cảm ơn thầy nhiều ạ",2
thầy dạy tuyệt vời lắm ạ,2
cảm ơn thầy,2
thầy dạy rất hay và tận tâm,2
đang học n5 đi xuất khẩu lao động.học ở trung tâm nói thật chứ giáo viên dạy học viên 10ng như 1 khó hiểu vô cùng . tự nhiên lang thang youtube tìm video học thêm tiếng nhật.thế là gặp video của thầy.e biết ơn thầy vô cùng . chúc thầy thật nhiều sức khỏe,2
e cảm ơn thầy,2
e h mới học nhưng học bài giảng của thầy dễ hiểu thật sự,2
rất biết ơn thầy ạ,2
e học ở lớp không hiểu về nghe thầy giảng em đã hiểu ạ .. em cảm on thầy nhiều ạ,2
cám ơn anh minato rất nhiều !,2
thầy dạy dễ hiểu mà rất tỉ mỉ rất iu thích cách dạy bài của thầy,2
c.on th nhìu a,1
thầy dạy rất dễ hiểu,2
"thầy có tâm quá ạ, dạy dễ hiểu và đầy đủ nữa. em cám ơn thầy nhiều ạ",2
cảm ơn thầy rất nhiều,2
bài giảng rất tỉ mỉ. cảm ơn b rất nhiều,2
"rất hay.dễ hiểu.chưa thấy ai dạy nhiệt huyết như vậy
cám ơn thầy nhìu",2
thầy cảm ơn em nha,2
học ở trung tâm đúng là không ăn thua bạn hè,1
"chỗ m còn thu điện thoại, ngày dùng 2h không kịp tranh thủ mà học. giáo viên trung tâm dạy thì không ky, không tua lại được, chỗ nào quên cũng không thể lúc nào hỏi cũng được",1
"trước mình học ở trung tâm cm   có cô mặt thì xinh mà dạy chán thôi rồi, như đọc sách giáo khoa ấy. ngày đầu kaiwa lừa đảo cho 1 thầy tiếng nhật dạy được đúng 1 buổi mồi chài, buổi sau không có nha. túm lại học n5 thì học youtube còn hơn hiệu quả hơn vớ trung tâm mà giáo viên dạy chán.",1
bạn học trung tâm nào vậy?,1
"tôi học 6 tháng ở trung tâm mà chả biết cô dạy cái gì,nhờ thầy này mình mới được học căn bản",2
thầy dạy hay dễ hiểu lắm,2
"cảm ơn thầy, bài giảng của thầy rất hay và bổ ích, mong  thầy ra nhiều video hơn ạ",2
thầy giảng kỹ quá,2
"thầy dạy hay quá
hy vọng thầy có thể ra nhiều bài hơn nữa ạ",2
cảm ơn thầy thật nhiều ạ .,2
cám ơn thầy ra đặt tâm huyết voi bài giảng chúc thầy luôn thành công,2
e muốn học trực tuyến của thầy thì hết nhiều tiền học phí kg ạ,1
quá tuyệt vời mặc dù man thấp,2
thầy chủ nhiệm của mình dạy còn không đủ,1
thầy dạy rất dễ hiểu luôn,2
cảm ơn thầy ạ,2
thầy dạy rất có tâm và dễ hiểu,2
thấy  dạy  kỹ năng  quá  cảm ơn  thầy,2
học sinh mới sang đây được một tháng rồi ạ,1
trường âm đó bạn,1
"thầy cảm ơn em rất nhiều nhé, nếu có gì còn băn khoăn thì đừng lại để lại bình luận để thầy trợ giúp sớm nhất có thể nhé.",2
"thầy cảm ơn em nhiều nhé, khi tự học nếu có gì không hiểu thì đừng ngại nhắn tin để thầy hỗ trợ em nhé!",2
"thầy cảm ơn em rất nhiều, khi học có gì không hiểu thì đừng ngại bình luận nhé, thầy sẽ trả lời sớm nhất có thể.",2
thầy dạy thật dễ hiểu,2
thầy dạy hiểu bài quá ạa,2
rất hay thầy ơi,2
"bài học rất dễ hiểu,cảm ơn thầy rất nhiều.",2
"tự học tiếng nhật ở nhà là một điều không phải dễ dàng và em đang trong trạng thái hoang mang trên con đường đó. thế nhưng thật may mắn vì em đã  tìm học được các video của thầy. thầy thực sự rất có tâm ạ. chúc thầy luôn mạnh khỏe và thành công, tạo ra thật nhiều video hay như vậy để khiến cho tiếng nhật sẽ trở thành tình yêu đối với nhiều bạn hơn nữa ạ 3",2
em cảm ơn thầy ạ 3,2
dạy dễ hiểu hơn các thầy khác dạy trực tiếp luôn,2
"thầy dạy dễ hiểu, cảm ơn thầy ạ",2
"cảm ơn thầy, em học rất dễ hiểu",2
em cảm ơn mong thầy da nhiều bài hơn nữa,2
thầy dạy rất dễ hiểu,2
"tuyệt zời thầy ơi, đã đẹp trai lại còn  dạy hay",2
cảm ơn thầy,2
ôi chưa bao h mà học bài mà hay tới vậy thầy dạy quá hay,2
thầy dạy cực kì có tâm và dễ hiểu. quá tuyệt vời luôn,2
cảm ơn thầy về bài giảng bổ ích! giờ em mới bắt đầu học,2
thật tuyệt vời khi được biết đến thầy,2
thầy ơi thầy ơi. cho em hồi sau chỉ có mấy bài thầy giảng vậy. em muốn xem thầy giảng nhiều bài,2
"thầy cảm ơn em nhiều nhé, chúc em học tốt!",2
"thầy cảm ơn em nhiều nhé, có gì không hiểu em đừng ngại bình luận nhé em!",2
"thầy cảm ơn em nhé, thầy chúc em học tốt!",2
"thầy cảm ơn em nhiều, em có thể tham gia nhóm cộng đồng tiếng nhật minato dorimu trên facebook để được cập nhật kiến thức bổ ích mỗi ngày với giao lưu cùng các bạn học viên khác, em nhé!",2
"thầy cảm ơn em rất nhiều, chúc em học tốt, có gì cần hỏi thì em đừng ngại bình luận để thầy được biết nhé.",2
cảm ơn thầy rất nhiều ạ 3,2
"thầy cảm ơn em đã quan tâm video của thầy, em nhớ đăng ký để không bỏ lỡ video mới nhất của thầy nhé!",2
"thầy cảm ơn em, chúc em học tốt nhé!",2
cảm ơn em rất nhiều,2
"thầy cảm ơn em nhiều, em có thể tham gia nhóm cộng đồng tiếng nhật minato dorimu trên facebook để có thêm được thông tin bổ ích mỗi ngày nhé.",2
"thầy cảm ơn em, chúc em học tốt. có gì không hiểu em cứ bình luận nhé.",2
em không được vao đo được thầy oi,2
"tại sao lại vậy nhỉ? page thì em chỉ cần thích  follow, còn đối với nhóm thì em tham gia vào nhóm, thầy sẽ phê duyệt cho em!",1
"e mới học nên vẫn mơ hồ.nhờ thầy mà hiểu được nhiều điều
cảm ơn thầy",2
biết ơn thầy. thầy rất tâm huyết trong từng video ạ!,2
học từ vựng và ngữ pháp của mirato rất vào cả nhà nhé.,1
"thật sự em xem rất nhiều thầy khác nhau dạy nhưng thầy là người dạy rõ,dễ hiểu,rành mạch  không vội vàng nhất em từng xem .thầy vất vả rồi",2
mỗi lần thầy em giảng không hiểu em về tìm tới thầy,2
cảm ơn thầy,2
cảm ơn thầy nhiều.ngày nào cũng học thày dạy.,2
thầy rất tâm huyết,2
thầy dạy hay quá,2
cảm ơn thầy rất nhiều ạ,2
thầy tuyệt vời lắm ạ,2
"chuẩn quả thầy ạ...!
em học trên lớp không có hiểu được nhiều như vậy",2
thầy dạy rất kỹ lưỡng và dễ hiểu lắm ạ cảm ơn thầy,2
bài giảng rất hay và chi tiết ạ 3,2
các thầy cô dạy tâm huyết quá luôn!,2
cảm ơn thầy rất nhiều. thầy dạy rất dễ hiểu và có tâm,2
"thầy dạy rất có tâm luôn ạ, dù có những lỗi nhỏ cũng không sao đâu ạ bởi bài slide của thầy quá dài và đầy đủ nên sẽ có lỗi thoi ạ, một bài học đầy ý nghĩa, rõ ràng và đầy đủ, em rất vui vì đã biết đến kênh của thầy",2
"thầy giảng đỉnh quá, dễ hiểu lắm ạ",2
dạ thầy ơi muốn làm bình thường về ngữ pháp từg bài thì làm ở đâu cho giống từng phần thầy đã dạy ạ,1
thầy ơi câu cái này là của ai nới thế nào ạ ?,1
cảm ơn thầy cô nhiều lắm ạ. chúc thầy cô gặp nhiều may mắn và phát triển tốt đẹp trong sự nghiệp ạ.,2
thầy dạy rất hay!,2
"em ít khi bình luận trên youtube, nhưng cảm ơn thầy vì đã dành thời gian để làm ra video dạy tiếng nhật rất chi tiết ạ. xem video của thầy em có thêm nhiều động lực để học ngôn ngữ mới này. chúc thầy nhiều sức khỏe và kênh mong chóng phát triển 3.",2
thầy dạy rất dễ hiểu ạ! cảm ơn thầy rất nhiều ạ,2
"thầy ơi từ uchi và từ ie đều có nghĩa là nhà. vậy thì khi nào dùng uchi, khi nào dùng ie vậy ạ?! em cảm ơn .",1
"thầy dạy rất đúng trọng tâm của bài học, không vội vã mà dạy rất chậm rãi và dễ hiểu. rất mong thầy ra nhiều video dạy học bổ ích hơn nữa. 3",2
cảm ơn thầy rất nhiều ạ !,2
"phải nói là thầy rất có tâm! dạy rất kĩ dạy rất cẩn thận rất rõ ràng không sót một nội dung nào mà ít các thầy ở các youtuber khác làm được, em học đại học xem lại bài của thầy em còn phải mở mang ra nhiều thứ nữa. thấy rất thương ở mỗi video thầy dạy luôn. không có từ nào để bày tỏ lòng biết ơn của em",2
cảm ơn thầy ạ,2
bài học quá tuyệt vời luôn thầy ạ. rất chi tiết và dễ hiểu luoonn,2
em cảm ơn thầy nhiều ạ. em thích bài giảng lắm ạ,2
cảm ơn thầy ạ. thầy dạy hay và dễ hiểu lắm luôn,2
hay quá thầy ơi,2
hay quá ạ.,2
cảm ơn thầy ạ,2
mong thầy ra nhiều video hơn nữa .,2
thầy dạy chi tiết dễ hiểu ạ.,2
em cảm ơn thầy,2
nghe thầy giảng dễ hiểu lắm ạ em cảm ơn thầy nhiều ạ,2
bỏ gần 5trieu học khoá n5 mà học không vào. vào nghe thầy dạy còn dễ hiểu,2
quá tuyệt vời thầy ngọc tiệp,2
cảm ơn thầy .,2
cảm ơn thầy nhiều ạ,2
"thầy giảng hay, dễ hiểu lắm. cảm ơn thầy nhiều ạ",2
thầy giảng dạy chi tiết rất hay và dễ hiểu dễ học dễ nhớ,2
cảm ơn  thầy nhiều,2
thầy đấy quá là rễ hiểu và chị tiết,2
thầy có mở lớp dạy không ạ?,1
"a dạy dễ hiểu quá
a có lớp ở hà nội không",2
"em cảm ơn thầy, thầy giảng hay lắm luôn, mong thầy ra nhiều video dạy học bổ ích hơn nữa. ở nhà tự học coi được video của thầy dễ hiểu lắm luôn ạ.
 cảm ơn thầy rất nhiều ạ.",2
rất dễ hiểu thầy ơi,2
vảm ơn thầy rất rất dễ hiểu luôn,2
cảm ơn thầy đã chia sẻ anh sắp tới có khoá học trực tuyến dành cho n5 không ạ???,2
sao chỉ có 4b v ạ,1
chào em  hiện tại anh chỉ dạy lớp trực tuyến thôi em ạ,1
chúc em học tốt và đạt kết quả cao nhé,1
"thầy dạy hay quá ạ, trước học ở trung tâm mà không được tận tình như này",2
"thầy ơi câu thang máy ở đâu nhỉ thầy dùng là đô kô,nhưng câu văn phòng ở đâu nhỉ thầy dùng là đô chi ra ạ?",1
đăng ký như thế nào ạ,1
cảm ơn thầy tiệp,2
em cảm ơn thầy ạ video rất hay dễ hiểu,2
em nhớ phòng họp là kaigishitsu mà,1
"mình vừa học ở trung tâm tối về cũng mở video của thầy xem và học tập, thầy dạy rất dễ hiểu. cảm ơn thầy rất nhiều.",2
thầy chỉ cho em cách sắp xếp câu ạ,1
hay quá thầy,2
"cảm ơn t rất nhiều, dạy rất có tâm",2
mang cầm nắm vật thì bài mấy vậy ạ,1
"sáng học trên trường, tối về nghe thầy giảng chi tiết hơn. tuy hơi dài nhưng mà rất chi tiết",2
"học bài 3 gòi nhé ạ. nói chung là dễ hiểu và hay, rất vui khi biết đến kênh này học thấy không khó khăn.",2
day quá ok,2
cảm ơn em nha  hi vọng em sẽ sớm chinh phục được n5 n4 nha,2
"đúng rồi, mình cũng bị rối chỗ đó",1
chắc thầy viết nhầm thôi chứ trên video thầy nói là phòng học mà,1
thầy cảm ơn em nhé! chúc em sớm chinh phục được hết chương trình n5 nhé,2
ui mừng quá  đọc được dòng chia sẻ đỗ n2 của em thầy lại càng thêm vui. vậy là bao nhiêu kiến thức khó sẽ không cản được người có quyết tâm em nhỉ. chúc em sớm đỗ n1 và thành công trên chặng đường tiếng nhật nhé  thỉnh thoảng lại ghé thăm thầy nha,2
thầy cảm ơn em nhiều nha  chúc em sớm chinh phục được hết chương trình n5 nha,2
"t cũng tối học trung tâm xong về lại mở kênh này lên nghe giảng á, mà kênh dạy chi tiết dễ hiểu hơn nhiều luôn",2
em sắp xếp câu theo đúng ngữ pháp thầy nói trong bài giảng là được nhé em! em mới học nên cứ học theo như vậy là sẽ nắm được kiến thức nhé!,1
thầy cảm ơn em nhiều nhé,2
thầy cảm ơn em nhiều nha,2
1 tuần khoảng 3 video nhé em! thầy sẽ đăng cách ngày để các bạn vừa học vừa test lại được nha,1
thầy cảm ơn em nhé  thầy sẽ cố gắng ra thật nhiều video hữu ích để các bạn học tiếng nhật dễ và hiệu quả nha,2
thầy cảm ơn em nhiều nha  chúc em sớm chinh phục được hết kiến thức n5 n4 nhé em,2
thầy cảm ơn em nhé,2
kiki cố gắng chăm chỉ không phụ công thầy quay bài nha  chúc em sớm chinh phục được hết kiến thức n5 n4 nha,2
thầy cảm ơn em nhé,2
"những bài giảng rất kĩ lưỡng và như gửi gắm cả tấm lòng của thầy, giúp mọi người hiểu rõ, rất rõ bài. cảm ơn thầy và minato rất nhiều ạ",2
chỗ 1p02s25: ô tô không phải là kư rư ma ạ?.nếu có sai sót xin bỏ qua cho em ạ,1
em muốn xin địa chỉ nh 1:04:54 à của thầy  ngọc tiệp. thì em phải nói làm sao trong tiếng nhật ạ.  . em càng học qua càng dễ hiểu lắm đó ạ. cảm ơn thầy nhiều lắm . 1:079,2
ngày 8.,1
cho xin video tổng hợp từ vựng từ 1 đến 25 di thầy oi,1
"cô  học được nửa bài, mà muốn nhắn tin ngay cho ngọc thầy tiệp, cô cầu chúc cho thầy đạt được ước mơ và chắp cánh cho các bạn trẻ hiểu biết tiếng nhật giỏi nhé. bài giảng ngữ pháp bài 3 này, cô nghe mà dễ hiểu vô cùng.cô thích nhất là nhắn tin thầy cho cả bài tập để ứng dụng. và có chữ kanji (kiểu giống như chữ hán) thì nhắn tin thầy chỉ bảo cô cách học nhé. một ngày nào đó, cô trân trọng mời các thầy lên nhà cô chơ ở miền trung du, phú thọ. cô cảm ơn rất nhiều!",2
"cô chuẩn bị vào bài 3 ngữ pháp của ngọc thầy tiệp. từ mới bài 3 cô học thuộc rồi do trà thầy dạy rất hay và dễ thuộc, cho cô hỏi chút là cô thấy có chữ như kanji ở góc màn hình của trà thầy hoặc ở trên cùng bên tay trái thì học thế nào, cô mong các  thầy chỉ bảo cô với, cô cảm ơn nhiều các thầy ngọc tiệp, trà nhé! cô hy vọng học thành công tn n5 để có cơ hội gặp gỡ các thầy ở miền trung du phú thọ nhé!",2
"thầy dạy hay quá ạ, trước học ở trung tâm mà không được tận tình như này",2
em cảm ơn thầy,2
thank thầy nhiều,2
mình  muốn mua sách cho người mới bắt đầu học ạ,1
panasoni có shi nhỏ nối đọc sao v ạ,1
"mê cách dạy của thầy , xong ngữ pháp thầy ra nhiều video để tụi em sử dụng thành thạo tiếng nhật nha thầy ơi",1
"làm sao để biết người ta đang hỏi hãng sản xuất hay nước sản xuất để mà trả lời ạ!
ví dụ, ngta hỏi cái bút của nước nào, nhưng mình lại nhầm là cái bút bi của hãng nào thì sao",1
em cảm ơn thầy đã cho em bình thường được tieng nhat,2
xuất xứ chứ không phải xuất sứ nha,1
thầy cảm ơn em nhiều! chúc em sớm chinh phục được hết kiến thức n5 n4 thầy đã đăng trên kênh nha,2
"từ này nên đọc nhẹ nhé em! vì sẽ khó diễn tả, nên em giúp thầy xem video thầy dạy bảng chữ cái và từ vựng thầy trà dạy để học thêm nha",1
dạ em cảm ơn anh nhiều.,2
thầy có đăng trên kênh mà em  em tìm từ vựng mina 1 của cô trà nha,1
"dạ, cháu cảm ơn cô nhiều . về kanji thì cô tìm hiểu bắt đầu cách học về bộ thủ (kanji là chữ trung quốc, họ cũng có bảng chữ cái như tiếng việt mình gọi là bộ thủ, khi học xong bộ thủ cô sẽ biết 1 chữ kanji viết như nào và dễ nhớ chữ kanji đó hơn ). tuy nhiên sau khi học đến bài 15 cô hãy bắt đầu tìm hiểu chữ kanji vì thời gian đầu cháu sợ kiến thức sẽ hơi nặng ạ.",1
"à vậy, có nghĩa là cô cứ học đến bài 15 đã nhé. sau đó cô học đến bộ thủ và học kanji. nếu ngọc thầy tiệp có bài giảng về kanji thì cho cô xin học với nhé. cô cảm ơn nhắn tin thầy nhiều!",1
kiki thầy cảm ơn em nhiều nha,2
uki em nha,1
uki em nha,1
mua giáo trình minna no nihongo  như thầy trên video dạy đó bạn,1
thầy có đăng video về kaiwa trên kênh rồi. em cứ cố gắng học xong n5 n4 rồi học kaiwa dần em nhé,1
kiki chúc em sớm chinh phục được n5 n4 em nha,2
e cảm ơn thầy nhiều,2
thầy dạy siêu dễ hiểu và chi tiết,2
ui thầy đẹp zai thế . giảng bài dễ hiểu .em cảm ơn thầy nhiều nha !,2
thầy cho em hỏi mục đầu mình chia khác lúc dạy lại các phần khác từ chỗ 472 là của phần nào ạ,1
cảm ơn thầy rất nhiều ạ,2
"không có đoạn lĩnh vực công ty ạ , thầy",1
em xem muộn nhưng thầy dạy từ như này em dễ hiểu hơn cảm ơn thầy nhiều,2
24:53 bây giờ thầy đã biết đánh đàn chưa,1
1 ngày học 1 bài ổn không thầy em không có nhiều thời gian,1
cảm ơn thầy nhiều ạ 3....,2
bài giảng rất hay và dễ hiểu. cảm ơn thầy,2
26p:10s phòng họp viết sai ròi thầy ơi,1
"nếu xem 1 lần chưa kịp hiểu
hãy xem 2,3,4 lần
nếu 2,3,4 lần vẫn chưa thể hiểu
hãy xem nhiều lần hơn nữa
đã xem nhiều lần mà vẫn chưa hiểu, xin mời quay lại bài giảng từ vựng của cô trà và học thuộc rồi hãy qua bài ngữ pháp.
 lúc đó chắc chắn sẽ hiểu
cảm ơn những bài giảng chi tiết của thầy. tỉ mỉ từng câu chữ",2
học thầy này không hề buồn ngủ mặc dù học trực tuyến,1
sai tự vựng mấy câu thầy ạ,1
thầy ui thầy dạy ở đâu vậy ạ,1
thầy cảm ơn em nhé,2
em cứ nói vậy làm thầy có nhiều động lực để ra video,1
thầy xem 472 nhưng không hiểu ý em muốn hỏi đoạn chia nào hiền nhỉ. em có thể nói rõ hơn để thầy giải đáp nha,1
dạ lúc đầu video em thấy thầy chia thành 4 phần ạ . đến đoạn đấy em không bình thường các phần nó ở phần nào liên quan đến mục các phần thầy chia ban đầu,1
kiki thầy cảm ơn em nha. như thế này thì cảm thấy tiếng nhật không còn khó em nhỉ,2
dạ vâng thầy,2
được em nha. nếu em thấy nhanh quá em có thể để 2 ngày 1 bài ngữ pháp cũng được. em xen kẽ học từ vựng nha,1
thầy cảm ơn em nhé,2
"thầy chúc em học tập tốt, sớm hoàn thành chương trình n5, n4 nha",1
bài giảng từ vựng của cô ở đâu?,1
bạn ơi cho mình hỏi từ vựng cô trà nằm ở đâu vậy bạn ơi,1
bạn vào kênh có phần khóa học xong có ghi khóa học n5 dành cho người mới có 54 video trc video bài giảng np sẽ có video từ vựng,1
mình bình luận ở dưới bạn vào theo là thấy đó,1
chúc em sớm hoàn thành chương trình n5 nhé,1
em liên hệ qua facebook nguyễn ngọc thầy tiệp tư vấn em cụ thể nhé,1
cứ bán cái gì  dtu uriban phía sau,1
"cảm ơn thầy 
thầy dạy rất dễ hiểu và ok",2
"e chào thầy! thầy cho em hỏi ở clip chỗ 1:07:00 có cấu trúc đó, em không hiểu là cấu trúc đó được ngầm hiểu là hỏi tên của a, vậy khi mình muốn hỏi vị trí của anh thì dùng cấu trúc nào khác ạ! em cảm ơn!",1
"thầy dạy chi tiết chậm dễ hiểu. mong thầy ra nhiều video bổ ích như thế n3,n2 thầy ra thêm video bài nghe giải đề nữa thì tuyệt vời thầy ơi",2
thầy dạy hay quá,2
vừa học vừa buồn ngủ là có thật,1
biết ơn thầy rất nhiều,2
trời ơi sao bây giờ mới bik kênh này.quá hay luôn,2
quá tuyệt vời luôn thầy ạ.  có thể xin powerpoint của thầy để học được không ạ,2
cảm ơn thầy bài giảng của thầy rễ hiểu và rễ học ạ,2
sao không có câu hỏi về tầng nhỉ   video :tầng mấy.....,1
thầy dạy hay quá ... tuyệt vời,2
"mình 39 tuổi không biết gì học video của thầy rất học được rất nhiều ,cảm ơn thầy rất nhiều",2
"cho em hỏi cách phân biệt khi nào bình thường ngta hỏi là trường mình ở đâu với trường mình là trường nào ạ , em thấy nó đọc y chang nhau",1
thầy hài hước quá,2
e đag học tại trung tâm có nhiều cái không hiểu. nhờ có thầy em hiểu sâu hơn. chúc thầy tiệp nhìu sức khoẻ,2
thầy đẹp trai dạy dễ hiểu dễ nhớ quá,2
thầy giảng hay quá ạ,2
thầy chúc em học tập tốt nha,2
thầy cảm ơn em nhé,2
thầy cảm ơn em nhiều nhé,2
mình làm lại từ đầu em nha,1
"vì vấn đề bản quyền nênthầy không chia sẻ được, em cố gắng ghi chép lại nhé",1
cảm ơn em thầy chúc em học tốt nhé 3,2
thầy chúc em học tập tốt nhé,1
hy vọng như vậy các bạn học hành đỡ strethầy hơn,1
em đang tự học ở nhà nhờ bài giảng của thầy mà em thấy hiểu và muốn học tiếng nhật nhiều hơn ạ  cảm ơn thầy rất nhiều ạ,2
tuyệt quá thầy ơi,2
thày giảng dễ. hiểu lắm luôn á cảm ơn thầy á,2
"em đã từng học qua trung tâm tiếng nhật, ở đó thầy cô dạy chủ yếu tập trung dạy công thức ngữ pháp không biết học sinh có hiểu hay không nên em bỏ ngang hai năm nay. không biết vô tình hay là hữu duyên em thấy được video của thầy, thầy truyền lại cảm hứng học cho em ôn lại tiếng nhật. bài giảng của thầy rất chi tiết từ ngữ pháp đến ý nghĩa của ngữ pháp rất tỉ mỉ đấy ạ. cám ơn thầy và các cô trong trung tâm  vè các video bài giảng, thực sự rất dễ hiểu hay  lắm thầy. lần đầu tiên em phải bình luận vào  một  video trên youtube vì quá tuyệt vời ạ.",2
thầy . rất dễ hiểu. em không có cơ hội đến trung tâm học. hàng ngày xem video học rất hữu ích hơn đi học trung tâm rồi.,2
thầy giảng rất hay và dễ hiểu.,2
thầy dạy rất dễ hiểu luôn,2
thay dạy rất chi tiết dễ hiểu,2
em đang tự học tiếng nhật và video của thầy giúp em rất nhiều luôn. cảm ơn sự nhiệt tình của thầy và đội ngũ làm video. rất ngưỡng mộ thầy 3,2
cho mình hỏi tại sao quầy bán rượu vang không phải là wine no uriba mà là wine uriba ạ,1
thầy nói dễ hiểu quá,2
"dạy hay quá, chắc khỏi cần đi học trung tâm quá thầy ơi!",2
thầy giảng quá ok tỉ mỉ tận tâm chúc thầy luôn mạnh khỏe cv tốt,2
"e ít khi bình luận , nhưng em phải bình luận này ạ , cảm ơn thầy nhìu ạ , thầy dạy rất dễ hiểu ạ , em mong thầy ra nhìu video dạy cho mấy bạn mới học tiếng nhật như tụi em ạ .",2
thầy dạy chi tiết nên dễ hiểu lắm ạ. em cảm ơn thầy rất nhiều ạ,2
cảm ơn thầy đã dạy rất dễ hiểu lại đọc rất từ từ cho những bạn chưa rõ về tiếng nhật từng câu từng chữ.e thật sự rất ngưỡng mộ cách dạy của thầy,2
"thầy cảm ơn em, chúc em học tốt nhé 3",2
"thầy cảm ơn em nhiều nha, đọc được bình luận của em giúp cho thầy có rất nhiều động lực để cố gắng và nỗ lực nhiều hơn 3",2
thầy cho em hỏi là bao giờ nên học kanji ạ,1
thầy cảm ơn em thầy chúc em học tốt nhé 3,2
thầy cảm ơn em nha  chúc em học tập tốt,2
thầy cảm ơn em nhiều nha  chúc em học tập tốt,2
thầy cảm ơn em nhiều nha  thầy hy vọng những video này sẽ giúp ích cho các em trong quá trình học,2
thầy dạy kĩ quá,2
thầy giảng tuyệt quá,2
quá hay thầy ơi. cảm ơn thầy nhiều. mong thầy sớm mở trường,2
sách của em phòng họp là kaigishitsu mà,1
em biết ơn thầy!!,2
thầy dạy quá tận tình và rất dễ hiểu.minh học trên lớp chả hiểu gì lên xem của thầy hiểu ngay.quá hưu ích.cảm ơn thầy rất nhiều.,2
"bạn bao nhiêu tiền?, tát bốp bốp bốp bốp. thầy vui tính phết.",1
thầy dạy rất là dễ hiểu cảm ơn thầy ạ...mới học được 3 bài còn 22 bài nữa mới được n5,2
thầy có thể ra những video kaiwa và luyện phản xạ không ạ,1
"thầy nhìn đẹp trai, dạy dễ hiểu và nhìn thầy hiền nữa. cảm ơn thầy về các bài giảng tuyệt vời này. chúc thầy và trung tâm ngày càng phát triển",2
thầy có dạy ở trung tâm không ạ???,2
"thầy tuyệt vời lắm luôn, dễ hiểu, vui vẻ thầy dạy thêm kanji nữa đi ạ , em đang thấy khó quá huhu",2
sao phòng họp mà thầy đọc là jimusho???,1
"thầy giảng rất dễ hiểu, duyên lắm ạ",2
"chúc các bạn học tốt, nhưng t khuyên hiện tại đừng đi nhật không có tiền đâu tiền đang mất giá thuế thì tăng, tránh xa ngành xây dựng, tránh xa ngành hái củ sen, còn lại ai muốn thì đi, 18-4-2023",1
"thầy ơi ở 40 phút 57 giây á,e nghĩ là nếu là bé yamada thì phải dùng hậu tố là chằng chứ ạ,đúng không thầy??",1
thầy ơi có file để làm mỗi ngữ pháp qua các bài không ạ,1
cám ơn thầy chúc thầy nhiều sức khỏe ạ,2
"thích nhất cái khái quát nội dung chính ngay đầu bài của thầy, đến lúc ôn lại rất dễ ôn
quá tuyệt thầy ạ, em đi học trực tiếp ở trung tâm còn không được như thầy dạy nữa l. 1 like cho thầy ạ",2
"thầy dạy rất dễ hiểu, may mà mình biết đến kênh này",2
"thầy cho em hỏi em muốn mua sách từ vựng về học thêm, nhờ thầy giới thiệu giúp quyển sách dễ học a",1
em đánh giá cao về bài viết của thầy,1
em cảm ơn thầy nhiều,2
"cảm ơn thầy , không thể có từ nào diễn tả được bài giảng của thầy , em xin dùng 2 từ tuyệt vời , cảm ơn thầy về tất cả các video",2
chân thành cảm ơn thầy ạ !!!,2
thầy dạy hay quá,2
thầy cho em hỏi làm sao để phân biệt khi nào ngta hỏi trường học ở đâu và khi nào ngta hỏi tên trường học ạ?,1
chúc muộn thầy 2011 vui vẻ ạ,2
cảm ơn thầy nhiều ạ,2
giờ ổn chưa bác,1
thục pẩm vung kanto được a,2
tùy may mắn vào công ty tốt thì lại chả ngon quá  t làm xây dựng visa ks sang lương về tay 26-27man nhà ở miễn phí,1
"đa số là mấy cha chọn đơn tào lao rồi chán nãn, chứ đi đơn ngon mỗi tháng về tay 20-25 lá gửi về nhà 20 triệu mỗi tháng",1
"hái củi thầy thì ngta ghi lên đơn là đơn gì ạ, để em biết em né ra ạ, vì em cũng đi đơn nông nghiệp ạ",1
thầy cảm ơn em nha,2
"cảm ơn thầy,",2
"cám ơn thầy nhiều ạ. em coi nhiều kênh, thấy thầy dạy rõ và dễ hiểu nhất ạ. em chúc thầy thật nhiều sức khỏe.",2
25:40 câu 1 kanji của phòng họp là hội nghị thất chứ không phải sự vụ sở ạ,1
cảm ơn thầy nhiều ạ chúc thầy nhiều sức khỏe,2
"hình như chỗ phần dịch câu, thầy nói nhầm giữa văn phòng với phòng họp hay sao ý ạ ( 258). với đây cũng là giáo viên em thấy dạy vui và dễ hiểu nhất từ trước đến giờ . mọi người nên học nha",1
cảm ơn thầy qá tâm huyết ạ,2
đúng là mất ngủ khi học người thầy hài như này. những bài học rất tuyệt vời. cảm ơn thầy,2
anh có nhận dạy ol không a..e đang học tiếng nhật yếu quá không nhớ gì học trước quên sau,1
học cấu trúc ngữ pháp với thầy và nhớ cả từ vưng. cảm ơn thầy nhiều ạ.,2
từ khi xem clip của thầy em cảm thấy tiếng nhật dễ hiểu mà thấy nó rất thú vị chứ học trung tâm theo 1 khuôn khổ cảm giác gò bó khó chịu mà không hiểu lắm.,2
chúc thầy luôn thành công ạ,2
quá hay và rất có tâm,2
"thầy cùng quê với em, rất tự hào ạ",2
cảm ơn thầy rất nhiều ạ . chúc thầy luôn mạnh khỏe và thành công.,2
đúng rồi em nha.,1
cảm ơn em đã theo dõi và ủng hộ thầy.. chúc em học tốt nhé,2
cảm ơn em đã góp ý nhé..  thầy sẽ sửa lại nghĩa tiếng việt.,2
"thầy cảm ơn em nhiều nhé, khi học có gì không hiểu thì đừng ngại để lại bình luận, thầy sẽ trả lời em sớm nhất có thể.",2
cảm ơn góp ý của ngọc nha  thầy sẽ xem lại nhé..chúc em học tốt!,2
"thầy cảm ơn em nhiều nhé, em học có gì không hiểu thì đừng ngại để lại bình luận, thầy sẽ trả lời sớm nhất có thể nhé .",2
học tiếng nhật nếu không có chút muối thì nhạt và dễ gây buồn ngủ lắm em ơi. thầy chúc em học tốt và có gì không hiểu thì đừng ngại bình luận cho thầy biết nhé!,1
"giọng thầy vừa truyền cảm, giảng dạy tỉ mỉ từng câu tưng chữ. nghe dễ hiểu, 1 câu chứa nhiều mấy từ vựng nên nếu nhớ cả câu thì thuộc luôn từ vựng. em thấy học tiếng nhật càng lúc càng thú vị.",2
"thầy cảm ơn em rất nhiều, chúc em học tốt!",2
"thầy cảm ơn em rất nhiều, chúc em học tốt.",2
em cảm ơn thầy nhiều ạ,2
em điền trợ từ hay bị lú quá,0
em phải học thầy trước khi học cô giáo dạy,1
1giờ 22phút cái túi này của nước nào bên  lớp em dạy kono nào kêu đây là túi của nước nào mới kore mới học tới bài 3 nên cũng không biết ai đúng nhưng em nghĩ thầy sai á,1
thầy dạy hay lắm và có tâm nữa,2
"bài giảng dễ hiểu lắm thầy ạ, onegashimas",2
"bạn giảng rất có tâm 
mình học cô giáo kia chỉ kiểu hướng dẫn cho trung tâms học thôi ấy đến khj trung tâms không hiểu thì lại nổi điên lên nhiều khj rất là buồn cười ấy",1
thầy giảng dễ hiểu .e cảm ơn thầy nhiều,2
cảm ơn thầy .. chúc thầy thực hiện được ước mơ sớm,2
hay quá anh,2
cảm ơn thầy ạ,2
chào thầy chúc thầy sức khỏe,2
cảm ơn thầy rất nhiều ạ,2
minasan ozaimasu là đọc tắt của minasan ohayogozaimasu ạ ?,1
"ơ thế muốn hỏi công ty, trường học,.. bạn ở đâu thì sao ạ thầyse",1
thầy dạy tâm huyết quá,2
1:20:10 là 3man phải không ạ,1
được em nhé!,1
đung roi van phong va phong hop khac nhau,1
"thầy ơi ỏe bài 2 trên sách cũ phong họp kaf  kai gi shi chư .. không phải gì mư sồ. gì mừ sồ trên sách  xanh nó lại là văn phòng
.. không bên nào đúng thầy",1
"em cảm ơn thầy nhiều ạ, em rất vui khi biết đến kênh của thầy ạ",2
cảm ơn thầy cô rất nhiều ạ. em lại xong 1 bài nữa rồi.,2
e cảm ơn thầy,2
cảm ơn thầy rất nhiều! mong sớm được xem thầy chinh phục piano ạ !,2
"không còn gì để nói cả tuyệt vời quá thầy, từ khi học trước bài của thầy lên lớp tự tin hẳn thầy ạ",2
bài giảng của thầy dễ hiểu lắm ạ 3,2
cảm ơn thầy,2
"ikura hoi duoc cho con nguoi nha thầy , may em gai trong khach san tinh ai ay",2
hay quá thầy ơi,2
"người thầy vĩ đại, là người thầy biết truyền cảm hứng",2
thầy dạy rất dễ hiểu ạ,2
cho em hỏi tên người thì dùng hira hay kata a,1
thầy nhầm phòng họp với văn phòng rồi ạ,1
em cám ơn thầy ạ,2
25:43 thầy nhầm phòng họp thành văn phòng ạ. 1:20:01 3man ạ không phải 3sen ạ hihi,1
em cảm ơn thầy ạ,2
đúng rồi em ơi. nên học trước khi lên lớp nghe cô giáo giảng lại sẽ dễ hiểu hơn rất nhiều.,2
"cảm ơn em đã theo dõi bài giảng, chúc em học tốt và đạt kết quả cao em nhé",2
dạ vâng 3,2
chuẩn bạn mình xem ú ớ nhầm,1
"không có video bài 5,6 á thầy ơi",1
thầy  ra bài 5 đi ạ.,1
cảm ơn thầy chỉ dạy có tâm video cụ thể,2
sao thầy không ra bài mới ạ ngữ pháp thầy dạy rễ hiểu mà  đến b4 thôi đã hết r,1
cảm ơn ạ,2
chúc em học tốt và đạt kết quả cao nhé,1
thầy giảng dễ hiểu lắm ạ,2
"cảm ơn thầy đã rất tận tình chỉ bảo thầy giản nghe là hiểu liền, chúc thầy nhiều sức khoẻ và thành công nhé",2
"dạy dễ hiểu. giọng phát âm rõ ràng, dễ nghe không bị ngọng n-l",2
tức là cái cấu trúc câu từ - đến thì không cần dùng trợ từ ni à thầy,1
thầy ơi tôi làm việc lúc 9h ngữ pháp cuối là wa ta shi nha thầy không phải anh na ta đâu hehe,1
ngày mai không đi làm với ngày mai nghỉ hai câu này về nghĩa có khác gì nhau mà lại là phủ định với khẳng định hả thầy..,1
cảm ơn thầy sẽ rất nhiều nhờ có bài giảng của thầy sẽ mình học rẻ hơn,2
câu anh yamada đã thức dạy chưa vẫn có thể là kđ phụ thuộc vào câu người hỏi,1
hay quá thầy,2
thầy giảng rất tận tâm cảm ơn thầy ạ,2
ôi may quá thầy đã lấy lại được kênh rồi,2
e học mãi không vào nghe thầy giảng dễ hiểu lắm ạ,2
thầy dạy tuyệt,2
"cho em hỏi là: khi học xong bảng chữ cái thì sẽ học hết 50 bài từ vựng rồi học 50 bài ngữ pháp. hay mình sẽ học xen kẻ, bài từ vựng 1 - bài ngữ pháp 1; bài từ vựng 2- bài ngữ pháp 2 thế ạ. mong được thầy giải đáp ạ! em cảm ơn thầy ạ!",1
thầy ơi cho em hỏi là tự học thì học nghe với nói ở đâu vậy ạ,1
có chữ không  thì nó là phủ định,1
chúc em sớm chinh phục được n4 nha,2
trạng từ chỉ thời gian có thể đứng đầu hoặc cuối đều được nhé em!,1
thầy cảm ơn em nhé,2
thầy cảm ơn em  chúc em sớm chinh phục được hết kiến thức n5 n4 nhé,2
tưởng mất luôn rồi,1
kiki thầy quay trở lại với em rồi nha,2
vậy là giờ em xem xong video em hiểu rồi đúng không em,1
kiki thầy cảm ơn em nhiều nha,2
"xen kẻ nha c, nma học kĩ từ vựng hẳn học ngữ pháp không là bị rối ạ",1
cảm ơn bạn nhiều nha,2
em học xong chương trình n5 n4 thì có thể học kaiwa nha,1
thích học của thầy quá. dễ hiểu lắm ạ,2
"thầy cho em hỏi 
trình n5 có nên học chữ hán luôn không hay là để sau vậy",1
minh van chua hiểu lắm,2
16:44 ủa em tưởng phải dùng mashita chứ nhỉ. vì nó là quá khứ tối qua bé đào ngủ lúc mấy giờ mà. em thấy thầy mới chỉ sửa từ thức dạy thành từ ngủ thôi không thấy sửa masu thành mashita,1
"mình mới học mà chắc tại cái tuổi tác lên không khó nhớ từ mới thầy có cách nào để ghi nhớ tốt không vậy, cảm ơn thầy",1
ngày 14 ạ. em phải chia thành nhiều ngày để học không thì quá ngộp với kiến thức lẫn từ vựng thầy ạ.,1
cảm ơn thầy rất nhiều ạ trên lớp học không kịp vì giáo viên giảng ngắn gọn đi bài nhanh nên không hiểu chưa định hình tiếng việt là gì thì qua luôn về xem thầy lại rất dễ hiểu luôn nếu thầy không làm cái clip này là em bó tay,2
cô cảm ơn và hàng ngày vẫn học tn của nhắn tin thầy. hy vọng thành công và thành công!,2
"em cảm ơn thầy rất nhiều,em học ở trung tâm không hiểu bài và hơn nữa là em học không nhớ,từ lúc biết đến thầy em đã học lại từ đầu và thầy dạy rất dễ hiểu. em cảm ơn thầy rất nhiều ạ. em chúc thầy thật nhiều sức khỏe ạ",2
"cô đang học đến bài 4, cảm ơn nhắn tin thầy rất nhiều, dễ hiểu và cô rất có hứng thú học tn.",2
"cảm ơn thầy rất nhiều, bài giảng của thầy rất hay và dễ hiểu",2
"cách bước vào bài giảng thực sự rất thu hút ạ! các bạn học mới hay ôn lại cũng thực sự rất tiện! không tràn lan, rất logic và hệ thống ạ! cảm ơn thầy rất nhiều!",2
thầy dạy hay và dễ nhớ ạ. em cảm ơn thầy nhiều ạ,2
thầy ơi em muốn đăng ký thầy dạy riêng cho kaiwa cho có được không ạ,1
thầy có tam quá xem rất dê. hiểu ạ,2
"em cảm ơn thầy ạ, bài giảng của thầy rất hay và dễ hiểu ạ",2
"trước tiên em cảm ơn thầy vì thầy dạy nhiệt huyết, dạy rất chi tiết và có phần ôn tập nhiều để có thể luyện khi vừa mới xong 1 phần bài học, em xem thầy dễ hiểu lắm ạ, bên cạnh đó em cũng xin góp ý là em đã học ở kênh thầy từ bài 1 đến bài 4, một số slide có sự sai sót về chính tả, vì em vừa nghe giảng vừa chép bài trong slide luôn ạ. nhiều khi có nhiều người họ cũng chép bài từ slide ra, họ không để ý về lỗi chính tả, sau này họ lấy ra học, họ sẽ thắc mắc và không biết chỗ ví dụ đó, từ đó nó có nghĩa là gì, sẽ tốn thời gian ạ",1
"1 tuần nữa là phỏng vấn mà giờ mới học b4 lo quá ạ, bài 4 này trên lớp dạy ít, xem thầy em hiểu thêm được rõ và nhiều hơn ạ, cảm ơn thầy nhiều ạ,",2
thầy cảm ơn em nhiều   cố gắng chăm học đừng phụ công thầy quay bài nha,2
n5 học luôn được là tốt nhé em!,1
em chưa hiểu ctnp nào em nhỉ,1
em cảm ơn nhiều lắm ạ. vô cùng biết ơn anh.,2
"câu này hỏi là hàng tối, bé đào... nên không sử dụng quá khứ nhé em!",1
"về từ mới thì thầy nghĩ là chỉ có cách học thật nhiều để nhớ. bạn nào khó nhớ hơn nữa thì ngồi nhẩm rồi viết ra nhiều, dần dần sẽ nhớ em à.",1
chậm một chút nhưng không từ bỏ là được em nha,1
thầy cảm ơn em nhiều. chúc em sớm chinh phục được kiến thức jlpt  n5 nha,2
dạ cháu cảm ơn cô nhiều ạ,2
"thầy cảm ơn em nha  chăm chỉ đừng phụ công thầy quay bài, và cố gắng chinh phục hết kiến thức n5 n4 thầy đã đăng nữa em nha  chúc em học tiếng nhật thật hiệu quả!",2
dạ cháu cảm ơn cô. cô cố gắng kiên trì nhé ạ,2
uki em nha. chúc em sớm chinh phục được hết kiến thức n5 nhé,2
thầy cảm ơn em rất nhiều. cố gắng chăm chỉ không phụ công thầy quay bài nha em,2
thầy cảm ơn em nhiều nhé! chúc em sớm chinh phục được khoá học n5 nhé,2
thầy chào em. hiện tại thì thầy có bài giảng kaiwa dành cho các bạn học từ n4 n3. em có thể tham khảo để học miễn phí nhé. em tìm chuỗi video giao tiếp tiếng nhật cùng minato nhé em!,1
vâng em cảm ơn thầy ạ,2
thầy cảm ơn em nha,2
kiki thầy cảm ơn em nhiều. thầy chúc em sớm chinh phục được khoá học n5 nha,2
thầy cảm ơn em nhé. thầy sẽ cố gắng dành thêm thời gian để khắc phục những sai sót này. chúc em học tập thật tốt và tiếp tục gặt hái thành công trên con đường chinh phục tiếng nhật nhé,2
mình học bài 1 phỏng vấn rồi,1
đỗ trường rồi,1
mình sang nhật gần 2năm .bị đồng nghiệp giỏi tiếng hãm hại .mới thấy cần học tiếng để bảo vệ bản thân.lại học thầy từ đầu.,1
cảm ơn thầy nhiều ạ thầy giảng chi tiết có tâm nữa,2
thấy bài giảng hay nhất những bên khác thật tuyệt vời cảm ơn thầy tiệp rất nhiều,2
sen cho em hỏi nếu vậy 4p đọc là yon pưn hả sen,1
"theo như em thấy thì cái bài 4 này, phần khó nhất là đếm giờ phút giây",1
"thích học thầy cực vừa học vừa cảm nhận được năng lượng tích cực từ thầy,thầy vui tính không làm cho bài giảng khô khan rất biết ơn và cảm ơn thầy đã tạo điều kiện cho các bạn các anh chị cô chú có nhu cầu liên quan đến tiếng nhật có thể tiếp cận được ngôn ngữ nhật ạ,cảm ơn thầy ngọc tiệp rất nhiều ạ.",2
"cảm ơn thầy rất nhiều ạ, em mong ngày nào đó em nghe hiểu và nói được tiếng nhật như thầy ạ 3.",2
rất dễ hiểu luôn ạ,2
tiếc là thầy không dạy kanji theo từng bài như này nhỉ,1
fung là số nguyên tố anh ạ,1
"thầy ơi , có ai học trên youtube mà lấy được bằng n4 chưa ạ . tại em muốn lấy bằng n4 nhưng không thể đi ra trung tâm học được . tại em học vì đam mê thôi",1
a dạy rất dễ hiểu tận tình..cảm ơn anh rất nhiều,2
thầy ơi chị muốn học giao tiếp đơn giản thầy dạy chị được không chị hiện 50 và căn bản chị chưa biết gì,1
cảm ơn a,2
biết đến thầy muộn. nhưng muộn còn hơn không. cám ơn thầy ạ,2
trung tâm có lớp học 1:1 không á,1
bài 4 em thấy là khó. học trên lớp không có nhịu nên khó hiểu lắm. cảm ơn thầy vì video này. trong lúc em rất cần mừng dễ sợ,2
cố gắng lần này phải quyết tâm học bằng được nhé em! thầy tin là sự cố gắng của em bây giờ sẽ vượt qua được mọi khó khăn!!!,2
"không ngờ lại được thầy trả lời.cảm ơn thầy em vừa học vừa nghĩ sao lại có người dạy học tận tâm như thế này .chúc thầy thật nhiều sức khỏe luôn hạnh phúc và thành đạt. em cũng như những người tự học khác, vô cùng biết ơn sâu sắc bởi thầy giảng bài bằng cả tấm lòng,chân thành, . cảm ơn thầy",2
thầy cảm ơn ngân nhiều,2
thầy cảm ơn em nha  thầy đăng đầy đủ 50 bài mina rồi. em cố gắng học hết nha,2
may có thầy chứ học trên trung tâm khá nhanh về xem youtube ôn lại,1
dạ em cảm ơn sen,2
thầy cũng thấy vậy  cố gắng chinh phục em nha,2
"thầy không chỉ vui tính, dạy hay mà còn đẹp zai nữa đúng không em  
thầy đùa thôi  thầy cũng mong là có thật nhiều những anh chị cô chú học tiếng nhật sẽ được học miễn phí qua những bài giảng này. thầy cảm ơn em nhiều nha 3",2
e vừa học vừa cười ha hả bọn bên cạnh nói con điên học gì mà cười em bảo cứ chịu bỏ thời gian ra học đi vừa được cười vừa được có kiến thức. cảm ơn thầy những bài học hay nhiều ý nghĩa ạ,2
chỉ cần bản thân em thường xuyên nỗ lực thì sẽ được như thầy thôi. em cứ cố gắng nha,1
thầy có dạy kanji trong khoá học trực tuyến nhé em,1
e muốn đăng kí học n5 của thầy ạ,1
thầy thấy có bạn học trên youtube mà đỗ rồi đó em ơi  nhiều bạn nhắn tin cảm ơn thầy nên thầy vui lắm  em cũng cố gắng chinh phục nhé,2
anh chúc em học tập hiệu quả nhé,2
"em chào chị. em đang đăng nhiều video trên kênh, c có thể học giao tiếp qua những video đó nha. em chúc chị học tốt ạ",1
thầy rất vui vì bình luận của em. thầy cảm ơn em nha,2
trung tâm không có lớp 1-1 em à,1
thầy chúc em học tập tốt thi đạt kết quả cao nhé,2
"thầy giảng dễ nghe, dễ hiểu, cuốn hút, em muốn học thầy trực tiếp",2
lúc ở việt nam không lo học h sang đây bít sao lúc học không chịu không,1
lúc ở việt nam không lo học h sang đây bít sao lúc học không chịu không,1
đang sống và học tập ở canada nhưng lại thích học tiếng nhật của anh,1
thầy dạy rất hay,2
mới học đến bài 4 vô tình thấy được video của thầy . thầy giảng rất có tâm dễ hiểu  . cảm ơn thầy rất nhiều,2
"cảm ơn thầy nhiều ạ bây giờ em mới biết là tiếng nhật cũng chia động từ quá khứ, hiện tại tương lai như t. anh í",2
dài dòng quá,0
thật sự rất thích những bài giảng của thầy. để giảng được chi tiết nv thật không đơn giản.,2
em à anh học bị lẫn nhau tiếng trung quốc. giờ học tiếng nhật nẫn khó quá em có cách gì chỉ anh mấy anh đi làm giàn giáo,1
may quá vì thấy video của thầy. em đang bị loạn phần này ạ.,2
"em tự học tiếng nhật ở nhà, nhờ những bài dạy ý nghĩa của thầy mà em cảm thấy dễ tiếp thu hơn. em cảm ơn thầy nhiều ạ!",2
"em xin gửi tới thầy lời cảm ơn chân thành bởi sự nhiệt huyết,tận tình của thầy !",2
10đ thầy ơi,2
"em cảm ơn  a, video cua  rât co tâm anh chi tiêt va rât dê hiêu a. em chuc  co thât nhiêu sưc khoe va thanh công nhe",2
1 câu hơi vô nghĩa nhưng nhớ luôn thứ trong tuần: gét sư kả sui mò kua kín do í chị,1
"muốn đi nhanh thì đi 1 mình
muốn đi chắc thì đi cùng đồng đội",1
thầy chúc em học tập tốt và thi đạt kết quả cao nhé,2
thầy dạy ở namba osaka phải không ạ,1
"10:00 những thời gian không có con số cụ thể như ngày mai, sáng nay đứng đầu câu được không thầy ơi",1
h em mới học nhưng clip nào học xong cũng like nha,1
cảm ơn bài giảng của thầy,2
10điem cho thầy.,2
thầy dạy rất dễ hiểu và có tâm luôn ạ,2
12h30 mà thầy,2
"thầy như vị cứu tinh của em í. em muốn qua nhật, với lại trường cũng yêu cầu học tiếng nhật nữa, mà nhà em thì không có tiền để đi học thêm. biết được kênh dạy tận tâm mà miễn phí như này em thích lắm  cảm ơn thầy nhiều ạa",2
cảm ơn thầy đã rất tận tình chỉ bảo ạ chúc thầy luôn luôn thành công,2
thầy không có video dạy về kanji n5 n4 hả thầy em tìm hoài không thấy,1
like manh cho tây tiêp nao moi ngươi ơi. qua hay  a!!,2
thầy có cách nào học từ vựng nhanh vào không ạ. em người trí nhớ kém học ngày học đêm học rất nhiều nhưng hiệu quả thì không có.,1
thầy ơi thầy dạy giao tiếp đi ạ khỏi ngữ pháp nữa dạy trực tiếp luôn đễ giao tiếp,1
cố gắng chăm chỉ em nha,2
kết bạn học cùng mình không,1
"kết bạn với mình học không, mình mới bắt đầu",1
kết bạn học chung với mình đi bạn để tiện học chung,1
"làm sao để kết bạn giờ,  mình cũng mới học nè",1
thầy dạy hay và dễ hiểu quá .cảm ơn thầy rất nhiều!,2
"mỗi ngày là mai nì chi , thầy phát âm là mai ì chi.",1
bài giảng của thầy rất hay ạ,2
"cảm ơn thầy rất nhiều,rất chi tiết và dễ hiểu ạ",2
cảm ơn thầy vô cùng ạ !!!!!!,2
thầy ơi thầy  có thể cho em các từ khoá để hỏi từ bài 1 đến bài 10 được không ạ,1
thầy giảng rễ hiểu quá ạ,2
hay quá ạ,2
thầy ơi thầy làm video dạy chữ kanji đi ạ. em ở vùng quê muốn học chỉ xem trên youtube được thôi,1
quá dễ hiểu luôn ạ,2
học từ thầy có động lực lắm ạ,1
cảm ơn thầy nhiều giảng rất dễ hiểu luôn,2
"thầy cảm ơn em nhé, chắc tại nói liên tục nhiều quá bị líu lưỡi mất",2
thầy chưa hiểu ý của em lắm.. em muốn hỏi về  các từ để hỏi trong tiếng nhật từ bài 1 - 10 đúng không em nhỉ?,1
"thầy cảm ơn em nhiều nhé. khi tự học nếu có gì khó hiểu thì đừng ngại để lại bình luận, thầy sẽ trả lời em sớm nhất có thể nhé!",2
"thầy cảm ơn em nhé, khi tự học có gì không hiểu thì em có thể để lại bình luận, thầy sẽ trả lời sớm nhất có thể nhé!",1
"kanzi thuộc về từ vựng, mà từ vựng thì em có thể tự học được, em có thể mua cuốn sách kanji look and learn để tự học nhé.",1
"thầy chúc em học tốt, khi tự học có gì không hiểu thì đừng ngại bình luận, thầy sẽ trả lời em sớm nhất có thể nhé!",1
"vậy em tiếp tục học nhé, thầy có trọn bộ 50 video giáo trình minna, chúc em học tốt nhé!",1
"thầy cảm ơn em nhiều, chúc em học tốt nhé",2
cảm ơn thầy nhiều ạ .rất hay và rất dễ hiểu ạ,2
thầy dạy quá kĩ và quá dễ hiểu.e cám ơn thầy nhiều ạ.,2
nhờ thầy mà em có thể ôn lại những gì em kg nắm kịp trên lớp. cám ơn thầy ạ,2
thầy ơi. trung tâm mình có lớp học trực tuyến không ạ,1
"cảm ơn bài giảng của thầy, dễ hiểu lắm ạ.",2
thầy dạy rất kỹ . cảm ơn thầy.,2
thầy còn lú . em thì lẫn lộn luôn,1
hay lắm ạ,2
giảng rất dễ hiểu cảm ơn thầy rất nhiều,2
chúc thầy có thật nhiều sức khỏe ạ,2
bài giảng của thầy rất dễ hiểu..! cảm ơn thầy nhiều ạ,2
xin lỗi thầy ạ phút 36.36 em để ý phía sau không nghe thầy nói,1
"tháng 1 bắt đầu học, t7 jnpt n4 có kịp không ạ?",1
em sang nhật được 1 năm  núc có thời gian ở việt nam  thì không học đến bây giờ mới cảm thấy cần phải học học để có sự tôn trọng của người khác,1
cảm ơn thầy a,2
thầy cảm ơn em nhiều và chúc em học tốt nhé,2
"thầy cảm ơn em nhiều, chúc em học tốt nhé!",2
nói thì dễ chắc đã học được,2
"nếu em đủ quyết tâm học thì hoàn toàn có thể em nhé,",1
"thôi đừng qua nhật không như mơ đâu, tiền mất giá tháng không được mấy đồng đâu, người nhật nó giả tạo thảo mai nhất thế giới đấy, muốn đi kiểm tra kỹ hợp đồng đi tỉnh nào mức lương về tay bao nhiêu chứ đừng thấy trên hợp đồng nhiều qua đây nó trừ hết á",1
nhưng mà giờ ở việt nam làm 1 tháng được có 6-7tr thôi à,1
"mất giá nhưng tháng tầm 20tr vẫn ổn hơn việt nam tháng tầm 6 7,8tr",1
ở việt nam làm lương tháng 7 - 8 triệu thêm cái văn hóa nhậu nhẹ xã giao đám tiệc đủ kiểu với qua nhật vài năm về dư vài trăm củ thì nên chọn cái nào? đối với 1 đất nước không làm chủ được nền khoa học kỹ thuật vượt trội thì làm thuê cho nước ngoài cũng là sự lựa chọn tốt. nghèo mà sỉ diện thì nghèo mãi.,1
mình cũng chuẩn bị qua nhật hỗ trợ công ty mẹ 1 năm.  học khó quá .,0
học khó thật. phải bền bỉ không bỏ cuộc mới học được.,1
cảm ơn thầy đã tận tâm cho chúng em kiến thức rất ý nghĩa,2
cám ơn thầy,2
giảng rất kĩ và dễ hiểu! cảm ơn thầy ạ!,2
"một mẹo nhớ ngày khá hay mình nghiệm ra và muốn chia sẽ để mọi người dễ nhớ, các ngày trong tuần tương ứng với 1 hành trong ngũ hành  mặt trăng mặt trời:
thứ 2: nguyệt nhật : getsuyoubi
thứ 3: hỏa nhật : kayoubi
thứ 4: thủy nhật : suiyoubi
thứ 5: mộc nhật : mokuyoubi
thứ 6: kim nhật : kinyoubi
thứ 7: thổ nhật : doyoubi
chủ nhật: nhật nhật : nichiyoubi",1
thầy giảng dễ hiểu quá ạ. em cảm ơn thầy,2
"em cảm ơn thầy ạ, thầy giảng rất kĩ và dễ hiểu",2
"cảm ơn thầy cô, em lại xong 1 bài rồi.",2
thầy giảng rất dễ hiểu và cách nói khiến em dễ nhớ kiến thức,2
thầy giảng dễ hiểu quá ạ!,2
chúc thầy có thật nhiều sức khỏe 3,2
em cảm ơn thầy nhiều ạ !,2
"em cảm ơn thầy nhiều ạ, bài giảng rất dễ hiểu ạ 3",2
dạ em cảm ơn thầy dạy rất dễ hiểu . em cảm ơn thầy rất nhiều ạ.,2
em ơn thầy nhiều ạ 3,2
"cảm ơn thầy, chúc thầy nhiều sức khỏe",2
em mới học tiếng nhật. ngoài các bài giảng trên lớp thì về nhà em rất thích ôn lại nhà nhờ các bài giảng của thầy 3,1
thầy dễ hiểu ạ,2
"tuyệt vời , cảm ơn thầy",2
thứ không phải ngày nha bạn,1
qutrong la mây cai nay no tương nhau nên cung dê thuôc ne,1
"thầy cảm ơn em nhiều nhé, hiện tại bây giờ em đã hoàn thành 50 video của thầy chưa nhỉ?",2
bạn còn học không,1
còn bạn,1
mình còn học bạn. kết bạn giao lưu kinh nghiệm hay phương pháp học được không nè bạn,1
thầy dạy dễ hiểu quá ạ,2
em cảm ơn thầy ạ . thầy giảng dễ hiểu lắm ạ 3,2
cảm ơn thầy nhiều,2
xuất sắc luôn...thầy kiểu học sư phạm ra à?,2
trong tiếng nhật có cách đếm giờ kém không thầy,1
thầy dạy dễ hiểu,2
rất cảm ơn thầy.,2
xem thầy từ n4 vieo này thấy thầy mập nha,2
mỗi ngày đều muốn nói cảm ơn thầy nhiều lắm !,2
thầy ơi không có từ bài 5 ạ,1
thầy dạy hay lắm á,2
thầy chưa ra ngữ pháp bài 5 ạ,1
mọi người vào kênh facebook của minato là thấy có đầy đủ đến bài 25 nhé,1
thầy up bài 5 lên đi sei,1
chưa thấy ngữ pháp bài 5 thầy ơi,1
chuẩn,1
bạn vào kênh có danh sách đủ 25 bài luôn ấy bạn.,1
chúc bạn học tốt và đạt kết quả cao nhé,1
cảm ơn em! chúc em học tốt và đạt kết quả cao nhé,2
cám ơn thay em học dễ hiểu lắm ạ,2
hay quá thầy ơi,2
ai giúp với. mình dùng câu doko mo ikimasen chat jpt nó kêu không chính xác phảt có he trước mo. câu chuẩn nó đưa ra là doko he mo ikimasen. vậy là sao nhỉ,1
em cảm ơn thầy rất nhiều,2
cảm ơn thầy nhiều em mới bắt đầu học thầy dạy vô cùng tận tâm dễ hiểu,2
2025 vẫn còn học,1
mọi người ai giống em không cứ học trước quên sau thôi,1
thầy đẹp zai dạy còn dễ hiểu chúc thầy 8386,2
thầy dạy tốt nhất,2
"thầy dạy chi tiết và dễ hiểu nhất, hơn cả thầy của em  mãi ủng hộ kênh của thầy.",2
"ạhh thầy tiệp lấy lại được kênh rồi, chúc mừng thầy, em chờ mãi hôm giờ",2
ơn zời thầy đây rồi,2
cảm ơn thầy rất nhiều ạ!,2
mình xem khá nhiều kênh dạy trực tuyến mà thấy ấn tượng nhất với bài giảng của thầy. sẽ cố gắng không phụ công của thầy,2
thầy cảm ơn em nhiều nha,2
kiki thầy cảm ơn em nhiều nha  chúc em học tiếng nhật dễ và hiệu quả nhé,2
thầy cảm ơn em!,2
kiki anh cảm ơn em nhiều  vào học luôn nha em,2
kiki kênh về rồi em ơi,2
uki em nhé  em cố gắng chăm chỉ học hết 50 bài mina nha,1
tuyệt vời quá em ơi. thầy cảm ơn em nhiều. chúc em sớm chinh phục được hết kiến thức n5 n4 nha,2
"cảm ơn thầy, thầy dạy rất dễ hiểu",2
quyết tâm học hết n4 để sang năm đi nhật ạ. cảm ơn thầy nhiều ạ,2
thầy ơi thầy tắt bớt quảng cáo được không dạ thầy mỗi video cứ mỗi lần dừng lại ghi bài xong bấm phát tiếp thì nó lại quảng cáo làm mất tập trung quá ạ ((,1
học từ tháng trc,1
có ai bị tình trạng như em không. em sắp xếp từ trong câu sai hoài.. ai chỉ giúp em với ạ!!,1
"thầy ơi.. thầy làm bài tổng hợp đặt câu( vị trí câu, từ) em dịch hoài mà sắp xếp câu hoài không đúng thầy ơi.. huhu",1
ngày 15 ạ. dù rất lười nhưng em vẫn cố gắng xem 1 nửa video. còn 1 nửa em để mai ạ,2
thầy vui tính dạy dễ hiểu được thầy dạy ok luôn  không chán chứ dạy căng thẳng quá không tiếp thu được luôn,2
thầy ơi câu 4 phần luyện tập 1:12:00 em để yuka san wa ở sau 6jini được không ạ?,1
"vô cùng biết ơn thầy
chúc thầy luôn mạnh khỏe bình an và hạnh phúc",2
bài 5 rồi 2882024 bắt đầu hi vọng hêt năm sẽ hoàn thành 25 bài .cảm ơn thầy rất nhiều ạ,2
"thầy dạy hay rất kĩ ạ, em rất may mắn khi gặp được thầy trên youtube ạ",2
người nhật được giáo dục rất tốt ngay từ nhỏ,1
cám ơn thầy! rất dễ hiểu,2
vậy em cố gắng chăm chỉ không phụ công thầy quay bài nha,2
kiki thầy cảm ơn em nhiều nha  chúc em sớm chinh phục được hết kiến thức n5 và n4 nhé em!,2
"bạn học bài mấy rồi, mình cũng đang cố gắng n4 đây",1
mình vừa học xong bài ni đó bạn,1
em cố gắng để sang nhật là mình có thể giao tiếp được nha,1
thầy cảm ơn em nha. youtube tự động đặt nên thầy vừa chỉnh lại rồi. em cố gắng học hết bài nha em,2
vậy thì tháng này phải cố gắng học hết n5 nha em,1
"câu ví dụ trong bài của thầy là câu kể, chủ ngữ đang là an. nếu như nói như câu của em thì chủ ngữ sẽ là cả 2 người nhé em!",1
dạ em cảm ơn rất rất nhiều.,2
nếu mới bài 5 thì em có thể sai nha  em cố gắng xem lại cấu trúc ngữ pháp thầy đã hướng dẫn để không bị nhầm. sau này lên n3 n2 sắp xếp sai thì mới đáng lo em nha,1
em cố gắng xem lại cấu trúc ngữ pháp thầy đã hướng dẫn để không bị nhầm. sau này lên n3 n2 sắp xếp sai thì mới đáng lo em nha,1
kiki uki em nhé! cố gắng chăm chỉ để chinh phục được hết kiến thức n5 nha,2
đôi thi vui một chút cho tinh thần thoải mái dễ vào hơn em nhỉ  cố gắng chinh phục hết kiến thức n5 luôn nha em,2
được em nhé!,1
thầy cảm ơn em nhiều nha. chúc em học tiếng nhật hiệu quả nha,2
cố gắng chinh phục hết chặng đường n5 em nha,1
thầy cảm ơn em nhiều. chúc em học tốt nha,2
thầy cảm ơn em nhiều nha,2
có ai có bí quyết học từ vựng nhanh không ạ,1
học thầy cứ ngồi cười vì thầy chia sẻ dễ thương quá hạ,2
"bài giảng của thầy tiệp rất hay ạ, em cảm ơn thầy nhiều ạ :",2
e học không hiểu ngữ pháp . thầy có dạy riêng không ạ,1
thầy dạy tâm huyết mà em thấy view không nhiều lắm nhỉ,2
cảm ơn thầy,2
2024 ai còn học không,1
"thầy ơi, nếu đổi vị trí trong 1 câu của địa điểm lên đầu, phương tiện thứ 2 rồi mới cùng ai thì có bị sai không?",1
thầy dạy hay quá! hiểu đúng bản chất,2
thầy        giỏi quá,2
mỗi người sẽ có một cách học từ vựng riêng sao cho phù hợp với bản thân. em có thể chọn một trong những cách: đọc nhiều lần; viết nhiều lần; nghe nhiều lần; hoặc áp dụng tất cả các phương phương phía trên nhé em! chúc em sẽ thuộc được nhiều từ vựng nha,1
hạa thầy cụa em mặn mòi hông,2
cố gắng chăm học để không phụ công thầy quay video vất vả em nha,2
bài giảng kanji hiện tại thầy chỉ dùng trong khoá học trực tuyến nên em thông cảm giúp thầy nha,1
các giáo viên ở minato luôn sẵn sàng. em nhắn qua facebook nguyễn ngọc tiệp để thầy tư vấn nha,2
e không tìm được thầy ạ,2
thầy cảm ơn em nhé. hi vọng là các bạn chăm chỉ như em sẽ làm cho kênh của thầy được nhiều người biết đến và nhiều lượt xem hơn,2
ban đầu em học tiếng nhật vì yêu thích anime mà học từ từ thì thấy việc đi nhật để kiếm tiền nó mong luông quá thầy thầy có thể giúp em định hướng không ạ,1
có tôi đây,1
tôi đấy,1
mình học cách đây 11 năm giờ học lại tiếng nhật từ đầu đây,1
bạn đã từng sang nhật rồi ạ,1
ừ bạn giờ m sang lại theo diện tokutei gino 1,1
39 tuổi đang bắt đầu nak các bạn,1
mình về nc 8 năm rồi giờ sang lại theo tokutei,1
bạn học o nhật hay việt nam vậy,1
ừ n về nc gần chục năm giờ lại sang nhật,1
mình đang ở nhật mình qua được 11 tháng rồi h mới biết cái ngu của không biết tiếng,1
bạn o tỉnh nào,1
cô nhiều tuổi rồi nhưng vẫn học tn.,2
b học đến bài mấy rồi,1
tôi đây. mà từ vựng kém quá. có ai mách cách học từ vựng dễ nhớ không ạ,1
"mình đang chuẩn bị nhập học, đơn hàng tháng 4 bay mà tháng 2 mới nhập học ngoài trung tâm lên vào học trước chứ không sang làm không biết câu gì",1
mình sang nhật 4 năm rùi mà chưa học hết bài 4,1
25 vẫn học nè,1
từ đó là kanji của từ nhà á bạn,1
thầy cảm ơn em nhiều nha. chúc em sớm chinh phục được n5 nha,2
được em nha,1
"thế là trong 1 câu mình thích đặt vị trí mấy cái đấy sao cũng được, miễn là động từ thì cuối câu là được phải không thầy",1
kiki em nói như vậy là được rồi nha. em cố gắng tiếp tục học nhé,1
kiki thầy cảm ơn em nhé chúc em sớm chinh phục được n5 nha 3,2
sen mà cắt tóc bên nhật 1tr4 thì bằng em cắt tóc 18 năm ở việt mỗi lần cắt có 20k,1
dạydễ hiểu hay.,2
vậy học nghe của mỗi bài ở đâu vậy thầy ạ. em cảm ơn thầy,2
cảm ơn thầy thầy nhìu,2
cảm ơn thầy rất nhiều ạ. mong thầy tiếp tục ra video để các bạn trẻ có thể xem và học hỏi nhiều thêm ạ.,2
58:15 thầy đưa 1 ví dụ hết hồn. đi tới nhật bằng bè chuối luôn . .,1
"không liên quan đến bài học nhưng 1:15:47 em thì thích đi xem phim 1 mình hơn , kiểu em sẽ tập trung hơn í , có bạn bè thì lo cười rồi nói chuyện không tập trung xem phim được",1
tuyệt vời quáthầy,2
"cảm ơn thầy, thầy dạy thật dễ hiểu",2
"tr ơi thầy dạy không mất phí mà nhiệt tình quá bài giảng đầy đủ dễ hiểu lắm ạ , em học thầy mới có mấy ngày mà ngữ pháp lên hẵng",2
ng thầy tâm huyết với tất cả tấm chân tình với tiếng nhật,2
cảm ơn thầy nhiều ạ . bài học rất bổ ích,2
"thầy cho em hỏi câu ở giây 1:09:57 vì sao dùng ashita wa, nếu không có wa có đúng không ạ?",1
em cố gắng xem lại đoạn nào chưa hiểu nha. thầy nghĩ không hiểu là phải xem lại ngay để chắc chắn kiến thức về lâu dài em nha,1
mình cũng hơi lu lú. giờ bạn ổn chưa,1
phần nghe mỗi bài ở sách honsastu trong bộ mina nhé em!,1
thầy cảm ơn em nha  chúc em sớm hoàn thành chương trình n5 và n4 nha,2
uki em nha  thầy đang sắp xếp quay video nhiều hơn để tạo nhiều kiến thức giá trị cho các bạn rồi nha,1
"kiki ví dụ minh hoạ dễ hiểu, gây nhớ lâu đúng không em",2
vâng ạ. ngồi học đang buồn ngủ bỗng giật mình vì cái bè chuối,1
chị satou sẽ đến đây là câu nói về tương lai nhé em. nên mình không chia về quá khứ em nhé.,1
thầy chúc em học tập tốt nhé,1
cảm ơn em nhiều nha. chúc em sẽ tiến xa hơn (đến n1) trên con đường tiếng nhật,2
thầy cảm ơn em nhiều nhé 3,2
thầy cảm ơn em nhé!,2
chắc thầy đánh thừa đấy,1
thầy cho em hỏi câu tuần trước bạn đã đi đâu ở phút 1:09 dịch là senshuu wa. vì sao lại dùng wa sau senshuu ạ?,1
mình muốn đký học bằng cách nào à.,1
rất hay ạ,2
"thầy dạy dễ hiểu quá, giúp mình nhớ lâu hơn",2
con tuần lộc mà thầy ơi,2
thầy dạy rất là hay,2
"thầy tuyệt vời quá ạ, em cảm ơn thầy nhiều lắm ạ",2
"thầy dạy hay như này chỉ có mù mới không hiểu bài. mù nghe vẫn hiểu, điếc ms không hiểu",2
cảm ơn thầy dạy rất dễ hiểu ạ,2
minh hoc trung tâm hết n5 không hiểu gi h mở lại hoc từng bài của thầy mình rất hiểu . cảm ơn thầy　nhiều lắm,2
rất thich thầy giảng ạ.,2
cảm ơn thầy,2
bài 5 thầy dại wa nha sử dụng chữ hắn wa nhìu,1
"coi rất nhiều cách dạy, nhưng thầy là người dạy dễ hiểu nhất",2
cảm ơn thầy ạ thầy dạy rất dễ hiểu,2
em liên hệ qua facebook nguyễn ngọc tiệp để thầy tư vấn chi tiết em nhé,2
em dùng cả đều được nhé,1
thầy cảm ơn em nhiều nhé 3,2
"cảm ơn em, thầy chúc em học tốt nhé 3",2
thầy. xe bus đã đến rồi tức là ngay thời điểm đó xe bus đến hay là xe bus đã đi qua ạ,1
thầy dạy kỹ và dễ hiểu quá . cảm ơn thầy.,2
thầybè chuối dịch sao nhỉ.,1
thầy giảng rất dễ hiểu.,2
"mọi người cho mình hỏi 1 xíu với ạ. ở đoạn 34:44, nếu như người nói là một người bạn của mira và người bạn đó đang ở mỹ thì mình sẽ sử dụng iki mastu phải không ạ ?",1
"cảm ơn thầy rất nhiều ạ. mình nhiều tuổi học thật khó , may biết tới thầy mình hiểu ra rất nhiều",2
theo học trực tuyến của thầy vừa hiểu hữu ích,2
"thầy giảng nhiệt tình, có tâm.",2
thầy giảng dễ hiểu quá em cảm ơn thầy nhiều,2
cám ơn thầy nhiều,2
hay quá,2
"thầy ơi, tại sao nhà khi nào thì dùng uchi, khi nào dùng ie vậy thầy",1
mong kenh của thầy se được duy mãi để các bạn sau tìm hiểu thêm,1
thầy quá tuyệt vời.dạy de hiểu.rõ ràng . duyên nửa,2
nghĩa của n vẫn là nhà mà,1
thầy chúc em học tập tốt nha,2
em theo dõi  cộng đồng tiếng nhật minato dorimu  để xem thêm nhiều video bổ ích nha,1
"ie giống như house trong ta, nghĩa là 1 ngôi nhà theo mặt vật lý, còn uchi giống như home nó vẫn có nghĩa là ngôi nhà nhưng bao gồm mặt cảm xúc hơn, nghĩa bóng là gia đình, mái ấm á",1
thầy dạy rất chi tiết và dễ hiểu.cám ơn thầy,2
"thầy dạy tuyệt vời quá, em cảm ơn những bài dạy của thầy ạ",2
thầy có dạy trực tuyến không ạ,1
sao nhà lại là i ê  thế ạ,1
xem bao nhiêu video có thầy là dạy dễ hiểu nhất ạ,2
thầy có nhận dạy lớp 6 không ạ,1
thầy dạy rất dễ hiểu,2
công nhận thầy dạy dễ hiểu thật dạy cả tâm huyêt,2
thầy dạy  dễ hiểu lắm  luôn ấy,2
thầy dạy rất hay ạ,2
thầy dạy rất kĩ . cảm ơn thầy nhé,2
học thầy dễ hiểu nói rất rõ ràng luôn,2
công nhận thầy dạy bằng cả tâm huyết,2
thầy làm về phần dịch đi ạ,1
thầy dạy chi tiết dễ hiểu,2
thầy ơi video thầy giảng rất dễ hiểu ạ kênh mình hiện tại không có video học kanji n5 ạ,2
i ê.ư chi đều là nhà,1
bạn ơi. có thể cho mình xin facebook để học chung không,1
cảm ơn thầy thầy dạy cực kì kỹ và dễ hiểu,2
39:27 cờ nước anh nó màu đỏ với màu trắng mà thầy,1
pp dạy của thầy rất dễ hiểu và được luyện nhiều,2
"minh nghi nanide mơi la đi băng gi chư nhi, con nande la tai sao ma.",1
rất yêu thầy giáo,2
1:02:59 choe em hỏi ngôi nhà có 2 nghĩa ở tiếng nhật 1 là ie còn 2 là uchi hả thầy?,1
thầy ơi cho em hỏi bắt đầu từ bài mấy của n5 thì mình học kanji ạ,1
không biết thầy có file bài giảng ngữ pháp của 25 bài không vậy mọi người,1
"trong sách nhà là uchi, ie là không.sao thấy thầy đọc nhà là ie nhỉ",1
"ui, thầy cảm ơn em rất rất nhiều luôn",2
từ bài 5 em nha,1
em cảm ơn thầy nhiều ạ,2
thầy dạy đỉnh quả em học ở lớp bài 5 thầy dạy chả hiểu gì về lên youtube xem bài giảng của thầy hiểu luôn,2
thầy làm cách nào nhanh học thuộc từ vựng ạ,1
thầy dạy tuyệt vời 100 thầy,2
thầy giảng hay quá.,2
cảm ơn thầy thầy dạy cực kì kỹ và dễ hiểu ... thế này em sẽ không bị thầy của em chê học dốt nữa,2
"lúc 1:120
thầy cho em hỏi, em có thể thay đổi vị trí của 6 giờ lên phía trước đứng cùng kê sa không ạ? nó sẽ thành gì ạ?",1
"thầy vui tính , em con trai cứng nghe thầy giảng em cũng muốn đổ với bọn con gái",2
thầy dạy hay quá ạa,2
coi lại tới 2 lần bài của thầy rồi mà vẫn bị sai ikimasu và kimatsu thật sự xin lỗi thầy thầy dạy quá chi tiết mà em vẫn bị nhầm,2
quá hay luôn ạ,2
thầy dạy rất kĩ và dễ hiểu nữa.,2
39:18 cờ cuba thân yêu!,1
thầy giảng dễ hiểu quá em làm được hết,2
học nhiều là cách nhanh nhất,1
"thầy cảm ơn em nhé, em tự học có gì không hiểu thì đừng ngại bình luận để thầy kịp thời giải đáp nhé!",2
dạ. em học xong 50 bài của thầy đén  tháng 10 là xong.  khoảng thời gian đó thầy có mở lớp kaiwa không ạ.,1
"cảm ơn em đã quan tâm nhé, theo kế hoạch thì khoảng giữa tháng 11, thầy sẽ khai giảng lớp kaiwa mới, hi vọng được gặp em ở khóa học đó.",2
"thầy cảm ơn em nhé, khi tự học nếu có gì không hiểu thì đừng ngại nhắn tin để thầy hỗ trợ em nhé!",2
dạ con cảm ơn thầy ạ.,2
"thầy cảm ơn em rất nhiều, em học có gì không hiểu thì đừng ngại để lại bình luận để thầy giải đáp sớm nhất có thể nhé!",2
về nghĩa thì n cũng không khác biệt nhiều quá.. nên em có thể thay đổi em nhé.,1
thế thì cũng không cứng lắm đâu  mạnh mẽ lên em,1
dạ em cám ơn thầy em hiểu rồi ạ,2
dùng cả 2 đều được em nhé,1
dạ em cám ơn thầy,2
thầy cảm ơn em và chúc em học tốt nhé!,2
những người tự học như em xem được video thầy dạy như vớ được chiếc phao ấy ạ. em chúc thầy luôn mạnh khoẻ và thành công trong cuộc sống ạ. cảm ơn thầy rất nhiều,2
mình để nande trước nagoya kara tokyo made được không ạ,1
thầy rất nhiệt tình .và tính cách hiền nữa ..,2
thầy dạy n1 off không ạ,1
ngày mai vẫn đặt được trước chủ ngử phải không thầy. sao thầy nhà em dạy bảo chủ ngử bao giờ cũng phải ở đầu,1
tuyệt vời quá thầy ơi,2
"thầy giảng rất dễ hiểu ạ, dùng từ ngữ hết sức bình dân, cảm ơn thầy đã mang lại những bài học bổ ích cho bọn em ạ",2
h em mới biết đến thầy.thầy giảng cực kì dễ hiểu ạ. cám ơn thầy nhiều nhé.,2
muốn học trực tuyến của thầy thì đk sao ạ,1
thầy dạy có tâm quá,2
"bài giảng của thầy lấy ví dụ từ những từ vựng của bài . thầy giúp cho người học nhớ được từ mới, bài giảng dễ hiểu 
rất tuyệt thầy ạ",2
cảm ơn thầy rất nhiều ạ !,2
"bằng bè chuối, hạha chịu thầy luôn",2
thầy giảng dễ hiểu lắm ạ. em cảm ơn thầy nhiều,2
"cảm ơn thầy, bài giảng của thầy có sức hút lắm",2
thầy giảng hay và dễ hiểu quá . cảm ơn thầy nhiều !,2
hôm qua em học trên lớp không hiểu lắm nên hôm nay vào xem bài của thầy để hiểu bài chắc hơn.,2
được bạn ạ,1
tuyệt vời quá ạ,2
học thầy vừa dễ hiểu vừa hài hước hihi  thầy dạy có tâm thật sự,2
"1:13:59 ,cho em hỏi tại sao sara sẽ di bộ đến thư viện  mà không dùng i ki masu ạ ? mà lại dùng kimasu?",1
cảm ơn thầy. xem rất nhiều video dạy tiếng nhật thì tìm thấy video của thầy học dễ hiểu và tạo nhiều cảm hứng trong quá trình học,2
thầy dạy cực kì dễ hiểu luôn.　thầy dạy ngữ pháp tuyệt vời quá! chưa có giáo viên nào dạy dễ hiểu như thầy! ráng học lên đến n3 để tìm về đội của thầy mới được! dễ hiểu đến nỗi học cảm thấy không ngán thầy ơi! quá tuyệt vời!,2
thầy giảng kỹ,2
hay quá thầy ơi dễ hiểu lắm,2
"mong thầy ra tiếp nữa những video về n5 , nền tảng ban đầu vững chắc sau này không lo lên cao, thầy giảng kĩ , chắc kiến thức và dễ hiểu quá ạ. chúc thầy và team giữ gìn sức khoẻ để tiếp tục ra những video bổ ích ạ",2
cảm ơn thầy nhé,2
thầy có thể cho em biết những chữ kanji đoạn intro có ý nghĩa gì được không ạ ?,1
em rất thích cách dạy của thầy dễ hieruu lắm ạ,2
em cảm ơn thầy nhiều ạ,2
thầy dạy dễ hiểu quá. em học bên trung tâm đi trung tâms mà cứ rối hết lên với ikimasu kimasu,2
mình nghĩ trường hợp này do thầy nghĩ người nói đang ở thư viện nên dùng kimasu.,1
"bạn có video n2 và n3 của thầy này không, cho mình với",1
kaiwa với mình không bạn. hi,1
mình mới học đến bài 6 thôi bạn ơi,1
bauciutiuu  mình học đến bài 5 nè. hi,1
học chung với mình không bạn,1
côm mầm cái cho nó tích cực..học với thầy chất lượng thât..3,2
em rất thích các bài giảng của thầy.,2
hay quá thầy ơi chúc thầy thành công và hạnh phúcnhé,2
"thầy dạy hay, nhìn thầy tựa tựa nyc em , nên dễ học phết  chúc thầy nhiều sức khỏe a",2
thầy nhầm từ vựng thịt với con chó giống em ghê,1
"thầy dạy dễ hiểu.cảm ơn thầy, chúc thầy sk.",2
em cực kì thích thầy dạy,2
vìdeo của nhắn tin thầy tận tâm đến kính quý vô cùng. mong từng ngày mình sẽ học được tn. biết ơn và biết ơn!,2
thầy dạy dễ hiểu quá.  thầy ngày càng đẹp trai,2
em cảm ơn thầy ạ,2
"xin lỗi, làm phiền thầy chút nha , khi nào thì mình dùng từ tabetakatrung tâma",1
ghi không kịp a,1
dạy nhanh quá,0
học chẳng hiểu gì buồn ghê,0
12122024 vẫn học tiếng nhật có ai cùng học không vậy,1
hạạạạạạa động lực ở đây chứ ở đâu em nhỉ,1
thầy cảm ơn em nha  chúc em sớm chinh phục được hết kiến thức n5 nha,2
"cảm ơn em nha, em cố gắng học chăm chỉ nha",2
"dạ cháu cảm ơn cô  cô cố gắng học đều cô nhé! nếu có khó khăn gì cô nhắn cháu, cháu đọc được sẽ giải thích cho cô ngay ạ",2
thầy cảm ơn em nhiều nha,2
kiki thầy cảm ơn em. được khen thầy vui quá  kiki,2
uki em nha,1
đây là chia về quá khứ em nhé! dùng khi muốn nói về chuyện mình đã ăn ăn gì...,1
em xem đoạn nào nhanh quá em cứ tạm dừng lại để có thời gian ghi chép lại nhé!,1
em xem đoạn nào nhanh quá em cứ tạm dừng lại để có thời gian ghi chép lại nhé!,1
sao lại không hiểu em nhỉ. em thấy chỗ nào không hiểu em nên xem lại hoặc bình luận để thầy giải thích thêm cho em nhé!,1
có mình,1
cố gắng chinh phục hết kiến thức tiếng nhật n5 n4 nhé em!,2
mong là sau 1 năm em có thể quay lại và bình luận là em đã hoàn thành xong n4. em vô cùng biết ơn anh - người thầy rất có tâm và có tầm.,1
ngày 18 ạ. hy vọng mình sẽ theo được hết 25 bài,1
"thầy giảng rất dễ hiểu ,cảm ơn thầy  nhiều ạ",2
"học bài : chơi game 
học mấy môn : level 
viết bài : lời nguyền 1 năm
giáo viên mắng : quái đánh còn 1 hp
giáo viên mới : cập nhật quái 
5 môn học : level có bothầy
tiếng việt : quái 500hp
ls - đl : quái 999hp (10 hp)
làm văn : bothầy 500 hp
thể dục : tập luyện kỹ năng 
mỹ thuật : pham quái
công nghệ : tạo thanh kiếm (100 không bị gãy )
chính tả : cuộc thi (đấm nhau)
tiếng việt  ngữ văn :  bothầy được thay đổi 
họp lớp : trao đổi 
được nghỉ học : chiến thắng
học bù : bị hack 
thầy hiệu trưởng : bothầy 100000hp (200)(500)(1000)(800)(700)(999)(2000) 
đáng đại củng chúng : hack 
làm lớp trưởng mới : cơ hội ngàn năm có một 
đại ka trường : bạn bị đánh sắp thua 
ra trường : win 
nghỉ hè : phá đảo",1
cảm ơn thầy rất nhiều,2
thầy ơi  bắt đầu học tiếng nhật thì nên mua loại sách nào ạ,1
cảm ơn thầy dạy rất tâm huyết,2
"thầy cho em hỏi là sau động từ chỉ nơi diễn ra hành động là trợ từ  đê,phần kiến thức này nằm ở bài mấy đó ạ .e cảm ơn",1
em học tới bài 6 rồi thầy ơi,1
"học không chán luôn thầy ơi, thầy dạy với thầy kể chuyện vui quá. thầy kể chuyện về sashimi mà ngồi cười như coi phim hài luôn",2
2024 vẫn nghe bài giảng của thầy,2
cám ơn thầy đã giảng dạy tận tình.,2
"thầy ơi ! ví dụ câu: bạn có muốn đi uống bia với tôi không?
 - ithầyhoni biru o nomi ni ikimasenka.   tại sao lại có dạng dùng trợ từ ni ở đây ạ?
 hoặc câu : bạn có đi bơi cùng tôi không?
- ithầyhoni oyogi ni ikimasenka.   tại sao lại có ni thầy nhỉ",1
ước gì gặp thầy cách đây 3 năm trước,1
cảm ơn thầy,2
thật cố gắng và kiên trì để sau này nắm bắt được nhiều cơ hội với bản thân nhé em!,2
mình cũng mới học. cùng cố gắng bạn nhe.,1
kiki thầy cảm ơn em nhiều! chúc em sớm chinh phục được kiến thức n5 n4 em nhé!,2
uki em nha,1
"em mua sách mina no nihongo để học theo bài giảng thầy đã quay nhé. em mua cuốn từ vựng, ngữ pháp và sách chính để học và làm bài tâp nhé!",1
cảm ơn em nhiều vì đã đồng hành cùng thầy qua từng bài giảng. cố gắng chinh phục hết kiến thức n5 nha em,2
"trong phần kiến thức n5 thì thầy thấy nhắc đến khá nhiều, nhưng bài 21 thì thầy thấy nói khá chi tiết em nha",1
e cảm ơn thầy ạ,2
e cảm ơn thầy ạ,2
kiki cố gắng lên em ơii tiếp tục hành trình chinh phục của mình nha,2
hạạa học với thầy thì tha hồ mà cười em ạ,1
em trả lời tuỳ vào giờ của em là được nhé em.,1
được em nhé. nói như vậy sẽ đầy đủ hơn nhé em!,1
tuyệt vời em ơi. cố gắng học em nha,2
uki em luôn. cứ chăm học đừng phụ công thầy nha,1
thầy nghĩ là bình luận ở đây hơi dài. nên em học tiếp đến bài 13 sẽ hiểu cách kết hợp em nha.,1
hơi muộn chút nhưng vẫn kịp học em à,1
"vâng em mơi xem hêt bai giang cua  nên em hiêu câu nay rồi a, em cảm ơn anh hhihi",2
đã học xong bài 6. phong cách giảng dạy của thầy thật tuyệt vời,2
29:12 nhưng mà thịt chó ngon mà thầy,1
"bị nghiện thầy, ngày nào cũng phải xem clip thầy giảng.. chúc thầy nhiều sức khỏe.",2
cảm ơn thầy nhiều ạ 3.,2
cảm on thầy nhiều,2
thầy nhớ thịt chó sao á,1
thầy dạy khá dễ hiểu ạ,2
hằng ngày tôi nói tiếng nhật  mình mới học  mà không biết điền trợ từ.  thầy giúp e. ạ,1
cảm ơn thầy rất nhiều .bài giảng của thầy chậm rãi dễ hiểu và diễn dải tốt ...tạo động lực cho các bạn mới học tiếng nhật,2
"quá tuyệt vời , cảm ơn thầy ngọc tiệp rất nhiều, mến chúc gđ thầy nhiều sức khoẻ hạnh phúc và thành công",2
thầy dạy rất hay ạ. em học trực tuyến nhưng vẫn rất dễ hiểu ạ. mong thầy có nhiều sức khỏe và nhiệt huyết để dạy thêm nhiều bài học thú vị nữa.,2
người thầy thật tuyệt vời respect thầy,2
cảm ơn thầy,2
mình rất thich nge  của thầy. mong thầy ra nhiều video hay nua,2
kiki mỗi ngày cố gắng một chút thì bài 50 cũng sớm sẽ hoàn thành nha em,1
thầy cảm ơn em. chúc em sớm hoàn thành chương trình n5 nha,2
thầy cảm ơn em nhé! câu dưới thầy sửa lại rồi nha,2
thầy chúc em học tốt nha 3,1
cảm ơn em. đọc được bình luận này thầy có nhiều động lực hơn để ra video bài giảng mới,2
"thầy cảm ơn em nhiều! chúc em học tốt, sớm đạt được mục tiêu nha 3",2
thầy cảm ơn em nhiều nha đón chờ thầy ra video mới nhé,2
"nhờ có thầy.e học được nhiều hơn,dễ nhớ bài hơn.",2
cám ơn thầy,2
cảm ơn thầy rất nhiều ạ,2
"học thầy hay quá hiuhiu, biết vậy không đky trung tâm khác",2
thầy dạy hay với dễ hiểu nhất luôn ấy,2
thầy dạy đẳng cấp quá,2
"cảm ơn thầy ,thầy dạy rất tâm huyết",2
"cho mình hỏi ở đoạn 43:51, ở trường học thì phải là gatko em chứ ạ",1
hay lắm,2
cảm ơn thầy,2
thầy giảng hay lắm cảm ơn thầy nhiều chúc thầy thật nhiều sức khỏe nhé,2
em cảm ơn thầy,2
"cảm ơn thầy rất nhiều, nhờ thầy và một thầy cũ của em em mới biết là trợ từ người ta không đọc kiểu ní, quá, ố, đế, ế.. như nhiều người dạy",2
thầy cảm ơn em nhiều nha cố gắng duy trì tinh thần học tập mỗi ngày em nha,2
thầy cảm ơn em nhiều nhé,2
mình cũng thắc mắc đoạn đấy,1
thầy cảm ơn em nha,2
"ế đi với động từ bạn,còn đế là nằm sau danh từ ở đâu chỗ nào",1
thầy dạy dễ hiểu quá chúc thầy sức khỏe,2
"em rất thích cách dạy của thầy, vừa tận tâm, và tỉ mỉ từng chi tiết một",2
dễ hiểu quá ạ,2
dễ hiểu lắm ạ,2
buồn cười đoạn thầy nói t không ăn thịt chó,1
cho em xin phần bài tập chọn động từ và trợ từ thích hợp với ạ,1
"dễ hiểu sâu sắc ... thầy, cám ơn thầy",2
người thầy truyền cảm hứng với tiếng nhật,2
"chữ nhỏ không có nhìn rõ thầy à, có thể đổi fom chữ ra màu khác thì nổi và rõ hơn",1
thầy đẹp zai thế,2
"cám ơn vì thầy đã đến, em là 1 người học khá ngu",2
thầy dạy rất dễ hiểu.cảm ơn thầy,2
mình muốn đăng kí học vậy thì đăng kí ở đâu ạ,1
e cảm ơn thầy ạ.,2
"tuyệt vời, mình vừa học hết bài 5 ở trung tâm thì chuẩn bị sang nhật, đang loay hoay không biết học tiếp thế nào thì search trên youtube ra video của thầy, rất dễ hiểu và cặn kẽ, cảm ơn thầy rất nhiều.",2
thầy cảm ơn em nha,2
"qua nhật mới học tới bài 5 ổn không bạn, mình cũng như bạn đây,không biết làm thế nào",1
mình cũng v. vậy bạn thi đậu chứng chỉ n5 không ?,1
các bạn giờ sao r.,1
"1:129 thầy cho em hỏi câu dưới là em nghĩ là có 2 động từ đi với ngắm phải không ạ 
hay đi ngắm nó là chung 1 cụm điện thoại luôn ạ",1
thầy hơi bị nhớ thịt chó nha,1
cảm ơn thầy nhiều ạ.,2
"cảm ơn thầy ngọc tiệp rất nhiều ạ !!!!! thầy giảng rất hay, nhiệt tình và rất dễ hiểu ạ !!!",2
thầy dạy rất chi tiết em rất thích và vẫn đang học theo thầy nhưng em mới bị lẫn tý là niku với kuni thôi thầy nhầm inu hì cảm ơn thầy,2
thầy dạy dễ hiểu quá,2
thầy mà nói hay quá ạ.dạy rất hay và kĩ ạ,2
hay quá thầy ơi,2
thầy dạy theo giáo trình gì vậy ạ,1
"thầy thua em rồi,em không uống rượu nha.mà tướng thầy thông minh sáng láng này nói uống rượu thấy không đúng lắm nha.",2
hay ạ .,2
cảm ơn thầy ạ,2
hay quá,2
thầy dạy rất hiểu và rất kỹ .em học ngu mà cũng phải giỏi ạ  . chúc thầy luôn mạnh khoẻ ?,2
thầy cảm ơn em và chúc em học tốt nhé!,2
em đừng bao giờ nghĩ là mình ngu nhé. khoa học chứng minh thành công của con người đến 80 dựa vào chỉ số eq em nhé. thầy chúc em học tốt và có gì không hiểu thì nhớ để lại bình luận để thầy trả lời sớm nhất có thể nhé.,1
"yêu thầy ghê á, dạy hay, nghe hiểu",2
thầy có dạy trực tuyến không ạ,1
đây là một người thầy giáo dạy học bằng cả cái tâm,2
thầy ơi em muốn học kanji thêm nữa thì nên bắt đầu từ đâu và học ntn ạ,1
thầy giảng quá chi tiết dễ hiểu,2
bài giảng của thầy giúp em học được nhiều kiến thức mới lắm ạ! cảm ơn thầy nhiều nhé,2
"giá mà em biết thầy sớm hơn thì tốt quá, cảm ơn thầy vì những bài học rất giá trị ạ",2
thầy  dạy rất  dễ  hiểu,2
thầy giảng rất hay vqf dễ hiểu,2
e đã tìm rất nhiều video nhưng chưa video nào mà dạy dễ hiểu và tận tâm như thầy.cảm ơn thầy,2
"u tr ơi tối nay em có bài thuyết trình về bài 6 này em đang lo sẽ không pik làm gì vì em ms học tiếng nhật có 2 tháng. mà may sao em tìm được thầy . 
thầy giảng rất chi tiết và dễ hiểu. em cảm ơn thầy",2
"thầy dạy rất tâm huyết , học nhanh hiểu thầy ạ.! cám ơn thầy",2
cảm ơn thầy bài giảng rất hay,2
26 sơn la chào ae. địa phương tôi có món gỏi cá nhé,1
". thầy cảm ơn em nhé, em học có gì không hiểu thì để lại bình luận nhé em!",1
thầy cảm ơn em rất nhiều và chúc em học tốt nhé!,2
"thầy cảm ơn em, chúc em học tốt nhé!",2
"thầy cảm ơn em rất nhiều, em hãy đặt mục tiêu học tiếng 1 cách cụ thể để có hiệu quả học tập cao hơn nhé.",2
"thầy cảm ơn em nhiều nhé, chúc em học tốt!",2
"thầy cảm ơn em rất nhiều, để nhiều bạn có thể biết đến thầy sớm hơn (không như em), em có thể chia sẻ giới thiệu cho bạn bè và người thân, em nhé. thầy cảm ơn em rất nhiều.
à, có thể em chưa biết thầy cũng có nhiều hoạt động trên facebook, tiktok với nhiều fan page khác nhau, em có thể tham gia để được cập nhật kiến thức hữu ích mỗi ngày nhé.",2
thầy chào em!,2
"thầy cảm ơn em nhé, em có thể tham gia nhóm cộng đồng tiếng nhật minato dorimu trên facebook để có thêm kiến thức và bài học hay mỗi ngày nhé.",2
"thầy cảm ơn em nhé, em có thể tham gia nhóm cộng đồng tiếng nhật minato dorimu trên facebook để có thêm kiến thức và bài học hay mỗi ngày nhé.",2
"thầy cảm ơn em nhiều, em có thể theo dõi page và group của thầy trên facebook để có thêm nhiều kiến thức bổ ích mỗi ngày nhé.",2
"thầy cảm ơn em rất nhiều, chúc em học tốt. em cũng có thể tham gia page và nhóm cộng đồng trên của minato trên facebook để có thêm kiến thức bổ ích mỗi ngày nhé.",2
thầy dạy rất sướng,2
thầy giảng dễ hiểu quá nè,2
tại sao thịt với chó lại hay nhầm chẳng lẽ thầy xang nhật ăn thịt chó,1
"cảm ơn thầy nhiều ạ, em đang học trực tuyến tại trung tâm nhưng nhờ thầy mà em hiểu thêm rất nhiều ạ",2
thầy giảng bài rất nhiệt tình và dễ hiểu ạ. cảm ơn thầy nhiều lắm.,2
"thầy dạy hay, dễ nhớ, con coi 1 lần là nhớ luôn, coi 2,3 lần là thành thạo luôn",2
thầy dạy rất dễ  hiểu  . cảm  ơn  thầy ạ,2
"chưa thấy video nào kỹ và chi tiết hơn serial video này. luôn ủng hộ, đã đang  ký",2
"thầy giảng dạy thật dễ hiểu, cảm ơn thầy",2
phút thứ 31:29s nhìn thầy đáng yêu quá.,2
chúc thầy luôn sức khỏe,2
"mình rất thích bài học của thầy, mình đi làm bận nên buổi tồi 10h30 mới học được, cứ học không hiểu hoặc phải ghi bài là tổng cả buổi học phải 2-3 tiếng, hoặc phải chia 2 buổi để học. học không hiểu lại quay lại xem vở, bài thầy giảng rất kỹ và có nhiều ví dụ để hiểu hơn. mình học được 6 bài rồi mà giờ mới cm. chúc thầy và đội ngũ của thầy phát triển hơn nữa. được nhiều người biết đến ạ.",1
thầy dạy dễ hiểu lắm ạ.,2
cảm ơn bài giảng của thầy nhiều lắm ạ.luôn theo dõi và ủng hộ thầy,2
"thầy giảng hay quá, em học ngôn ngữ nhật mà lơ mơ lắm,  cảm ơn thầy đã cứu em",2
thầy dạy rất hay vừa học bài mới và cũg có thể ôn  lại kiến thức  bài cũ... cách dạy rất tận tâm và giải trí không thấy chán mà lại thấy rất vui... chúc thầy và gđ thật nhìu sức khỏe,2
thầy giảng bài dễ hiểu và vui tính quá ạ,2
bai giang cua thay rat hay a. em cảm on thay a,2
gomennasai  sorry; sumimasen  excuse me. mình dùng tiếng anh diễn tả cho dễ hiểu vì tiếng việt mình không biết diễn tả ntnao,1
"thầy cảm ơn em nhiều nhé, hiện tại bây giờ em đã hoàn thành 50 video của thầy chưa nhỉ?",2
"thầy cảm ơn em nhiều nhé, hiện tại bây giờ em đã hoàn thành 50 video của thầy  trình độ jlpt n4 chưa nhỉ?",2
"cảm ơn bạn đã đón xem bài giảng của minato, chúc bạn học tốt và đạt kết quả cao nhé",2
em sẽ theo thầy tới n2,1
"thầy rất tuyệt vời ạ. cách dạy thân thiện, dễ hiểu. cảm ơn thầy đã dành thời gian giảng dạy. mong thầy tiếp tục ra các video giống như thế này ạ.",2
thầy chuẩn soái ca,1
thầy dạy dễ hiểu lắm ạk. mong thầy dạy phần tập kaiwa nhiều hơn.video thầy hỏi sau để bọn em tự trả lời . sau cho hiện kết quả lên màn hình ấy á. học tiếng nhật khó mổi kaiwa thôi thầy á,2
cảm ơn thầy. vô bờ bến,2
thầy dạy dễ hiểu mà sao em cứ học trước quên sau,2
"thầy dạy dễ hiểu quá, chúc cho thầy có thật nhiều sức khỏe để tạo ra nhiều bài học thật hay và chất lượng",2
"thầy có mở lớp học trực tuyến không ạ, ước gì biết đến thầy sớm hơn",1
thầy dạy hay lắm ạ em cảm ơn thầy rất nhiều 3 mong thầy ra thêm nhiều video,2
dạy dễ hiểu nhất mà em đã từng học,2
em theo sách cũ nên không hiểu lắm. thầy dạy sách mới phải không ạ? thế em phải làm sao đây?,1
thầy dạy rất dễ hiểu.cảm ơn thầy ạ.,2
woa thâỳ dạy kĩ quá,2
thầy giảng bài dễ hiểu quá. em rất cảm ơn ạ,2
"e học tới bài 32 rồi thầy , ước gì em gặp thầy ngày từ những bài đầu.  các bài trước em bị lủng ít nhiều.",1
"thầy cố gắng làm nhiều video hơn nhé ,chúc thầy nhiều sức khoẻ",2
e chào thầy ạ,2
"cảm ơn em đã theo dõi bài giảng, chúc em học tốt và đạt kết quả cao nhé",2
em thử giải pháp mua cuốn mới xem sao nhé,1
dạ em cảm ơn,2
bây giờ vẫn chưa muộn mà em,1
đọc bình luận của b mới biết m thật may khi được nghe thầy giảng từ bài 4 . thầy dạy có tâm dã man .,2
thầy cảm ơn em nhiều 3,2
em chào thầy ạ,2
"thầy chào em, chúc em ngày mới vui vẻ nhé",1
mười mấy năm ở nhật giờ mới tìm được thầysei dạy hay. cảm ơn thầy nhiều,2
"nguyenhanh-wx6mh  ui, em nói thế làm thầy ngại quá. thực sự là thầy không dám nhận đâu. vì có thể có bài hay bài không, và có nhiều giáo viên khác cũng dạy hay mà",1
"đây là ý kiến cá nhân cảm nhận thôi. vì ngữ pháp mình rất yếu , phần lớn tự học theo trên yutobe . kết quả vẫn không được tự tin . thầy dạy rất kỹ và có tâm . chúc thầysei và nhật ngữ minato thành công hơn nữa.",2
thầy dạy rất dễ hiểu,2
sao mình học hoài không hiểu luôn là sao mấy bạn oi,1
"trời ơi thầy dạy cực kì hiểu, cảm ơn thầy nhiều ạ",2
quá dễ hiểu,2
cảm ơn  đã chia se nhiêu bai hoc hưu ich chuc  thât nhiêu sưc khoe,2
thầy ơi em đang học đến bài 7 mà em bị rối ngữ pháp hiểu câu hỏi mà không biết trả lời thế nào,1
"thầy dạy hay quá! cảm ơn thầy, nếu không học những bài này em sẽ bị rối và lơ mơ vì ngữ pháp tiếng nhật xa lạ quá, phải học như này mới kĩ ạ. cảm ơn công sức thầy và đội ngũ đã bỏ ra",2
"thầy dạy rất hay, nhờ xem những bài giảng của thầy em hiểu rõ ràng ngữ pháp cho nhận này. trước kia em rối nó lắm. em cảm ơn thầy ạ",2
làm 4 tháng bên nhật r .h mới học đến bài 7,1
em đã đến bài 7 thầy ôi hihi,2
từ lúc mới học tiếng nhật đến giờ xem thầy giảng dễ học và nhớ được rất lâu,2
cứ học là đau đầu thế phải làm sao đây.,1
đúng lần đầu tiên xem youtube để bluan..thầy dạy rất dễ nắm bắt và muốn nghe hết video,2
"á vậy chắc mình không nhìn ra, cảm ơn bạn nhé",1
thầy cảm ơn em nhiều,2
uki em nhé! cố gắng chinh phục hết kiến thức nhé em!,1
"em thử nghe lại lần nữa. nếu có mẫu nào em chưa hiểu em cứ nhắn, thầy đọc được thầy sẽ giải thích cho em nhé!",1
"kiến thức n5 n4 là kiến thức nền, nên thầy luôn nhắc là các bạn học thật chắc kiến thức thì lên n3 n2 sẽ đỡ vất vả hơn rất nhiều. từ đó mà thầy luôn phải cố gắng giảng bài thật kĩ, và thầy cố gắng giảng bài làm sao để các bạn học xong là nhớ luôn em à",2
kiki vậy là yên tâm nắm rõ kiến thức rồi em nhỉ  nếu có gì không hiểu em cứ bình luận nha  đọc được thầy sẽ rep nha,2
cố gắng đẩy nhanh chút cho xong sớm n5 nhé em,1
hii cảm ơn thầy,2
kiki chúc mừng em nha. chúc em sớm chinh phục được hết n5 nha,2
thầy cảm ơn em nhiều nha  cố gắng chăm chỉ học theo bài không phụ công thầy quay bài nhé em!,2
em đang quá sức học à em? em phải để đầu óc của mình được thoải mái nhất thì học mới dễ vào em à. và còn nữa là em phải có ý chí học thì học mới dễ vào em à. em thấy mình cần học để làm gì? học sẽ giúp gì cho em. rồi em lấy đó làm động lực để chăm chỉ học mỗi ngày nha,1
em nói vậy thầy vui quá. cố gắng chăm chỉ học hết n5 n4 luôn nhé em!,2
cảm ơn thầy lần đầu xem một video trên youtube mà phải bình luận và đăng ký..duy nhất thầy dạy dễ hiểu...e học được hơn tháng nhưng xem video của thầy lại thấy thích cứ rảnh là xem luôn...,2
e đang xem bài 9 của thầy giảng,2
thầy ra kanji cho nguoi mới đi ạ,1
thầy dạy dễ hiểu ạ,2
"thầy dạy rất hay, dễ hiểu",2
học hết 25 bài có thi được n4 không ạ.,1
thầy giải thích dễ hiểu nè.,2
"săp tới kiểm tra rồi, thầy đúng là cứu tin của em, cảm ơn thầy nhiều ạ!!!!!!!!",2
thầy ra seri dạy chữ kanji,1
"bài số 7 hơi rối, mình học không hiểu lắm nhưng học lại bên thầy hiểu rõ liền. cám ơn thầy nhiều",2
thầy có dạy trực tuyến n5 không ạ,1
thầy có biên soạn sách bài tập không? em muốn mua sách bài tập để luyện tập thêm. dịch việt - nhật hay bị sót. tìm tài liệu thì cũng chưa thấy ở đâu,1
"càng học thầy em càng cuốn vào lời giải, thầy dạy rất tỉ mỉ tận tình,nghe là hiểu là nhớ",2
mong ra nhiều bài hơn,1
"ví dụ mình nói :bố nhận quà từ tôi thì nói như nào ạ 
hoạc ai đó nhận cái gì đó từ mình thì nói thế nào ạ",1
thầy cho rồi hỏi khi nào viết tên riêng bằng chữ kata khi nào viết bằng hira ạ video như chỗ cô yuka và haru,1
nghĩa của cụm đó là ảnh chụp ở nhật bản thì nó dùng để nối danh từ bổ nghĩa nhé em!,1
dạ em cảm ơn nhiều lắm ạ. chúc anh và gia đình nhiều sức khỏe và bình an ạ.,2
em cảm ơn nhiều lắm ạ.,2
"bài giảng kanji là tài liệu dành cho khoá học trực tuyến, nên không đăng tải lên kênh được. em có thể tham khảo khoá học trực tuyến hoặc zoom để có thể học kanji dễ hơn nha em  thầy cảm ơn nha",1
thầy cảm ơn em nha,2
thầy cảm ơn em nhiều nhé! chúc em sớm chinh phục được khoá n5 n4 em nha,2
học hết 50 bài thi được n4 em nha  n25 bài là n5 em nha!,1
dạ vâng chú ạ,2
thầy cảm ơn em nhé,2
tuyệt vời em ơi. ôn bài kỹ thi điểm cao em nha,2
kiki tuyệt vời em ơi  chúc em học tốt và hiệu quả nha,2
thầy có lớp zoom n5 của các giáo viên minato em nhé. em liên hệ nick nguyễn ngọc tiệp để thầy tư vấn cho em nhé!,1
sách bài tập em có thể tìm sách bài tập riêng của cuốn minanonihongo nhé!,1
mua ở đâu v thầy,1
thầy cảm ơn nhiều nha. chúc em sớm hoàn thành chương trình n5 nhé 3,2
thầy đăng hết các bài n5 và n4 rồi em ơi. em nhấp vào danh sách phát phía bên dưới nhé em,1
a cho em xin cái này được không ạ em không sao chép được về được học,1
"học ở lớp t không hiểu nên rỗng kiến thức từ b6-10 mà mai thi r , xem rất nhiều videoeo thì thầy n dạy vẫn ok nhất , coi xong videoeo tớ có thể tự làm bình thường ôn thi được cảm ơn thầy ạ , mò quá trời tự tiktok rồi youtube không ai dạy kĩ cả",2
thầy cho em xin giáo án được không ạ,1
cuối giờ thầy cho thêm nhiều bài tập để làm còn hay hơn nửa ... tk thầy nhiều hiểu bài trước khi lên lớp ... có nhiều thời gian học từ vựng,1
cảm ơn thầy nhiều ạ .,2
thầy ra n4 chưa ạ,1
cảm ơn thầy dạy rất kỹ và dễ hiểu,2
trước đây em bị rối với cấu trúc cho - nhận này nhưng sau khi nghe bài giảng của thầy thì em đã nắm vững rồi. cảm ơn thầy nhiều ạ,2
thầy dạy nhiêu em cũng chép lại mới học hết bài 7 mà gần hết cuốn 200 trang rồi ạ,1
thầy dạy dễ hiểu quá.cảm ơn thầy nhiều ạ,2
"cảm ơn thầy nhiều ạ,  thầy giảng rất dễ hiểu",2
"thầy ơi, lúc 1:25:48, thầy có viết là  thay vị trí của động từ, nhưng câu ví dụ sau đó, là thay động từ khác ( thay động từ cho, bằng động từ nhận) .",1
"cảm ơn thầy rất nhiều , em đã không đến sớm  hơn ,thầy dạy dễ hiểu lắm ạ .",2
sao cứ học lên bài là quên ngữ pháp chán ds,1
giảng quá hay luôn,2
cảm mơn thầy se rất nhiều những bài học thật bổ ích và giễ hiểu,2
cảm ơn cậu rất nhiều vì đã đón nhận video của tớ  chúc cậu học tốt nhen,2
giáo án thuộc bản quyền của trung tâm nên thầy không thể gửi  cho các bạn được. em thông cảm giúp thầy nha,2
"vì qua youtube chưa thể cho bài tập lên được, em có thể tham khảo các bài tâp ở sách bài tập của n5 nha",1
thầy đăng hết rồi em nha  em tìm ngữ pháp mina 2 giúp thầy nha,1
chúc em sớm chinh phục được hành trình tiếng nhật nha,2
"em cảm ơn thầy, chúc thầy nhiều sức khỏe và thành công ạ!",2
cố gắng em nhé. em càng học kỹ em càng nắm chắc kiến thức. cố gắng chinh phục hết kiến thức n4 và n5 thầy đã đăng nhé em!,2
mình lại không ghi quá nhiều. nhưng mỗi ngày mình xem video rất nhiều lần đến nỗi thuộc luôn từng câu thầy nói.,2
"thầy cảm ơn em, chúc em học tập tốt sớm hoàn thành chương trình n5 nhé",2
đỗ chưa bạn?,1
thầy cảm ơn em  chúc em học tập hiệu quả nhé,2
chúc em học tập tốt nhé,1
thầy cảm ơn bạn nhiều nha 3 chúc bạn học tốt nhé,2
thầy chúc em học tốt sớm đạt được mục tiêu nhé!,1
"thầy hướng dẫn rất hay và dễ hiểu lắm, cảm ơn thầy nhiều nhiều",2
cảm ơn thầy rất dễ hiểu,2
thầy giảng hay quá 3333,2
dạy kỹ dễ hiểu,2
cảm ơn thầy rất nhiều ạ,2
dạy quá kĩ luôn á thầy,2
cảm ơn thầy,2
thầy ơi  em học từ vựng mãi không thuộc. em xin thầy chỉ cho em các học ạ,1
e cảm ơn thầy ạ,2
thầy dạy hay quá ạ,2
thầy dạy rất hay rất dễ hiểu,2
seino lúc bắt đầu đọc nghĩa là gì hả thầy,1
"cảm ơn thầy nhiều ạ
dễ hiểu lắm luôn",2
thầy có dạy trực tuyến n3 không ạ?,1
"mình theo từ bài 1 đến giờ. video dạy kĩ chậm dễ hiểu , nắm chắc được cấu trúc. cảm ơn thầy nha.",2
cảm ơn thầy nhiều ạ,2
thầy dạy rất bổ ích,2
em cảm ơn thầy nhiều ạ,2
thầy cảm ơn em nha thầy chúc em học tập tốt nha,2
em theo dõi  cộng đồng tiếng nhật minato dorimu để xem thêm nhiều video bổ ích nhé,1
ngoctiepnguyen4099  dạ em cảm ơn thầy ạ,2
"thầy cảm ơn em, thầy chúc em học tập tốt nha",2
thầy dạy rất dễ hiểu ạ. cảm ơn thầy rất nhiều.,2
trung tâm của thầy   ở đâu vậy á,1
xem cuốn thật thầy   ạ,2
thầy cho em hỏi là câu như này viết sao thầy: tôi cắt rau bằng dao ở nhà hàng vậy câu này có hai từ de hả thầy? cảm ơn,1
thật tuyệt,2
thầy giảng bài dễ hiểu  .,2
cảm ơn anh rất nhiều,2
thầy dạy kĩ dễ hiểu ạ,2
thật tuyệt vời cảm ơn thầy,2
vào ngày sinh nhật chứ có nói ngày sinh nhật từ quá khứ đâu mà si tà,0
cảm ơn thầy rất nhiều,2
cũng học nhiều người nhưng thấy thầy dạy kỹ và dễ hiểu.cảm ơn thầy,2
e cảm ơn thầy ạ,2
rất hay a,2
minh cung không hieu ne,1
"thầy ở 172 trần bình, mỹ đình 2 em à",2
thường thì mình chỉ dùng cắt rau thôi không cần thêm bằng dao đâu em ạ vì gần như ai cũng hiểu là cắt rau thì dùng dao rồi nha,1
cái gì mà có từ đã trong câu thì là quá khứ rồi ông ơi.,1
cảm ơn thầy nhiều.,2
thầy dạy dễ hiểu quá,2
rất chi tiết cảm ơn thầy,2
"thầy dạy rất hay , em cảm ơn thầy cơ mà phút thứ mười hai thầy nhầm nai phu với phô ku",2
"cảm ơn thầy ngọc tiệp rất nhiều ạ !!!!! thầy giảng rất hay, nhiệt tình và rất tâm huyết ạ 3",2
thầy dạy dễ hiểu vãi thầy em ghi có 4 côg thức thôi nhg áp dùng nhiều ngữ pháp học như mù,2
quá hay,2
thầy dạy rất dễ hiểu,2
rất biết ơn những bài giảng của thầy ạ. em cảm ơn thầy nhiều,2
thầy giảng nhiệt tình dễ hiểu quá ạ,2
cảm ơn thầy rất nhiều ạ bài giảng quá hay và đặc biệt rất cuốn ạ 3,2
dễ hiểu ạ,2
"cảm ơn thầy ạ,dạy rất  dễ hiểu,phù hợp với đa số người học tiếng nhật n5",2
49:19 bố ở đây là bố của nam (tức là bố của người khác không phải bố mình ) thì phải dùng otoosan sao thầy lại dùng là chichi ạ .thầy giải thích cho em với ạ .em cảm ơn thầy ạ,1
thầy nói dễ hiểu quá.cảm ơn thầy,2
"thầy cảm ơn em rất nhiều. khi tự học nếu có gì không hiểu thì đừng ngại để lại bình luận, thầy sẽ trả lời em sớm nhất có thể nhé!",2
ôi thầy dạy dễ hiểu ghê,2
bạn dạy rat de hieu,1
"thầy, cái câu luyện tập lúc 1 tiếng 11p. bạn gọi điện cho ai đấy? sao lại là cho nó ở quá khứ. trong câu không có từ chỉ thời gian quá khứ cũng không có từ đã. em nghĩ nó là hiện tại. mà nó là quá khứ ạ",1
"nếu mà hỏi bạn nhận hoa từ ai ,nhưng mình nhận hoa từ cti không phải do người thì trả lời như thế nào ạ",1
thầy những ví dụ chữ rất nhỏ không nhìn rõ luôn,2
15:20 thầy để sai động từ rồi nha,1
thầy dạy hay và dễ hiểu lắm ạ,2
ối dồi thầy rất tự tin quyển sách tiếng anh đó là nohongo no hongp41,1
"thích thầy ghê, thầy dạy hay thế",2
học thầy em thật sự nhanh hiểu lắm luôn,2
cảm ơn thầy nói rất hay giảng dễ hiểu,2
"thầy nói nhầm ví dụ dùng dao thái rau, thầy nói dao là foku là sai ạ",1
thầy dạy rất cụ thể dễ hiểu.thankyou thầy,2
11:55 thầy ơi dao là naifu hay là fuoku ạ,2
"cảm ơn em nhé, thầy còn sẵn sàng support thông qua bình luận nhé, em có gì thắc mắc thì đừng ngại hỏi, thầy sẽ trả lời sớm nhất có thể!",2
"cảm ơn bạn đã ủng hộ kênh nhé, nếu có gì băn khoăn chưa hiểu rõ thì bạn cứ bình luận để mình giải đáp giúp bạn nhé. chúc bạn học tốt!",2
"cảm ơn ti yuuko đã góp ý nhé.. trong tiếng nhật không phải lúc nào và không nhất thiết phải để trạng từ chỉ thời gian để xác định thể của câu em nhé..
cụ thể trong câu ví dụ trên thì thầy dùng thể của động từ để xác định thể của cả câu là thể quá khứ..
chúc em học tốt",1
dạ em cám ơn thầy. thầy dạy rất hay. em đang ôn lại n5 theo thầy dạy ạ,2
"để thầy check lại nhé, cảm ơn em đã phản hồi!",2
"cảm ơn em nhiều nhé, minato cũng đang mở khóa học zoom cho n5, nếu em có nhu cầu có thể inbox cho thầy nhé.",1
thầy cảm ơn em và chúc em học tốt nhé!,2
dao laf naifu conf nĩa là foku nhé bạn,1
cảm ơn thầy vừa giỏi lại vừa đẹp zai,2
thầy ơi cho em hỏi là muốn thi n5 thì phải học song song cả kanji với 2 bảng chữ cái kia hay là học xong 25 bài mới học kanji ạ,1
dễ hiểu thầy ạ,2
thầy tiệphay quá thầy ơi cảm ơn thầy,2
cảm ơn thầy rất nhiều ạ! hoc rất dễ hiểu luôn còn hơn học ở trên lố nhiều ạ!,2
tặng thầy triệu like,2
"cảm ơn thầy nhiều ạ
dễ hiểu lắm luôn, em học từ bài 1 hihi",2
thầy dạy dễ hiểu lắm ạ. em cảmm ơn thầy nhiều,2
em cảm ơn thầy nhìu ạ,2
thầy ơi cho em hỏi  em muốn mua vở bài tập thi mua ở đâu . bài tập liên quan đến bài thầy giảng ý ạ,1
"dạy kĩ ghê luôn, lập đi lập lại nên học dễ nhớ. cám ơn nhiều ạ!",2
"nhưng sao ở phần cấu trúc nhận, thầy bảo có thể thay trợ từ ni bằng cara...nhưng em không thấy thấy vận dụng vào ví dụ ạ",1
thầy ơi. cảm ơn thầy rất nhiều. t dạy rất dễ hiểu và chi tiết.,2
"thật sự ý nghĩa , cảm ơn thầy",2
"em cảm ơn thầy nhiều lắm ạ 3 thầy dạy hay lắm ạ, nhờ thầy mà em không lơ mơ phần này",2
"cảm ơn thầy ạ, em học xong các video nhất định sẽ học lên khóa cao hơn của thầy",2
thầy giảng  dễ  hiểu,2
tầm 10 bài rồi học kanji luôn,1
bsitamli2510  bạn ơi học kanji như nào á. mình học mà qua bài mới là không nhớ nổi bài cũ hic,1
chào em,1
"phần này là phần mở rộng thêm...
- trong trường hợp nhận từ 1 tổ chức như công ty, nhóm, xã hội.. thì em có thể dùng kara em nhé",1
"cảm ơn em đã theo dõi bài giảng, chúc em học tốt và đạt kết quả cao em nhé",2
"rất có tâm, cảm ơn thầy rất nhiều.",2
"mình cảm thấy may mắn vì mới bập bẹ học tiếng nhật đang thấy khó quá nản lại vớ được bài giảng của thầy thì hết ý định bỏ  chứ mà học cách đây mấy năm chắc cày mù mắt :(( hôm học đến bài 4 không thấy nữa đang lo lắng thì thầy up thẳng 1 mạch luôn , may chưa hihi . không biết mấy bạn khác học sao chứ thầy giảng mình hiểu và nắm chắc kiến thức hơn",2
thầy up hết ngữ pháp n5 lên đi.mong mãi ạ,1
dạy kĩ dễ hiểu,2
thầy có dạy n3 không ạ?,1
mấy tuần mới ra 1 bài thế ạ :((,1
trong ngày mai là sẽ đủ 25 bài cho em luôn nhé. tại thầy lười up lên youtube quá,1
"thầy dạy rất kĩ, em thích cách này, cảm ơn thầy",2
"huuucngo9392   may quá, thầy đang cần động lực để up video lên youtube  thầy cảm ơn em nha",2
"thầy dạy dễ hiểu mà, thầy làm cả n3 nữa nhé",2
"rất cảm ơn thầy, các bài 18 đế một 25 em không nắm vững lắm. mai quá sắp có video ôn kỹ lại rồi.",2
xuanthi8052  ok e.  em chờ thầy thêm 1 ngày để thầy up nốt nha,2
em muốn học từ đầu thì đăng không ntn,1
cảm ơn b giảng rất có tâm,2
cám ơn thầy vì lời động viên,2
e muốn học được không ạ,1
biết đên thầy sớm thì chắc là không mất nhiều thời gian học các nơi khác ạ,1
"đg học trực tuyến mà cứ phải xem video của thầy dạy trc, thầy dạy quá dễ hiểu, chi tiết, nhiều ví dụ",2
hiện tại có dạy trực tuyến không thầy,1
bạn huy đẹp trai và ga lăng nói sao vậy thầy giáo,1
"thầy có đề  test từng bài không ạ, cho em xin với",1
mong ngày sớm nhất được đki n3 của thầy,2
"cảm ơn thầy vì những bài giảng rất dễ hiểu, tận tình và lối nói chuyện rất duyên dáng ạ",2
chỉ có video của thầy học trực tuyến là rất dễ hiểu. mấy hôm nay kênh của thầy không mở được . đi tìm quá trời,2
tr ơi thấy được thầy rồi mừng ghê.mấy hôm video này biến mất hết em hoan mang quáchúc thầy cô luôn có nhiều sức khỏe ạ để chia sẽ những kiến thức hay cho bịn em,2
học bài mà nghe thầy nói đơn giản là thấy đơn giản hẳn rồi ạ.,1
"1 buổi em học với giáo viên cũng được có 90p mà học cả từ vựng cả ngữ pháp, thầy dạy mỗi ngữ pháp mà hơn 2h là biết tận tâm như nào luôn ạ. biết ơn thầy",1
"thầy giảng tận tình tự nhiên và hài hước, nhờ thầy mà có động lực học tiếng nhật hơn",2
15:07 mùa hè thì lạnh,1
"cảm ơn bạn nhiều nhé, chúc bạn học tốt .",2
cố gắng chăm chỉ học hết n5 nhé em,1
vậy thì bù lại bây giờ phải chăm chỉ học luôn nhé em!,1
thầy cảm ơn em nhiều  chăm chỉ nhé em!,2
để thầy tổng hợp lại rồi gửi các bạn sau nha,1
khi nào em cần đăng ký em nhắn tin vào page minato dorimu em nha,1
"kiki thầy cảm ơn em, được em và các bạn ủng hộ thầy vui quá  thầy sẽ cố gắng làm ra thật nhiều bài giảng có giá trị mang đến cho em và các bạn nha",2
kiki thầy cảm ơn em nha  được các bạn ủng hộ và tin tưởng thầy vui quá,2
kiki vui mừng là kênh đã quay trở lại. thầy cảm ơn em đã luôn đồng hành và tin tưởng minato  chúc em sớm chinh phục được hết kiến thức n5 n4 nha,2
vậy dễ học hơn em nhỉ,1
ui đọc bình luận của em mà thầy vui quá. thầy cảm ơn em rất nhiều. chúc em sớm chinh phục được hết kiến thức n4 n5 nha,2
dạ thầy.,2
kiki thầy cảm ơn em nhiều. chúc em sớm chinh phục được hết kiến thức n5 n4 nhé,2
dạ vâng ạ em cảm ơn thầy ạ,2
thầy cảm ơn em nhiều. chúc em sớm chinh phục được hết kiến thức n5 n4 nha,2
cám ơn thầy rất nhiều . học và nghe rất nhiều  thầy dạy nhưng thầy tiệp dạy dẽ hiểu nhất,2
cám ơn thầy thầy giảng rất rễ hiểu a,2
thầy dạy hay ạ,2
cảm ơn thầy ạ,2
cám ơn thầy,2
"quá kỹ luôn, thầy dạy quá kỹ học đến đâu hiểu đến đó. những video kiến thức này là vàng chứ là gì nữa t . t  minato thầy 100000 điểm không có nhưng ạ !!",2
thầy cười nhìn rất đẹp trai,2
thầy dạy rất dễ hiểu nên tập trung học chắc chắn hiểu.  em đã học hết n5 và qua nhật sống 1năm rưỡi mà không có mấy chữ trong đầu. nhưng nghe thầy dạy em nghiêm túc học lại từ đầu. rất cảm ơn thầy. biết đến thầy sớm em đã kết hợp bài dạy của thầy khi mới đầu học n5 thì có lẻ em đã rành n5 rồi,2
"mùa hè thì lạnh,thầy ơi",1
học mà bị say nắng thầy mất rồi giờ phải làm sao,1
e chưa xd được tính từ na là sao,1
"thầy ơi, em vẫn không hiểu sao có thể biết tính từ đuôi nào , đuôi na là sao , i thì em hiểu r , nhưng na là sao",1
"nhờ có nhưng bài giảng của thầy mà em có thêm động lực học tiếng nhật ạ,thầy là một ng thầy rất tâm lí,tâm huyết ạ,cảm ơn thầy nhìu lắm",2
"thầy ơi em đang học bài 12 nhưng em học trước quên sau, em lớn tuổi rồi học từ vững, hay ngữ pháp học trước quên sau, thầy có bí kíp gì cho em học nhớ lâu được ạ .",1
thầy ơi cho em hỏi làm sao để phân biệt đôô và đôn na ạ,1
kiki. thầy cảm ơn em nhé! chúc em sớm chinh phục được kiến thức jlpt n5 n4 nhé em!,2
kiki thầy cảm ơn em nhiều nha . chúc em học tiếng nhật dễ và hiệu quả,2
thầy cảm ơn em chúc em học tiếng nhật hiệu quả nha!,2
uki em nhé,1
thầy cảm ơn em nhiều nha. cố gắng chăm học không phụ công thầy quay bài nha em,2
thầy xin phép được thả tim 1000 lần vì lời khen của em,1
anh có lớp cho người mới bắt đầu nha. em giúp anh liên hệ qua facebook nguyễn ngọc tiệp để anh tiện tư vấn cho em nha. anh cảm ơn em!,1
em bình luận thật sự có tâm  thầy cảm ơn em nha. ở nhật mà biết tiếng nhật thì tự tin và dễ sống hơn đúng không em. cố gắng học và chinh phục từ n5 lên n4 luôn em nha,2
thì phải chăm chỉ hơn để có cơ hội gặp được thầy chứ  cố gắng chăm chỉ không phụ lòng thầy em nha,2
thầy nhận kèm em kaiwua đi,1
thầy cảm ơn em nhé! chúc em có nhiều động lực để chinh phục được hết kiến thức n5 và n4 nhé,2
thầy nghĩ là dù bất kì tuổi nào thì nếu học rồi mà quên thì em cứ ôn lại nhiều lần. khi học đi học lại thì sẽ nhớ được em à.,1
thế cái câu trêu đùa việt nam : anh ấy tuy xấu nhưng được cái nghèo! thì dùng  ga cũng được thầy nhỉ,1
"mình 40t bắt đầu họk hơi khó khăn,nhưng khi xem video thấy dễ học hơn cả lúc ở lớp",2
thầy giảng rất dễ hiểu ạ,2
"thầy dạy rất dễ hiểu , cảm ơn thầy nhiều",2
tóc đẹp ạ,1
sao em vô bài thầy dạy không xem được vậy mọi người hay do mạng bên em bị gì,2
dạy hiểu và rõ ràng và rứt khoát đô mộ thầy nha,2
cảm ơn thầy nhiều,2
"thầy ơi , núi cũng thêm san ạ?",1
eo xem thầy dạy còn hiểu hơn cô dạy ở trên lớp í,2
cho thầy đi ạ,1
"thầy cảm ơn dương nhé. cố gắng chăm chỉ để học hết n5, n4 nhé 3",2
"mình cũng vậy ,40 tuổi nhưng chưa học hết n5
mình cũng toàn tự học trên youtube 
mình cũng may mắn biết đến thầy tiệp , và mình vẫn theo học các bài giảng của thầy trên youtube",1
thầy cảm ơn hạnh nhiều nhé,2
em load lại giúp thầy nhé. thầy thấy video vẫn ổn định em à.,1
em cảm ơn thầy ạ_,2
tớ cũng đang học từ vựng bài 8. c chỉ tớ bài được không huyentruong2674,1
kiki cố gắng học chăm em nha. thầy chúc em sớm hoàn thành được n5 n4 nha,2
"có một số núi sẽ thêm san để thể hiện sự tôn trọng em nha. ví dụ: fujisan, tsukubasan... em nha",1
tuyệt vời quá. em làm thầy vui hơn cả tết,2
"hạạa, em làm thầy tưởng em chê thầy thật  chứ thầy tự tin bấy lâu nay chưa có ai chê đâu",2
"cảm ơn thầy, video chi tiết dễ hiểu a",2
vẫn không hiểu trong 1 câu bất kì làm sao biết nó đang là vị ngữ hay là bổ nghĩa danh từ nhĩ,1
ngày nào em cũng nghe thầy giảng vì thầy giảng rất dễ hiểu,2
"câu ví dụ ở 46:56 thầy thiếu trợ từ wa phải không ạ.
video: hôm nay tôi không khỏe .",1
cám ơn thầy rất nhìu luôn ạ. giờ em đang học thấy trên lớp áp lực không hỉu gì hết thầy ạ. từ khi xem video dạy của thầy từ bài 1 đến giờ em thấy mình học khá hơn. cám ơn thầy rất nhìu luôn ạ,2
thầy dạy chi tiết dễ hiểu lắm luôn,2
rất thich thày,2
"cảm ơn thầy rất nhiều ạ, thầy dạy miễn phí trên youtube mà còn có tâm ạ",2
sao bài này thầy nhiều chỗ bị trùng nhau vậy nhỉ . khúc trước cũng có trung tâm bổ nghĩa cho dt . đến 1:09:44 lại có trung tâm bổ nghĩa cho dt .ai giải thích giúp mình với mãi không ra được đoạn này,1
dễ hiểu quá thầy,2
thầy dạy phải nói là tuyệt vời  như được khai sáng vậy ạ,2
sao bài này thầy không đưa phủ định khoá khứ vào nhỉ,1
"tui đã tạm ngưng để xem bộ phim 
và dành cho những ai ch xem 
your name?- tên cậu là gì 1:186",1
thankiuuu thay iuuu,2
thầy tự luyến quá ạ,2
"bổ nghĩa danh từ có nghĩa là từ bổ sung ý nghĩa cho danh từ, làm rõ ý nghĩa cho danh từ đó. ví dụ câu: cô gái mặc váy xanh đang hát... thì danh từ là cô gái và phần bổ nghĩa là mặc váy xanh nhé em! còn vị ngữ trong câu là đang hát nhé em!",1
thầy cảm ơn em nha  chúc em học tốt và sớm hoàn thành n5 n4 nhé,2
em cảm ơn thầy nhiều ạ!,2
một vài trợ từ thì có thể lược bỏ trong khi nói được nhé em!,1
đọc bình luận của em thầy vui quá  mỗi khi thấy sự tiến bộ của học viên là thầy lại thấy có nhiều động lực để làm thật nhiều video giá trị chia sẻ đến cộng đồng tiếng nhật. thầy cảm ơn em nhé,2
thầy cảm ơn em nhé  chúc em học tập tốt 3,2
thích thầy thì cố gắng xem hết bài giảng của thầy nhé  chúc  em học tập tốt nhé,1
cảm ơn em đã theo dõi. thầy chúc em học tốt nhé,2
"thầy cảm ơn em nhiều, chúc em học tốt nha",2
phủ định quá khứ hình như nên bài cao mới học sao ý,1
cảm ơn thầy rất nhiều ạ....,2
"cảm ơn thầy, rất dễ hiểu",2
thầy ơi mình phủ định tính từ đuôi i có danh từ đằng sau như thế nào vậy ạ,1
hong mệt có ma buồn ngủ wa thầy oi,1
thầy chỉ cho em cách học hán tự đi thầy,2
mà sao thầy không dạy phần phát âm từ vựng trước ạ,1
quá kỹ quá tỉ mỉ luôn thầy ơi . cảm ơn thầy,2
căn nhà không sạch viết theo kiểu tính từ bổ nghĩa cho danh từ ntn ?,1
em biết ơn thầy!!,2
xem video thầy nhiều quá còn tươnhr thầy đang dạy trược tiếp luôn rồi cơ,2
thầy dạy vô cùng dễ hiểu ạ em rất cảm ơn thầy ạ em sẽ theo thầy lâu dài ạ,2
"thầy vừa đẹp trai, vừa dạy rất ấn tượng",2
thầy dạy rất tuyệt vời,2
"hay quá, thầy dạy dễ hiểu tỉ mỉ quá. cảm ơn  thầy nhiều",2
thầy đẹp trai bằng em không,1
cảm ơn thầy đã dựng nên bài giảng cực kỳ hữu ích....,2
điểm 10 cho thầy,1
thầy dạy hay và dễ hiểu cảm ơn thầy nhiều chúc thầy sức khỏe,2
cám ơn thầy,2
thay tuỵet vơi lắm,2
"cảm ơn thầy nhiều lắm, thầy dạy rất tỉ mỉ giúp em dễ hiểu , ngày nào em cũng nghe thầy giảng.
chúc thầy luôn khỏe và ra nhiều video  hay giúp học viên dễ học.",2
cảm ơn thầy rất nhiều.nhờ thầy giảng mà em hiểu được nhiều hơn,2
"em đang học tiếng nhật ,nghe cô giảng không hiểu.nhưng sau khi biết đến video của anh thì em đã ổn hơn và thích học hơn",1
thầy dạy hay và dễ hiểu,2
"thầy là người  đẹp  trai , dạy có tâm dạy kỹ dễ hiểu) em  cảm  ơn    nhiều",2
cảm ơn thầy dạy có tâm quá ạ,2
cấu trấu nhưng mà thấy mọi người đọc ngà chứ không phải là ká ạ,1
"lúc chưa xem bài giảng của thầy thì kiểm tra ngữ pháp toàn 1,2 . sau khi nghe xong kiểm tra lên 7. cảm ơn thầy !",2
thầy dạy hay và dễ hiểu lắm,2
cảm ơn thầy,2
e cảm ơn thầy ạ. thầy tạo đk khoá học cho các bạn ở nhật đi thầy ơi,2
e học  trên  lớp  ngày  nào  về  phòng  cũng phải xem  lại  video  của  thầy  mới hiểu  hết  các  cấu trúc  bài,1
thầy cảm ơn em nhiều nha,2
"hehehe. vậy à em, chúc mừng em nha. khi nào được 10 thì rep lại bình luận này em nha",1
thầy rất rất rất đẹp trai và dạy rất rất hay,2
"thầy dạy rất rất rất là dễ hiểu luôn ạ, sao thầy không dạy thêm kanji vậy ạ? em không hiểu học kanji cho lắm :(((",2
"e cảm ơn thầy ạ em nho cách dạy của thầy em cũng hiểu được chút ạ, em chậm hiểu ý ạ  chúc thầy luôn luôn mạnh khỏe thành công trong cuộc sống",2
dưa hấu theo em nhớ viết hiragana mà thầy,1
"ước gì biết đến thầy sớm hơn ,cảm ơn thầy rât rất nhiều",2
"thầy ơi, ra tiếp xác bài n5 đi thầy. em không thầy hiểu lắm luôn. mong thầy up bài tiếp",2
em học toàn xem thầy dạy hiểu hơn,2
thầy dạy rất dễ hiểu và chậm ạ,2
tại sao em không biết đến thầy sớm hơn ?,1
thầy  dạy hiểu bài quá cảm ơn thầy nhiều a,2
về dạy kanji thì thầy hiện vẫn chưa triển khai được ấy em ạ :((,1
cố lên em nhé,1
ở nhật cũng có nơi viết dưa hấu theo hiragana nhưng hầu như là katakana đấy em ạ,1
"thầy cảm ơn em nhiều, khi học nếu có gì không hiểu thì đừng ngại để lại bình luận, thầy sẽ trả lời sớm nhất có thể nhé!",2
thầy cảm ơn em nhiều nhé!,2
"thầy cảm ơn em nhiều nhé, em học có gì không hiểu thì đừng ngại để lại bình luận, thầy sẽ cố gắng trả lời em sớm nhất có thể.",2
"thầy cảm ơn em rất nhiều, em học có gì không hiểu thì đừng ngại bình luận nhé, thầy sẽ giải đáp sớm nhất có thể!",2
bài giảng hay quá ạa,2
hay chúc thầy ngày thành công.dễ hiểu,2
cảm ơn thầy đã ra những bài giảng hay và bổ ích thế này,2
"ok công nhận thầy đẹp trai, giảng kĩ và dễ hiểu",2
hay quá thay oi,2
trên lớp em học không hiểu cho lắm. về xem lại video thầy em lại hiểu bài hơn. em cảm thấy co động lực hơn ạ. cảm ơn thầy,2
quá tỉ mỉ rất cảm ơn thầy ạ,2
thầy không giảng khóa khứ ạ,1
thầy giảng rất chi tiết và rất dễ hiểu . thank thầy rất nhiều,2
một bài ít từ vựng mà thầy lấy ví dụ cảm thấy ngập tràn luôn ạ. dễ hiểu dễ nhớ bài lắm ạ,2
được thầy giảng em có thêm động lực để học . em  cám ơn thầy ạ,2
đoạn intro cua thầy đẹp quá,2
giống mc đám cưới thế thầy,2
ế vật vã ra rồi,1
thầy giảng dễ hiểu và rất chi tiết mong thầy ra nhiều video hơn,2
"cảm ơn thầy nhiều, không có 1 cái quảng cáo nào",2
hay quá thầy,2
"thầy cảm ơn em nhiều nhé, chúc em học tốt!",2
"thầy cảm ơn em, chúc em học tốt nhé!",2
cảm ơn thầy nhiều ạ,2
"thầy cảm ơn em rất nhiều, thầy chúc em học tốt nhé .",2
"thầy cảm ơn em nhiều, em có thể tham gia nhóm cộng đồng của minato dorimu trên facebook để có thêm nhiều kiến thức thú vị mỗi ngày nhé.",2
"thầy giảng chi tiết lắm ạ, lại còn đzai nữa chứ",2
"thầy ơi, thầy ở yamanashi ,thầy làm 1 video về tỉnh này đi ạ",2
bài giảng rất tâm huyết ạ,2
quá tuyệt,2
"em đã xem nhiều video r, nhưng những video của thầy giúp em hiểu bài nhất luôn, thầy giảng chi tiết và rất có tâm ạ. quyết tâm theo thầy lâu dài ạ.",2
thầy dạy dễ hiểu thật,2
thầy làm video cách sdung các trợ từ,1
muốn đăng ki học theo giáo trình của thầy thì làm thế nào,1
bài giảng tuyệt vời quá. cảm ơn thầy. em đều học mỗi bài trước khi lên lớp,2
"thầy giảng vô cùng tỉ mỉ và dễ hiểu ạ,cảm ơn thầy rất nhiều",2
cảm ơn thầy rất nhiều ạ,2
cảm ơn thầy rất nhiều ạ!!!,2
"biết ơn vũ trụ, biết ơn thầy",2
thầy dạy rất chi tiết.. 3,2
mình cũng vậy coi cuzng 3 cái trung tâm. đây là video dễ hiểu nhất và thầy đẹp troai nhất,2
t cũng vậy luôn á chỉ muốn gt cho tất cả các bạn mới học như mình biết đến thày thôi í ha,1
t cũng vậy luôn á chỉ muốn gt cho tất cả các bạn mới học như mình biết đến thày thôi í ha,1
"thầy cảm ơn em nhiều nhé, hiện tại bây giờ em đã hoàn thành 50 video của thầy  trình độ jlpt n4 chưa nhỉ?",2
em chưa bao giờ..  được gặp thầy..  nhưng sâu thẳm trong trái tim em..  em tự nhận..  mình là học sinh của thầy...,1
thầy dạy dễ hiểu lắm luôn,2
thầy vừa giỏi vừa tâm huyết và còn dễ thương nữa yêu thầy,2
thầy dạy rất hay ạ con học tiếng nhật bị đuối nhưng khi nghe những câu nói của thầy con đã có thêm động lực học tập .,2
phải công nhận là bài giảng cực kỳ chất lượng .,2
cảm ơn thầy nhiều ạ,2
cảm ơn thầy rất nhiều về bài giảng rất tâm huyết và chi tiết ạ. quả thật là rất vinh dự và may mắn khi có cơ hội được học tập một cách dễ dàng và tiện lợi như thế này ạ!,2
"thầy dạy vô dùng dễ hiểu, cũng đưa ra rất nhiều ví dụ cho hsinh, cám ơn thầy rất nhiều vì những bài học bổ ích ạ , video của thấy đã giúp em rất nhiều trong việc học tiếng nhật ạ",2
"thật sự hay, cám ơn thầy",2
thầy không chữa bài tập ạ thầy,2
thầy dạy hay và dễ hiểu lắm ạ,2
ơi ơ 2:058 tư cuôc sông em tương la seikatsu a?,1
hay quá ạ. em cảm ơn thầy,2
thay giang hay qua,2
thầy phát âm hay quá ạ,2
thầy cảm ơn em nhiều,2
chúc con đi xa và xa hơn nữa đến n1 nha con,1
cảm ơn thầy nhiều 3,2
hay quá thầy tiệp,2
mong thầy ra từng cau trúc n pháp cần thiết trong giao tiếp,1
mong xem đuọc thêm nhũng clip n5 của tiepthầy,1
ngày mai nữa thôi là thầy sẽ đăng đủ 25 bài kiki,2
e cảm ơn thầy ạ thầy dạy rất dễ hiểu và nhiệt tình ạ,2
thầy dạy rất hay rất dễ hiểu luôn chúc thầy thật nhiều sức khoẻ,2
"cảm ơn thầy mamg đến những tiết học thú vị ,",2
cứ xem bài nào em like bài đó thấy thầy ỡ đâu là em fl ở đó nha,1
"thầy giảng rất hay và hiệu quả, chúc thầy luôn mạnh khỏe và thành đạt để dìu dắt cả thế hệ người việt mình học tiếng nhật nha",2
thầy dạy chi tiết quá ạ,2
"dạ thầy ơi, cái chỗ thịt chó cả từ thịt và từ chó đều là danh từ thì mình dùng inu no niku thì có sai không ạ?",1
"thầy giảng dễ hiểu lắm ạk,  chúc thầy nhiều sức khỏe",2
thầy ngoài dạy tiếng nhật còn dạy tán gái với thả thính cơ í,2
lên lớp cô dạy không vào đầu lên youtube xem thầy dạy thấy vào đầu nhiều hơn cảm ơn thầy rất nhiều,2
cô muốn học nhưng màu nền và màu chữ không nhìn rõ thầy à,1
"thầy dạy rất chi tiết và dễ hiểu, còn tạo động lực học tiếng cho học sinh nữa.",2
công nhận học không được trên trung tâm xuống coi lại video của thầy dễ hiểu luôn,2
cái đầu tiên là do nó là chủ ngữ mà,1
cái sau do nó là tính từ á,1
được em nhé!,1
thầy cảm ơn em nhiều nha,2
hạạa vì một cộng đồng không có chàng trai nào bị ế mà em,1
thầy cảm ơn em nhé! chúc em sớm chinh phục được hết kiến thức n5 n4 nha,2
kiki chúc mừng em nha  em đã có thể vượt qua được hết những bài ngữ pháp của thầy nha,2
vậy ạ cô. cô có thể mở to màn hình cho dễ nhìn giúp cháu được không ạ? cháu nghĩ phóng to sẽ dễ nhìn hơn cô ạ,2
thầy cảm ơn em  chúc em sớm chinh phục được n5 n4 nhé em!,2
tuyệt vời em ơi. cố gắng chăm chỉ không được phụ công thầy quay bài đâu em nha,2
lên lớp cô dạy không hiểu. vào đây nghe lại hiểu . hay thiệt,2
nghe anh này dạy dễ hiểu,2
hay lắm nha thầy,2
thầy ơi sao lại không không có no còn hoa khác lại chia no nhỉ,1
vì tiếng nhật rất  thú vị tạo sao lại dùng trợ  từ ga ậ thầy,1
em cảm ơn thầy thầy nhiều ạ,2
bạn thích hoa gì hỏi sao ạ thầy,1
thầy ơi em bị học từ vựng cứ thuộc hôm nay mai học thuộc từ vựng bài khác mà lại quên bài trước thầy có cách nào khắc phục không thầy giúp em ạ,1
thích nhất câu về sau thì cứ đàn ông là được,1
thầy dạy rất dễ hiểu,2
1:24:22 thầy cute quá ạ,2
kiki vậy em cố gắng chăm chỉ học xong kiến thức n4 n5 nha,2
"dạ, em cảm ơn thầy ạ!",2
anh cảm ơn em nhiều nha,2
19:08 bạn không chú ý bài phải không?,1
kiki thầy cảm ơn em nhiều nha,2
"đây là cách văn phong của người nhật em à, cũng giống như cách họ bắt chuyện và vào câu chuyện. sẽ hơi khác với văn phong của người việt em nha",1
"em cố gắng ôn lại những từ không nhớ, ghi ra và viết lại nhiều lần em nhé. cố gắng dần dần sẽ quen hơn em nha",1
"việc học thuộc cũng cần ôn rà soát lại, hnay bạn học thuộc thì ngày mai bạn phải rà soát lại, như mình trước khi vào học từ mới thì mình ôn lại từ cũ bằng cách nhìn tiếng việt và đọc ra tiếng nhật. khi nhìn vào từ tiếng việt đó mức độ bật ra được tiếng nhật phản ánh mức độ nhớ, phản xạ của bạn. điều này cần tạo thói quen hàng ngày lgi học gì cũng cần ôn tập lại rà soát lại. quan trọg là kiên trì",1
ưng bài giảng thầy ghê. có cái luyện tập để nói. thành fan video thầy rồi,2
"ước được gặp thầy.. chứ em càng học càng mê cái cách thầy dạy, yêu tiếng nhật mất thôi, nhờ em bắt gặp được video đó ạ.",2
1:16:16 con sông quê,2
em học trên lớp cô giáo giảng không hiểu nhưng do carre nhiều học sinh quá nên mình không theo được. bài thì vẫn lên mà học thì không theo kịp. nhờ có các video của thayaf em thấy mình học tiến bộ hơn rats nhiều ạ  xin cảm ơn thầy nhiều ạ,2
"rất cảm ơn những bài giảng rất bổ ích của thầy, nhờ thầy mà em lấy lại được nền tảng tiếng nhật ạ",2
thầy dạy quá hay ạ,2
có bạn nào học lớp ol bên thầy tiệp chưa á,1
thấy dạy rất dễ hiểu mọi người ạ,2
thầy dạy dễ hiểu. nghe cô không hiểu về xem bài giảng của thầy hiểu hơn. cảm ơn thầy,2
thầy cứu tinh của đời e.,2
hay quá,2
học vậy mới nhớ lâu em nhỉ,1
"thầy cảm ơn em nha. thầy tin là có duyên chắc chắc sẽ được gặp. em cố gắng học lên nữa, minato luôn cần tuyển những giáo viên giỏi. chỉ cần em làm được là chúng ta sẽ được gặp nhau hàng ngày nha",2
thầy ơi trung tâm mình chỉ dạy trực tuyến thôi ạ? em không thấy có địa chỉ ở đâu,1
tuyệt vời quá. thầy cũng mong là sẽ có nhiều bạn tiến bộ như em. chúc em sớm chinh phục được kiến thức n5 và n4 nha,2
"mình cũng đag học ở trug tâm, giốg hệt bạn, bài thì cứ lên, còn luẩn quẩn các ngữ pháp và trợ từ loạn hết lên, thật sự cũng nản không muốn học chút nào, nhưg vẫn phải cố, chỉ mog sẽ hiểu bài dễ hơn , đây mới là bước đầu của mình, nên mình thấy rối quá , đag học bải 10 nhưg thực sự độ hiểu bài chỉ ở bài 4",1
cảm ơn thầy ạ!,2
cố gắng học hết mina 1 và 2 nhé em!,1
"thầy cảm ơn em, chúc em học tập tốt nha",2
tính đến nay thì có hơn 35.000 bạn từ n4 đến n1 đã học rồi em à  trong đó đã có bạn đạt 180180 n1 nên em yên tâm nha,1
chúc bạn học tốt nha 3,1
"theo mình hiểu là khi nối liền nó sẽ tạo thành cụm danh từ, còn khi n ga tính từ thì tính từ đó đang bổ nghĩa cho danh từ nói thêm về đạc điểm, tính chất của danh từ.",1
cảm ơn bạn.,2
cảm ơn em đã theo dõi thầy. chúc em học tốt sớm đạt được mục tiêu của mình nhé 3,2
thầy có luyện kaiwa không á,1
"1:55 mẫu ví dụ 1: vì bài tập này khó nên tôi không hiểu. em vẫn chưa hiểu vì sao sử dụng trợ từ ga ạ
kono mondai ga musukashi desu. là trợ từ ga trong đoạn này. mong thầy giải đáp giúp em với ạ.",1
"bài giảng của thầy rất dễ hiểu, lâu lâu thầy nói những câu nói đùa làm em cười mình .cảm ơn thầy nhiều ạ",2
thích thầy quá ỳk,2
thầy dạy hay lắm,2
thầy tận  tâm  cảm ơn  thầy,2
e bị yếu điền phần trợ từ thầy có thể giúp em được không ạ,1
e bị yếu điền phần trợ từ thầy có thể giúp em được không ạ,1
ng không tốt lắm nói sao thầy,1
em cảm ơn bài giảng ạ,2
thầy dùng hết bè chuối đến hoa chuối,1
thầy dạy rất dễ hiểu,2
thầy dạy dễ hiểu quá trời,2
thầy cảm ơn em nhiều nha thầy chúc em học tốt,2
thầy chúc em học tập tốt nha  em theo dõi cộng đồng tiếng nhật minato dorimu để xem thêm nhiều tài liệu bổ ích nhé,1
thầy cảm ơn em nhiều nha. em theo dõi  cộng đồng tiếng nhật minato dorimu  để xem thêm  nhiều tài liệu bổ ích nha,2
thầy cảm ơn em nha,2
"em bị loạn chỗ nào nhỉ, cụ thể trường hợp nào để thầy trợ giúp nhé.",1
"e theo thầy dễ hiểu hơn, thầy dạy rất có tâm",2
thầy dạy dễ hiểu quá. luôn lấy ví dụ để áp dụng cấu trúc câu. từ vựng thầy nhắc liên tục.,2
cảm ơn những lời dạy chân thật nhất của thầy .,2
cảm ơn thầy,2
thầy dạy rất dễ hiểu và rất chi tiết,2
triệu like,2
bởi vì đang dạy theo ngữ pháp n ga  tính từ mà bạn nihongo(n)gaomoshiroi(tính từ).,1
tui cũng đang thắc mắc cái này. bạn đã biết lời giải chưa nhỉ?,1
hihi.. cảm ơn em đã theo dõi và ủng hộ thầy..mong là những video này sẽ giúp ích cho em trong việc học nhé.,2
thầy dạy rất kỹ dung là người có chuyên môn có khác.không giống như em học ở lớp thầy dạy chan,2
thầy giáo dạy hay và kỹ quá.cảm on thầy thầy,2
"thầy cho em hỏi ở phút 1:51:00
vì cái áo này đắt sao không đi với ga mà đi với wa vậy thầy
em cảm ơn ạ",1
thầy dạy dễ hiểu lắm ạ,2
"thầy ơi... lúc 1:55:00 tại sao lại dùng ga mà không phải là wa ạ?
( vì bài tập này khó nên tôi không hiểu)",1
em thích nghe thầy giảng dạy. nhưng em là 1 người trong cộng đồng lgbt em rất buồn khi nghe thầy nói câu xăng pha nhớt,2
cảm ơn thầy về những bài giảng rất hay ạ.,2
"cảm ơn thầy ạ, trường có dạy nhưng không hiểu lắm, nhờ thầy mới hiểu được nhiều vậy. cảm ơn thầy rất nhiều",2
"thầy dạy thật là hay em cảm ơn thầy dù không được học lớp của thầy , nhưng thầy dạy hay quá luôn ạ , chân thành cảm ơn thầy nhiều ạ",2
cảm ơn thầy rất nhiều ạ.,2
thầy ơi cho em hỏi chữ nhiều mình đọc là takusan hay là taksan vậy ạ :,1
thầy dạy rất hay và dễ hiểu. mong thầy sẽ ra nhiều video hơn. em cảm ơn thầy nhiều.,2
thầy ơi sao khó lại đi với trợ từ gá á thầy. thầy nhầm phải không ạ,1
học ở trung tâm nhưng phải xem video của thầy thì mới học được. thích thầy nhất.,2
thay cho em xin lai dố dt được không thay.thay dạy rat dễ hiểu,2
"thầy cảm ơn em nhiều nhé, khi học có gì không hiểu thì đừng ngại để lại bình luận để thầy hỗ trợ, em nhé!",1
"thầy chân thành xin lỗi em vì sự cố như vậy nhé, thầy chúc em học tốt nhé!",1
xăng pha nhớt là gì v ạ,1
thầy cảm ơn em và chúc em học tốt!,2
dạ em cảm ơn thầy nhiều ạ,2
cảm ơn em đã xem và ủng hộ thầy nhé. có gì còn không hiểu thì em cứ bình luận để thầy hỗ trợ nhé!,2
"thầy cảm ơn em rất nhiều, thầy chúc em học tốt nhé!",2
em chúc thầy và công ty càng ngày càng phát triển ạ,2
bạn còn ở đó không,1
"thầy cảm ơn em nhiều, chúc em học tốt nhé!",2
pi vi ìd idi di kc m,1
e vẫn đọc takusan bình thường em nhé,1
"thầy cảm ơn em, trong khi học có gì không hiểu, em đừng ngại bình luận để thầy hỗ trợ nhé!",2
thầy cảm ơn em nhiều và chúc em học tốt nhé!,2
em đang nói ở phút bao nhiêu của video nhỉ. cho thầy biết để thầy giải thích cụ thể nhé.,1
"thầy cảm ơn em, em có thể tham gia nhóm nhóm cộng đồng tiếng nhật minato dorimu để được cập nhật kiến thức mỗi ngày và được học cùng các bạn khác nhé!",1
cảm ơn thầy em học hiểu quá trời luôn,2
thầy dạy rất dễ hiểu,2
"lúc đầu nói thiệt là em ngán tiếng nhật dã man học zoom giáo viên dạy không hiểu xong chán  không tài nào muốn học nữa, nhưng mà do đăng kí đi du học rồi nên phải học. cơ mà theo bài tới đây nhờ thầy dạy hấp dẫn nên cũng thấy dần dần có hứng thú hơn hẳn chăm hơn trước luôn ý. cám ơn thầy nhiều.",1
"ủa thày ơi
chỗ cái bài tập kara í thấy
là câu 1 là bài tập khó thì phải là kono sukudai wa chứ sao lại là ga vậy ạ
thầy gt hộ em chỗ này với",1
thầy dạy quá rễ hiểu ạ,2
thầy dạy rất hay ạ với rất vui tánh,2
"thầy ơi cho em hỏi, thích làm hành động thì nói sao thầy, chổ động từ em không biết nên làm thế nào bỏ masu thôi hay có biến đổi không, thầy giúp em",1
"cảm ơn thầy đã cứu vớt linh hồn em khi học tiếng, ở trên lớp cô nói gì khum hiểu, lên youtube xem thầy dạy cái vào luôn. cảm ơn thầy iu nhiềuuu",2
"chắc từ h em sẽ là fan cứng của thầy,thầy dạy dễ hiểu lắm luôn",2
bài giảng quá tuyệt vời!,2
cảm ơn thầy nhiều ạ,2
khi trả lời câu hỏi em ghét cài gì thì em có thể trả lời là nani mo kirai ja arimasen được không thầy ơi.,1
bạn ơi có kinh nghiệm gì không chia sẻ cho mình với,1
"casieunangluc7589  học nhiều từ vựng lên bạn ơi, thầy trong mỗi video hầu hết có chia sẻ nhiều cái, mình thấy thầy nói đúng á",1
"casieunangluc7589  sau bao nhiêu tháng cày cuốc học hành bên nhật mình phát hiện một điều là hãy học từ vựng kanji kèm nghĩa hán việt, vì hán việt chuyển qua cách đọc tiếng nhật na ná rất dễ nhớ và học từ rất nhanh lên trình, và quan trọng nghe file đọc thật nhiều lên,ngồi nghe file hội thoại nhái theo học thuộc lòng vừa nhớ từ lẫn ngữ pháp",1
b ơi mình thuộc từ vựng n dốt ngữ pháp làm sao ạ b có cách nào giúp mình với,1
huyenkhanh1529  bạn tham khảo học ngữ pháp bằng tranh ở trang edewakaru nhé,1
huyenkhanh1529  cái này thì chắc phải học lại những chỗ chưa hiểu th bạn ơi,1
mình thì dốt kanji không có cách nào mà nhớ được nét viết và cách đọc,1
"nguyenthanhduy1990  bạn thử học theo bộ thủ nhé, học cách cấu tạo trái phải trên dưới đâu là phần biểu âm đâu là biểu nghĩ. về lâu khi gặp bất cứ chữ hán nào chưa gặp sẽ đoán được nghĩ lẫn cách đọc. cộng thêm nhớ học kèm hán việt của kanji đó, sẽ giúp ích cho việc đoán cách đọc rất nhiều sau này",1
thầy dạy rất kĩ....mh cũng đang học tiếng nhật... mà không hiểu được nhiều...xem cadi này mh hiểu nhiều nè,2
là wa nhé thầy nhầm trợ từ ga,1
không . phải desu chứ . sao lại phủ định,1
không ghét cái gì mà,1
thầy ơi ở 2:01:07 thì em tưởng phải là wa ạ? vì thầy ghi là nihonggo ga,1
cám ơn thầy. thầy dạy hay dễ hiểu lắm.,2
cảm ơn thầy nhiều 3,2
thầy mãi đỉnh.,2
đoạn  có vườn phải là anh ri masu mới đúng chứ ạ? hay là có đặt cách gì ạ?,1
càng học càng thấy thầy dễ thương,2
em cảm ơn thầy nhiều ạ,2
em cảm ơn thầy. cần luyện tập để hiểu và thành thạo chứ mới học xong thì cũng còn nhầm ạ,2
"vậy máy bay không người lái, xe không người lái mình dùng như thế nào ạ thầy",1
cám ơn thầy rất nhiều !,2
"khi nào dùng doko, khi nào dùng doko ni vậy thầy",1
gói video bài giảng n4 n3 của thầy là ai dạy vậy thầy.  là thầy hay giáo viên khác ạ,2
"thầy ơi cho em hỏi trước bài 23 hỏi địa điểm là hoa sàng wa đô cô đệt sư cà, giờ bài 10 là hoa sàng wa đô cô ni i mat , vậy 2 câu này có gì khác nhau không ạ",1
"thầy dạy hay ạ, em tới bài 10 rồi",2
cám ơn thầy nhìu,2
"thầy dạy rất dễ hiểu, em cảm ơn thầy ạ.",2
đúng rồi em nhé!,1
em khen thầy dễ thương là em đang khen hay chê thầy thế,2
ý em là càng học càng cuốn ý thầy mà thầy dạy có duyên nên không có bị buồn ngủ,2
thầy cảm ơn em nha. chúc em học tiếng nhật dễ và hiệu quả,2
phần bài nghe trong sách mina thường là nghe câu hỏi và trả lời. và 1 bài nữa là bài nghe xem đúng sai như thế nào nhé em!,1
tuyệt vời quá em ạ  cố gắng chăm chỉ đừng phụ công thầy quay bài em nha,2
uki em nha  cố gắng chăm chỉ học bài nhé em,1
"thầy mất bao lâu để đạt trình độ như thế, để bọn em có thêm động lực ạ",1
tất cả bài giảng ngữ pháp n4 n3 đều là thầy dạy nhé em,1
"đúng rồi em à. câu sau khó hơn và khác câu trước, câu sau là hoa đang ở đâu thế . còn câu học bài 23 là hoa ở đâu? thôi nhé em!",1
kiki tuyệt vời quá em ơi,2
uki em nha. thầy cảm ơn em nhiều,2
thầy cảm ơn em nhé! chúc em học tốt nha,2
"cảm ơn thầy rất nhiều,bài giảng của thầy rất tuyệt ạ.thầy cho em hỏi là học đến bài bao nhiêu thì được coi là nửa chặng ạ,và những bài nào khó nhất ạ?",2
thầy ơi có file mềm cho em xin với ạ. cám ơn thầy nhiều!,2
"bài giảng của thầy súc tích, ngắn gọn",2
"em hay bị nhầm trợ từ nữa thầy ơi 
em sắp thi r",2
huhu thầy lúc xem thì hiểu lắm 1  homlại quên,2
"giáo viên trên lớp dạy nhanh đến nỗi ghét tiếng nhật luôn, từ lúc biết thầy mới thấy dễ dàng xíu, ngày nào cũng hoc trước bài khi lên lớp, cám ơn thầy nhiều ạ",2
12:06 ủa thầy ơi? có gù đó sai sai????,1
cảm ơn thầy nhiều ạ !!!,2
mình cũng thấy v,1
"trong n5 có 25 bài, thì có một số bài khó như bài 14, 20, 22... nhưng nó không thể gian nan bằng bảng chữ cái em đã trải qua. nếu em đã học qua bảng chữ cái thì không còn bài nào làm khó được em đâu nha",1
hihi dạ em cảm ơn thầy nhiều ạ,2
đúng rồi mà-)) sai chỗ nào z ní,1
có lời giải chưa cho tôi xin với tôi cũng thắc mắc,1
_ngocc3897  ib hỏi thầy xem nào,1
"mình cùng thắc mắc, mong được thầy giải đáp",1
đoạn nào v bạn,1
ở đoạn nào vậy bạn,1
thầy cảm ơn em nhiều nhé,2
"may quá, thế là em không còn ghét tiếng nhật nữa rồi. chúc em sớm chinh phục được n5 n4 nha 3",2
thầy cảm ơn em nha,2
dễ hiểu lắm thầy oi,2
cảm ơn thầy,2
cảm ơn thầy nhiều lắm ạ,2
có vườn sai rồi thầy ơi,1
"cảm ơn thầy rất nhiều. thầy dạy kĩ, dễ hiểu.xem thầy dạy em đã bắt được cảm hứng để học tiếng nhật luôn ạ",2
thầy ơi có bài giảng chữ hán không thầy,1
biết ơn thầy lắm ạ.,2
thầy có dạy trực tuyến không ạ,1
ước gì 5 năm trước bắt đầu học tiếng n gặp được video của thầy .thì mình đã không bỏ dở như này .giờ lại bắt đầu nihongo,1
cảm ơn thầy rất nhiều ạ,2
thầy dạy dễ hiểu quá ạ,2
thầy dạy hay lắm ạ,2
"đoạn 12:14 vườn sao trên tivi với nói lại là imasu vậy tar, phải là arimasu chứ.",1
vừa đi làm vừa nghe thầy giảng bài. mải quá quản lí gọi không nghe xém tí ăn biên bản luôn,1
dễ hiểu quá thầy ơi. cảm ơn thầy.,2
"thầy chúc em học tập tốt, sớm hoàn thành chương trình n5 nhé",1
hiện tại thầy chỉ có bài giảng chữ hán dành cho khoá học trực tuyến ở minato em nhé,1
vâng thầy. em tự học theo video của thầy. nếu theo được em sẽ liên hệ thầy học on ạ.,2
thầy cảm ơn em nhé,2
"trong bài giảng thì không tránh được thầy ạ , nhưng em thấy thầy giảng rất chi tiết và  dễ hiểu , mong thầy phát triển thêm phần chữ kanji nữa ạ",2
đúng rồi em nhé!,1
cố lên em ơi,2
chúc em học tốt nhé 3,1
12:09 thầy làm sai rồi,1
"ô tô là jidousha mà thầy, jitensha janai",2
"thầy dạy có tâm nhất vịnh bắc bộ
cảm ơn thầy",2
bài này khó nhỉ nó cứ lộn lộn sao ý khúc sau khó hiểu,0
thầy dạy dễ hiểu quá,2
tính ra dễ mà,2
quan trọng từ vựng phải thuộc,1
thầy giảng rất hay,2
thầy dạy hay quá à em ghiền thầy mất thui,2
thầy ơi sự khác nhau giữa doko ni arimasuka và sao wa doko desuka vậy ạ? mìh thay thế cho nhau được không thầy,1
"giây 12:14 ạ. mà thôi, em nghĩ do lỗi đánh máy. như kiểu nói thì đúng mà viết ra thì khác.",1
rất dễ hiểu và dễ tiếp thu. em xin gửi 1 lời cảm ơn thầy.,2
thầy cảm ơn em nhiều  em theo dõi cộng đồng tiếng nhật minato dorimu để xem thêm nhiều tài liệu bổ ích nha,2
ở đâu và đâu chắc là thế,1
vậy mình dùng doko thay vì doko ni imasu được không ạ.,1
thầy oi tai sao co vuon lai  imatsu dang nhe la ari matsu chu thầy,1
"thầy xao vườn lại imat ạ
đi chuyển được đâu",1
nhà là ư chi mà thầy,1
thầy dạy dễ hiểu lắm ạ.,2
thật sự rất biết ơn thầy về những bài học ngữ pháp dạy rõ ràng nhiệt tình dễ hiểu. em học lên n4 rồi mà xem lại n5 mà thấy có những khúc mình chưa từng được học. cảm ơn thầy rất nhiều.,2
quá hay,2
bài giảng của thầy rất dễ hiểu ạ,2
thầy dạy học rất dễ hiểu,2
"vừa học bài mới vừa ôn bài cũ. em cảm ơn thầy rất nhiều ạ. em đang duy trì thói quen học tiếng nhật mỗi ngày rùi đây, còn chăm hơn học tiếng anh nữa vì thầy dạy hay quá ạ",2
thấy thầy này giảng dễ hiểu nhất luôn,2
"và khi nào thì dùng doko, khi nào dùng doko imasu ạ",1
đang có cùng thắc mắc,1
"theo mình hai câu đều có nghĩa giống nhau nhg câu đầu thì hỏi đơn giản, video  trang đâu rồi ?. còn câu có imasu nó hỏi cụ thể nghĩa hơn  trang ở đâu thế ?. nôm na 1 cái là kiến thức ở bài thấp. 1 cái là kiến thức ở bài cao hơn",1
địa điểm và động vật,1
arimasu nà,1
"tui cũng thắc mắc z á, bài 3 với bài 10 giống giống sao sao á",1
bản thân chữ toire nó là từ chỉ địa điểm rồi nên bạn không cần dùng doko ni... nữa. trường hợp muốn nói ở nhà wc có cái gì hoặc mún nói rõ nghĩa gần phòng học có wc thì mới dùng.,1
"học hết minano nihongo 1 trên lớp  mắt gốc toàn tập. lên yutube học đủ kiểu mà vô tình học thầy ui chờn phải nói như trang mới học dễ hiểu kinh khủng luôn, em cảm ơn thầy và thầy trà nữa học từ vựng kèm ngữ pháp qua thầy học nữa nhớ hiểu nhanh luôn.",2
thầy dạy dễ hiểu,2
thầy cho phần câu hỏi dễ quá cho câu hỏi khó hơn đi ạ,1
thầy có dạy kaiwa không ạ?,1
chỗ có vườn thầy xem lại sai r,1
"thầy giảng kỹ ,dễ hiểu luôn á",2
cảm ơn thầy nhé!thầy dạy rất dễ hiểu luôn.,2
thầy sinh ra là để dạy tieng nhật. hay quá,2
"trời ơi cái chữ cứng, chứ so và chữ ưn giống nhau quá, nhìn không kỹ thì chịu",1
thầy giảng dễ hiểu thật,2
cảm ơn thầy,2
có vườn ( niwa ga arimasu ),1
trên cả tuyệt vời,2
"có nụ cười đẹp ở khuôn mặt cô giáo, thì nói thế nào thầy nhỉ",1
"có vườn là arimasu,mà thầy viết là imasu",1
"nghe được những lời này thầy vô cùng hạnh phúc luôn   mong là những video này sẽ giúp ích cho việc học tiếng nhật của em nhé, chúc em học tốt nha",1
hihi.. cảm ơn em đã theo dõi và ủng hộ thầy.. chúc em học tốt nhé,2
cảm ơn phương đã phản hồi.. thầy sẽ xem lại ví dụ đó em nhé!,2
đã 5 tháng rồi thầy xem lại chưa ạ?,1
thầy cảm ơn em đã theo dõi và ủng hộ thầy nhé!,2
em có thể đưa ra vidu để thầy giải thích cụ thể cho em dễ hiểu hơn nhé.,1
"thầy cảm ơn em, có gì không hiểu thì đừng ngại bình luận nhé!",2
thầy em muốn đang ký học tiếng nhật trực tiếp với thầy không biếc thay co nhận không vậy,1
"thầy cảm ơn em nhiều, thầy chúc em học tốt nhé .",2
thầy cảm ơn em  nhé.,2
"thầy giảng kĩ mà dễ hiểu lắm luôn ạ. em msats gốc đang không biết như nào may tìm được video thầy 
mong thầy ra thêm nhiều video như này ạ",2
"thầy ơi, thầy có bài tập dịch câu tiếng việt sang tiếng nhật không ạ, cho em xin với",1
thầy giảng hay tới mức mẹ em cũng phải nán lại ngồi nghe nốt bài giảng  xong những lúc rảnh rảnh thì mẹ em bảo mẹ em cứ tưởng tượng ra trong đầu hình ảnh thầy đang giảng  cách giảng của thầy truyền cảm và ấn tượng quá hihi,2
oto di chuyển được mà thầy sao lại dùng arimasu   em hơi thắc mắc,1
sao em vẫn cứ rối rối dạy thì hiểu buông ra đầu trống trơn,0
dạ em cảm ơn thầy ạ. nghe thầy giảng dễ hiểu lắm ạ,2
"cảm ơn thầy ,",2
"nghe thầy giảng hiểu quá trời luôn ,nhung kaiwa lại như gà mắc tóc huhu",2
cảm ơn thầy nhiệu ạ 3,2
"bai gian cua thầy rât tuyêt vơi luôn, mon thầy ra thât nhiêu video.",2
"kikiki, mẹ em cute xỉu up xỉu down vậy",1
oto đâu tự động di chuyển được,1
cái thầy nói là thầy có cái oto nó là vật nên dùng như thế là đúng mà b,1
"thầy có nói là danh từ tự di chuyển được thì dùng imasu, dt không tự di chuyển được thì dùng arimasu",1
được nha b,1
tưởng có mình tui vậy chứ .,1
bạn là nhất,2
tui cũng  vậy,1
gốc bạn không vững,1
em học buông ra em lại quên,1
"thầy tiệp ơi, có khóa học giao tiếp nào cho n5 không ạ?",1
27 cái ngón tay hơi kỳ nha,1
thầy phân tích chậm nghe dễ hiểu và tiếp thu được luôn . không như các kênh khác á. giảng nhanh nên học sinh không bắt kịp á. chúc thầy nhiều sức khỏe để ra nhiều bài giảng hơn giúp cho các bạn chưa vững tiếng nhật ạ,1
lại còn cho tôi 2 người yêu nữa thầy à,2
"thầy lấy lại được kênh, người vui là tụi em luôn. học trên lớp 8 tiếng nhưng bài này đặc biệt khó hiểu trên lớp",2
"em cảm ơn thầy rất nhiều ạ,nghe thầy giảng em thấy dễ hiểu nắm ạ",2
thầy co dạy ol không ạ,2
thầy có file cho em xin với ạ,1
thầy dạy dễ hiểu quá,2
"thầy dạy hay, dễ hiểu ạ",2
bài này ứng dụng trong đời sống nhiều nhưng lại là bài khó nhớ nhất,0
thầy chào em. em giúp thầy liên hệ qua zalo 0971219509 để thầy tư vấn cho em nhé!,1
thầy cảm ơn em nhiều! chúc em sớm chinh phục được tiếng nhật n5 thật hiệu quả và dễ dàng nha,2
cố lên bạn,1
kiki vậy là thầy yên tâm em có đủ động lực để học rồi nhé em!,1
thầy của em mặn mòi lắm,2
được trở lại gặp các bạn là thầy vui lắm luôn. tiếp tục cố gắng chăm chỉ học đừng phụ công thầy quay bài nha em,2
kiki em cố gắng chăm chỉ học bài nhé,2
thầy có em nhé  em giúp thầy nhắn tin vào page minato dorimu giúp thầy để thầy gửi thông tin cho em nhé  thầy cảm ơn em nhiều,2
em muốn xin file nào em nhỉ,1
kiki thầy cảm ơn em nhiều,2
thầy cảm ơn em nhé  chúc em sớm chinh phục được hết kiến thức tiếng nhật nha,2
"em cảm ơn ạ, khi nào em chinh phục được sẽ quay lại báo thầy ạ",2
em cố gắng xem đi xem lại nhiều cho nhớ lâu nha,2
bài này khó hiểu quá ạ huhu,0
huhu bài này không hiểu trời oi,0
thầy dạy rất hay.cảm ơn thầy rất nhiều ạ,2
"qua nhật sống 1 năm rưỡi rồi mà n5 tiếng có tiếng không. nhờ có thầy tiệp nên em kiên trì học lại từ đầu. 
thầy tiệp dạy rất chi tiết. dễ hiểu. dễ nhớ.",2
bài giảng hấp dẫn quá thầy ạ. nếu đếm số 3 với đồ vật là thêm ten ten đúng không th,1
nghe giảng trên lớp về xem lại 2 lần vẫn đơ,1
"thầy không nói về hệ thống đếm tsu nhỉ. video: hitotsu, futatsu,... mà đã cho ví dụ có những từ đấy r",1
"em thử xem lại một lần nữa, note lại những chỗ khó hiểu và thử áp dụng luyện thực tế cho dễ hiểu nhé em!",2
"em thử xem lại thêm 1 - 2 nữa, nếu vẫn không hiểu em bình luận đoạn nào không hiểu để thầy giải thích nha",2
e làm vậy đúng không thầy,1
thầy cảm ơn em nha,2
thầy cảm ơn em nhiều cố gắng chinh phục hết kiến thức n5 và n4 nhé em. thầy chúc em học tiếng nhật hiệu quả nha!,2
em xem lại thầy giảng xem có hiểu ra vấn đề không em nha,1
khi đếm số lượng đồ vật từ 1 đến 10 thì em theo bảng thầy hướng dẫn. còn đếm từ 11  trở lên thì chỉ dùng chữ số nhé em!,1
cảm ơn thầy ạ,2
đúng rồi em nha,1
tửu lượng thầy cao thế,2
"thầy ơi , đoạn 173 , 3 cái là mit-tsu sao đọc là mut-tsu vậy ạ",1
học 7749 người trên mạng lẫn trung tâm nhưng phải thực sự chưa thấy một bài giảng nào mà chi tiết như của thầy tiệp thực sự thầy quá tâm huyết đối với bài giảng này quá chi tiết và chậm rãi dễ hiểu.cảm ơn thầy rất nhiều.,2
bài nào không hiểu chỉ về lên đây tìm thầy,1
"ngày nào cũng lên kênh thầy học, cảm ơn thầy rất nhiều ạ !!",2
chắc đếm số không mà loạn não,1
mỗi lần không hỉu bài là lên thầy học,1
em cảm ơn thầy ạ. học rất dễ hiểu ạ,2
"khi em bắt đầu học bảng chữ cái thầy của em  đã cho học hết các đơn vị đếm thứ ngày tháng năm giờ phút, cái , chiếc, vật mỏng , số lần ,v..v.. nên giờ học đến bài này thấy rất nhẹ nhàng ,nge thầy giảng để hiểu thêm về ngữ pháp, cảm ơn thầy nhiều ạ",1
e sợ bài này nhất thầy ạ,2
không bỏ xót bài nào của thầy dạy ca.,1
cảm ơn thầy dãy để hiểu,2
thầy tiệp có lớp học trực tuyến không? mình muốn tư vấn,1
thầy dạy kỹ và dễ hiểu thật,2
sau 10 là bỏ tsu nha bạn,1
rin-vo6kd sao lại bỏ tsu nếu sau 10 bỏ tsu thì n chỉ là số đếm bthg thôi mà,1
không chỉ thầy mà các thầy cô trong minato đều thế em à,2
em cảm ơn thầy ạ,2
kiki thầy cảm ơn em nhiều nha. thật tuyệt vời khi đọc những dòng chia sẻ như thế này. thầy hi vọng những bài giảng này và những bài giảng sắp tới em sẽ học được thật nhiều kiến thức mới nhé 3,2
kiki thầy cảm ơn em nha. cố gắng chinh phục n5 n4 em nha,2
bỏ cũng được em nha. trong giao tiếp thì người nhật thường bỏ trợ từ em nhé,1
kiki  cảm ơn em đã luôn ủng hộ thầy nha 3,2
thế em cứ lên xem bài giảng của thầy hàng ngày nha,2
"kiki thầy cảm ơn em nha. thấy các bạn tiến bộ, học dễ hiểu, dễ nhớ như vậy là thầy yên tâm rồi 3",2
thế thì chắc chắn sắp tới em thi n4 sẽ đỗ n4 luôn  cố gắng em nha,1
thầy cảm ơn em nha,2
em liên hệ qua facebook nguyễn ngọc thầy tiệp tư vấn chi tiết em nhé,2
"thầy thấy hai câu này nội dung gần như nhau, em chỉ thay từ chỉ xưng hô thôi. nhưng thầy thấy câu đầu vẫn hợp lý hơn nhé em!",1
thầy chúc em sớm hoàn thành chương trình n5 nha,1
thầy dạy hay quá .dễ hiểu,2
khó quá thầy ơi huhu,0
"thầy quê thái bình ạ , em thấy thầy toàn đi từ hà nội về thái bình",1
"cảm ơn thầy nhiều nhiều, chúc gđ thầy nhiều sức khỏe hạnh phúc và may mắn",2
thầy giảng hơi nhanh,1
thầy dạy dễ hiểu nhưng bài này nhiều thứ và trường hợp đặc biệt phải nhớ quá,2
thầy có video dạy trợ từ không ạ chu nhiều tro từ mà không biết đặt luôn mọi người có ai biết không ạ  chỉ giúp em với ạ,1
"cảm ơn thầy, thầy giảng rất hấp dẫn, dễ hiểu, chi tiết, các bạn học n5 cứ vào học trên video của thầy là ok",2
"thầy là người dạy có tâm và dễ hiểu nhất t từng học, cảm ơn thầy",2
cảm on thay!,2
em yêu thầy,2
quá là tuyệt vời rất bổ ích ạ,2
thầy uống khoẻ zay :(,2
thầy dạy ngữ pháp kỹ nhất,2
thầy dạy rất kỹ ạ,2
thầy quê thái bình em nha,2
em cùng quê với thầy,1
em học xong n4 em sẽ đăng ký lớp n3 của thầy,1
"thầy có lớp học từ n5 đến n1, khi nào sắp xếp được thời gian học nhắn qua nick facebook nguyễn ngọc thầy tiệp tư vấn chi tiết em nhé",1
thầy cảm ơn em nhiều nhé  chúc em học tập tốt nhé 3,2
đoạn nào nhanh quá em tạm dừng lại một chút rồi lại bật tiếp giúp thầy nhé,1
em tham gia nhóm cộng đồng đồng tiếng nhật minato dorimu có rất nhiều tài liệu nói về trợ từ em nha,1
"cảm ơn em, thầy chúc em học tốt nhé",2
cảm ơn em! thầy chúc em học tốt nhé 3,2
cảm ơn em đã theo dõi thầy. chúc em học tốt sớm đạt được mục tiêu của mình nhé,2
thầy đúng cứu tinh của em không hỉu gì trên lp là lên đây coi thầy luôn,2
3 ngày khác ngày 3 mà thầy,1
"thầy dạy vừa hay, vừa kỹ, đã thế còn uống nhiều bia nữa chứ. tuyệt vời",2
"em cảm ơn thầy, ngoài giờ học trên lớp, ngày nào em cũng về xem thầy giảng ạ, chúc thầy luôn mạnh khoẻ để ra được những bải giảng hay giúp những người học viên như bọn em ạ .",2
rất hay và dễ hiểu lắm thầy ạ,2
"em thật sự cảm ơn thầy rất nhiều ạ,  bài giảng của thầy cực kỳ hay và dễ hiểu",2
vc 3 cái mà mutrung tâmsu,1
thầy dạy kĩ và có nhiều ví dụ,2
"cám ơn thầy nhiều, có video tổng hợp các trợ từ không thầy",2
"19:23 lượng từ
258 lưu ý về lượng từ chỉ thời gian 44:12 531 1:00:14 1:03:29 1:098 1:15:04",1
nhờ thầy em làm kiểm tra toàn trên 90 hh,2
"e hiện đang học ở trung tâm mà không hiểu cái bài này , nghe thầy vừa cuốn vừa dễ hiểu , cảm ơn thầy rất nhiều, chúc thầy luôn mạnh khoẻ",2
ngoài bắc hay bị đọc vần on thành ong hoặc ông quá. đến cả thầy giáo vẫn bị lỗi này cơ à?,2
"cảm ơn thầy rất nhiều, thầy giảng hay quá,nghe rất dễ hiểu, cảm ơn thầy đã có những clip hay, giúp cho mọi người thích học tiếng nhật có thêm động lực để học tốt hơn, rất cảm ơn thầy",2
"thế lại phải xem lại kiến thức của mình đi bạn nhé, xem khi nào là on khi  nào là ong, ông!",1
"chubich27  lại còn thế nữa cơ 
mà theo bạn thì ni-hon, ni-hôn, ni-hong hay ni-hông, hoặc ni-cái gì gì, cái nào mới đúng nhỉ? 
bạn thử học theo các thầy ngoài bắc, nhớ thật kỹ vào. rồi lên youtube tìm giọng đọc chuẩn của người nhật rồi nhận xét sau cũng không bao giờ muộn nhé. nhớ nha bạn, giọng chuẩn của người nhật chứ không phải chuẩn của người miền bắc việt nam nhé.",1
"chubich27  thật sự, dạo quanh 1 vòng các kênh dạy ngoại ngữ, nhất là tiếng anh và tiếng nhật, cùng với kinh nghiệm làm việc chung với rất nhiều người việt du học và làm việc tại nước ngoài sử dụng tiếng anh và nhật. tôi thấy các anh chị em ngoài bắc giọng cực xấu, mặc dù ngữ pháp và giao tiếp của họ cũng rất ok. họ đang đi theo vết xe của singapore (xét về phát âm xấu).
xin lỗi tôi không quơ đũa cả nẳm, cũng không phân biệt vùng miền.",1
cám ơn thầy,2
em cảm ơn thầy ạ,2
khổ có quá nhiều cách đếm,0
17:00 hình như sai rồi ạ!,0
thầy uống bia như trâu luôn hạa,2
hehe yêu quá thầy,2
em cảm ơn thầy ạ. sang nhật rồi vẫn phải lên kênh của thầy để học,2
thầy dạy dễ hiểu thật,2
"em mất bài học từ thầy rất dễ hiểu và lấy lại gốc ùi ,",2
cảm ơn thầy rất nhiều,2
nhiều nghĩa mà bạn,1
thầy ở huyện nào thái bình ạ em cũng ở tb,1
phải dễ hiểu như thế. chứ thầy của em là bắt học sinh ví dụ cả 3_4 trang giấy mà vẫn chug mỗi danh từ trợ từ lượng từ và động từ,1
vẫn chăm chỉ nghe bài thầy dạy cố gắng để sắp tới đi thi,2
rất rất rất chi là cảm ơn thầy nhiều ạ,2
công việc này thi mất thơi giang.dich giúp tôi nha bạn.,1
thầy đọc sai  chỗ  công ty bạn có bao nhiêu người?,1
thầy dạy dễ hiểu quá ạ !!!,2
thầy dạy hay quá,2
"đi học mà lỡ bệnh nghỉ mất mấy ngày, mất bài thì auto lên đây tìm bài thầy dạy là vơi đi nỗi lo thất học. cám ơn các bài giảng của thầy lắm lắm",2
thầy dạy rất là hiểu ạ,2
số em hay nhằm. nhớ có cách này em tạm ổn 90. cảm ơn thầy nhiều á,2
"được em nhé, sách vở đều được nha.",1
cảm ơn góp ý của quỳnh nha  thầy sẽ chú ý hơn.,2
"thầy cảm ơn em nhiều nhé, khi học có gì không hiểu thì em đừng ngại bình luận để thầy có thể giải đáp kịp thời nhé!",1
"thầy cảm ơn em nhiều, em có thể tham gia nhóm cộng đồng tiếng nhật minato dorimu trên facebook của thầy để được giao lưu học tập cùng các bạn và được cập nhật kiến thức bổ ích mỗi ngày nhé!",2
thầy cảm ơn góp ý của minh nhé..thầy sẽ chỉnh sửa lại,2
"thầy cảm ơn em rất nhiều, chúc em học tốt nhé!",2
thầy cảm ơn em rất nhiều và chúc em học tốt nhé!,2
"thầy cảm ơn em nhé, em có thể tham gia nhóm cộng đồng tiếng nhật minato dorimu trên facebook để có thêm kiến thức và bài học hay mỗi ngày nhé.",2
bài này hại não quã . học xong chỗ luyện tập không khớp nhau vậy mọi người . 8 quả yatsu. với 3 quả sao mitsu vậy . thầy dạy cái này chỗ nào vậy . mọi người chỉ giúp mình với .,1
thầy uống 12 lon quá căng,2
"không biết nói gì ngoài 2 chữ cảm ơn thầy se rất nhiều,",2
"hay quá thầy ơi, thầy giảng chi tiết lắm luôn ạ .",2
1:13:44 thầy vừa dạy vừa bắn rap. em không bình thường gì đâu nha tự nhiên dừng đúng lúk đó,1
"cảm ơn thầy nhất nhiều về bài học, em học lại thấy hiểu hơn giáo viên của trung tâm dạy là thế nào 3",2
"12 lon là hơi dữ thầy ơi, em ấn tượng tửu lượng thầy rồi",2
thầy dạy  hay  mà  dễ  hiểu  . em đã  hiểu  bai rồi  ạ  cảm  ơn  thầy  nhiều  lắm,2
cảm ơn thầy nhiều,2
bài này khó hiểu quá,0
"xem đi xem lại cho nhớ ,,, mỗi lần xem là mỗi lần cám ơn thầy sei",2
quần áo đếm là chaku chứ thầy,1
"cám ơn thầy, cực kỳ dễ hiểu",2
cảm ơn thầy rất nhiều,2
thầy có dạy kanji không ạ?,1
bạn đang học tiếng nhật à sắp bay chưa,1
chưa ạ em vừa mới học tiếng thôi,1
tyhoang261  bạn có học ở trung tâm không,1
mình đang học ở trung tâm và học thêm qua video của thầy,1
"e đang học trực tuyến thôi, tháng 6 mới ra trung tâm ạ",1
tyhoang261  trung tâm bạn ở đâu,1
bạn học đến bài bao nhiêu rồi,1
thầy dạy hay lắm.thầy cũng ở thái bình ạ cùng quê với em,2
thầy giảng nghe thích  cái tai,1
em cảm ơn thầy 3000 lần vì nhiệt huyết của thầy  mãi iuu,2
"rất hay và dễ hiểu thầy ơi, cám ơn thầy nhiều ạ",2
cảm ơn thầy nhiều ạ 3,2
"coi bao nhiêu thầy cô dạy tiếng nhật thì mình thấy thầy dạy dễ hiểu nhất luôn, phân chia ngữ pháp rất rõ ràng logic và mạch lạc luôn đấy ạ",2
thầy dạy dễ hiểu,2
cảm ơn em đã theo dõi bài giảng ! chúc em học tốt và đạt kết quả cao nhé,2
chuẩn rồi bạn. ai củng nói học dũng mori nhưng mình học với thầy tiệp cảm thấy rất dễ hiễu và dễ áp dụng,2
mà dạy lại có tâm nữa. mình toàn theo thầy học  thôi,1
"thầy ơi dễ hiểu quá ạ , nhìn thầy có động lực học hẳn , chúc thầy nhiều sức khỏe ạ",2
"em xem rất nhiều video từ rất nhiều kênh,học ol 1 khóa n5 nữa rồi.nhưng chưa thấy ai dạy dễ hiểu và kĩ càng như thầy. em cảm ơn thầy thật nhiều ạ",2
thầy lên bài về cách sử dụng các trợ từ đi ạ  . em hoang mang nhất là không biết nên sử dụng trợ từ nào khi nào ạ,1
cảm ơn thầy rất nhiều ạ. em xem video thường xuyên để nắm rõ bài hơn. bài của thầy lúc nào cũng chất lượng làm a,2
"hôm qua , thời tiết ngày hôm qua, hôm kia lúc nào thì làm trạng từ lúc nào làm chủ ngữ v ạ",1
"cám ơn th rất nhiều, th đã quay trở lại",2
hay quá thầy ơi,2
niềm tin là thứ quý giá nhất,2
cám ơn thầy rất nhiều ạ,2
thầy dạy rất dễ hiểu ạ,2
"thầy giảng dễ hiểu , cảm ơn ạ",2
"giờ mình đã hiểu tại sao ai cũng nói tiếng nhật khó, quá khứ chỉ cần thêm từ chỉ quá khứ đằng trước như hôm qua, hôm kia được rồi, người nhật nghĩ ra mấy trò rối não quá, hiểu xong không có môi trường luyện thì cực dễ quên luôn",0
1:27:00 bây giờ có nam vương quốc tế tương đương hoa hậu thế giới rồi thầy,1
cảm ơn em đã tin tưởng và theo dõi kênh. chúc em học tiếng nhật dễ và hiệu quả nhé,2
thầy có bài đăng trên page minato dorimu  về trợ từ rồi. em tìm và tham khảo giúp thầy nhé!,1
dạ vâng ạ. em cảm ơn thầy ạ. chúc thầy nhiều sức khỏe để trao đi những giá trị bền vững mãi theo thời gian á,2
thầy cảm ơn em nhiều! chúc em sớm chinh phục được hết kiến thức n5 nhé,2
thầy cảm ơn em nhé  cố gắng chăm chỉ em nha,2
kiki được gặp lại em và các bạn thầy vui quá,2
thầy cảm ơn em. được khen là thầy vui quá luôn,2
uki em nhé,1
thầy cảm ơn em nhiều nha,2
kiki vậy cố gắng chăm chỉ không phụ công thầy quay bài nhé em!,2
mỗi ngôn ngữ một cách diễn đạt khác nhau. cũng như phong ba bão táp không bằng ngữ pháp việt nam đó em,1
chuẩn luôn em ơi kiki,2
"thầy dạy hay quá. sau mỗi video có ví dụ minh họa, dễ hiểu. chúc th sk",2
thầy có bài giảng kanji trên youtube không ạ?,1
thầy có thể ibox cho em hỏi với được không ạ.em muốn học 1 khóa ạ,1
cảm ơn thầy ạ,2
thầy xem dạy chữ hán n5-4 đi thầy ơi,2
kiến thức bổ ích,2
thầy dạy hay quá,2
ok rồi nhé em!,1
đúng rồi em nhé!,1
thầy cảm ơn em nhiều nhé  chúc em sớm chinh phục được kiến thức n5 n4 nhé,2
thầy cảm ơn em đã quan tâm bài giảng của thầy. hiện tại video kanji thầy đang dùng trong khoá học trực tuyến nên chưa thể đăng youtube được. em thông cảm giúp thầy nhé,2
vì trên kênh thầy không tiện liên hệ cho em. thầy nhờ em inbox vào nick facebook nguyễn ngọc tiệp để thầy tư vấn đầy đủ hơn cho em nhé! thầy cảm ơn em nhiều nha,2
vâng ạ em cảm ơn thầy ạ,2
hiện tại những video chữ hán thầy chỉ để dành cho khoá học ở trung tâm thôi em à. nếu có dự định đăng lên yotube thầy sẽ thông báo nhé thầy cảm ơn em nha 3,2
nếu bỏ thì em sử dụng cách nói khác nhé!,1
đúng rồi em nhé,1
kiki thầy cảm ơn em nha,2
thầy thấy em đặt câu như vậy là đúng rồi nhé. vì đang ở n5 nên em có thể dùng cách nói cách dạy của thầy tiệp hay hơn cách dạy của thầy cô giáo khác để dễ dàng đặt câu hơn em nha,1
em muốn kèm thêm tính nhật ạ,1
hôm vừa rồi em có việc nên xin nghỉ tiết ở trên lớp về nhà phải mở video của thầy lên nghe dạy rất dễ hiểu. cảm ơn thầy nhiều ạ,2
cảm ơn thầy. thầy dạy rất dễ hiểu.,2
bây giờ chưa đẹp nhé,1
"em cảm ơn thầy ạ, thầy cho em hỏi sao tính từ suki trong câu chọn cái nào thì bỏ đuôi i mà các tính từ khác thì không ạ ?",1
"thầy dạy rất chi tiết, cụ thể,  trình bày mạch lạc các kiến thức, giúp người học nhớ bài củ, hiểu bài mới,nghe là biết thầy rất có tâm...cảm phục thầy rất nhiều, chúc thầy nhiều sức khỏe, bình an, cuộc sống được như mong muốn...",2
"cảm ơn thầy nhiều ạ,thầy giảng đến đâu em hiểu đến đó, có thể áp dụng ngay được vào cs",2
rất cảm ơn thầy lắm lắm luôn. mong thầy đừng gỡ các video trên trang ạ. em mới học  theo không kịp. rất vui vì tiếp cận được bài giảng từ thầy,2
cảm ơn thầy nhiều,2
thầy dạy dễ hiểu cảm ơn thầy nhiều,2
"thật là tuyệt vời, cảm ơn thầy nhiều lắm, thân chúc gđ thầy nhiều sức khoẻ hạnh phúc và thành công",2
"em thắc mắc ở ví dụ ngày xưa tôi đã thích kẹo, sao mình lại dùng trợ từ wa thay vì dùng ga theo cấu trúc ngữ pháp bài 9 vậy thầy?",1
nghe thầy này giảng dễ hiểu hơn thầy dạy trực tiếp luôn á ta,2
thầy giảng quá dễ hiểu tuyệt vời,2
"em cảm ơn thầy rất nhiều vì bài giảng hay, thú vị và rất dễ hiểu ạ.",2
vậy em có thể tham khảo khoá học của trung tâm nha  em liên hệ qua nick facebook nguyễn ngọc tiếp để thầy tư vấn cho em nha,1
thầy cảm ơn em nha. em cố gắng dành thời gian học hết n5 n4 em nha,2
thầy cảm ơn em nhiều nha. đọc những dòng này lòng thầy lại thôi thúc làm sao để có thật nhiều video chất lượng và giá trị mang đến cho mọi người. thầy sẽ cố gắng hết sức,2
học mà áp dụng được ngay thì rất nhanh nhớ em nhỉ. em cố gắng duy trì học đều nha. chúc em sớm chinh phục được jlpt n5 và n4 nhé,1
em yên tâm nha  thầy sẽ giữ những video trên trang để các bạn yên tâm học nha,2
thầy cảm ơn em nha,2
đúng rồi em nhé,1
thầy cảm ơn em 3 chúc em sớm hoàn thành xong chương trình n5 nha,2
thầy cảm ơn em nhiều 3,2
cảm ơn em nhiều nha,2
thầy cảm ơn em nhé  chúc em học tập tốt 3,2
đừng có n mấy n mấy rồi không biết làm hâh,1
thầy dạy rất kỹ và dễ hiểu cảm ơn thầy rất nhiều,2
thầy dạy bài nào ra bài đó. cảm ơn thầy nhiều ạm,2
em cảm ơn thầy,2
ly tri tieng nhat la gi thầy  oi,1
11:50 người mà dùng takai,1
"cám ơn thầy rất nhiều đã dạy dễ hiểu, kĩ mà còn tâm huyết chia sẻ kinh nghiệm và động viên phải học!!!",2
thầy dạy rất hay ạ..cảm ơn thầy nhiều,2
cảm ơn thầy ạ,2
cảm ơn thầy vì những bài giảng có tâm,2
thầy dạy hây và dễ hiểu quá,2
quyết tâm học xong n4 đăng ký học n3 của thầy.thay dạy vô cùng dễ hiểu,2
thầy dạy có tâm quá ạ..cám ơn rất nhiều,2
quá hay ...thầy.,2
"biết ơn thầy. em học trên lớp rồi vẫn phải học lại trên kênh của thầy. chúc thầy khoẻ mạnh, sự nghiệp gd ngày càng phát triển",2
cảm ơn thày nhiều lá.sao,2
"không biết sau khi quay xong thầy có giảm tốc độ xuống 0,75 không mà em học toàn phải tua 1,25 hoặc 1,5 thoi 
cố gắng tháng 8 cày hết 25 bài. ganbaru",1
chúc thầy 1 ngày tốt lành ạ,1
"cảm ơn em, thầy chúc em học tốt nhé 3",2
cảm ơn em đã theo dõi thầy. chúc em học tốt sớm đạt được mục tiêu của mình nhé 3,2
"thế phải dùng gì ạ , mình mới học nghe hoang mang thế",1
rất cảm ơn thầy vì từ khi biết đến kênh này em học hiểu hơn ạ em ơn thầy nhiều ạ,2
xin góp ý  phần:  từ để hỏi ga  ichi ban anh desuka?  bị thiếu trợ từ ga nè ạ,1
thầy tiệp dạy bài nào cũng hay,2
hay quá,2
biết ơn thầy,2
cảm ơn thầy rất nhiều,2
chúc mừng thầy có nhiều sức khỏe để thành công hơn nữa trong sự nghiệp giáo dục của thầy ạ,2
thầy dạy rất kỹ và hay. cám ơn thầy nhiều.,2
cảm ơn,2
xem ngữ pháp thì chỉ có xem của thầy mới hiểu bài,2
cảm ơn kiến thức và tâm huyết thầy đã truyền đạt lại cho chúng em ạ  rất dễ hiểu ạ,2
"cảm thấy biết ơn thầy nhiều lắm ạ  
hiện tại em đang học mà em chậm tiêu lém , mà xem thầy giảng dạy , em hiểu rõ từ bài un ạ ,",2
thầy rất nhiệt tình ..,2
nam vương trời ơi thầy,2
cảm ơn thầy hí..video nào cũng dễ hiểu lắm ạ,2
thầy thật là tuyệt vời,2
minh rất cảm ơn thầy,2
"cảm thấy biết ơn thầy, được học miễn phí thầy dạy rất tận tâm. xem đâu hiểu đó, các bài dạy chi tiết ,dễ hiểu hơn những bài dạy có tiếng ở việt nam.chỉ biết xem thêm phần quảng cáo để thay lời cảm ơn ạ. chúc trung tâm thầy ngày càng phát triển mạnh ạ!",2
nam mà đẹp thì gọi là nam vương thầy ạ.thầy dạy chi tiết rất dễ hiểu ạ,2
học 2 ngày không hiểu xem video của thầy tới đâu hiểu luôn tới đó. thầy dạy chuyền cảm thật..cảm ơn thầy nhiều ạ,2
càng học càng hấp dẫn cảm ơn thầy ạ,2
cảm ơn thầy nhiều ạ thầy giảng bài rất hay ạ,2
cảm ơn thầy rất nhiều,2
cảm on thay,2
cám ơn thầy rất nhìu ạ 3,2
"em học trên trường mất gốc, may có bài thầy giảng cứu vãn cuộc đời khỏi trượt môn",2
hôm nay em mới xem bài giảng của thầy. rất chi tiết và dễ hiểu ạ. ví dụ hài hước nên dễ nhớ cấu trúc ngữ pháp.,2
được nhé,1
"thầy cảm ơn em, nếu có gì không hiểu thì đừng ngại để lại bình luận để thầy giải đáp sớm nhất có thể nhé!",2
bạn ơi bạn dạy mình chữ hán được không,1
"được chứ, mình cũng đang học chữ hán.",1
kết bạn zalo nha,1
bạn cho mình xin số điện thoại để kết bạn zalo với,1
"thầy cảm ơn em vì đã ủng hộ kênh nhé, em học có gì không hiểu thì đừng ngại bình luận cho thầy biết nhé!",2
"thầy cảm ơn em đã tin tưởng và học theo, chúc em học tốt nhé!",2
thầy cảm ơn em rất nhiều!,2
con trai đẹp thì gọi là nam vương (ngọc tiệp) nha thầy.,2
thay ơi em muốn học khoa n5 va n4 co được không thay oi,1
thầy dạy rất kỹ và dễ hiểu,2
thầy có dạy về danh từ ga tính từ đi ạ,1
em cảm ơn thầy ạ,2
ơ thầy ơi phút thứ 15 có chữ hán tự kumori viết sai rồi ạ,1
"câu chuyện động đất của thầy thẹc thú zị
cảm ơn thầy nh , bài giảng rất hay ạ.",2
"thầy owi, so sánh kém với so sánh bằng ở bài nào ạ",1
cảm ơn thầy nhiều ạ,2
thầy dạy hay quá mà bài hôm nay còn mông luông hơn cả lúc người yêu cũ em trở mặt,2
luôn coi hết quảng cáo để ủg hộ thầy,1
thầy dạy kỹ và rất hay,2
thầy dạy hay quá,2
"cảm ơn thầy rất nhiều
thấy đẹp trai qua",2
"ơi ơ 1:185, phân câu hoi y a, kanji hao y thi chi co su thôi chư không co ki a",1
"thầy giảng dễ hiểu ,nói có duyên cười dễ mếm hihi",2
nhật lắm động đất vậy à a,1
"bài học rất hay, dễ hiểu, cám ơn thầy",2
"nam vương,nam thần thầy ơi",2
"anh
dạy hay quá",2
thấy dạy hay quá,2
ở 480 amari đuôi desu là nhầm hay là đúng ạ thầy,2
e chào thầy,2
ng xem đầu tiên,2
có kuna katrung tâma rồi mà em,1
sansei tuyệt với,2
thầy làm seri n3 và n2 đi ạ,1
cảm ơn ạ,2
"1:06:56, cho em hỏi ở đoạn này tại sao gặp bố mẹ mình lại dùng trợ từ là ni thay vì là wo vậy ạ",1
cảm ơn thầy,2
thầy cho em hỏi: trợ từ  ga và ô trong văn nói có thể lược bỏ không vì đôi khi thấy thầy hay bỏ không đọc ạ.,1
"thầy ơi, thầy cho em số điện thoại zalo của thầy để em đăng kí khoá học của thầy được không ạ, em muốn học với thầy lâu rồi mà không biết cách đăng kí ạ",1
thầy đã ra n3 chưa ạ ?,1
taro là người nghe là ở ngôi thứ 2 đó bạn,1
cảm ơn bạn ạ,2
uki em nha,1
em cám ơn ạ,2
uki em nhé,1
có em nhé! người nhật có bỏ trợ từ để nói chuyện em nha,1
ok em nhé!,1
đang cày hết video của thầy,1
thầy ơi có phải là bài 12 liên quan đến bài 8 không ạ?,1
cảm ơn thầy. hay và dễ hiểu quá ạ,2
được rồi nhé em!,1
ok em nhé!,1
được nhé em!,1
dạ bạn có thể xem lại đoạn video bài 12 chỗ đó thầy có nói là có thể bỏ . hay là do mình nghe nhầm. mình nhớ là vậy ạ,1
đúng rồi em nha,1
đúng rồi bạn ạ,1
cả hai câu đều được em nha,1
cảm ơn thầy nhiều ạ. 33,2
triệu like cho thầy,2
thầy dạy dễ hiểu quá... thầy có cách nào học từ vựng nhanh không ạ,1
tháng 32024 đã xem,1
cảm mơn thầyi nhiều ạ,2
cảm ơn thầy,2
học xong bài này em lú luôn thầy ạ,1
muốn biết tiếng nhật thật nhiều sẽ như thê nào thầy youtube hầy,1
"thầy dạy dễ hiểu , cảm ơn thầy",2
e cũng yếu kai wua mong thầy chỉ cách á,1
hôm 20.11_2023 được chụp ảnh với thầy ở minato. cảm ơn thầy về những bài giảng hay và tâm huyết. chúc thầy nhiều sức khoẻ,2
cảm ơn anh.,2
em nghĩ thầy dạy thêm kaiwa đi ạ,1
vâng ạ! cảm ơn thầy,2
để học được từ vựng thì chỉ có nhiều cách. nhưng thầy thấy cách nào cũng phải luyện tập thật nhiều để nhớ được. em có thể áp dụng nhiều cách cùng lúc để nhanh nhớ hơn nha,1
thầy cảm ơn em nhé!,2
"thầy chúc em học tập tốt, thi đạt kết quả cao nhé",2
dạ em cảm ơn thầy ạ,2
no là của ý,1
thầy chúc em học tốt nhé,1
"hôm đó vui quá, cảm ơn em và các bạn về 1 ngày 20.11 vô cùng ý nghĩa",2
thầy có up chuỗi video kaiwa lên kênh rồi. em có thể vào học và luyện tập luôn nhé!,1
cầu ngắn thì mình làm được chơ nói hỏi câu dài là mình toàn thiếu trợ từ không,1
toi muốn  có  thầy  tiệp,1
có ai có nik của thầy không ạ mình muốn kết bạn để hỏi thêm về bài ạ,1
vào ngày sinh nhật sao mình không nói : tanjobi ni thôi thầy ?,1
e học tớibài này thi thử đậu luôn n5,2
e học kém quá a,0
thầy kèm em học với ạ,1
thầy dạy dễ hiểu lắm nha mọi người,2
em yếu kaiwa mong thầy chia sẻ cách kaiwa tốt hơn,1
thầy dạy hay dễ hiểu,2
cảm ơn thầy đã mang đến bài giảng. chúc thầy thành công,2
cần tìm ngươi dạy tiêng nhât vào buổi tối. mình yếu phần ngữ pháp nói. học gấp gáp luyên nói.,1
kiki cố gắng học hết n4 và n5 mà thầy đã đăng luôn em nha,2
"thầy dạy dễ hiểu lắm ạ, em còn yếu kawaij mong thầy chỉ cách học để phản xạ nhạ hơn ạ",2
"em cảm ơn thầy á,  thầy giảng rất dễ hiểu",2
có ai giải thích cho em cái đoạn oto màu hồng thì có trợ từ no còn cặp màu xanh lại không có trợ từ no với không ạ .,1
thầy dạy hay lắm luôn. cám ơn thầy nhiều.,2
"thầy dạy dễ hiểu, mình còn yếu phần nghe, mong thầy chỉ cách",2
thầy dạy hay quá,2
em cảm ơn thầy nhiều ạ,2
cảm ơn thầy ạ. thầy giảng rất rễ hiểu,2
thầy ơi  nan ní là cái gì ạ ?,1
"cảm ơn thầy, dễ hiểu lắm ạ. em đang yếu về kỹ năng nghe.",2
dễ hiểu,2
cảm ơn thầy,2
thầy có up chuỗi video kaiwa rồi. em vào kênh để học và luyện tập nhé,1
cùng thắc mắc với bạn,1
"thầy có giải thích ở bình luận trên là cái từ màu hồng nó là từ mượn , mình xem nó như là danh từ nên nối 2 danh từ mình dùng nô",1
cùng thắc mắc,1
"thầy dạy rất dễ hiểu ạ,mọi người kích vào quảng cáo rồi tải để ủng hộ thầy ra những bài học hay nhiều hơn nữa",2
nhiều khi nào thì dùng takusan và khi nào thì dùng ooi vậy ạ?,1
cảm ơn thầy nhiu ạ.rat hay,2
tuyệt vời thầy ạ,2
cảm on thầy.thầy dạy hiểu lắm luon ạ,2
thích học thầy vì cho nhiều ví dụ thực hành ngữ pháp thú vị,1
"thầy ơi, đoạn 1:09:00, câu trả lời là: đến rạp chiếu phim, sao trợ từ lại là ní mà không phải ế ạ?. mong thầy giải đáp giúp em ạ!",1
thầy tiệp number 1!,2
e muốn học thật giỏi tiếng nhật thầy ơi,2
thầy ơi em kém phần trợ từ học thế nào cho hiệu quả được ạ,1
"aritai động từ , hoshi tính từ ạ",1
cảm ơn em đã góp ý.. thầy sẽ sửa lại câu này em nhé,2
"cảm ơn em đã theo dõi và ủng hộ các video của thầy nhé, thầy chúc em học tốt!",2
"thầy cảm ơn em nhé, khi tự học có gì không hiểu thì đừng ngại để lại bình luận, thầy sẽ trả lời em sớm nhất có thể.",2
"thầy cảm ơn em vì đã ủng hộ kênh nhé. khi tự học nếu có gì không hiểu thì em nhớ để lại bình luận, thầy sẽ trả lời sớm nhất có thể nhé!",2
học giỏi thì sẽ có nhiều người yêu nhé,1
"thầy cảm ơn em nhé, có gì không hiểu em có thể bình luận ở dưới video nhé!",2
"thầy cảm ơn em nhé, chúc em học tốt!",2
"thầy cảm ơn em nhé, chúc em học tốt!",2
"thầy cảm ơn em nhiều nhé, chúc em học tốt!",2
"vậy thì em cần đặt ra mục tiêu cụ thể. ví dụ như: tháng 122022 trình độ n4, 62023 trình độ n3, ..., sau đó lên kế hoạch chi tiết cho từng mục tiêu kia, và kiên trì thực hiện nó thôi. thầy chúc em học giỏi tiếng nhật nhé!
khi nào mất động lực học tập thì ghé qua tiktok và fan page trên facebook của thầy để được tiếp thêm động lực nhé.",1
"phần trợ từ em cần hiểu được bản chất của trợ từ đó dùng trong trường hợp nào, có ý nghĩa ra sao và mục đích của trợ tờ đó là gì thì sẽ dùng đúng em nhé.",1
có lớp n4 không ạ.. em mới học tới bài 7,1
thầy dạy quá dễ hiểu,2
quá hay thầy ạ,2
học trên lớp không bằng học ở thầy cơ,1
"thầy dạy kĩ, dễ hiểu lắm ạ...e còn yếu kaiwa, mong thầy chỉ cách mẹo để học tốt hơn ạ",2
thầy giảng hay và dễ hiểu quá ạ,2
thầy dạy kĩ và dễ hiểu,2
cảm ơn thầy nhiều ạ 3,2
mê video dạy của thầy nhiều lắm ạ,2
em đã xem qua một vài thầy cô và thấy thầy dạy vẫn hay và hiểu bài nhất ạ. cảm ơn thầy về những bài giảng và hy vọng thầy ra thêm bài giảng về cách học kanji ạ.,2
"cho em hỏi là ví dụ như oto màu hồng thì em thấy có nô trước xe oto , mà qua ví dụ cái cặp màu xanh lại không có nô trước cái cặp",1
thích cách dạy của thầy.,2
"thầy cảm ơn em nhiều nhé, hiện tại bây giờ em đã hoàn thành 50 video của thầy chưa nhỉ?",2
vì pinku là danh từ còn aoki là tính từ đuôi i,1
em mún có ny đẹp trai như thầy,1
thầy dạy hay quá,2
thầy luôn giảng rất dêz hiểu,2
cám ơn thầy  thầy giảng dễ hiểu lắm ạ,2
"trai nhà em 5 tuổi, nói là thầy giáo của mẹ đẹp trai thế",2
em cảm ơn thầy rất nhiềuuu ạ  vì tâm huyết của thầy!!,2
"rất dễ hiểu thầy ơi, cám ơn thầy nhiều nhiều nè",2
cảm ơn thầy ạ 3,2
"tại sao rủ rê xài masen, mà dùng thể tai vậy thầy, bạn có muốn đi xem phim với mình không?",1
cảm ơn thầy,2
hay quá sếp ơi,2
"thích thầy dạy nhất. thầy dạy dễ hiểu và vui tính nữa ạ!
mong thầy sẽ có những video thú vị và tuyệt vời nvaz nhé ạ",2
thầy dạy hay lắm ạ..,2
"dạy hay quá, mong thầy ra thêm đến bài 25 ạ",2
em cũng có cùng câu hỏi ạ. tại sao không dùng (he) mà lại dùng (ni). mong thầy giải đáp ạ.,1
thầy cảm ơn em  chứng tỏ bé nhà em có con mắt biết thưởng thức vẻ đẹp đó em,2
"thầy vui tính quá ạ ,học dễ hiểu lại vui tính",2
cảm ơn thay. thyầy lam thêm về các tro tư di ạ,2
tuyệt vời ạ,2
cảm ơn thầy rất nhiều,2
em cảm ơn thầy nhiều lắm ạ. cố lên đi được hơn 1 nửa rùi. ai học tiếp cùng tớ không ạ,2
"bài 14 rất khó nhưng thầy đã có cách dạy rất hay và giúp em hiểu, nhớ bài ngay. em cảm ơn thầy nhiều ạ",2
em không biết nhớ nổi không nhưng học với thầy chưa bài nào thấy chán . thầy đỉnh,1
"thầy ơi, hôm nào thầy làm 1 video tổng hợp về trợ từ được không ạ
trộm vía nhờ thầy em hiểu rõ kha khá về trợ từ nhưng đôi khi em vẫn bị bối rối de, ni các kiểu í ạ :( 

e cảm ơn thầy nhiều ạ",2
chúc thầy thật nhiều sức khỏe bài giảng rất dễ hiểu và bổ ích mong kênh ngày cang phát triển,2
"mình học ở trung tâm để đi xuất khẩu lao động mà giáo viên dạy bài 14 các loại thể này mình không hiểu gì,xem video của ngọc tiệp mình mới từng thể",1
màn hình mờ quá ạ,0
cảm ơn thầy rất nhiều môi ngày em đều học,2
thầy dạy chuẩn quá,2
e muốn đk học n5và n4 từ thầy thì em đk như thế nào ạ,1
biết ơn thầy,2
"em nghe mấy anh chị nói học chia thể t khó lắm, mà em học của thầy xong thấy dễ quá tiếp thu rất nhanh, em học dễ hiểu hơn là nhờ có thầy nên em mới thấy dễ, cảm ơn thầy giáo đẹp trai rất nhiều ạ",2
cảm ơn thầy,2
"em cảm ơn thầy ạ, bài học rất bổ ích 3",2
học cùng mình không ạ,1
học cùng mh nhé,1
đọc bình luận của em mà thầy vui quá. thầy cảm ơn em rất nhiều!,2
thầy có video ngắn nói về một số trợ từ rồi. em tìm trên kênh sẽ thấy thầy đăng nha,2
thầy cảm ơn em nhiều. chúc em sớm chinh phục được hết chương trình n4 n5 nha,2
vậy là em nắm được cách chia các thể rồi đúng không em? kiki cố gắng xem kỹ để nắm được kiến thức nha em,1
tuyệt vời quá em ơi. chúc em sớm chinh phục được hết kiến thức n5 nha,2
kiki thầy cảm ơn em nhé,2
em giúp thầy nhắn tin vào facebook nguyễn ngọc tiệp để thầy tư vấn cho em nhé! thầy cảm ơn em rất nhiều,2
thầy cảm ơn em nha. chúc em sớm chinh phục được hết kiến thức n5 n4 nha,2
thầy cảm ơn em  thầy hi vọng là bạn nào học qua bài giảng của thầy đều thấy dễ hiểu và không còn sợ tiếng nhật nữa  chúc em sớm chinh phục được hết kiến thức tiếng nhật nha!,2
uki em nhé,1
uki em nha,1
sei ơi hanashimasu bỏ shimasu thì âm cuối là na hàng anh mà sao lại thuộc nhóm 1 ạ,1
tuyệt vời ạ,2
dễ hiểu quá ạ,2
"cảm ơn thầy, chúc thầy sức khoẻ và hp. học dễ hiểu lắm ạ",2
e có góp ý nho nhỏ ạ lên bài dần cao em nghĩ thầy nên thêm hán tự nhiều vào cho quen ạ,1
thầy dạy dễ hiểu lắm,2
cho em hỏi thầy nói sách từ vựng n5 là quyển nào vậy ạ nhiều sách quá em không biết quyển nào mới đúng ạ,1
thầy đẹp trai quá,2
sao tìm video từ vựng của thầy không được các bạn,1
thầy của em dạy hanashimasu vẫn chia là hanashite thầy ạ,2
thầy ơi em vẫn không kaiwa được,1
hay quá thầy,2
thầy giỏi quá . phương pháp dạy chia động từ của thầy rất dễ nhớ. em học trên mạng hay lẫn lộn nhưng xem video của thầy em em có thể nhớ rõ ràng luôn ạ,2
uki rồi nhé em!,1
em bỏ masu thôi em nhé!,1
thầy cảm ơn nhiều nha,2
thầy cảm ơn em nha,2
vâng em cảm ơn thầy nhiều ạ,2
thầy cảm ơn em nhiều nha  chúc em sớm chinh phục hết kiến thức n5 n4 nha,2
nhiều bạn chưa biết hán tự nên có mong muốn phiên âm em à. em thử tham khảo phần đọc trong sách mina để học thêm nhiều hán tự nha,1
thầy cảm ơn em nhiều. cố gắng chăm học sớm chinh phục chặng đường n5 em nhé!,2
n5 n4 em dùng bộ sách của mina no nihongo nhé em,1
được khen thế này là cứ vu hết ngày em à,1
em tìm video từ vựng n5 - mina 2 của cô trà sẽ thấy em nha,2
"nếu n5 ở bài 14 thì thầy nghĩ em đừng đặt nặng vấn đề kaiwa. giờ em hãy học, trau dồi thêm nhiều từ vựng  ngữ pháp để khi lên n4, n3 em có đủ kiến thức để tự tin giao tiếpnha.",1
thầy cảm ơn em nhé,2
thầy cảm ơn em nhiều. thầy chúc em sớm chinh phục được khoá n5 n4 nha 3,2
thầy ơi em muốn đăng kí khoá học ạ,1
"mình cũng thấy vậy nha học 4 năm đhnn bỏ lâu rùi bh cần học lại nghe thầy giảng dễ hieur vc ,cảm thấy nó rất nhẹ nạngf ,nghĩ lại học ngày xư asao nó vất vả vậy hi",1
e cảm ơn thầy nhiều,2
thầy ơi cho em hỏi là muốn đăng ký khoá n5 của trung tâm mình thì đăng ký ở đâu ạ,1
thầyday rat hieu va ti mi luôn,2
e htai đang học cùng khu trung tâm với thầy nay em lên bài 14 lơ mơ em lại lên tìm thầy trung tâm của thầy t3 trung tâm em dưới tầng 2 ạ,2
em cảm ơn thầy nhiều ạ,2
quá tuyệt vời. cám ơn thầy nhiều ạ,2
cảm ơn thầy nhiều,2
thầy ơi có dạy trực tuyến không thầy,1
thầy hat dung tham hoa am nhac,2
"thầy vừa đẹp trai,hài hước lại dạy hay nữa ạ. mình buổi ngày học với cô nhưng lúc rảnh lại vào nghe thầy giảng lại. rất dễ hiểu.cảm ơn thầy nhiều ạ",2
thầy dạy hay quá a,2
"cám ơn thầy ạ.  giảng rất chi tiết và dễ hiểu,",2
"biết ơn thầy nhiều lắm ạ,",2
"cảm ơn video của thầy, em rất hoang mang không biết phân biệt các nhóm động từ và cách sử dụng, vậy mà xem xong bài giảng của thầy em đã nắm bài rất rõ và tự tin để tiếp tục học tiếng nhật ạ.",2
e đang học tới bài 14 nhưng trợ từ rất yếu thầy hay cho video nào về trợ từ  không,1
"bài giảng hay, nhưng sẽ hay hơn nếu người giảng dạy bỏ đi câu nói thằng này đi nhé. nó không phù hợp với người làm giáo dục",2
uki em nha,1
uki em nha. cố gắng chinh phục hết n5 em nhé,1
uki em ơi 3,1
em liên hệ qua nick facebook nguyễn ngọc tiệp để thầy tư vấn cho em nha,2
kiki thầy chúc mừng em đã vượt qua ải đầu tiên trong chương trình n5  càng vượt qua nhiều cái khó em mới thấy tiếng nhật cũng không phải là ngôn ngữ khó nhất đâu đúng không em,2
"thầy ơi, thầy có bài giảng n4 không ạ?",1
thầy có đăng tài liệu về trợ từ trên page minato dorimu. em tìm và tham khảo giúp thầy nha,1
"cảm ơn thầy  
nay em bị ốm nên học thầy ;-)",2
cảm ơn đã có những khuyên tốt hữu ích,2
cảm ơn thầy nhiều giảng mà dễ hiểu,2
"thầy dạy rất dễ hiểu, cảm ơn thầy nhiều ạ",2
có tâm ắt có tầm cảm ơn thầy vì bài học bổ ích ạ,2
"thầy ơi cho em hỏi chút, ở nhóm 2 động có một âm tiết sẽ không phân biệt,i hay em đều sẽ thuộc nhóm 2, vậy nhóm 3 động đi kimasu và shimasu, cũng một âm tiết thì tại sao lại không thuộc nhóm 2 ạ, mà được cho vào nhóm 3, mặc dù nó thỏa mãn điều kiện một âm tiết.",1
e cảm ơn thầy ạ,2
thầy dạy tâm huyết quá,2
thầy dạy hay quá thật dễ hiểu á,2
"ui ,vậy mà em không biết kênh này sớm hơn ạ. thầy dạy rất hay, rất chị tiết, rất có tâm ạ. chúc thầy luôn mạnh khỏe để ra nhiều video dạy tiếng nữa ạ.",2
buổi sáng thức dạy nhìn xuống thấy có áo tắm  rơi .có thể tin tưởng mượn mặc cho đủ,1
dễ hiểu tht,2
em muôn hoc lơp  kaiwa  .  đk hoc  thê nao ạ,1
c.on thầy rất nhìu,2
"công nhận em học theo thầy hiệu quả lắm luôn á, ngày mai em thi rồi mong điểm đúng với năng lực",2
chúc em nhanh khoẻ nha,1
"dạ em cảm em thầy 
thầy dạy rất dễ hiểu 
e chúc thầy nhiều sức khoẻ ạ",2
"thầy cảm ơn em nhé, chúc em học tập tốt sớm hoàn thành chương trình n5 nhé",2
"trong phần những nhóm động từ, động từ thuộc nhóm 2 hay 3 là được quy định sẵn từ trước đến nay rồi em nhé! khi học bài này em cố gắng học thuộc để không bị nhầm nhé!",1
"em hiểu rồi ạ, em cảm ơn thầy nhiều nhé",2
thầy chúc em học tập tốt nhé,1
thầy cảm ơn em nhé,2
thầy cảm ơn em đã đồng hành cùng thầy nha,2
cố gắng chinh phục hết n5 và n4 thầy đã đăng nhé. chúc em học tốt nha 3,2
thầy có ra video n3 không ạ,1
đúng rồi em nhé,1
em vui lòng nhắn tin cho fanpage ngọc tiệp minato để trung tâm tư vấn cho em nha 3,2
chúc em có kết quả thi thật tốt nhé 3,1
"cảm ơn thầy rất nhiều, thầy giảng dạy rất tận tâm và cũng rất dễ hiểu ạ",2
cảm on thầy rất dễ hiểu,2
"học trên lớp khó hiểu, học trên nhiều link cũng thấy khó hiểu. mà xem video thầy dạy dễ hiểu quá",2
dạy quá kĩ luôn á thầy ơi,2
thầy dạy rất dễ hiểu  cảm ơn thầy,2
thầy quá tuyệt vời.e cảm ơn thầy nhiều,2
xem thầy giảng mới hiểu được nhiều vấn đề khi học tiếng nhật.cám ơn thầy ngọc tiệp!,2
mà nhóm 2 chia giống nhóm 3 nó khác nhau cái gì nhỉ,1
"học tiếng nhật hiểu nhanh hay không còn phụ thuộc vào người dạy là có thật, học trên lớp như nước đổ đầu vịt vào xem thầy dạy lại thì dễ hiểu hơn nhiều",2
cảm ơn thầy.thầy giảng dễ hiểu và tận tâm ghê,2
thầy dạy rất hay.,2
"hay quá thầy ơi , cảm ơn thầy",2
cảm ơn thầy nhiều ạ,2
e học mất gốc từ bài 14 cảm ơn thầy nhiều nhé,2
"cảm ơn  thầy  ,thầy  dạy dễ hiểu  lắm  ạ",2
thầy chúc em học tốt nha,1
thầy chúc em học tốt nha em theo dõi cộng đồng tiếng nhật minato dorimu để xem thêm nhiều tài liệu bổ ích nha,1
thầy cảm ơn em nhiều nha em theo dõi cộng đồng tiếng nhật minato dorimu để xem thêm nhiều tài liệu bổ ích nha,2
thầy chúc em học tốt nha,1
thầy chúc em học tốt nha,1
cảm ơn thầy và trung tâm,2
thật tuyệt vời rất dễ hiểu dạy rất có tâm,2
sao mà bọn ng nhật nghĩ ra cais chia động từ ni cho lằng nhằng vãi,1
thầy có cách truyền đạt rất hay ạ,2
rất hữu ích,2
"thầy dạy quá dễ hiểu,e cám ơn thầy rất nhiều",2
e đã xem bài giảng của nhiều thầy nhưng chỉ có của thầy tiệp làm em mới dễ hiểu.và hiểu được ngọn ngành.cảm ơn thầy rất nhiều vì đã truyền đạt kiến thức 1 cách tận tình dễ hiểu,2
cứ giật tê tê là thể tê nha các bạn ;))),1
cho em hỏi khúc ví dụ phút 1:08:46 là sao mình dùng yomi katrung tâma vậy ạ?,1
"em cảm ơn thầy ạ. thầy dạy rất kĩ ạ,em ở lớp học nhanh như 1 cơn gió học tc quên sau, giáo trình em học bài 5 mà đến đây rồi ạ",2
thầy hãy dạy cả kaiwa theo từng bài nữa đi thầy,2
"cảm ơn thầy rất nhiều,em học đi học lại nhiều lần mà không nhớ được nhóm nào, vậy mà mới xem thầy dạy 1 buoi mà em hiểu hết rồi, thầy dạy rất tỉ mỉ có nhiều vi dụ minh họa nên rất dễ hiểu,và cách hướng dẫn dễ nhớ bài. từ nay mỗi ngày em sẽ xem thầy dạy.mong thầy có nhiều bài giảng hay cho học viên. chúc thầy luôn mạnh khỏe.",2
thầy dạy rể hiểu cảm ơn thầy ạ,2
cách truyền đạt dễ hiểu lắm ạ!,2
thầy cho em hỏi có địa chỉ website học ngữ pháp chi tiết với ạ,1
kata là cách,1
thầy đang nói về hiragana b còn kanji kia đứng 1 mình không có nghĩa,1
"cảm ơn thầy ạ, em sẽ đăng kí khoá học n3 của thầy.",2
từ ngày biết đến trang của thầy em toàn học của thầy thôi ạ. dạy cực kì có tâm và dễ hiểu. cám ơn thầy rất nhiều ạ  mãi iu,2
"cảm ơn thầy, quá dễ hiểu ạ",2
cảm ơn thầy thầy dạy rễ hiểu lắm ạ,2
thầy cho em xin địa chỉ trung tâm ạ,2
kỹ năng sư phạm của thầy quá đẳng cấp 3,2
thầy dạy hay quá,2
bài giảng của thầy rất dễ hiểu,2
h em xem vẫn thấy dễ hiểu cảm ơn thầy,2
còn 11 bài nữa cố lên,2
học thầy rễ hiểu và học vào thật các bạn á,2
thầy giải hay dễ hiểu,2
cảm ơn thầy ạ,2
cảm ơn thầy,2
thầy giảng hay với dễ hiêu quá ạa,2
thầy dạy hay và dễ hiểu lắm,2
"lớp thầy dạy một khóa bao nhiều tiền vậy thầy n5,",1
tuyet voi. cảm on thầy nhiu,2
tuyệt vời,2
thầy dảng de hieu làm a,1
ngoài giờ học trên lớp ngày nào em cũng xem thầy giảng.cảm ơn thầy,2
cảm ơn sự tâm huyết của thầy33,2
thầy dạy chi tiết và dễ hiểu quá. theo thầy hơi muộn  tiếc quá,2
thầy cho em hỏi chữ hán của từ hana  nghĩa  là hoa và từ hana trong hanashimasu khác nhau mà lại có có cùng nghĩa là hoa ạ thầy,1
e đã học rồi mà học lại thấy thầy dạy hay quá.,2
"thầy là người truyền đạt dễ hiểu, tận tâm và tỉ mỉ nhất mà em từng học ạ",2
"hay quá, cảm ơn thầy",2
"thầy cảm ơn em nhiều nhé, thầy chúc em học tốt !",2
"thầy cảm ơn em nhiều nhé, khi học có gì không hiểu thì đừng ngại bình luận để thầy biết và giải đáp kịp thời nhé!",2
"thầy cảm ơn em vì đã ủng hộ kênh nhé, em học có gì không hiểu thì đừng ngại bình luận cho thầy biết nhé!",2
vâng ạ . thầy dạy dễ hiểu lắm ạ,2
"thầy cảm ơn em nhiều, em có thể tham gia nhóm cộng đồng tiếng nhật minato dorimu trên facebook của thầy để được giao lưu học tập cùng các bạn và được cập nhật kiến thức bổ ích mỗi ngày nhé!",2
"thầy cảm ơn em nhiều nhé, chúc em học tốt!",2
thầy cảm ơn em nhiều và chúc em học tốt nhé!,2
"thầy cảm ơn em, tiếp tục kiên trì học tiếng nhật với mục tiêu rõ ràng em nhé!",2
"thầy cảm ơn em nhé, chúc em học tốt!",2
vâng ạ33,2
"thầy cảm ơn em nhiều, nếu có bạn bè, người thân học tiếng nhật thì em nhớ giới thiệu thầy nhé .",2
"thầy cảm ơn em rất nhiều, chúc em học tốt nhé!",2
"thầy cảm ơn em rất nhiều. em có thể tham gia nhóm cộng đồng tiếng nhật minato dorimu trên facebook để được cập nhật kiến thức bổ ích mỗi ngày với giao lưu cùng các bạn học viên khác, em nhé!",2
"thầy cảm ơn em, em có thể tham gia page và group của thầy trên facebook để có thêm nhiều kiến thức thú vị mỗi ngày nhé.",2
thầy dạy hay mà dễ hiểu lắm .,2
xin cảm ơn thầy nhiều,2
"thầy ơi, còn nhóm có âm ư ở cuối thì sao ạ",1
"cảm ơn thầy, cực thích cách thầy dạy hi",2
cảm ơn thầy nhiều ạ,2
"vậy dtừ ( tsukau) sử dụng chia theo thể t.thể nai  ...là ( tsuka .....) như thế nào? 
vậy hàng u trước masu chia ra sao ?",1
thầy dạy rất hay cảm ơn thầy ạ,2
thầy dạy kỹ ..nhiệt tình nữa .,2
"thầy dạy siêu kỹ luôn, cảm ơn thầy ạ",2
thầy giảng dễ hiểu lắm ạ,2
e cảm ơn a. từ khi biết đến a. em cảm thấy học tiếng nhật khá hơn !,2
bài giảng tuyệt vời quá thầy ơi,2
"thầy dạy rất tận tâm ạ..đầy đủ, chi tiết.
dễ hiểu. cám ơn thầy",2
cảm ơn thầy,2
"thầy dạy hay quá, học dễ hiểu lắm ạ",2
"thầy giảng rất dễ hiểu và dễ nhớ ạ,   mong thầy sẽ ra nhiều video dạy học hơn 3",2
em cảm ơn bài học của thầy ạ,2
thầy dạy hay quá . lại còn kĩ nữa,2
thầy dạy vui và dễ hiểu lắm ạ,2
thầy dạy quá hay . truyền năng lượng cho người ngại học tiếng nhật.... từ giờ em sẽ theo dõi mỗi kênh của thầy thôi,2
cảm ơn thầy nhiều ạ,2
hay lắm thầy,2
hay quá ạ,2
thầy dạy rất hay ạ,2
thầy có tạo nhóm gì không nhỉ?,1
nghệ thầy giảg  mới  hiểu  cảm ơn  thầy,2
nghe một hai câu giảng thôi là biết thầy dạy rất chuẩn chỉ và cẩn thận rồi. rất hữu ích cho người mới học,2
cách thầy truyền đạt dễ hiểu thật sự ấy ạ,2
thầy giảng rất dễ hiểu.cảm ơn thầy nhiều ạ,2
vẫn câu nói cũuu!! em cảm ơn thầy vì nhiệt huyết của thầy ạa!! mãi iuu,2
video hay lắm ạ,2
"em cảm ơn thầy nhiều ạ , giúp em hiểu được bài 14 này",2
thầy dạy hay và dễ hiểu quá mà giờ mới biết đến kênh của thầy  :((( . chúc thầy thật nhiều sức khỏe để chia sẻ thật nhiều bài học hay cho các bạn học tiếng nhật ạ,2
thầy dạy chất lượng mà ít người xem quá,2
vấn đề ở đây là từ vựng chưa đủ khi bỏ si mát làm sao biết nghĩa được :((((,1
"cám ơn thầy, bài giảng rất dễ hiểu ạ",2
cảm ơn thầy ạ 3,2
giọng thầy bớt tếu được không ạ,2
lộn chỗ kia là nhóm 3 mình ghi nhầm mà nhóm 4,1
"cảm ơn thầy rất nhiều ạ, bài giảng rất hay luôn ạa !!!",2
thầy dạy dễ hiểu hơn giảng viên trường em nữa  cảm ơn thầy nhiều,2
thế là nhóm 2 với 3 chia giống nhau ạ,1
"thầy dạy dễ hiểu làm ạ,mong thầy ra thêm video ạ",2
"thầy dạy rất hay và dễ hiểu, mong thầy ra nhiều video n4 và n3 nữa ạ.",2
cảm ơn em đã theo dõi bài giảng ! chúc em học tốt và đạt kết quả cao nhé,2
n4 có đủ bộ rồi mà bạn,1
cảm ơn thầy bài học rất hay,2
thầy ơi em không hiểu ở chỗ mượn là karimas biến đổi thành katrung tâme mà sao trog bài là karite ạ . tư mượn này cũng là trong nhóm 2 đặt biệt ạ ?,1
"phần cuối bạn giảng quá hay, dùng tiếng nhật lâu nay mà không hề biết cái này, cám ơn b nhiều",2
thầy đã trở lại  mừng gớt nước mắt,2
"cảm ơn thầy rất nhiều, chúc gia đình thầy một giáng sinh vui vẻ hạnh phúc",2
"đoạn 35:12 thì phải là hiện tại hoàn thành tiếp diễn nhỉ mọi người, vì quá khứ tiếp diễn là không còn xảy ra ở hiện tại nữa",1
"đã học lớp trực tuyến n5 nhưng xem lại học lại của thầy vẫn thấy hay và dạy miễn phí cho mọi người còn kĩ nữa
.cảm ơn thầy",2
"thấy ơi, hoa thầy trong tiếng nhật là gì vậy ạ:penguin-blue-waving-tear:",1
sơn tùng atm,2
mình cảm ơn bạn nhiều. hi vọng những video bài giảng của mình sẽ giúp ích cho bạn,2
"được gặp lại em và các bạn, thầy vui quá",2
thầy cảm ơn em nhiều nha  chúc em ngày mới tốt lành 3,2
uki em nhé!,1
uki rồi em nhé!,1
ổn rồi em nhé!,1
được em nha,1
đúng rồi em nhé!,1
"nó có 4 ý nghĩa lận b:
1. hiện tại tiếp diễn.
2. quá khứ tiếp diễn (khi có bối cảnh quá khứ).
3. trạng thái kéo dài.
4. thói quen hoặc hành động lặp đi lặp lại. 
nên có thể thầy nhầm",1
"thầy cảm ơn em nhiều nha. vậy cố gắng chăm chỉ học bài, học cả n4 nữa đừng phụ công thầy quay bài nha em",2
dạ  em đang cố tự học . rồi n3 em lại đăng ký học lại của thầy . n4 em bận thời gian ý lên em không tham gia được hẹn thầy n3 em lại tiếp tục . chứ n4 em đg bảo lưu,1
kiểu kiểu như phương tiện,1
trời ơi. sơn tiệp atm mới sốc chứ thầy ơi. em ngất,2
"thế ví dụ nếu hỏi: b có xe máy không? và mình trả lời là không có: mochi masen được không thầy,
   vì quá khứ mình đã không có thì cũng đâu có gì để tiếp diễn giống như shiri masen đó ạ",1
"e học trước quên sau, khi vào bài thì nhớ, qua vài hôm lại quên mất",1
"son tung mtp voi son tiep atm thi ai dep trai hon, ro rang la son tiep roi",1
em thấy khác nhau mỗi ka,1
cảm ơn thầy rất nhiều ạ,2
thầy dạy rất dễ hiểu cảm ơn thầy ạ,2
sơn tiệp atm cây rút tiền chạy bằng cơm ạ,2
e học lại n5 lần 2 rồi .. mà không nhớ nổi động từ và cấu trúc  . nghe thầy giảng suốt mà học trước quên sau . nản quá rồi thầy ơi,1
cảm ơn thầy,2
thầy dạy dễ hiểu .cảm ơn thầy,2
giá mà vào được trung tâm của thầy thì tốt biết bao,1
vì thầy dạy nên bài nào cũng cảm thấy đơn giản,2
"cám ơn thầy ạ, nhờ có thầy mà em biết những điều trong sách không nói ạ",2
kiki sơn tiệp anh trai xa của sơn tùng em ơi,2
em quả là hiểu thầy,2
kiki thầy cảm ơn em nhé!,2
"thầy nghĩ em ngồi ghi chép lại, sau đó đặt câu với ctnp đó. đặt thật nhiều câu đến khi nhớ ctnp thì thôi. cuối cùng là note lại vào giấy ctnp đã học theo cách đã nhớ và dán ngay bàn học để nhìn lại thường xuyên nha em",1
vâng em sẽ thử theo cách của sei,2
thầy cảm ơn em nha,2
em chỉ cần cố gắng chăm chỉ và học giỏi là sẽ được mời về làm nha  180180 như huệ híp là thầy mời luôn nha,2
thầy cảm ơn em nha  chúc em học tốt và sớm học xong n4 n5 nha,2
nhấn mạnh thôi b .,1
xem thầy rất hiểu bài ạ,2
e không bit dùng trợ từ thầy ơi,1
cảm ơn thầy !,2
thầy dạy nghe dễ hiểu,2
thầy giảng em thấy hiểu hơn thầy đang dạy e,2
mọi người ở đây đạt n mấy rồi ? có ai bỏ cuộc không ? điểm danh lấy động lực chút nào,1
"thầy dạy rất hiểu, em cảm ơn rất nhiều ạ",2
cảm ơn thầy ạ bài giảng rất dễ hiểu ạ,2
"thầy có nhận hs học trực tuyến không ạ
e đky",1
30 thầy ơi hôn ngiu mà mở mắt thì kì lắm luôn á,2
máy điều hoà sai chữ rồi g ơu,1
tuyệt vời sese oi,2
thầy chúc em học tập hiệu quả nha,2
em có thể tham khảo tài liệu ở page minato dorimu nhé em,1
thầy cảm ơn em nhé,2
thầy cảm ơn em nhiều nhé! 3,2
"đừng bỏ cuộc bạn ơi , cố gắng học đi . tui nản nma tui cũng phải cố gắng đây , bởi sau tôi còn có bố mẹ tôi và các em tôi , ngoài ra còn có những ánh mắt phán xét của những ng hàng xóm và mọi người nữa . cố lên",1
tại sao lại bỏ cuộc nhờ,1
thầy chúc em học tập tốt nha,2
thầy chúc em học tập tốt thi đạt kết quả cao nhé,2
thầy ơi khi nào dùng ni khi nào dùng đế vậy ạ,1
giá mà được học thầy trực tiếp. dạy vừa dễ hiểu vừa vui tính,2
e cảm ơn thầy nhe,2
thầy dạy rất hiểu,2
cảm ơn anh đã chia sẻ nhưng vào học hay quá,2
thầy giảng dễ hiểu mà hài hước trước đây cũng học mà không nghe thầy không học thuộc từ mới kết quả không hiểu gì phải học lại từ đầu công nhận thuộc từ mới học ngữ pháp mới hiểu,1
em coi rata dễ hiểu.cảm ơn thầy nhiều lắm ạ,2
thầy giảng dễ hiểu lắm ạ,2
e còn yếu kaiwa thầy ạ,2
thầy chỉ cách em phân biệt koko de với koko ni với ạ,1
đang học n4 những cứ bật lên nghe cho nhớ n5,1
thầy dạy rất dễ hiểu và em rất thích nghe thầy dạy,2
quá hay,2
thầy giảng rất dễ hiểu ạ,2
cảm ơn thầy đẹp trai nhé không có thầy thì em không hiểu gì hết luôn chúc thầy nhiều sức khỏe và hạnh phúc nhé,2
"thầy ơi, em thấy rất nhiều bạn bị loạn trợ từ và cả em cũng thế. tụi em thật sự không biết phải làm sao?",2
có ai đang học không,1
"thầy dạy dễ hiểu và vui ghê, cảm ơn thầy nhiều ạ",2
đã hansamu lại còn dạy giỏi,2
thấy làm 1 video về cách sử dụng trợ từ có được không ạ. cảm ơn thầy nhiều lắm ạ,2
cảm ơn thầy nhiều lắm ạ. bài giảng rất hay và dễ hiểu,2
"thầy giảng rất hay, em cảm ơn thầy ạ",2
em cảm ơn thầy rất nhiều ạ  iloveyou thầy,2
quá ok,2
thầy nói đúng. khi bài 14 không nắm chắc học tiếp sẽ gặp khó khăn nên nhiều bạn khi học đến bài 14 bỏ cuộc. cảm ơn bài giảng thầy,2
dr bạn,1
vậy để thầy làm video giúp các em phần này nhé,1
cảm ơn　thầy,2
hãy dừng  xe phía trước của hàng hoa ở đằng kia,1
"thầy cảm ơn em rất nhiều, trong khi học nếu có gì không hiểu thì đừng ngại bình luận, thầy sẽ trả lời sớm nhất có thể nhé!",2
. thầy cảm ơn em nhiều và chúc em học tốt nhé!,2
"cảm ơn ý tưởng của em nhé, trong tương lai thầy có làm video theo chủ đề này. thầy chúc em học tốt!",2
cảm ơn em đã giải đáp giúp bạn nha,2
"thầy cảm ơn em rất nhiều, thầy chúc em học tốt nhé. khi học nếu có gì không hiểu thì đừng ngại để lại bình luận, thầy sẽ trả lời em sớm nhất có thể nhé!",2
thầy cảm ơn em nhiều và chúc em học tốt nhé .,2
thầy cảm ơn em nhiếu nhé .,2
"thầy cảm ơn em nhé, chúc em học tốt!",2
dạ vâng thầy ạ.,2
mong thầy trả lời,2
thầy cho em hỏi câu đồ đặt ở đây cũng được đấy sao lại sau địa điểm dùng ní ạ.a đang không hiểu về trợ từ ní và đế cho lắm thầy chỉ giúp e,1
thầy giảng,2
thầy cho em hỏi. nếu như câu tôi nghĩ món ăn này ngon. em nghĩ cái cặp kia đắt thì phải dùng ngữ pháp nào á. vì đó không phải là động từ. nếu là tính từ hay danh từ thì mình nói ntn á.,1
cảm ơn thầy nhiều a!,2
sơn tiệp atm  thầy thật thú zị,2
thầy dạy dễ hiểu lắm ạ,2
"sau khi em học bài này của thầy, em đã áp dụng luôn là xin phép ng iu được hôn, cô ấy quay sang nói là anh học trò này ở đâu đấy, em thật thà bảo học của thầy tiệp, thế là cô ý đã tát em mấy cái đấy thầy ạh ka.",2
thầy thật vui tính,2
thầy làm về trợ từ đi thầy em hay bị nhầm lẫn,1
cảm ơn thầy sơn tiệp atm ạ!,2
thầy giảng em buồn cười quá. kaka,2
thầy  dạy cực  kỳ   dễ  hiểu   luôn  . cảm  ơn  thầy  rất  nhiều,2
cảm ơn thầy ạ,2
sơn tiệp atm,2
cảm ơn thầy rất nhiều nhờ thầy mà em đã hiểu bài,2
em có thể cho thầy biết ở phút bao nhiêu không để thầy tiện trả lời cho em?,1
"thầy cảm ơn em, chúc em học tốt nhé",2
cảm ơn thầy em đã followw rùi ạh.,2
giảng kỹ ghê,2
thầy cute đến độ em thật muốn bảo vệ thầy khỏi thế giới.,2
thầy dạy rất hay,2
cám ơn thầy,2
thầy nói nhẹ nhàng hay ghê,2
không phải lên ní xuống wo à thầy,1
ví dụ đầu tiên...chữ điều hoà thầy viết sai rồi ạ,1
cám ơn thầy ạ,2
cảm ơn thầy ạ.,2
thầy ơi nếu đã ly hôn rồi và đang ế toàn diện doku toàn thân thì nói ntn ạ,1
em cảm ơn thầy ạ,2
em cảm ơn thầy,2
"rất hay và dễ hiểu thầy ơi, cám ơn thầy nhiều ạ",2
cảm ơn thầy nhiều ạ 3,2
thầy cảm ơn em  có cảm giác được che chở,2
"hehe, ôm cái nè. cám ơn thầy, những bài giảng của thầy giúp em qua môn tiếng nhật đó,",2
thầy thầy đang nói về thầy,2
em bắt đầu loạn hết ngữ pháp rồi thầy ơi,1
em cảm ơn thầy rất nhiều thầy là cứu cánh của em,2
thầy dạy rất chi tiết.va rất hay ạ,2
"thầy dạy rất hay
dễ hiểu  ạ",2
"thầy giảng dễ hiểu lắm ạ, cảm ơn thầy nhìu 3",2
trời ơi nay xem lại được video của thầy rồi ơn giời,2
thích cách dạy thầy dễ hiểu và thấy vc học không cảm thấy áp lực nữa,2
thầy dạy dễ hiểu dễ nhớ hơn cả tôi học ở trường. học ở trường xong về còn phải học lại của thầy,2
"em cảm thấy may mắn khi chọn bắt đầu học ngữ pháp từ kênh của thầy ngay từ đầu, thầy dạy kiến thức rất chắc và sau những bài kế tiếp thầy luôn có những ví dụ liên kết với những bài học trước để em có thể liên kết kiến thức thông qua đó nhớ được lâu hơn và lấy ra khi cần dễ hơn ạ, em mới bắt đầu theo đuổi đam mê tiếng nhật từ cuối năm 2024, thông qua những bài giảng và những video truyền động lực của thầy em có nhiều năng lượng hơn để duy trì tiếng nhật mỗi ngày ạ ! chúc thầy và các giáo viên của minato sức khỏe dồi dào, vạn sự như ý ạ !",2
em thich bai giang cua thay lam aj,1
"theo mình thì maeni dùng cho khoảng thời gian, còn madeni dùng cho mốc thời gian",1
thầy cảm ơn em nhiều  tiếp tục học nha em,2
học không áp lực sẽ dễ vào hơn em nhỉ  cố gắng chăm chỉ em nhé,2
kiki thầy cảm ơn em nhé. đọc được bình luận của em thầy vui quá. hi vọng là những video bài giảng của thầy luôn giúp ích cho em trên con đường học tiếng nhật nha,2
"thầy cảm ơn em rất nhiều vì những lời chia sẻ đầy chân thành và đầy tình cảm. thầy tin rằng với tinh thần học tập kiên trì và đam mê của em, tiếng nhật sẽ không bao giờ là rào cản của em đâu hãy cứ giữ vững tinh thần học, mỗi ngày một chút, em sẽ đạt được những mục tiêu mà bản thân em mong muốn! chúc em sớm chinh phục được hết kiên thức n5 n4 nhé!",2
vâng em cảm ơn thầy ạ,2
thầy vui quá. được các bạn yêu thích là thầy lại có thêm động lực để quay thật nhiều video rồi,2
ok rồi nha em!,2
"thầy dạy rất dễ hiểu, cảm ơn thầy !",2
khó quá thầy ơi,0
thầy giảng rẻ hiểu lại còn hài nữa,2
thề luôn mình xem nhiều thầy nhưng mình thích nhất thầy tiệp dạy dễ hiểu giải thích rõ ràng,2
thề luôn mình xem nhiều thầy nhưng mình thích nhất thầy tiệp dạy dễ hiểu giải thích rõ ràng,2
thề luôn mình xem nhiều thầy nhưng mình thích nhất thầy tiệp dạy dễ hiểu giải thích rõ ràng,2
vấn đề là tự vựng cứ học trước quên sau. buồn thật,1
có ai đăng kí cho thấy chưa ?,1
trời ời cầy cho đã bây giờ mới biêt đến thầy. thầy dạy quá đỉnh luôn á,2
cảm ơn thầy rất rất nhiều ạ,2
"thầy dạy siêu dễ thương, bao dễ hiểu",2
em làm đúng rồi nha!,1
cảm ơn em nhiều  chúc em sớm chinh phục được hết kiến thức n5 nhé!,2
em cảm ơn thầy ạ,2
cố gắng em ơi. chưa hiểu lần này thì mình lại tiếp tục xem lại. nhớ note lại cận thận những bài học được nữa nhé em!,1
được em nhé!,1
em cảm ơn thầy nhiệt tình trả lời ạ.,2
được em nhé!,1
kiki thầy cảm ơn em nha  chúc em học tiếng nhật dễ và hiệu quả nha,2
thầy cảm ơn em nhiều nha. chúc em sớm chinh phục được khoá học n5 và n4 luôn nha,2
vậy thì em áp dụng luôn cách học lại và đọc lại hàng ngày thì thầy tin là em sẽ nhớ hết nhanh thôi,1
"mình cày view cho thầy luôn vì cái tội ghi nhớ từ vựng kém.
xem đi xem lại đến nỗi nhớ luôn từng câu nói . tự khắc sẽ nhớ cả từ vựng
kiểu là lặp lại nhiêu nó ngấm sâu thì phải .",1
em đăng ký cho thầy nha,1
kiki hơi muộn chút thôi nhưng vẫn kịp em ơi. cố gắng học hành chăm chỉ không phụ công thầy giảng bài nha,2
thầy giảng kỹ và dễ hiểu lắm ạ cảm ơn thầy ạ,2
thầy giảng hay và dễ hiểu. cảm ơn thầy,2
cảm ơn thầy rất nhiều,2
thầy giảng hay,2
làm sao để biết từ đó là từ đặc biệt thuộc nhóm 2 thay vì là nhóm 1 ạ?,1
thầy có video tổng hợp toàn bộ trợ từ của n5 chi tiết không thầy,1
e vẫn đang tự học theo thầy. biết ơn thầy nhiều lắm ạ,2
"cảm ơn thầy rất nhiều, mến chúc gđ thầy nhiều sức khỏe hạnh phúc và thành công",2
trợ từ ni trong câu đừng đỗ xe ở đây là ngữ pháp bài mấy v ạ?,1
"video rất rất hay, cám ơn thầy đã mang kiến thức đến mọi người",2
ngày nào cũng  vào xem thầy sơn tiệp atm,2
học đến bài này tự nhiên mất phương hướng giữa v te và v nai,1
cảm on thay,2
choi oi thầy dạy tới đâu hiểu tới đóoo,1
cám ơn thầy ạ,2
thầy cảm ơn em nhé. chúc em sớm hoàn thành chương trình n5 n4 nhé 3,2
thầy cảm ơn em nhiều nha,2
"ban đầu thì em cần phải nhớ, sau đó dùng nhiều em sẽ quen nha",1
thức dạy nhìn xuống thấy người đang tắm rơi áo đủ tự tin mượn mặc,2
thầy chỉ có video ngữ pháp từng bài thôi em à :(,1
chúc em sớm chinh phục được n5 n4 nha,2
em cố gắng học song 50 bài thầy giậy sớm nhất có thể để có thể đk khoá on n3. kịp thi tháng 12.2024 ạ.,1
thầy chúc em học tập tốt nhé,1
bài 15 của thầy á bạn,1
thầy cảm ơn em nhé,2
vâng thầy!,2
thầy cảm ơn em nha  cố gắng chinh phục hết n5 và n4 em nhé,2
tuyệt vời. chúc thầy 1năm thành công ạ.,2
chủ nhật 31122023,1
thầy đỉnh quá em đi học lớp học thêm mà không hiểu bằng học thầy ạ,2
thề riêng tui là tui thấy thầy dạy hay hơn cả thầy dũng mori luôn,2
cảm ơn thầy,2
"thầy dạy dễ hiểu lắm lắm, tự học nên rất cần những bài giảng của thầy",2
hay quá anh oi,2
từ bài 16 thích nghe thầy giảng ghê.,2
"quá hay, dễ hiểu tsu",2
"em cảm ơn thầy   rất nhiều, rất dễ hiểu ạ",2
giầy giảng dễ hiểu thật cảm ơn thầy rất nhiều đến bài này em đg rất rối may gặp được thầy ạ cảm ơn thầy nhiều ạ,2
"nhờ bài giảng của thầy mà mình có thể tự ôn ở nhà được. bài giảng quá chi tiết, đầy đủ và dễ hiểu quá luôn ạ. em cám ơn thầy nhiều",2
thầy cảm ơn em nhe,2
vậy em cố gắng học chăm chỉ nha,1
thầy chưa ra video dạy n4 ạ,1
gau.bo2020 đr ạ mình cũng cảm thấy vậy,1
gau.bo2020  n5n4 hoc 12 thê cai tâu hoa luôn,1
chuẩn b ơi nhất việt nam kakaka,2
gau.bo2020  chuyển cho đã xong cuối cũng cũng quay lại thể lịch sử. mẹ nó,1
dũng mori dạy qua loa có ra gì đâu.,1
rất hay và nghe bài nào cũng quấn,2
tuyennguyen-kx2oy xin lỗi nhưng xem clip thầy dũng 2p là mình không có cảm giác nên đã quyết định không xem  mà trên mạng quảng cáo khóa học ghê thật,2
"ừ cảm giác thầy dũng dạy mọi thứ nó bị nhanh quá ấy, thầy tiệp cảm giác chậm  mà chắc, thế nên là giờ  tôi mới ở đây",2
thầy chúc em học tốt nha,1
thầy chúc em học tốt nha em theo dõi công đồng tiếng nhật minato dorimu để tham khảo thêm những tài liệu bổ ích nha,1
kết bạn mà đăng ký học thầy từ đầu nhỉ,1
sao người ta không sài luôn kereba naranai cho ngắn nhỉ,1
thầy dạy rất tâm huyết ạ,2
thầy dạy de hieu cảm ơn thầy mong thầy ra thêm nhiều bài giảng nữa,2
cảm ơn những bài giảng của thầy rất rõ ràng và dễ hiểu,2
cảm ơn thầy nhiều,2
công nhận thầy này dạy dễ hiểu thật đấy,2
những chữ kanji thầy để thêm chữ furigana để bọn em còn dễ viết vào vở ạ.,1
bài giảng dễ hiểu lắm ạ,2
thầy dễ thương quá,2
sao em học đến bài 16 rồi mới biết thầy nhỉ,1
"em đi làm công trường thấy ng nhật họ hình như không dùng ngữ pháp phải không anh, toàn nói thể ngắn thôi",1
dạy tận tình quá thầy owii,2
"mỗi bài thầy dạy là 2 kiến thức rất hay ạ, cảm ơn thầy ạ",2
"đúng rồi em ạ, khi mình học ngữ pháp thì mình học cách nói chuẩn nhất, đúng nhất nhưng khi giao tiếp, nhiều trường hợp sẽ nói ngắn gọn lại cho nhanh và tiện. trong tiếng việt mình cũng thế đấy",1
vâng ạ cảm ơn anh,2
quá dễ hiểu luôn ạ,2
cảm ơn thầy,2
rất hữu ích thầy ạ,2
thầy dạy kĩ như thế này ai mà không hiểu nữa thì thôi,2
"ở 474 mình chỉ dùng armasen kara thôi được không ạ, hay phải có desukara vậy ạ",1
"cảm ơn thầy nhiều ạ,những bài giảng của thầy rất chi tiết và dễễ hiểuu ạ",2
thầy dạy rất chi tiết và dễ hiểu ạ,2
thầy ở nhật hay ở việt nam ạ thầy?,2
bài giảng của thầy dễ hiểu lắm ạ . em cảm ơn thầy nhiều . chúc thầy có nhiều sức khỏe . và ngày càng ra nhiều bài hay nữa ạ,2
quá hay thầy.,2
rất hay dễ hiểu cảm ơn thầy,2
"bài giảng dễ hiểu lắm ạ, em cảm ơn thầy rất nhiều 3",2
"chào thầy, mình cũng lớn tuổi rồi. mình cũng đã tự học tiếng nhật rất nhiều rồ nhưng đều bỏ cuộci nhưng thấy bài giảng của thầy rất chi tiết và dễ hiểu. cảm ơn thầy rất nhiều",2
thầy cảm ơn em rất nhiều và chúc em học tốt nhé!,2
"cảm ơn bạn rất nhiều, chúc bạn học tốt nhé!",2
thầy chúc em học tốt nhé .,1
thầy cảm ơn em và chúc em học tốt nhé!,2
"thầy cảm ơn em nhiều nhé, chúc em học tốt!",2
thầy cảm ơn em và chúc em học tốt nhé!,2
"thầy cảm ơn em, tiếp tục nỗ lực nhé em!",2
"thầy cảm ơn em nhiều, em có thể tham gia nhóm cộng đồng tiếng nhật của minato dorimu trên facebook để có thêm nhiều kiến thức thú vị mỗi ngày nhé.",2
"thầy cảm ơn em rất nhiều nhé, chúc em học tốt.",2
"thầy cảm ơn em, chúc em học tốt.",2
"thầy cảm ơn anh nhiều nhé, hiện tại bây giờ anh đã hoàn thành 50 video  trình độ jlpt n4 chưa nhỉ?",1
cảm ơn thầy nhiều ạ về bài giảng rất hay và dễ hiểu,2
dạ thầy dạy rất hay và dễ hiểu,2
thầy dạy dễ hiểu quá,2
thầy dạy rất hay ạ,2
hiểu quá luôn thầy ơi,2
em bắt đầu nhầm các cấu trúc rồi thầy ơi.,1
chuỗi bải giảng rất bổ ích cho các bạn mới học. cảm ơn thầy nhiều,2
thầy dạy dễ hiểu và chi tiết quá,2
cảm ơn thầy nhiều ạ 3,2
mong thầy làm thêm các video về kaiwa nữa ạ,1
mới biết đến thầy cách đây 2 tuần. bây giờ học bài mới là phải ngó qua bài thầy dạy trước đã. em mới học đến bài 18 thôi thầy. nhưng em hay bị lú trợ từ,1
"miễn phí mà dạy cỡ này , đỉnh thật . em đang trông cho xong n4 để đăng ký lớp n3 của thầy đây ạ. cảm ơn thầy",2
thầy oh bên này em thấy họ nói không áp dụng như mình học.nếu học chắc từ vựng và các thể thì có được không ạ.,1
thầy đánh đàn được chưa thầy,2
cảm ơn thầy nhiều,2
cảm ơn thầy những bài giảng thật hay và thú vị em cũng đang ở yamanashi ạ,2
cảm ơn thầy vì kênh đã về đang học quen giọng thầy giảng rồi học người khác học không vào được,2
may quá em lại được học video của thầy đây rồi,2
trước khi uống thuốc hãy đọc tờ hướng dẫn. câu này có áp dụng được cấu trúc mae ni không thầy ơi?,1
thầy soạn để dạy đã vất vã lắm rồi nên có nhầm lẫn chút không sao cả.,1
uki em nhé!,1
yamanashi đẹp em nhỉ chúc em sớm chinh phục được hết chương trình n5 nha,2
được các bạn tin tưởng theo học thầy vui lắm. em cố gắng chăm chỉ đừng phụ công thầy quay bài nha,2
kiki tuần trước kênh thầy có chút vấn đề. giờ em có thể tiếp tục học rồi nha,1
thầy cảm ơn em nhé!,2
được rồi em nhé!,1
ok rồi em nhé!,1
ok em nhé!,1
cảm ơn thầy rất nhiều!,2
thầy quá là tuyệt vời,2
cảm ơn thầy vì bài giảng rất hay và cho tiết ạ.,2
"em học 4 5 thầy khác ở ngoài rồi, chưa ai dạy dễ hiểu và tâm huyết như thầy, cảm ơn thầy ạ",2
thầy dạy cho nhiều ví dụ ứng dụng đời thực nên rất dễ hiểu và nhớ các ctnp ạ. em cám ơn thầy nhiều ạ.,2
ngày nào cũng xem sei.,1
thầy giảng hay và tâm huyết. cảm ơn thầy rất nhiều.,2
24:26 ở kìa sơn tiệp atm mà không thể hát là như nào vậy thầy,1
em xin cảm ơn thầy ạ,2
thầy dạy hay quá có nhiều cái quan trọng thì thầy cố tình sai để giúp mọi người nhớ thầy tâm lý quá,2
uki em nha,1
em cảm ơn thầy ạ,2
thầy cảm ơn em nhiều nha,2
thầy cảm ơn em nha. thầy hi vọng sẽ có nhiều bạn học tiếng nhật cũng sẽ thấy ngữ pháp dễ hiểu và dễ nhớ như em,2
thầy biết các bạn cần phải nhớ nên phải làm sao để các bạn khắc cốt ghi tâm luôn,1
cảm ơn thầy rất nhiều,2
thầy dạy rất tâm huyết ạ,2
quá tuyệt vời thầy ơi,2
em vẫn thắc mắc tại sao truợt tuyết là danh từ ạ,1
nghe thầy giảng rất dễ hiểu ạ . cảm ơn thầy rất nhiều ạ,2
học tới đoạn thầy nói chủ ngữ có thể mèo hoặc chủ ngữ có thể chó mà cười đau hết cả ruột,1
cảm ơn thầy nhiều ạ. dạy dễ hiểu thật,2
cảm ơn thầy,2
không biết giờ trình hát của thầy sao rồi nhỉ,1
thầy có khóa dạy kanji không ạ,1
"thầy ơi em thấy thầy có dạy n3,n2 nhưng chưa thấy dạy n1. em mong muốn thầy co thể dạy n1",1
"thầy vừa có tâm, vừa có tầm. quá tuyệt vời",2
"4 tháng học . bao nhiêu điều muốn làm , vậy mà phải dừng bước tại đây ... thế là giấc mơ đi nhật của tôi đã không thể chở thành hiện thực . xin lỗi bản thân nhé .",1
kiki thầy cảm ơn em,2
giống như từ đá bóng và bóng đá em nha. khi nhắc đến trượt tuyết em cũng có thể hiểu đó là một danh từ chỉ bộ môn thể thao nha!,1
"thầy cảm ơn em, chúc em học tập tốt nha",2
cảm ơn em đã theo dõi thầy. chúc em học tốt sớm đạt được mục tiêu của mình nhé,2
thầy giảng chậm dễ hiểu và dễ nghe theo lắm í,2
dạ em cảm ơn thầy rất nhiều ạ,2
cảm ơn thầy dạy rất dễ hiểu bài chức thầy có sức khỏe tốt,2
"thầy cho em hỏi, làm thế nào để nhớ khi nào thì dùng ố , khi nào thì dùng  gá",1
giờ mới biết đến thầy,1
vậy để hỏi sở thích của người thứ 3 thì như nào vậy ạ!?,1
"đang luyện n4 trong 2 tháng để lấy bằng tốt nghiệp, trên hành trình này có bước chân của thầy, dạy rất vui và dễ hiểu",2
"thiệt thầy giảng hay, rõ ràng, rất chi tiết. cảm ơn thầy nhiều ạ",2
ng ta thừa bình thường rồi vì bài trc đã dạy,1
vào để học chứ không phải vào đây để thể hiện,1
bạn đã có bằng chưa,1
"có hồi tháng 9 rùi bạn ui, mình định t7 tới thi lên n3 này",1
chị có bằng chưa ạ,1
n mấy rồi bạn tôi học mãi không xong n5,1
bạn học mấy tháng mà chưa xong n5 vậy,1
5 tháng bạn ạ,1
chị có bằng chưa ạ.,1
muốn theo thầy học thì đăng kí ở đâu ạ,1
"mình đi học ở trung tâm mà thấy bài giảng của thầy còn rõ và cụ thể hơn, đặc biệt là việc thầy có nhắc đến mục đích của cấu trúc ngữ pháp, điều này giúp mình hiểu học cấu trúc đó để làm cái gì.",1
nhờ thầy mà tiếng nhật của em được cải thiện em cảm ơn thầy nhiều ạ,2
giảng còn dễ hiểu hơn cô giảng ở lớp nữa ở lớp nghe cái lú liền,2
thầy dạy dễ hiểu và có ví dụ dễ hiểu!  chúc thầy luôn mạnh khoẻ nha,2
thầy dạy tâm huyết nhất từng xem dạy rất cuốn .mong thầy có thể phát triển mạnh hơn nữa ạ để mọi người cung học tiếng nhật ạ,2
"thầy dạy rất giỏi .
cảm ơn thầy",2
"cảm ơn thầy đã bỏ thời gian để giảng bài. những ai tự học xem video of thầy rất dễ hiểu, nếu cuối bài học thầy tổng hợp ngắn gọn lại các cấu trúc đã học thì sẽ dễ nhớ hơn ấy ạ.",2
cảm ơn thầy rất nhiều ạ. thầy giảng rất là dễ hiểu.e sẽ giới thiệu cho các bạn cùng công ty biết đến kênh của thầy mà học ạ.,2
chứ dịch trên đầu chứ hán thầy viết lớn hơn được không ạ,2
thầy có lớp học dạy trực tuyến không thầy,1
thầy có video nào chia sẻ cách luyện nghe cho người mới bắt đầu không ạ.,1
"cảm ơn thầy rất nhiều về giáo trình học.bài giảng chi tiết , xúc tích và dễ hiểu .",2
em nhắn tin qua facebook nguyễn ngọc tiệp hoặc page ngọc tiệp minato giúp thầy với nhé,2
e nhắn rồi thầy check ib nhé,1
thầy cảm ơn em nhiều nha 3,2
"à đúng rồi, thầy cảm ơn em nha, lỗi đánh máy rồi.",2
ý em muốn nói nguyên câu tiếng việt như thế nào nhỉ?,1
cảm ơn em đã theo dõi và ủng hộ thầy.. chúc em học tốt nhé,2
"thầy cảm ơn em đã góp ý nhé, tuy nhiên video đã đăng rồi khó mà chỉnh sửa được. thầy sẽ chú ý hơn cho trong các video sau này. chúc em học tốt nhé!",2
"các video về kiến thức chuyên sâu chỉ có trong chương trình học của minato thôi, em nhé. mong em thông cảm!",1
"thầy cảm ơn em nhiều, em có thể tham gia nhóm cộng đồng tiếng nhật minato dorimu trên facebook để được cập nhật kiến thức bổ ích mỗi ngày với giao lưu cùng các bạn học viên khác, em nhé!",2
"thầy dạy đầy đủ, dễ hiểu mà lại có dạy thêm những cấu trúc không có trong chương trình. cảm ơn thầy",2
thầy giảng rất có chiều sâu,2
thầy dễ thương thật,2
theo dõi thầy từ bài 1 đến bây giờ thực sự rất ấn tượng và thầy giảng rất dễ hiểu ạ . cảm ơn thầy nhiều,2
bài giảng hay và siêu dễ hiểu luôn ạ. em cảm ơn thầy rất nhiều 3,2
cảm ơn thầy nhiều ạ,2
thầy　thật tuyệt vời.kính yêu thầy,2
thầy ơi. làm mãi không có tiền nói như nào ạ.,1
thầy cho em hỏi.muốn học bên mình thì đăng ký ở đâu vậy ạ,1
lúc nào dùng ô luc nào dùng gá vậy mọi người,1
thầy dạy rất hay ạ,2
em cảm ơn thầy ạ,2
thầy giảng hay đơn giản mà dễ hiểu ạ,2
cảm ơn thầy ạ,2
thầy không được sủi kèo đánh đàn nhá,1
"vru mae ni thường đi với động từ con madeni thường đi với madeni á
với lại madeni chỉ hạn mực giới hạn không vướt quả chỉ có thể trước hoặc đến giới hạn",1
bạn học sang n4 chưa. giờ mình bắt đầu theo thầy,1
za cho em hỏi bên mình có lớp học kaiwa không ạ,1
"cảm ơn thầy rất nhiều ,không có lười nào nói hết được lòng nhiệt tình và dạy có tâm nhất mà mình từng thấy . chúc thầy thật nhiều sức khỏe để ra  những bài học quá bổ ích như này .",2
thể từ từ,1
vừa học vừa vui cùng thầy.20032025,2
"thầy ơi vào tìm xem video thầy không có mà em buồn luôn, cảm giác em đi học trung tâm nhưng về vẫn phải cần nghe thầy giảng thì thầy giảng quá hay , quá truyền cảm, những người thầy như thầy xứng đáng được tôn vinh vì cách dạy quá tuyệt vời, nếu có phải trả phí để học em cũng nguyện đăng kí",2
chúc em sớm chinh phục được kiến thức n5 nhé,2
kiki thầy cảm ơn em nhiều. được em và các bạn tin tưởng thì không có gì tuyệt vời hơn. thầy sẽ cố gắng để làm ra thật nhiều video giá trị hơn nữa  thầy cảm ơn em nhiều,2
"dạ vâng thầy , n4 em sẽ học bên thầy",2
vì câu muốn nói về kết quả của một sự kiện đã xảy ra trong quá khứ (đi du học) và kết quả đó là anh ấy đã trở nên giỏi tiếng nhật nhé em!,1
ok rồi em nhé!,1
ok rồi nhé em!,1
được rồi nhé em!,1
"video dạy ngữ pháp của thầy tiệp rất chi tiết, bài giảng rẩt có tâm",2
em xin cám ơn thầy rất nhiều vì bài giảng bổ ích và dễ hiểu ạ. các ví dụ rất gần với thực tiễn đời sống. chúc thầy nhiều sức khoẻ ạ !!!!,2
"ủa thầy, không có tác động con người mà nhỉ
ví dụ như dọn phòng thì là con người làm mà",1
may nhờ video của thầy mà em tiếp tục học tiếng nhật.,2
cảm ơn video của thầy ạ.,2
cảm ơn thầy tiệp,2
bài giảng rất dễ hiểu và chi tiết. cảm ơn thầy rất nhiều,2
có đoạn hay mất tiếng,1
"mới ngày nào bài 1 thôi 
mà giờ em đã đến bài 19 rồi 
 em cảm ơn thầy nhìu ạ",2
ok rồi nhé em!,1
ok rồi nha em!,2
kiki thầy cảm ơn em nhiều. chúc em sớm chinh phục được hết kiến thức n5 n4 nha,2
"uki em, thầy cảm ơn em nha   cố gắng chăm chỉ đừng phụ công thầy quay bài nha em",2
"cám ơn thầy , dạy rất dễ hiểu ạ, em đã theo từ bài 5 đến hiện tại, hi vọng mọi thứ sẽ tốt hơn. nếu có khóa phí kaiwa nào sẽ mua ủng hộ thầy",2
cảm ơn thầy nhiều ạ,2
"em học thầy em hiểu luôn 
em cảm ơn thầy, chúc thầy nhiều sức khoẻ ạ",2
chủ nhật 2652024,1
cảm ơn thầy rất  nhiều cho bài học rất bổ ích ạ,2
cảm ơn thầy rất nhiều ạ,2
"cảm ơn thầy,thầy dạy rất hay và dễ hiểu",2
dạy quá chi tiết,2
cảm ơn thầy !,2
cảm ơn thầy nhiều,2
"thầy dạy dễ hiểu lắm ạ, ví dụ cũng rất thiết thực trong đời sống nữa. em biết ơn thầy rất nhiều ạ.",2
cảm ơn thầy rất nhiều a,2
thêm 1 kiến thức tuyệt vời. cảm cơn thầy,2
chủ nhật712023,1
học ở trung tâm không hiểu hết nghĩa của bài. nhưng nghe video của thầy chỉ 1giờ là kaiwa ok luôn,2
thầy cảm ơn em nha. trước đây thầy có khoá kaiwa nhưng hiện tại thầy đã đăng hết chuỗi video kaiwa miễn phí lên kênh để tặng các bạn theo dõi kênh. em cố gắng học xong n4 rồi học luyện kaiwa bằng chuỗi video đó nha,1
"tuyệt vời quá, thầy cảm ơn em nha. chúc em sớm hoàn thành chương trình học n5 và n4 nha",2
thầy chúc em học tập hiệu quả nhé,2
thầy chúc em học tập hiệu quả nha,2
thầy cảm ơn em. chúc em học tập tốt nhé,2
thầy chúc em học tập tốt nha,2
thầy chúc em học tốt nhé 3,1
mãi yêu thầy,1
quá dễ hiểu luôn thầy ơi,2
rất hay và bổ ích,2
rất hay và bổ ích,2
rất dễ hiểu ạ,2
"bài giảng đầu tư lắm luôn, không bao giờ thấy chán, cảm ơn thầy nhiều lắm",2
"đi học không hiểu về học thầy cái hiểu luôn ,thật sự dễ hiểu mà cũng nhanh nhớ nữa.cảm ơn thầy rất nhiều",2
cảm ơn thầy vì bài giảng quá chất lượng ạ,2
tuyệt vờii,2
"thầy dạy vui vẻ quá, cảm ơn thầy rất nhiều ạ",2
ngày nào cũng xem video của thầy cảm ơn thầy rất nhiều ạ,2
"danh 
từ nối với tính từ được không thầy",1
tuyệt vời thầy ơi.,2
thầy có dạy trực tuyến qua zoom n5 không ạ,1
thầy cảm ơn em nhiều nha,2
dạ. tại vì đang thực hiện hành động leo lên núi phú sĩ ạ nên trợ từ là ní ạ,1
30:01 sài kaimono shita được hơn nhỉ thầy ?,2
thầy dạy kỹ lám ạ,2
"thầy dạy, kĩ,dễ hiểu nói chuyện có duyên y thế, cảm ơn thầy nhé",2
dễ hiểu lắm ạ. con cảm ơn thầy rất nhiều ạ.,2
thầy dạy rat dễ hju ạ em cảm on thầy rat nhju ạ em hoc nhju ng trên youtube nhung chỉ có thầy là em thấy nói rõ và dễ hju nhất ạ,2
cảm ơn thầy rất rất là nhiều ạ.bài giảng rất là tỷ mĩ và hay,2
"thầy dạy kĩ lắm ạ, em cảm ơn thầy nhiềuuuuu lắm ạ",2
thầy dạy chân thực dễ nhớ quá,2
học thầy mãi đỉnh luôn cảm ơn thầy giảng dễ hiểu,2
rất hiếm có thầy dạy kỹ như thầy tiệp.thầy cứ duy trì như vậy.dài chút không sao.hiểu bài là mấu chốt.thầy rất tận tình.e rất ủng hộ cách dạy của thầy.chúc thầy mạnh khỏe.,2
"thầy dạy dễ hiểu quá , em cảm ơn thầy rất nhiều",2
học thầy dễ hiểu,2
cách giảng qa hay dễ hiu ghê,2
cảm ơn bài dạy tâm huyết của thầy. em học từ baì 1 đến bài này mà nghe chưa bao giờ hết thú vị.,2
hanashita nha ong,1
thầy cảm ơn em nhé. chúc em học thật hiểu quả!,2
"thầy cảm ơn em nhiều nhé, khi học nếu có gì không hiểu thì đừng ngại để lại bình luận, thầy sẽ trả lời sớm nhất có thể nhé!",2
"thầy cảm ơn em nhiều, em có thể tham gia nhóm cộng đồng tiếng nhật minato dorimu trên facebook của thầy để được giao lưu học tập cùng các bạn và được cập nhật kiến thức bổ ích mỗi ngày nhé!",2
nhờ thầy gửi link face giúp em ạ,2
"thầy cảm ơn em nhiều, em có thể tham gia nhóm cộng đồng tiếng nhật minato dorimu trên facebook của thầy để được giao lưu học tập cùng các bạn và được cập nhật kiến thức bổ ích mỗi ngày nhé!",2
"thầy cảm ơn em rất nhiều nhé, chúc em học tốt. em có thể tham gia nhóm cộng đồng tiếng nhật minato dorimu trên facebook để được giao lưu học hỏi cùng các bạn và có được kiến thức bổ ích mỗi ngày, em nhé!",1
nhiều bài giảng thầy dạy dài.thầy nói suốt.lại đứng.thật sự thương thầy mệt.nhưng tâm huyết của thầy rất cao.thật sự đáng để các thầy cô dạy trung tâm xuất khẩu lao động khác phải học hỏi thầy tiệp.thầy hãy tự hào lên thầy ạ.,2
"cảm ơn em nhiều nhé, thầy cũng chỉ muốn giảng chi tiết nhất có thể thôi.",2
"thầy cảm ơn em nhiều nhé, chúc em học tốt!",2
thầy cảm ơn em với chúc em học tốt nhé!,2
bài 32 em nhé,1
thầy cảm ơn em nhiều và chúc em học tốt nhé,2
thầy có lớp dạy chữ kanji không ạ.,1
cảm ơn thầy nhiều ạ. thầy dạy chi tiết và dễ hiểu ạ,2
à nhưng mà thầy ơi cái cách sd khi nói với cấp trên thì không dùng cái này thì dùng cách nào ạ,1
"đúng là quanh quẩn trên youtube, về với thầy tiệp là ok nhất ạ, thầy giảng kĩ và slide cũng rất chi tiết luôn nè",2
cảm ơn anh nhiều ạ chưc anh gặp nhiều may mắn,2
thật tuyệt vời! cảm ơn thầy rất nhiều !,2
cảm ơn thầy. thầy dạy kĩ quá,2
"thầy dạy chất lượng thật sự luôn ạ . năm mới chúc thầy mạnh khỏe,thành công hơn, sớm đạt triệu view ạ",2
thật sự biết ơn thầy... mình học thầy từ bài 2 đến bây giờ.,2
"thầy dạy hay quá,thầy làm video dạy n3 đi ạ.",2
quanh đi quẩn lại vẫn phải quay về học chỗ thầy là ổn nhất,1
cảm ơn thầy rất nhiều ạ,2
thầy dạy hay quá,2
thầy dạy hay quá ạ,2
"thầy dạy chất quá ạ, thật may mắn biết đến thầy 3",2
thầy làm 1 video về tổng hợp n5 đi ạ.,1
rât cảm ơn thầy. :,2
bài này là bài khó nhất,0
học trên lớp không hiểu xem lại bài của thầy tiệp là hiểu ngay. xem bài giảng của thầy tiệp trước thì lên lớp học bon bon luôn .,2
e học n3 mà em thấy bài này của thầy là nền tảng quan trọng nhất các bạn ơi học chắc bài này nhé,1
"thật sự rất chán nản muốn bỏ, vì học trực tuyến không hiểu gì hết, nhưng tìm ra video của thầy thì em như tìm được 1 nguồn ánh sáng mới, thầy giảng rất dễ hiểu luôn ạ. rất biết ơn video của thầy",2
thầy lên video dạy chữ hán đi ạ.,2
úi em thích bài này lắm á thầy . học bài này cảm thấy như truốt đi bao nhiêu gánh nặng,2
ôi em thấy bài này nó làm gọn đi hẳn một quá trình phía trc luôn như kiểu tổng hợp luôn,1
"cảm ơn thầy rất nhiều, em cảm thấy rất là biết ơn thầy đối với những ng không có khả năng kinh tế đi học thêm ở ngoài như em , người thầy nhiệt huyết",2
thầy dạy rất tận tình cảm on thầy nhiều đã giúp mọi thế hệ giỏi thêm.ve tiếng nước ngoài.de học de hiểu lắm.,2
thầy cho em hỏi thể thông thường của gá là kedo học ở bài mấy có nói vậy ạe cám ơn ạ,1
em tơi bai 20 rôi thầy ơi,2
mừng quá đã đuoc học lại,2
thầy đã được trở lại,2
ui tuyệt vời em ơi. vậy là em đã tìm được chân ái trên con đường học tiếng nhật rồi  cố gắng chăm chỉ học hết n5 n4 thầy đăng luôn nha em,2
kiki thầy cảm ơn em  cố gắng chăm chỉ học bài đầy đủ nhé em!,2
thầy cảm ơn em nhiều! chúc em sớm chinh phục được hết kiến thức n5 n4 nhé!,2
vì nếu bình luận ở đây thì sẽ hơi khó hiểu. nhưng thầy sẽ ra rất nhiều video ngắn để phân biệt được trợ từ. em nhớ đón xem để học được nhiều nhất nha,2
chúc mừng em nha  cố gắng kiên trì học hết n5 nha em,2
đúng rồi em nha  thầy cảm ơn em,2
kiki vui quá luôn em ơi,2
được nha b,1
"bài này khó, cảm ơn anh đã truyền đạt ạ",2
thầy cũng thấy một số bạn nhắn là bài này khó. có đoạn nào chưa hiểu em xem đi xem lại để nắm rõ kiến thức nha,1
đúng rồi em nhé!,1
đúng rồi em nhé,1
"ui lúc đầu còn rối với mấy cách chia, mà sau mấy bài tập của thầy cái nhớ luôn, ghê thiệt",2
"e gửi lời cảm ơn sâu sắc đến thầy. thầy không những truyền đạt lại cho mọi người những kiến thức giá trị về tiếng nhật , mà  còn dạy cả cách sống tại nhật nữa",2
bài học của thầy dễ hiểu quá,2
không còn gì để nói thầy dạy quá hay,2
nghe senpai này dạy còn dễ hiểu hơn mấy bà ở trên kia,2
cảm ơn thầy nhiều ạ,2
sau khi học tiếng nhật mới phát hiện ra tiếng anh rất dễ,1
thầy hi vọng là những kiến thức như vậy sẽ giúp các bạn tự tin khi sống trên đất nhật  em cố gắng chăm chỉ học hết video thầy đã đăng nha,2
"dạ em xem mỗi ngày luôn á,",2
được rồi nhé em!,1
ok rồi nhé em!,1
ok rồi nhé em!,1
vậy cũng tạm được nhé em!,1
kiki thầy cảm ơn em nhiều  chúc em học tốt nha!,2
cảm ơn em nhiều nha  chúc em sớm chinh phục được hết kiến thức n4 n5 trên kênh nha!,2
uki em nha. chúc em sớm chinh phục được hết kiến thức n5 n4 nha,2
"mỗi ngôn ngữ có một rào cản khác nhau. biết càng nhiều ngôn ngữ sẽ bớt đi một ràn cản, và tăng thêm cơ hội cho em",1
1:51 bạn minh ichiban hansamu,1
"bài học của thầy cực kỳ chi tiết và dễ hiểu, em có thể xin slide bài giảng được không ạ. cảm ơn thầy.",2
quá tuyệt vời. cám ơn thầy nhiều,2
vậy  thi jlpt thì phần nghe hội thoại có ng ta có dùng thể trung tâm dạng ngắn không thầy,1
"với người não cá vàng như em
việc cày view cho thầy mỗi ngày là rất cần thiết.
chủ yếu là xem đi xem lại cho đến khi nhớ  từng câu chữ.",1
thầy có kỹ năng dạy tốt lắm. xem rất nhiều video rồi nhưng tiep thầy dạy tốt nhất.,2
mới đây em học thầy được 3 tháng rồi trên lớp học tới bài 20 chuẩn bị thi chuyển senmon còn 30 bài nưa là bay nhanh vãii,1
thầy dạy dễ hiểu quá cảm ơn thầy thật nhiều nhé,2
thật sự mà nói từ khi biết đến kênh thầy thì trong lòng em luôn bùng cháy ngọn lữa nhiệt quyết .thầy chính là tấm gương để em noi theo  mỗi bài học thầy dạy luôn chứa đựng sự tâm quyết của thầy nên em học tiếp thu rất nhanh và nhớ rất lâu .những bài học thầy dặn dò nhiều lần điều có ý nghĩa .tuy video đã 3 năm rồi nhưng tâm quyết vẫn còn đó thực sự cảm ơn những điều dạy bảo của thầy chứa đựng trong từng vidieo.,2
thầy ơi: gomennasai khác với sumimasen như nào ạ,1
"e yếu phần nghe quá, không thầy có mẹo gì giúp cải thiện không ạ",1
thích cách dạy của thầy quá,2
e gio t2 len bài 20 mà khg biet nói gì với người ta đặt câu hỏi gio,1
em cảm ơn thầy ạ,2
thầy cảm ơn em nha slide bài giảng này thuộc bản quyền của minato nên không chia sẻ được. em thông cảm cho thầy nha,2
trợ từ có thể lược bớt được khi nói nhé em!,1
em cảm ơn thầy,2
kiki cố gắng còn 5 bài nữa là hết n5 rồi em ơi,2
có em nhé. phần nghe sẽ đa dạng có tất cả các dạng em sẽ gặp trong cả đời sống và công việc nha,1
kiki thầy cảm ơn em nhiều đã cày view cho thầy nha  chúc em sớm chinh phục được hết bài n5 n4 nha!,2
"em cảm ơn thầy.
nhờ có những video của thầy mà em có động lực học tiếng nhật mỗi ngày",2
kiki thầy cảm ơn em nhiều. chúc em sớm chinh phục được hết kiến thức n5 n4 nhé,2
hai trợ từ này khá rộng và nhiều bạn nhầm. thầy có đăng tài liệu một số lưu ý về trợ từ trên nhóm cộng đồng tiếng nhật minato rồi. em tìm lại trên nhóm giúp thầy nha,1
ui thế là sắp có một chàng trai sắp được sang nhật rồi. cố gắng học thật nhiều kiến thức để tự tin trên đất nhật em nha,2
"mình tự học qua video của thầy 
cũng chuẩn bị bay .....tìm đồng đội để cùng học tập",1
uki em nha  chúc em sớm chinh phục được hết n5 nha em,2
đọc những dòng chia sẻ của em xong thầy lại thấy lòng nhiệt huyết của mình được tăng gấp bội. có những chia sẻ này thầy không sợ vất vả mỗi lần quay bài nữa rồi. thầy cảm ơn em rất nhiều. thầy sẽ cố gắng tạo ra thật nhiều tài liệu giá trị mang tới cộng đồng tiếng nhật!!!,2
"em thực hiện cách nghe lần 1 lấy nội dung, nghe lần 2 note lại đoạn đã nghe. nếu lần 2 vẫn không nghe thấy, thì em có thể vừa xem script vừa nghe đoạn hội thoại sẽ dần dần hiểu được nội dung và tiến bộ nha em  chúc em học tốt",1
kiki vậy cố gắng chăm chỉ học em nhé,2
thầy dạy rất dễ hiểu ạ . cảm ơn thầy nhiều,2
"em thắc mắc chút mong thầy giải đáp.
ăn cơm không với đi tokyo không một cái chia thể rự một cái thể nai.là sao thầy.lúc nào thì chia thể rự lúc nào thể nai hả thầy",1
"thầy dạy dễ hiểu hơn ở trung tâm, nghe lại thầy giảng mới hiểu được bài",2
thầy dạy rất dễ hiểu và có tâm. cảm ơn thấy ạ,2
xem nhiều thầy nhưng thầy tiệp dạy dễ hiểu nhất,2
thầy giảng dạy dễ hiểu,2
học bài này muốn tẩu hỏa nhập ma quá thầy ơi,0
phải nói rằng nghiệp vụ sư phạm của thầy đỉnh của chóp em học dốt quá may mắn hàng ngày em học được video thầy chia sẻ cảm ơn sự lan tỏa tiếng nhật của thầy ạ,2
e ngày nào cũng xem lại video này của thầy tiếng nhật em kém nhưng cứ lặp đi lặp lại em sẽ nhớ thui,1
"cảm ơn thầy, bài này rối quá,nhờ thầy mình mới dần hiểu được",2
khó quá thầy ơi,0
em cảm ơn thầy. bài 20 rất khó và quan trọng em học mãi không hiểu nghe thầy giảng rất hay,2
hay quá thầy ơi,2
thầy dạy quá tuyệt vời,2
áo thầy mặc có bán không ạ,1
hoc bai nay xong lu luôn thầy ơi,1
kiki thầy cảm ơn em nhiều chúc em sớm chinh phục được n5 n4 nha,2
thầy cảm ơn em nhiều nha. chúc em sớm chinh phục được n5 n4 nha,2
đọc những dòng chia sẻ của em thầy lại thấy có động lực tạo thêm nhiều giá trị tích cực cho cộng đồng tiếng nhật. thầy cảm ơn nhiều nha,2
"dạ, luôn theo dõi và ủng hộ kênh của thầy. em sẽ giới thiệu đến những ng bạn để họ biết đến thầy nhiều hơn nữa.",2
kiki tuyệt vời quá. nghe em nói mà thầy thấy vui quá trời 3,2
kiki thầy cảm ơn em nhé!,2
hơi khó chút nhưng học xong là vui lắm luôn em ơi. biết thêm kiến thức là điều tuyệt vời em nhỉ,2
kiki tuyệt vời em ơi. thầy tin rằng chỉ cần cố gắng hàng ngày thì em sẽ đạt được n4 sớm thôi,2
dạ vâng ạ em đang học bài 26 của thầy rồi ạ,2
muốn đăng ký học với thầy,1
đúng rồi em cứ luyện dần dần em sẽ nhớ được. chúc em sớm chinh phục được hết n5 và n4 nhé,1
dạ vâng ạ em sẽ cố gắng hết sức mình ạ,2
tuyệt vời em ơi  thầy tin là em có thể làm tốt mà 3,1
cố gắng lên em nha. thầy tin là chỉ cần kiên trì xem lại chỗ nào chưa hiểu thì sẽ sớm học được bài này thôi,2
thầy cảm ơn em nha. chúc em sớm chinh phục hết n5 n4 nhé em,2
"áo này vô giá, chỉ dành cho học viên manten ở minato thôi em à.",1
bài này em cứ nghe đi nghe lại mấy lần cho thấm nha,1
bài này lú thật huhu,0
"cái chỗ câu ghép ý
vì tuần trước tôi ốm nên đã không đi du lịch
ốm phải chia thông thường quá khứ chứ thầy",1
thầy rất ok rất kiến thức vừa sâu vừa kỹ dễ hiểu cám ơn ạ,2
em muốn đăng kí học n4 n3 thì thầy có dạy không.,1
cảm ơn thầy rất nhiều ạ,2
học bài 20 này lú luôn,0
1 ngày uống thuốc 2 lần hay 3 lần vậy thầy . nhiều chỗ thấy bị lỗi mà thầy không sửa . em học chưa chắc kt thấy hoang mang ....,1
thầy dạy hay dễ hiểu mà còn chậm rãi nữa,2
thầy của em bạn của thầyb,1
e không hiểu tiếng nhật thầy ơi,0
bài 20nay em hơi bị chạm tiêu.hj,2
cảm ơn thầy rất nhiều thầy dạy rất rễ hiểu với người chậm như bọn em  chúc thầy ngày mới vui vẻ,2
thầy có trực tiếp dạy trực tuyến không a,1
thầy dạy dễ hiểu lắm,2
"thật sự xem đi xem lại bài giảng của thầy cảm ơn công sức của thầy, sự nhiệt tình. chúc trung tâm càng ngày phát triển ạ",2
cảm ơn thầy đã dạy và up video cho mọi ng cùng học tập ạ.,2
em cố gắng nghe lại và note những đoạn chưa hiểu lại để bớt mông luông nha  thầy tin là chỉ cần nghe lại lần 2 là em sẽ nhớ được hết nha,1
em cố gắng lắm á thầy em nghe của thầy 2 lần rồi chắc phải nghe thêm em loạn quá thầy,2
đúng rồi em nha,1
thầy cảm ơn em nhé! chúc em sớm chinh phục được n5 - n4 nha,2
em liên hệ facebook nguyễn ngọc tiệp giúp thầy nha,2
bài này gần như là khó nhất trong mina 1. cố gắng nghe đi nghe lại để thấm bài hơn nha em,1
cố gắng em nhé. càng khó mình càng quyết tâm chinh phục nha,2
cố gắng học hết chương trình n5 và n4 nhé em! thầy chúc em học tốt nha,1
thầy của em tên là gì thế,1
thầy bốn á,2
em có thể xem lại bài giảng từ bảng chữ cái rồi học sang bài ngữ pháp 1 để hiểu được từ kiến thức cơ bản nha,1
giống tôi bạn ơi...kết bạn giúp nhau học đi,1
cố gắng nghe đi nghe lại những đoạn không hiểu để đỡ bị hoang mang em nhé,1
thầy cảm ơn em nhé! cố gắng chăm chỉ bù lại em nhé,2
thầy có lớp trực tuyến nhe em! em liên hệ với thầy qua nick nguyễn ngọc tiệp nhé!,1
thầy cảm ơn em nhé!,2
thầy cảm ơn em nhé. chúc em học tập tốt,2
thầy cảm ơn em nhé! chúc em học tốt nhé,2
thầy chúc em học tập tốt nhé,1
em học ở trung tâm bài 20 mà cô dạy trong 10p. không hiểu lắm. may xem videoeo thầy mới hiểu. chán trung tâm em gép 2 cấp độ 16ng đang học bài 1 mà 1mk em học bài 20 nên cô dạy vội lắm,2
"chào em,em cho chị hỏi là bên em có lớp mina no nihongo từ bài 26-50 không em ha?",1
e học đi học lại bài 20 này không biết bao lần mà phát âm chưa nhuyễn lắm. nhờ thầy mà học tiếng nhật không đáng sợ nửa.,1
iu thầy,2
không kiếm ra bài giảng nào có thể tâm huyết hơn.cảm ơn thầy rất nhiều,2
"thầy dạy rất dễ hiểu, chậm nhưng rất chắc và sâu. thầy cũng hài hước không kém phần",2
ông  lam video co tâm nhât qua đât,2
"bài này có hơi khó phải nghe thầy vài lần ms hiểu được , dễ rối",0
thầy  dạy  dễ hiểu  và  rất  hay  .em mong  được  nghe thầy  dạy  nữa,2
"thả cho thầy ngàn  luôn, thầy dạy dễ hiểu",2
cám ơn thầy nhiều ạ,2
thầy chúc em học tập tốt thi đạt kết quả cao nhé,2
thầy chúc em sớm hoàn thành chương trình n5 nhé,1
"em chào chị, bên em có lớp trực tuyến từ n5 đến n1. chị tham khảo khoá học liên hệ qua fanpage: ngọc tiệp minato hoặc minato dorimu nihongo trung tâm sẽ tư vấn chi tiết cho chị nhé ạ!",1
cảm ơn em đã theo dõi thầy. chúc em học tốt nhé 3,2
quá dài dòng không vào trọng tâm,0
bài nào mà hơi khó em  tập trung xem kĩ lại bài sẽ nắm được hết kiến thức nha  thầy chúc em học tập tốt,2
dài dòng quá không tập chung vào vi du dùng quá nhiều tiếng việt giải thích,0
thầy cảm ơn em nha chúc em học tập tốt thi đạt kết quả cao nha,2
"cảm ơn thầy ,  em xem liền không tua chút nào",2
"đag làm gì sao lại là nanni vậy thầy,e tg là nani",1
"cảm ơn thầy .dạy có tâm và tỉ mỉ nghe mãi không thấy chán ,chúc thầy  nhiều thành công cảm ơn ạ ..",2
rất hay và bổ ích thầy ơi,2
từ khi nghe thầy giảng dạy là em mê nihongo ra hẳn luôn ạ .em toàn dành thời gian học còn  điện thoại thì ngày chưa dùng tới 30h,1
"thầy ơi thầy bày cho em cách nhận biết giữa đang từ ,tính từ ,động từ không á .",1
thầy dạy rất dễ hiểu ạ.cảm ơn những bài dạy của thầy,2
bài này khó thật càng không càng lú,0
thầy dạy rất có tâm. hy vọng sẽ trở thành học viên của minato 1 ngày gần nhất,2
thầy dạy có tâm và rất kỹ.em là đứa không biết một tí gì về tiếng nhật tự mua sách về học nhưng từ khi theo dõi bài dạy từ bài 1 của thầy em đã biết được nhiều.cảm ơn thầy nhiều chúc thầy sức khỏe và thành công trong cs,2
thầy dạy nhiệt tình tận tụy nhất cái miền bắc này,2
cảm ơn thầy rất nhiều,2
"phải công nhận là khó,biến đổi nhiều quá,thật khâm phục những ng học lên n2 n1",0
"đã học va tham khảo rất nhiều 
nhưg vẫn tâm đắc nhất với các bai giảng của thầy.",2
người thầy dạy có tâm nhất .,2
e học đến bài 20 rồi mà chả hiểu gì luôn thầy ơi,0
thầy dạy dễ hiểu quá em bị quên hết kiến thức phải vào học lại của thầy,2
thầy chúc em học tập tốt nha em theo dõi cộng đồng tiếng nhật minato dorimu để xem thêm nhiều tài liệu bổ ích nha,1
mới đầu học thấy biến đổi khó còn luyện nhiều quen rồi thấy bình thường mà bạn,1
"giống mình ,tim thấy video thầy như bắt được vàng",2
khó ghê ạ,0
học thì hiểu mà em phản xạ chậm quá,0
thầy ơi sutemasu là động từ nhóm 2 chuyển sang thể te là sutete ạ,1
ủi gần xong n5 mà quên np hết ạ,1
học xong bài này phải gọi là như chim sổ lồng  nhẹ hết cả mồm,1
đi đến đây đã là 20 bước chân tìm hiểu vai kênh khác nhau vẫn thấy thầy là ok nhất,2
"thầy dạy có tâm nhất miền bắc miền nam là đây ạ.chúc thầy mạnh khỏe,và thành công.",2
em học từ bài 1 đến bài 20 mất gần 2 tháng rồi thầy ạ cảm ơn thầy rất nhiều . em mong thầy nhiều sức khỏe và gặp may mắn công việc,2
thầy dạy kỹ rất tuyệt vời,2
"thầy cho em hỏi, thầy có dạy n4 không ạ? em muốn đăng ký học ạ",1
thầy ơi làm sao cho em học tập trung được không ạ em học không vào được thầy,1
"cảm ơn bài dạy của thầy ạ, dạy rất dễ hiểu luôn",2
1:220 ví dụ 3 sao đổ từ motrung tâme konakatrung tâma mà không phải là motrung tâme kanakatrung tâma vậy thầy em tưởng là ki thành ka mới thêm đuôi na chứ ạ,1
giống mình,1
giờ bà sao rùi,1
kaiwa tốt hơn ch,1
giống mình,1
đúng rồi bạn,1
miền trung nữa nghe,1
cảm ơn thầy,2
lên bài này khó quá thầy ơi.,0
"còn 5 bài nữa thôi
thật sự yêu quý thầy, cảm ơn thầy nhiều",2
cảm ơn thầy vì những bài dạy này,2
cảm ơn thầy thầy dạy rất dễ hiểu,2
"càng nghe thầy giảng thấy càng cuốn hút á, thầy dạy rất là tỷ mỹ.cảm on thầy nhiều lắm",2
"học chỗ khác không hiểu lắm.. qua đây thầy dạy dễ hiểu , đột nhiên thấy mình thông minh hẳn",2
"tr, ng nhật lịch sự hết cỡ mà cũng chửi hết mức luôn. dữ quá",0
cảm ơn thầy rất tận tình dạy chúng e,2
1:44:00 thay vì dùng ikanai? thì mình dùng iku? được không ạ,1
cám ơn thầy,2
"thật sự thầy dạy rất dễ hiểu, chi tiết từng chút một.
xem nhiều lần nhưng vẫn không chán,
càng xem càng thu hút.
chúc thầy và gia đình nhiều sức khoẻ.",2
đến bài này em xin bó tay thầy ơi .,0
"bài này quá khó nhưng thật cảm ơn vì thầy dạy quá có tâm, xin cảm ơn thầy rất nhiều.",2
dạ. em cảm ơn thầy nhiều ạ,2
thầy ơi thể khả năng nào vậy ạ?,1
"cố gắng học đi học lại em nhé, đừng bỏ cuộc nha!",1
"thầy cảm ơn em rất nhiều, chúc em kiên trì học bài mỗi ngày để chinh phục tiếng nhật nhé!",2
đôi khi 1 trong các nguyên nhân đó chính là vì sự chuyên nghiệp trong công việc của họ!,1
"nếu họ dữ dằn khi dạy bảo mình, mình nghe theo và làm việc với tác phong chuyên nghiệp của họ thì ok. nhưng mà, nếu mình đã thay đổi tốt hơn mà họ không bớt dữ thì chắc là do tính cách rùi .",1
"thầy cảm ơn em nhiều, em có thể tham gia nhóm cộng đồng tiếng nhật minato dorimu trên facebook để được giao lưu học tập cùng các bạn và được cập nhật kiến thức bổ ích mỗi ngày nhé!",2
"cảm ơn bạn đã ủng hộ kênh, khi học có gì không hiểu thì đừng ngại bình luận cho mình biết để mình giải đáp nhé!",2
dạ vâng,2
thầy cảm ơn em và chúc em học tốt nhé!,2
"thầy cảm ơn em nhiều nhé, chúc em học tốt!",2
"em cám ơn thầy , em sẽ cố gắng ạ.!",2
thầy cảm ơn em rất nhiều và chúc em học tốt nhé!,2
sao vậy em ơi?!,1
khó hiểu quá thầy thầy oi,0
"em xem đi, xem lại nhiều lần và kết hợp với video từ vựng minna 1 bài 20, em sẽ thấy dễ hiểu hơn nhé!",1
"thầy cảm ơn em vì lời khen tặng, thầy chúc em học tốt nhé!",2
cảm ơn thầy ạ,2
trong các bài bài này học là hay nhầm nhất.... hihi,2
cảm ơn thầy,2
e cảm on thầy nhìu ạ,2
học bài này của thầy đã là 20 bài rồi em là 1 người học rất mau hiểu nhưng lại rất thích cách dạy chậm rãi của thầy,2
cảm ơn thầy nhiều lăm!,2
gần nửa đêm nghe thầy giảng chỗ ví dụ 129 cầu hôn nó tát rơi răng hài không nhịn nổi cười rung bàn cả học. thầy đúng là biển muối mà,1
"1 ng thầy tận tâm,",2
sese giảng rất hay.,2
"thầy dạy hay
phần cuối thực tập chia các từ ...vậy thầy viết ra luôn cho mọi người nhìn thấy và dễ nhớ luôn .",2
cảm ơn thầy ạ,2
cảm ơn thầy ạ !!!,2
đã giảng rất tận tâm de hiểu xin cảm ơn thầy,2
"thầy ơi chữa cho em ở phút 38 41 giây được không,chỗ đó bioki đát tà hay bioki đà vậy thầy câu đó quá khứ mà",1
em cảm ơn các bài giảng video của thầy nhiều ạ. nó giúp em rất nhiều. cảm ơn thầy 3,2
em cảm ơn sự nhiệt huyết và những video giảng dạy rất là có tâm của thầy ạ,2
thầy ơi thầy dạy n4 chưa thầy,2
thầy chúc em học tốt nhé!,1
tối nào em cũng xem video của thầy ạ,1
"vậy em xem đi xem lại 2-3 lần và ghi chép, đánh dấu bằng bút dạ những chỗ dễ nhầm, như vậy sẽ dần dần sẽ không bị nhầm nữa.",1
e xem bài của thầy đều mỗi ngày. cứ quên là em đem ra học. cả tuần là đem ra xem và ôn lại.,1
thầy chúc em học tốt nhé!,1
"thầy cảm ơn em, em có thể tham gia nhóm nhóm cộng đồng tiếng nhật minato dorimu để được cập nhật kiến thức mỗi ngày và được học cùng các bạn khác nhé!",1
"thầy cũng cảm ơn em rất nhiều, chúc em học tốt .",2
"thầy cảm ơn em rất nhiều, chúc em học tốt .",2
chỉ mình phân biệt trợ từ ni de he với bạn ơi,1
em xem lại giúp thầy ở giây nào nhé.,1
"thầy dạy chất như nước cất luôn, khó thế mà thầy kiền trì giải thích mà không hiểu nữa thì chỉ biết tự trách nặng lực bản thân mình mà thui.",2
"em cảm ơn thầy nhiều ạ em muốn hỏi 1 chút là đều là câu nghi vấn nhưng có câu mình dùng taberu, có câu lại là ikanai vậy ạ, nếu là tabenai hoặc iku thì có được không ạ",1
thầy dạy rất hay ạ,2
hay quá thầy ạ,2
thầy dạy chuẩn tại minh nhiều tuổi rồi học không nhớ nhanh được,1
càng ngày càng khó,0
mong tháng sau thầy dạy n4 nhé em chuẩn bị sang n4 rồi thầy ơi,1
em cảm ơn nhiệt huyết của thầy ạ,2
47:16 mọi người bắt đầu nhớ rồi ấy .,1
thầy giảng dễ hiểu quá,2
"cảm ơn thầy, thầy giảng rất dễ hiểu ạ",2
dễ hiểu.,2
từ bài này là t phải uống parado,1
có động lực học,1
sang chấn tâm lý,1
thầy giảng rất dễ hiểu.,2
chuẩn luôn thầy nay đáng triệu like,2
bnlc5775  cảm ơn b nha.,2
nó là câu hỏi,1
ạ đây lại bạn xem lại phần giảng ở 1:230s là sẽ hiểu này,2
mé cười lộn ruột,1
cái đầu b,1
rất cảm ơn thầy.,2
cảm ơn thầy. hi,2
thầy rất tuyệt vời ! em chỉ mong gặp thầy trực tiếp để nói lời cảm ơn thầy  chúc thầy sức khoẻ ạ,2
xin cảm ơn thầy,2
dạ th ơi cái câu ở việt nam thịt lợn đắt lắm phải không thì cuối câu ta lên giọng đúng không ạ,1
có phần 21:20  21:21 em không hiểu . rẻ là đuôi i   nóng cũng là đuôi i. sao.  lúc chia  là vứt  đệt sự thôi mà rẻ lại thành ku na kát tà ?,1
chúc mừng thầy lấy lại được kênh,2
"28:21 em thấy đẹp là tính từ đuôi na, nếu ta chuyển về thể thông thường thì phải thêm đa, vậy thì nó phải là đa ga mới đúng chứ thầy",1
"may quá 
thầy lấy lại được kênh 
không thì em không biết học ai",2
mừng quá thầy lấy lại duoc kênh rồi,2
mừng quá thầy đã lấy lại được kênh,2
thầy ơi sao lại là chỗ rẻ là thêm naru,1
thầy vẫn miễn phí bài giảng n4 n5 em à. em cứ thoải mái học nhé em!,1
thầy cảm ơn em nhiều nhé,2
kiki mừng quá em ạ,2
mừng quá luôn em ạ. thầy cảm ơn em nha,2
kiki thầy cũng mừng lắm em ạ,2
822025 bài 21 n5 sắp hoàn thành n5 cảm ơn thầy đã đồng hành cùng em trong thời gian qua.,2
rất rễ hiểu thầy,2
thầy dạy hay dễ hiểu . cám ơn thầy,2
ở trường chỉ dạy đến bài 20 nên em lên đây học tiếp bài 21,1
"vậy là quá trình 21 bước chân đã chạm.
1 ngày đi làm từ 7h sáng 22h mới về rồi lại ngồi học, ngồi cày theo video của thầy.
những ngày đầu mới tự học áp lực đến mức đã buông cả 2 tháng không còn đụng đến sách vở .
vậy mà hôm nay ngồi lật lại mớ sách vở trên góc lộn xộn cũng nhận ra mình tự đi gần hết 1 chặng đường n5....

,",1
"các video thì thầy viết kanji thì đính kèm chữ mềm , n5 chưa rõ kanji thầy à,với lại câu video thì đừng nên sai nhé thầy, thank thầy",1
làm luôn giáo trình n3 đi thầy ơi,1
thầy giảng có tâm nhất,2
sao đợt này quảng cáo nhiều vậy thầy ưi,1
thầy có video tổng hợp ngữ pháp n5 và n4 không vậy ạ,1
thầy dạy dễ hiểu,2
hi vọng thầy sẽ ra thêm nhiều video hay nưa,2
úi y chang,1
"_ngocc3897  uầy , học cùng không bạn xin in4",1
tuyệt vời quá em ơi. chúc em sớm chinh phục được hết kiến thức n5 n4 nha,2
thầy cảm ơn em nhiều nha,2
cảm ơn thầy ạ,2
thầy cảm ơn em nhiều nha,2
em cảm ơn thầy ạ,2
tuyệt vời em ơi. vậy cố gắng chăm chỉ để học hết kiến thức n5 n4 thầy đăng em nha,2
còn một chút nữa là em có thể chinh phục được kiến thức n5 rồi. thầy chúc em sớm chinh phục được jlpt n5 n4 nha,2
"hiện tại n3 thầy đang dành cho khoá trực tuyến, nếu lúc nào đó đăng giáo trình n3 thầy sẽ thông báo tới các bạn nha  thầy cảm ơn em đã tin tưởng và theo học qua video của thầy",2
thầy thực sự rất cảm ơn fedback có tâm của em. chúc em sớm chinh phục được cả n5 và n4 nhé,2
"video này hiện tại đang dành cho khoá học trực tuyến ở minato, nên em thông cảm giúp thầy nha",1
cứ có chuyển ga thành kedo thì bỏ da bạn nhé,1
thầy có chia sẻ tài liệu về trợ từ ở page minato dorimu em tìm lại giúp thầy nha,1
đúng rồi em nha,1
thầy cảm ơn em nhé!,2
"kiki thầy làm đầy đủ video khoá học n5 n4 rồi, em cố gắng học hết 50 bài nha",1
dạ thầy,2
"e đang theo thầy đến bài 21 rồi,không biết thầy dạy đến bài bao nhiêu nhỉ, cảm ơn thầy, nhờ thầy mà em dễ dàng hơn tr vc học tiếng nhật, tiếng nhật rất thú vị thầy ạ.",2
21:43 sao yasui mình phải thêm kunaru chi vậy thầy em không hiểu ạ,1
"thầy cho em hỏi là trợ từ ni với to nó phân biệt làm làm ạ 
như câu thầy đặt ví dụ ý :  cô ấy nói với tôi  . tại sao không phải là watashi tô mà lại là watashi ni vậy ạ",1
"thầy cho em hỏi là câu lớp học sẽ vui sao lại dùng trợ từ ga vậy ạ, bình thường sẽ là wa ấy ạ",1
chúc thầy nhiều sức khỏe. thầy dạy dễ hiểu lắm ạ,2
mình thích nghe thầy dạy rất dễ hiểu,2
để viết lưu loát tiếng nhật là điều bất khả thi phải không thầy vậy tập trung vào học tiếng nhật giao tiếp thôi hả thầy,1
cảm ơn thầy ạ,2
"hay quá thầy ơi, cảm ơn thầy nhiêu",2
thầydạy rất dễ hiểu. cảm ơn thầy rất nhiều ạ,2
chúc mừng bản thân đã học được tới bài 21 rồi...  minato,1
thứ71312023,1
em sẽ ghi nhớ lời khuyên quý báo của thầy ạ,1
thầy dạy quá hay nuôn ạ,2
thầy dạy thật là dễ hiểu,2
"xem thầy này dạy còn dễ hiểu hơn . ông thầy mình thuê dạy riêng cho mình , sau khi xem thầy này dạy .tôi đã cho ông thầy gia sư riêng ra chuồng gà .",2
thầy chia sẻ dễ hiểu dễ áp dụng .chúc thầy luôn luôn mạnh khỏe,2
mình cũng đang học đến bài 21 .thầy dạy đến bài 50 mà,1
"letuantai2997  sự thành công ngày hôm nay có sự nhiệt huyết của thầy, nhờ cách giảng dạy của thầy mà mình vượt qua được từng bài 1 cách dễ dàng",2
kiki tuyệt vời quá. thầy đăng hết 50 bài mina lên rồi. em cứ học theo video thầy đăng nha  cố gắng em nha. hai bạn có thể kết nối được với nhau thì cùng động viên nhau học nha,1
"dạ vâng thầy,e sẽ cố gắng để giỏi được như thầy,e rất thích cách dạy của thầy, và sự nhiệt huyết của thầy,e chúc thầy và gd luôn mạnh khỏe ,vạn sự cát tường ạ.",2
đó là cách kết hợp tính từ đó em: trở nên rẻ... đó em nha,1
"các trợ từ thường sẽ có quy tắc, và em học theo quy tắc đó nhé em. em tìm tài liệu trên cộng đồng tiếng nhật minato dorimu giúp thầy nha.",1
dạ em cảm ơn thầy ạ,2
kiki cố gắng kiên trì chinh phục hết n5 và n4 nha,2
thầy cảm ơn em nha  chúc em sớm hoàn thành chương trình n5 và n4 nha,2
"vâng, em nhầm ạ!
đây là câu hỏi thông thường không phải câu trích dẫn.",1
"thầy nghĩ không điều gì là bất khả thi cả, nhưng quan trọng là mục tiêu là mình học kỹ, hiểu nhanh, thực hành tốt thì em nên tập trung vào học tiếng nhật hơn nha",1
thầy chúc em học tập tốt nhé,1
cố gắng chinh phục hết n4 và n5 trên kênh luôn em nha,2
thầy cảm ơn em nha  chúc em học tốt tiếng nhật.,2
thầy cảm ơn em nha 3,2
thầy tiệp dạy quá kĩ luôn,2
đọc bình luận mà cười chết,2
y chang mình,1
thầy dạy qú hay,2
ăn bún cho nó ạ,1
thầy cho em xin file bài giảng được không ạ?,2
em cám ơn thầy ạ,2
em cám ơn thầy ạ,2
cảm ơn thầy,2
"thầy ơi 
tôi nghĩ rằng vì không có tiền lên cô ấy yêu người khác. dịch sang tiếng nhật như nào ạ",1
"thầy cho em hỏi vì sao câu 3 thể nghĩ rằng 
rẻ lại chuyển qua dạng phủ định của thể thông thường còn có rư nữa ạ",1
"thầy giảng rất hay ấy, chúc mừng thầy",2
vì sao phần trích dẫn câu nói : cô ấy sữ kết hôn dùng thể matsu mà câu bài thi jlpt tháng 12 rất khó lại dùng là katsuta vậy ạ,1
rất dễ hiểu,2
quá hay thầy ạ . yêuuu thầy,2
thầy mà học thì cũng thích thầy là nữ dạy hơn hehehe,1
khanhnevlogg  mình cảm one,2
cảm o n thầy rất nhiều ạ,2
cảm ơn thầy nhìu nhé,2
"kiến thức rất hữu ít cảm ơn thầy nhiều ạ, em đã giới thiệu cho rất nhiều người trong công ty biết và được kênh của thầy rồi á.",2
"anh ơi, câu trích dẫn trực tiếp và gián tiếp nó chỉ khác nhau cái ngoặc và chia thể trung tâm, nhưng làm sao biết đề bài đó là câu trích dẫn hay không? đề thi hay test có ghi cho mình biết không ạ?",1
"nay học tới bài này tự nhiên học trúng câu bạn nghĩ ntn về tình yêu ( khóc, mới ct ny xong )",1
thầy ơi em muốn học ol thầy có dạy không ạ?,1
"thầy cho em hỏi 1 chút. trong bài giảng có chỗ này em thắc mắc và chưa hiểu mong thầy giải thích ạ. ví dụ câu: tôi nghĩ cô ấy không phải làm bác sĩ,  kanojo ga isha janai to omoimasu : tại sao thầy dùng trợ từ ga mà không phải là wa ạ. cảm ơn thầy ạ.",1
hay dễ hiểu. bài này và b22 khó lắm,2
thầy dạy quá hay dễ hiểu .rõ ràng nữa .cám ơn thầy,2
thầy giáo dạy hay quá dễ hiểu ạ chúc thầy giáo nhiều sức khoẻ,2
"theo mình thì như cái bạn đúng ở trên dùng ha hay ga gì cũng được nhưng mà ở trong thời tiết , thiên nhiên , mùa  thì nên dùng ga còn chủ ngữ danh từ người , vật này nọ thì dùng ha",1
"vì nokoto là ý chỉ : của bạn thân tôi , ví dụ như là anh ấy yêu watashinokoto ( bản thân của tôi ) , đấy kiểu vậy",1
đúng rồi em nhé,1
dạ em cảm ơn thầy ạ,2
chuyển về thể thông thường nha b,1
"chúc em mạnh mẽ nhé. những lúc buồn, em hãy cố học thật nhiều nhé!",1
cùng cảnh ngộ ui,1
xui vậy,1
"dạ em cảm ơn thầy ạ, em đã trở lại và mạnh mẽ hơn xưa gòi thầy ạ",2
sa bi shi đề sự,1
có người yêu mới chưa,1
cảm ơn bạn,2
"thầy cảm ơn em nhé, chúc em học tốt!",2
"thầy cảm ơn em rất nhiều, em có thể tham gia nhóm cộng đồng tiếng nhật minato trên facebook để có thêm kiến thức bổ ích mỗi ngày nhé, thầy chúc em học tốt!",2
dạ cám ơn thầy,2
"thầy cảm ơn em rất nhiều, chúc em nhiều sức khỏe và học tốt",2
"thầy cảm ơn em nhiều, chúc em học tốt   .",2
thầy là người truyền cảm hứng cho tôi không.cảm on thầy,2
sắp xếp câu từ tiếng việt sang nhật không biết xếp như thế nào câu nào trước câu nào sau. thầy chỉ giúp a,1
hay quá thầy,2
gián tiếp là như thế nào vậy thầy em không hiểu lắm mọi người chỉ cho em với,1
thầy giảng rất dễ hiểu cảm ơn thầy nhiều,2
thầy dạy rất hay ạ,2
nói lưu loát rõ ràng,2
de shou có phải lên giọng không thầy,1
hay quá,2
"hay và dễ hiểu, chúc thầy luôn mạnh khỏe",2
rât cảm ơn thầy.,2
nghĩa là mình không dẫn trực tiếp câu ngta nói á nói gián tiếp nghĩa là đổi động từ  đi á,1
cảm ơn bạn mình sẽ tìm hiểu thêm,2
mong bạn hiểu đơn giản đi đừng nghĩ sâu quá dễ loạn,2
cảm ơn nhìu nhen mình hiểu rùi nè,2
không có gì đâu đây mình nói theo  cái mình hiểu á  để chắc chắn hơn bạn có thể tìm hiểu trên google mình nghĩ có nl tài liệu giúp bạn hiểu hơn,1
cảm ơn thầy,2
thầy em học ngữ pháp hiểu và dịch được nhưng không hội thoại kaiwa được thầy ơi,2
u là trời hôm trước tự nhiên học bài tiếp mà không tìm được video của thầy. ta nói nó chán gì đâu. mặc dù đang đi học trung tâm nhưng video nào của thầy cũng xem trước khi học hiểu rõ hơn. vì nó quá chi tiết. mãi yêu,1
em yêu thầy nhất,2
"２２２２０２５ hết bài 22 , sắp hết chặng đường n5!",1
33:12 em dịch là ryoko o shinai hito,1
"hay quá ạ, cảm ơn thầy",2
"trước học  trung tâm khác em thấy bài này khó và đã bỏ qua, giờ nghe thầy giảng thấy dễ hiểu ạ ,cảm ơn thầy nhiều, năm mới chúc thầy và gia đình nhiều sức khỏe và nhiều tài lộc ạ",2
dù em nắm chắc bài 20 nhưng đến bài 22 em vẫn thấy khó hiểu quá nhắc đến bài 22 là sợ luôn thầy ạ,0
dù em nắm chắc bài 20 nhưng đến bài 22 em vẫn thấy khó hiểu quá nhắc đến bài 22 là sợ luôn thầy ạ,0
cảm ơn thầy,2
like cho thầy vui để thầy có động lực đê,2
em ghép vậy được nhé! nhưng em nên có chủ ngữ rõ hơn nhé!,1
uki em nhé,1
"để kaiwa được thì quan trọng nhất vẫn là đủ từ vựng và ngữ pháp. nhất là từ vựng và ngữ pháp n3 thường dùng trong giao tiếp em à. nên em cố gắng trau dồi thêm, sau đó luyện nghe nói nhiều để tăng phản xạ thì thầy nghĩ là em sẽ kaiwa được nha",1
kiki thầy đã quay lại và lợi hại hơn xưa rồi em ơi  chăm học nha em,2
kiki thầy cảm ơn em nha,2
kiki chúc mừng em  cố gắng chăm chỉ em nha,2
kiki vui quá em ơi. hi vọng là những bài trên kênh này đều giúp em học tiếng nhật thật hiệu quả. thầy cảm ơn em nhiều nhé,2
bài 22 gần như là một bước ngoặt của các bạn. bài này thầy nghĩ em cứ phải xem đi xem lại nhiều lần. em nên làm bài tập để hiểu rõ hơn về cấu trúc ngữ pháp. sau khi làm xong vẫn chưa hiểu lắm em nên xem lại 1 lần nữa nhé em!,1
uki em nha,1
em cảm ơn thầy ạ,2
youtube tự động chọn điểm đặt quảng cáo nên thầy có chỉnh lại chút rồi nha,1
thầy cảm ơn em nhiều nha,2
ôi thầy đẹp trai quá,2
thầy có dạy kanji không ạ,1
"một người thầy có tâm, cảm ơn thầy rất nhiều",2
"đang học ở trung tâm trong lớp dạy rất nhiều người nên dạy không kỹ như thầy, từ khi xem thầy dạy em nghĩ ở nhà vừa làm vừa học  theo chương trình thầy luôn",2
"theo thầy từ bài 1 và đến bây giờ em đã học tới bài 22 gần 3 tháng, thầy dạy siêu dễ hiểu, cảm ơn thầy tiệp đẹp trai rất nhiềuuuuuu ạ",2
thầy giảng dễ hiểu quá ạ. em cảm ơn thầy rất nhiều ạ.,2
"biết ơn thầy nhiều lắm ạ.
em học chậm nhưng mà may mắn khi thấy video của thầy và học đến bài này rồi!",2
34:14 em cho kare đứng trước kurisumasu được không thầy,1
thật sự là học của thầy rất rễ hiểu ạ,2
"bài này thầy giảng dễ hiểu nhưng đối với em hơi rối xíu, nhưng em sẽ cố gắng cảm ơn thầy nhiều ạ",2
em cảm ơn thầy nhiều lắm ạ. chúc thầy nhiều sức khoẻ và niềm vui ạ.,2
cảm ơn thầy rất nhiều,2
46:13 mệnh đề bổ ngữ làm chủ ngữ,1
thầy có dạy trực tuyến không ạ,1
bài giảng rất hay và dễ hiểu. cảm ơn thầy rất nhiều,2
học mãi mà không hiểu cách đặt câu thầy ạ,1
cảm ơn chuỗi video của thầy,2
"em nói đúng quá, thầy vui quá",2
thầy có bài giảng kanji dành cho khoá học trực tuyến nha em,1
thầy cảm ơn em nhiều nha  chúc em học tiếng nhật hiệu quả nhé!,2
"vậy thì tốt quá, em vừa học vừa làm ở nhà thì tiện quá, đỡ mất thời gian đi lại, tăng thêm thời gian học. cố gắng chăm chỉ học hết kiến thức n5 n4 nha em",1
", được khen đẹp trai dạy dễ hiểu thầy lại vui cả ngày luôn em ơi. thầy cảm ơn em nhiều nha!",2
thầy cảm ơn em nha. chúc em sớm chinh phục được khoá n5 và n4 nhé,2
kiki học xong áp dụng được luôn thấy vui vẻ phấn khởi hẳn em nhỉ. thầy ngày xưa cũng vậy. nên cứ cố gắng học tập chăm chỉ rồi đến ngày chúng ta được hái quả,2
cảm ơn thầy ạ,2
"chậm mà chắc, em đừng quá lo lắng. em sắp học xong n5 rồi đó  cố gắng em nha",1
được em nhé!,1
kiki tuyệt vời em ơi. cố gắng chăm chỉ để học được thật nhiều kiến thức em nha,2
tui cung thăc măc cai nay,1
thầy có lớp trực tuyến nhé em! em liên hệ qua nick facebook nguyễn ngọc tiệp để thầy tư vấn cho em nha,1
thầy cảm ơn em nhé! chúc em sớm chinh phục được n5 và n4 nha,2
em cứ dần dần từ từ. em nghe lại từ vựng và bài giảng ngữ pháp thêm 1 lần nữa rồi áp dụng thầy nghĩ là đặt câu được nha.,1
dạ em cảm ơn thầy ạ,2
em học mãi không hiểu bài 22 mọi người ạ,0
thầy dạy để hiểu thật,2
xuất sắc,1
cảm ơn thầy đã có những bài giảng rất hay và ý nghĩa ạ,2
cảm ơn thầy rất nhiều ạ,2
cảm ơn thầy .hnay trên lớp không hiểu bài may sao tìm được bài giảng của thầy. quá là tuyệt vời  thầy giảng kĩ dễ hiểu cực luôn.,2
e là người học chậm và dốt nhất có người còn nói em là có khi phải bỏ nghề vì em nhưng khi xem bài giảng của thầy em có động lực trở lại cảm ơn những bài giảng của thầy trong tương lai em không giám hứa sẽ giỏi tiếng nhật nhưng em hứa em mãi dành thời gian học tiếng nhật,2
thầy này dạy cuốn nhỉ,2
thầy dạy hay nhưng bài này thật khó để hiểu được nó,2
"thầy có nghiệp vụ sư phạm và dãy kỹ nhất em từ biết , biến cái khó thành cái đơn giản dễ hiểu hơn. cám ơn thầy mong thầy có nhiều video miễn phí giúp ích mọi người ạ",2
đánh dấu 1 chặn đường dài . cảm mơn thầy tiệp rất nhiều ạ,2
cảm ơn thầy và mong thầy luôn ra nhiều video như này,2
thầy giảng hay quá ạ,2
em cám ơn thấy video rất hữu ích ạ,2
wow thầy giỏi quá,2
"em cố gắng ngồi viết lại, tóm tắt là xem lại những phần nào không hiểu. thầy nghĩ chỉ cần xem lại khoảng 2-3 lần là em sẽ hiểu. nếu kiến thức lý thuyết làm em đắn đo thì em thực hành đặt câu ví dụ thì em sẽ hiểu rõ hơn nha",1
cố gắng xem youtube nhiều sẽ hiểu,2
bài này thầy công nhận là khá khó trong chương trình n5. chúc em học tiếng nhật dễ và hiệu quả nha,2
"đọc những dòng này xong, thầy thực sự xúc động. thầy chưa bao giờ nghĩ rằng những bài giảng thầy tạo ra lại mang lại những giá trị ngoài kiến thức như vậy. thầy vui vì em đã làm được những điều mà người khác cho rằng em phải từ bỏ. hãy luôn cố gắng và tạo nên nhiều giá trị như vậy em nhé!",1
vâng thực sự cách dạy của thầy rất thuyết phục em đi từ cái nhỏ bé đến vĩ đại dạy cho em không từ bỏ không được lười học,2
công đưc vô lương,1
thầy cảm ơn em nha,2
cố gắng chinh phục hết bài giảng n5 và n4 em nha,2
"có em nha. câu ở quá khứ thì những động từ, tính từ cuối câu mình chia quá khứ em nha",1
"bài nào mà khó em cố gắng xem kĩ, xem lại nhiều lần để nắm được hết kiến thức nhé  thầy chúc em học tập tốt",2
dạ vâng em cảm ơn thầy nhiều,2
"thầy cảm ơn em, chúc em học tập tốt nha",2
thầy chúc em sớm hoàn thành chương trình n5 nhé,1
dạ cảm mơn thầy ạ,2
câu của em không dùng được em nhé,1
thầy chúc em sớm hoàn thành chương trình n5 nha,1
thầy cảm ơn em nhé,2
cảm ơn thầy nhiều ạ!,2
"quá hay , dễ hiểu , cảm ơn thầy rất nhiều ạ",2
tuyệt vời thầy ạ,2
quá là dễ hiểu,2
cám ơn thầy nhiều.thầy dạy rất kỹ,2
ngàn lần em cám ơn thầy,2
bài này em loạn quá thầy ơi không biết có cách nào nút vô không,1
cuộc đời em tìm kiếm được thấy phải nói là quá may mắn luôn,2
bài 22 khó dô vá thầy,0
bài này thật sự khó,0
vị cứu tinh của em,2
thầy giảng đê hiểu quá,2
"cảm ơn thầy , nhờ thầy em hiểu rõ hơn về bài mệnh đề bổ nghĩa này",2
bài này ám ảnh qué,0
thầy chúc em học tập tốt nhé,1
sau khi học bài xong em kết hợp làm bài tập để củng cố lại kiến thức nhé,1
dạ em cám ơn thầy,2
thầy cảm ơn em nhé! thầy chúc em học tốt,2
thầy chúc em học tập tốt nha,2
thầy chúc em học tập tốt nhé,1
cảm ơn em nhiều nha. chúc em ngày càng  tiến xa hơn nữa trên con đường tiếng nhật,2
chúc em học tốt nha,1
khó quá thầy giáo ơi,0
nhận kèm 1 1 không thầy,1
chúc thầy luôn thành công trên mọi lĩnh vực,2
rất hay,2
có ai như tôi không nhỉ . ví dụ thầy cho thì làm được . còn dịch bài lại không dịch được . buồn,1
dạ em cảm ơn thầy,2
"thầy dạy rất chi tiết, dễ hiểu, cảm ơn thầy rất nhiều ạ",2
cám ơn thầy,2
"thầy dịch giúp em câu này với ạ.
cà phê trên tay anh đưa tay em cầm lấy
có thể được xem như
mình vừa cầm tay nhau",1
thầy dạy quá hay. cảm ơn thầy nhiều ạ,2
"thầy ơi cho em hỏi, câu video số 5: bạn có biết người đang hát là ai không? - tại sao không dịch phần là ai ạ, theo câu dịch của thầy thì nó chỉ là bạn có biết người mà đang hát không?",1
thầy dạy chi tiết mà ưng quá trời ạ,2
"bài này hơi khó tí thầy nhỉ, nhưng thầy dạy em hiểu hơn cô ạ",2
thầy dạy dễ hiểu hơn trên lớp cảm ơn thầy,2
thầy dạy kỹ với hay,2
thầy daỵ có tâm quá,2
cảm ơn thầy,2
em tập dịch từ những câu đơn cho quen rồi dịch lên đoạn văn sau em nhé,1
giốn mình,1
thầy cảm ơn em nha thầy chúc em học tốt nha,2
thầy chúc em học tốt nha  em tham gia nhóm cộng đồng tiếng nhật minato dorimu để tham khảo thêm nhiều tài liệu bổ ích nha,1
thầy dạy dễ hiểu cảm ơn thầy,2
cảm ơn thầy nhiều,2
"thầy dạy tận tâm lắm luôn,học trên lớp không biet gì hết,toàn đưa ngữ pkáp tự làm",2
thầy giảng hay quá,2
thầy dạy rất hay,2
em vẫn còn hoang mang về ngữ pháp bài này,1
mượn từ nam sao không ní nam nhỉ,1
giá mà em biết thầy sớm hơn thì em sẽ học đứng nhất rồi,1
thầy đấy dễ hiểu,2
"em cám ơn sự tận tâm trong từng bài giảng của thầy. chúc thầy và gia đinh luôn mạnh khỏe, binh an. em sẽ cố gắng học cao lên nữa ạ",2
hay lắm thầy,2
cảm ơn thầy thật nhiều,2
thấy đây có tâm quá. học siêu hay. dễ hiểu. trên lớp học cứ như trên mây. cảm ơn thầy nhiều.,2
em học đến bài này hơi khó hiểu,0
cảm ơn thầy rất nhiều ạ. giờ em mới hiểu rõ được luôn . thầy dạy thật là dễ hiểu,2
"thầy giảng tuyệt quá, thầy ơi thầy có thể dịch dùm em câu.  món ngon nhất mà bạn đã từng ăn là món gì được không ạ",2
"thầy cho em hỏi, ở lúc 1h10p có câu 2, trong ngồi nhà mà anh mira đang ở thì có con mèo. trợ từ của ngồi nhà có thể dùng ni hay là đổi trợ từ của neko thành ni được không, tại nó làm em nhớ tới ngữ pháp bài 10. em xin cảm ơn .",1
"câu này được không bạn, t dừng video làm câu y như ô mà khác với thầy",1
thầy cảm ơn em nhiều nha. chúc em từ nay về sau luôn đứng nhất,2
thầy cảm ơn em nha,2
sau nhà có thể dùng ni còn neko dùng gá chứ sao ni được bạn,1
"4 mệnh đề em không phân biệt nổi thầy ơi, khó quá",0
đau não,0
thầy dạy hay lắm luôn.hâm mộ thầy quá.idol của e,2
"cảm ơn thầy nhiều nhé đã giảng rất cụ thể, phân tích rõ rang dễ hiểu bằng nhiều ví dụ từ cái cơ bản đến nâng cao",2
"thầy dạy rất dễ hiểu, cảm ơn thầy rất nhiều ạ",2
"yêu thầy mất rồi thầy ạ
thầy thật tuyệt vời",2
"thầy tiệp dạy hay quá , em phải bảo cả dòng họ nhà em like cho thầy thôi",2
cám ơn thầy dạy hay và dễ hiểu,2
"quá tuyệt vời, thầy dạy dễ hiểu thật sự.",2
bài này khó nhằn thật. mình tua đi tua lại đến 4 lần. cảm ơn thầy đã có bài giảng rất chi tiết,2
thầy có làm video dạy chữ hán không ạ ? em tìm mà không thấy,1
đến bài này là en sắp bị tẩu hỏa nhập ma mất rồi.,0
thầy ơi có khoas học n4 không ạ,1
dạy nc không có đường ra vậy thầy,1
"thầy đẹp trai, dạy nhiệt tình và dễ hiểu",2
"thật sự yêu quý thầy, nhất định sau này nếu còn sống em sẽ đến gặp thầy",2
chữ hán thì em có thể học theo giáo trình look and learn em nhé. còn video bài giảng thì thầy chỉ có trong khóa học thôi em ạ.,1
cảm ơn thầy. đã cứu em khỏi vòng luẩn quẩn của ngữ pháp 3,2
"thầy dạy rất hay và dễ hiểu , cơ mình lỗi hơi bị nhìu",2
"tất cả là tai thầy hết á, tại thầy giảng hay qua mà em fải tìm lại n5 cua thầy, giờ em  đang học n4 và ôn lại n5 của thầy giảng, thầy là đỉnh nhất",2
"thầy rất có tâm và nhiệt huyết,cuộc đời tiếng nhật của em bừng sáng khi gặp được thầy,cảm ơn thầy rất nhiều",2
e mà biết thầy sớm thì đâu có ngu ngữ pháp nz hic,1
chân ái thật sự,2
"thầy ơi, em cảm ơnnnnn thầy",2
quá hay thầy,2
thầy tâm huyết  nhiệt tình!!!,2
thầy dạy dễ hiểu quá!!,2
thầy  duyên quá đi,2
quá hay,2
"thầy cảm ơn em nhiều vì đánh giá góp ý rất tích cực, cũng xin lỗi vì trong quá trình biên soạn  quay dựng có 1 số thiếu sót. hy vọng trong quá trình học nếu có điểm gì lỗi em giúp thầy để lại bình luận về nội dung và đoạn video (ví dụ 34:20 nhầm nội dung ....) để thầy có thể điều chỉnh lại nhé. cảm ơn em rất nhiều.",2
"thầy cảm ơn em nhiều, em có thể tham gia nhóm cộng đồng tiếng nhật minato dorimu trên facebook của thầy để được giao lưu học tập cùng các bạn và được cập nhật kiến thức bổ ích mỗi ngày nhé!",2
học thầy em mới hiểu bài em cũng muốn tham gia nhóm của thầy ạ,1
mình nay 38 tuổi rồi hiện vẫn đang học các video của thầy. cám ơn thầy đã chia sẽ các video bổ ích,2
nhóm nào,1
"cảm ơn em rất nhiều nhé, thầy chúc em kiên trì và học tốt nhé!",2
e cảm ơn thầy ạ,2
"thầy cảm ơn em nhiều, em có thể tham gia nhóm cộng đồng tiếng nhật minato dorimu trên facebook của thầy để được giao lưu học tập cùng các bạn và được cập nhật kiến thức bổ ích mỗi ngày nhé!",2
"vâng, em cảm ơn thầy ạ.",2
cố gắng học em nha 3,1
"thầy cảm ơn em nhiều, em có thể tham gia nhóm cộng đồng tiếng nhật minato dorimu trên facebook của thầy để được giao lưu học tập cùng các bạn và được cập nhật kiến thức bổ ích mỗi ngày nhé!",2
"thầy cảm ơn em nhé, em có thể tham gia các page và nhóm của minato trên facebook để được học cùng với các bạn và có thêm kiến thức bổ ích mỗi ngày nhé.",1
dạ em cảm ơn thầy;em  vẫn chưa biết  vào nhóm,2
"thầy cảm ơn em nhé, em có thể tham gia nhóm cộng đồng tiếng nhật minato dorimu trên facebook để giao lưu, học hỏi từ bạn bè cùng mục tiêu chinh phục tiếng nhật nhé!",1
"thầy cảm ơn em nhiều nhé, thầy chúc em học tốt!",2
"thầy cảm ơn em rất nhiều, thầy chúc em học tốt nhé!",2
thầy cảm ơn em rất nhiều .,2
dạ em cám ơn thầy ạ,2
em đang hỏi cấu trúc nào nhỉ,1
"thầy cảm ơn em rất nhiều, em có thể tham gia nhóm cộng đồng tiếng nhật minato dorimu hoặc page minato nihongo dorimu của thầy trên facebook để có thêm nhiều kiến thức bổ ích mỗi ngày nhé.",2
vâng ạ,2
"sắp tới thầy sẽ ra mắt page cho kaiwa nhé, trong thời gian chờ đợi em có thể tham khảo những video về kaiwa cực đỉnh trong nhóm cộng đồng tiếng nhật minato trên facebook. và tik tok minato.nihongo của minato nhé (ở đây có nhiều tip cực chất em nhé).",1
cảm ơn thầy,2
"thầy giảng chi tiết, bạn nào mới học cũng có thể học được hihi",1
thầy rất nhiệt huyết với bài giảng,2
thầy dạy có tâm nhất em từg gặp,2
thầy giảng hay quá,2
hay quá thầy ơi,2
cảm ơn thầy ạ,2
cảm ơn thầy rất nhiều,2
bài này học mãi thầy ạ,1
cảm ơn thầy rất nhiều. chúc thầy sức khỏe để tiếp tục ra video giúp đỡ em và mọi người cho việc học tiếng nhật dễ dàng hơn 3,2
thầy dạy hay quá ạ,2
"học từ bài 1 đến bài 25 từ trước đến h thấy bài 22 khó nhất không hiểu , h xem được video của thầy em đa hiểu cảm ơn thầy",2
thầy dạy siêu hay luôn !! dễ hiểu và cực kỳ rõ ràng .,2
câu của bạn không sai nhưng câu của thầy có thêm rất nổi tiếng mà bạn,1
câu của bạn dịch là trung tâm tôi đã học tiếng nhật thì người nghe không biết trung tâm bạn đã học thì như nào vất vả hay vui hay như nào,1
chào bà,1
hehe học trước hả,1
theo mình thì đúng rồi nak,1
đề su nữa,1
thầy dạy rất hay,2
thầy dạy dễ hiểu,2
học tới bài 20 rồi giờ mới gặp dược thầy giảng hay rõ ràng,2
rõ ràng dễ hiểu,2
tìm được thầy là 1 chân ái của cuộc đời em,2
thầy giảng hay quá,2
"3 thật may vì gặp được thầy, em cám ơn thầy, chúc thầy tiệp thật nhiều sức khỏe  ạ",2
xem thầy dạy mê tiếng nhật luôn,2
"thầy dạy hay quá, dễ hiểu lắm ạ",2
cảm ơn thầy,2
"hay quá , cảm ơn thầy",2
thầy giảng  bài này  thấu đến  tim luôn,2
thầy giảng siêu dễ hiểu,2
xem lại mà quá hay và tuyệt good,2
hóng thầy up hết 25 bài.,1
bạn nghĩ giống mình quá. nhờ thầy giờ mình đã hiểu rồi,2
thầy cảm ơn em nhiều 3,2
mình cũng nghĩ như thế,1
23h30 202546 vẫn đang học bài 23 cố lên săp hết n5 rồi tôi ơi. cảm ơn thầy rất nhiều ạ,2
thầy ơi thầy có đậy thêm không ạ,1
ta dai mat thầy ơi,1
thầy tiệp mãi đỉnk,2
"thầy dạy hay quá, càng nói càng thấm",2
tuần sau em thi n5 ở trung tâm điện thoại. cảm ơn những video bổ ích của thầy,2
thầy tiệp mãi đỉnh,2
"chào thầy, thầy có dạy ở họcm không ạ",2
cảm ơn thầy tiệp nhiều ạ,2
mình 64 25 cũng bài 23 đây,1
tuyệt vời em ơi  cố gắng chăm chỉ nhé em!,2
"e dùng khi đi tới 1 địa điểm,còn ni dùng khi đi tới địa điểm để làm 1 hành động",1
nếu đổi như vậy thì nghĩa của câu nó cũng bị đảo lộn và không còn có nghĩa phù hợp nữa rồi em à.,1
em cảm ơn thầy ạ,2
"em cảm ơn thầy rất nhiều ạ , mà thầy dạy rất giỏi ạ",2
kiki thầy cảm ơn em nhiều,2
kiki ngắn chút để có động lực học tiếp n4 em ơi,1
"dùng á ự đúng hơn,nếu dùng átrung tâma thì cuối câu chia aisatsu shite
khi á ự tây thì sẽ chào bằng tiếng anh
khi atrung tâma tây thì hãy chào bằng tiếng anh",1
còn n4 nữa em cố gắng chinh phục luôn nha,2
thầy không em à. nhưng thầy có lớp trực tuyến và lớp zoom đều học từ xa được em nha,1
dạ em cảm ơn thầy ạ,2
thầy chúc em học tập tốt nha,2
bạn này dạy chậm trọng tâm và dễ hiểu,2
khi về nhà tôi đã nói itadakimasu,1
cấu trucs n ga anh desu có tương đương cấu trúc n wa anh desu ở bài 1 không ạ thầy?,1
học bao nhiêu người vẫn tâm đắc thầy tiệp nhất,2
cảm ơn thầy rất nhiều ạ,2
"cái câu khi về nước tôi đã mua cái cặp 20:25 
với câu khi về nước tôi đã mua cai cặp này 25:25 
em thấy nó giống nhau mà thầy sao lại cái diễn ra trước cái diễn ra sau vậy ạ",1
thầy dạy chậm dãi dễ hiểu zã man luôn mê thầy dạy nhất mỗi tội thầy hay nói nhầm,2
cướp ngân hàng :,1
cũng cấu trúc này n ga anh desu thì có tương đương anh  n không ạ thầy?,1
sao lại có ni nhờ bạn hiểu chưa chi mình với,1
"1 cái là v  ta, 1 cái là v  ru mà bạn",1
"công nhận quá là khó hiểu. cùng 1 ví dụ ,1 câu mà lại 2 cách chia",0
thầy nhầm á nghĩa tiếng việt của nó là về nước mới mua cặp mà thầy giải thích là mua cặp ròi mới về nước nên câu đầu thầy làm sai òi,1
mua cap rồi mới vế nuoc thế ms dúng,1
cảm ơn thầy . người dạy rất có tâm và rễ hiểu ạ,2
"khi ra ngoài ( đội mũ ) .? 
đội mũ xong mới đi ra cửa chứ thầy ?
dựa theo lời của câu là ( khi ra ngoài .dekakeru .. chia động từ vru)",1
20:54 khi về nhà thì nóitadaima chứ sao lại itadakiamas được thầy,1
bạn dạy rất hay mình hay xem bạn dạy để tham khảo dạy nhưng ở phần phân biệt vrutoki và vtatoki thì mình thấy chỗ này chưa hợp lý. ví dụ khi đến paris tôi đã mua cái cặp này hay khi về nước tôi đã.. trong trường hợp này không chỉ là đã về nước mới mua hay đã đến paris mới mua mà nó có hai trường hợp luôn nha,1
"học với thầy rất dễ hiểu ,em mong thầy ra nhiều video hơn để bọn em học nhé .bọn em vẫn luôn ủng hộ thầy",2
có sách nào luyện viết và học chữ kanji không thầy ?,1
thầy dạy rất vui tính nhiều câu ví dụ của thầy rất buồn cười nên học không bị nhàm chán,2
xem mãi vẫn cứ cuốn thầy ạ,1
e cảm ơn  thầy  .thầy dạy học  dễ  hiểu  wa.,2
"thầy dạy chi tiết và dễ hiểu quá, cảm ơn thầy",2
hãy quá thầy ơi chúc thầy nhiều sk,2
học rồi á bạn ở phần cuối của bài 21 á...,1
"thầy cảm ơn em nhiều, em có thể tham gia nhóm cộng đồng tiếng nhật minato dorimu trên facebook của thầy để được giao lưu học tập cùng các bạn và được cập nhật kiến thức bổ ích mỗi ngày nhé!",2
cảm ơn góp ý của minh nguyen nhé  thầy sẽ xem lại và sửa đổi ngay!,2
vậy câu này làm sao mới đúng vậy ạ..,1
thầy cảm ơn em và chúc em học tốt nhé!,2
"thầy cảm ơn em nhiều, thầy chúc em học tốt nhé!",2
phut 21 thầy nói nhầm tadaima thành itadakimasu,1
"thầy trên cả sự tuyệt vơi,,thầy dạy quá có tâm luôn thầy ơi, chưa từng gặp người thầy có tâm như thế, chúc gia đình thầy mãi hạnh phúc, chúc con thuyền minato ngày càng phát triển.",2
thầy ơi cho em hỏi câu 1 ở đoạn 50:16. câu này theo em hiểu thì hành động không hiểu chữ hán diễn ra trước rồi mới tra từ điển. vậy tại sao mình lại không chia thành phủ định quá khứ trung tâmt vậy ạ? em cảm ơn thầy nhiều ạ,1
5:54 hình như aitai hình như thầy nhầm kanji thì phải,1
"thầy dạy hay lắm ạ, mỗi bài thầy đều giảng dễ hiểu, cho ví dụ từ dễ đến khó kết hợp với cả những từ mới học, kanji cũng có phiên âm nữa.",2
được học miễn phí mà không like thì tệ quá,1
yêu thầy nhiều,2
e mắc cười thầy nói tôi về nhà là itadakimasu quá. kaka.,2
thầy dạy rất kỹ và de hiểu,2
cảm ơn thầy rất nhiều ạ!,2
quá tuyệt vời luôn thầy mong video không xoá,2
cảm ơn thầy . bài giảng rất hay và dễ hiểu ạ,2
thầy dạy rất hay,2
em cảm ơn thầy ạ,2
cực dễ hiểu luôn á,2
thầy kể ra cũng dz phết,1
"thầy giảng rất hay và dễ hiểu, cảm ơn thầy và chúc thầy thành công hơn nữa.",2
cảm ơn em nhé.,2
"thầy cảm ơn em nhiều nhé, về video kaiwa em có thể tham khảo 1 số video trên tiktok: minato.nihongo nhé.",1
"cảm ơn bác, bình luận có tâm quá ạ",2
"bạn có học tiếng anh không vậy, mình kèm bạn tiếng anh, bạn kèm mình tiếng nhật được không ạ",1
cảm ơn bạn nhưng mình không có học tiếng anh á.,2
"ò thui ạ, tiếc quá trời",0
dạ cảm ơn thầy nhiều ạ,2
rất cảm ơn thầy.,2
"cảm ơn thầy ạ, cách giản dạy của thầy rất dễ tiếp thu ạ",2
cảm ơn thầy nhiều,2
thầy dạy rất kĩ và vấn đề hiểu rất sâu! thầy giúp mình có tình yêu đối với tiếng nhật và có thể vượt qua được những khó khăn. mình vẫn tin rằng: gieo nhân nào thì gặt quả đấy chúc thầy sẽ luôn mạnh khoẻ và gieo được nhiều nhân giống tốt,2
em thấy trong sách có câu: anh ấy đưa tôi đi thăm thành osaka mà sách sử dụng là watashi wo oosaka mà tôi nhận hành động lại không dùng ni cũng được à thầy,1
e  ơn thầy nhiều ạ.,2
muốn hỏi. ai sẽ đến giúp bạn a. thì hỏi thế nào vậy ạ,1
"e sắp thi n5 rồi thầy ạ,e cảm ơn thầy đã đồng hành cùng em tr thời gian vừa qua",2
thật tuyệt vời cảm ơn thầy rất nhiều,2
phải nói thầy dạy quá hay và dễ hiểu,2
đúng gòi đừng nghĩ phức tạp. còn n1 n2 nữa chi,1
thầy cảm ơn em nhiều  thầy sẽ cố gắng ra thật nhiều video có giá trị hơn nữa,2
thầy cảm ơn em nhiều. đọc những dòng chia sẻ này thầy thấy có nhiều động lực để cố gắng tiếp tục chia sẻ những bài học giá trị đến các bạn hơn nữa. chúc em sớm chinh phục được hết n5 n4 em nha,2
thầy cảm ơn nha. chúc em sớm hoàn thành n4 n5 nha,2
"ui, tuyệt vời quá em ơi. chúc em thi đỗ nha 3",2
"vâng em sẽ cố gắng để đạt kết quả tốt và tiếp tục hành trình n 5 cùng thầy em rất mong thầy có nhiều video tiếng nhật hữu ích ạ,e chúc thầy luôn gặt hái được nhiều thành công ạ.",2
kiki thầy cảm ơn em nha  chúc em sớm hoàn thành chương trình n5 và n4 nha,2
cảm ơn thầy rất nhiều !,2
e cảm ơn thầy nhiều ạ,2
"thầy cho em hỏi cách phân biệt moraimasu và kuremasu ạ
em xin cảm ơn",2
"thầy ơi, nếu người trong gia đình tặng quà cho nhau thì dùng động từ gì vậy ạ?
ví dụ : bố tôi tặng chị tôi......",1
"các bạn đừng có mà xiên sẹo nó đi nhá, phải đơn giản từ từ học nhé, thầy giáo dạy có tâm nhất vịnh bắc bộ",1
cho em hỏi thầy là mình chỉ dùng ga trong hội thoại của kuremasu thui ạ chứ bình thường vẫn dùng wa chứ ạ,1
thầy dạy hay lắm ạ.rất dễ hiểu ạ.,2
e thấy thầy dạy hay lắm mà lúc thầy dạy thì em hiểu . rùi xong em lại quên hết .buồn,2
e mong thầy dạy từ bài 26 đến 50 và năng cao luôn ạ.e cám ơn thầy nhiều nhiều lắm,2
thầy chúc em học tập hiệu quả nha,2
thầy chúc em học tốt nha 3,1
dùng kuremasu đấy bạn,1
chúc bạn học tốt nhé  3,1
"nếu vậy em học nhiều lần, học xong kết hợp làm thêm bài tập để nhớ kiến thức lâu nha",1
e có 1 thắc. mắc sửa chữa trong sách ghi là nhóm 1 . vậy nó là nhóm 1 hay 3 vậy thầy trong sách ghi sai à thầy,1
thầy dạy dễ hiểu,2
chào thầy,2
thật may mắn khi được biết đến những bài giảng của thầy,2
thầy giảng dễ hiểu quá ạ,2
thầy dại dê hiểu quá,2
"thầy dạy rất nhiệt tình và rất có tâm ạ, em chúc thầy nhiều sức khỏe và gặp nhiều thành công trong công việc nhé.",2
cám ơn thầy,2
"học trên lớp chả hỉu, về lại phải xem clip thầy dạy, rất dễ hiểu",2
cảm ơn thầy nhìu nhé,2
tuyệt vời anh ơi,2
đẹp trai dạy còn hay .cảm ơn thày,2
bài giảng đỉnh của chóp thank,2
dùng kuremasu,1
cảm ơn thầy nhé.,2
"bài rất đơn giản nhưng thầy dạy rất kỉ, em cảm ơn thầy rất nhiều",2
thầy có tuyển thực tập sinh sang nhật không ạ,1
"có 2 câu 
câu 1. tôi được thầy tiệp dây tiếng nhật. thầy dùng mẫu morai masu
câu 2. tôi được bà kể cho những câu chuyện cổ. thầy dùng mẫu kure masu. obachan còn đi với trợ từ ga?
--- có gì khác nhau không hay dùng mẫu nào cũng được hả thầy",1
thầy ..sao trong  câu bà kể chuyện (lại  dùng trợ từ ga. ? không phải là trợ tự ni ?),1
thầy dạy không những truyền cảm mà lúc nào cũng tươi .thầy thật tuyệt vời,2
em cảm ơn thầy rất nhiều.,2
thật sự mong thầy tiệp làm video mới về minna quyển 2 từ bài 26-bài 50,1
thầy giảng hay quá ạ 3,2
cám ơn thầy,2
cám ơn thầy rất nhiều,2
thầy ơi cho em xin video học giáo trình n3 được không ạ ?,1
thầy ơi cho em xin giáo trình video học n3 nhe thầy,2
thầy dạy dễ hiểu quá,2
dạy hay dễ hiểu,2
rất cảm ơn thầy.,2
"thầy cảm ơn em rất nhiều, em có thể tham gia nhóm cộng đồng tiếng nhật minato dorimu trên facebook của thầy để nhận được kiến thức bổ ích mỗi ngày, em nhé!",2
"thầy cảm ơn em nhiều, chúc em học tốt!",2
hiện tại thầy đã tuyển đủ chỉ tiêu nên tạm ngưng tuyển em nhé.,1
bạn biết vì sao chưa ạ? mình cg thắc mắc chỗ đó,1
dùng cái nào cũng được bạn,1
"có list rồi đấy bạn, tuy cũ nhưng vẫn oke nhé, mình đang tự học trên kênh của thầy đây",1
thầy đã thấy yêu cầu của bạn và thực hiện rồi kìa  thầy quá tuyệt,2
phải mua b ơi,1
"bạn nên đăng ký học để thầy có thêm thu nhập, miễn phí n5,n4 đủ rồi",1
sen thầy dạy rất cuốn,2
"230, 14052025 em đã nghe giảng xong n5 rồi, hẹn gặp thầy n4. cảm ơn thầy rất nhiều ạ.",2
thầy 10 điểm không có nhưng,1
cảm ơn thầy gấc nhìu ạ,2
"vào lúc 10h53ph ngày 842025, em đã chính thức hoàn thành 25 bài minna, thật sự cảm ơn thầy rất nhiều vì đã đồng hành cùng em trong suốt quãng thời gian qua, cảm thấy thật đúng đắn khi chọn kênh thầy để đắp nền vững chắc cho nội dung ngữ pháp khởi đầu ạ ! em sẽ tiếp tục chọn kênh thầy để học nội dung kiến thức n4 tiếp theo ạ  chúc thầy thật nhiều sức khỏe, một lần nữa cảm ơn thầy tiệp và đội ngũ minato đã tạo ra những nội dung kiến thức miễn phí nhưng vô cùng chất lượng như này ạ !",2
"cảm ơn thầy vì đã có bài giảng miễn phí và đầy tâm huyết. sẽ tiếp tục học tiếp  n4, tự học cũng gian nan phết. mất 7 tháng mới học xong khoá n5",1
2942025 hoàn thành ngữ pháp n5,1
em cảm ơn thầy. bài giảng dễ hiểu dễ ôn tập ạ,2
"nhờ có thầy mà em đã học hết 25 bài, và em sẽ học đến bài 50 theo những bài của thầy giảng,nhờ thầy mà em cảm thấy thích tiếng nhật hơn rồi, cảm ơn thầy rất nhiều",2
cảm ơn thầy,2
"1532025 kết thúc n5 , cảm ơn thầy đã đồng hành cùng em trong chặn đường vừa qua",2
"vừa mới học xong bài 25 của thầy, em định học xong sẽ ôn lại tất cả bài và luyện nghe, sau đó em sẽ học kanji, cảm ơn thầy vì 25 bài rất tận tâm, chi tiết",2
"vô cùng vật vã và vất vả em cũng đã hoàn thành xong 25 bài trên youtube  của thầy.nhưng để chắc chắn, em vẫn đang học  lớp zoom buổi tối ở trung tâm của thầy.vừa học của thầy vừa học zoom nhai đi nhai lại mà có lúc còn quên",1
16h50p ngày 10032025 em đã hoàn thành xong kiến thức n5. nhìn lại chặng đường đã qua đi cùng thầy em cảm thấy rất biết ơn và khâm phục thầy với những bài giảng rất hay và thú vị. em xin cảm ơn thầy rất nhiều và  mong rằng thầy ra nhiều video bài giảng hay hơn nữa để chúng em - những người đang bước những bước chân đầu tiên vào con đường học tiếng nhật có thể tiếp thu được nhiều kiến thức hơn ạ. và cũng mong rằng trong hành trình n4 tiếp theo thầy sẽ tiếp tục đồng hành cùng với chúng em như hành trình n5 đầy khó khăn này ạ,2
cảm ơn thầy rất nhiều,2
53 kết thúc n5 . cảm ơn thầy rất nhiều,2
"10h ngày 2722025, đã hoàn thành xong kiến thức n5 được thầy tiệp truyền dạy lại, nhờ có thầy mà em tự tin nói kiến thức em nắm trong lòng bàn tay, thầy dạy tận tình  và cực kỳ dễ tiếp thu luôn  cảm ơn thầy rất nhiều ạ",2
cảm ơn thầy,2
"chúc mừng em hoàn thành xong mục tiêu n5, cố gắng chinh phục thêm n4 nữa em nha",2
chúc mừng em đã hoàn thành xong hết chương trình n5. vậy là chặng đường tiếng nhật của em đã bước sang trang mới. chúc em sẽ sớm chinh phục được hết kiến thức n4 và học được thật nhiều kiến thức bổ ích từ những video thầy đăng nha,2
vâng ạ,2
thầy cảm ơn em  chúc mừng em đã hoàn thành chương trình n5. tư học hơi vất vả một chút nhưng em đã hoàn thành được. chúc em sớm chinh phục được chương trình n4 nhé,2
uki em nhé  tiếp tục học lên n5 nhé nga!,1
đọc bình luận của em thầy vui lắm. hãy cố gắng tiếp tục kiên trì với niềm yêu thích em nhé,2
"vâng ạ,e cảm ơn thầy rất nhiều",2
úi . em cảm ơn thầy nhiều thế họchọchọc. thầy cảm ơn em nhiều. chúc em học tốt nha,2
"dạ không có gì đâu ạ . nói thật với thầy, em đang sinh sống và làm việc tại nhật, vì em không có chứng chỉ tiếng nhật nên mức lương của em đang không được như em mong. nên từ khi vào làm, hàng ngày em đều xem video của thầy để học. mong tháng 12 có thể đủ khả năng đỗ jlpt n3 ạ",1
chúc mừng em nha  cố gắng tiếp tục chinh phục n4 nha em,2
thầy cảm ơn em nhiều  đọc được bình luận của em thầy lại được tiếp thêm nhiều động lực để cố gắng làm ra thật nhiều video để gửi đến các bạn,2
"dạa, ủng hộ hết mình",1
kiki vậy phải cố gắng kiên trì học em nhé!,1
kiki chúc mừng em đã chinh phục được kiến thức n5. em yên tâm là n4 thầy sẽ vẫn đồng hành cùng em như n5. thầy sẽ cố gắng quay thật nhiều video có giá trị để mang đến cộng đồng tiếng nhật nha  chỉ cần em chăm chỉ học không phụ công thầy quay bài là được,2
thầy cảm ơn em nhiều  chúc em sớm chinh phục hết cả video n4 nữa nha,2
"chúc mừng em đã hoàn thành thử thách n5, chặng đường vừa qua em đã rất cố gắng và nỗ lực rồi. hi vọng chặng được tiếp theo em vẫn giữ được tinh thần để có thể chinh phuc được chương trình n4 nha",2
kiki chúc mừng em đã bước sang chặng đường mới  cố gắng giữ vững phong độ nhé,2
tuyệt vời em ơi. chúc em sẽ chinh phục được n4 sớm nha,2
ui tuyệt vời quá em ơi. chúc mừng em đã hoàn thành nấc thang n5 đầu tiên trong chương trình tiếng nhật. tiếp tục duy trì phong độ để cinh phục n4 nữa em nha,2
kiki thầy cảm ơn em nha,2
"huhuhu, thầy trở lại rồiii",2
"7h tối ngày 02012025, hoàn thành kiến thức n5, cảm ơn thầy vì 1 chuỗi video chất lượng, không chỉ những kiến thức có trong sách mà thầy còn mở rộng ra thêm, nhờ đó mà em có thể hiểu rõ hơn, dù chưa hiểu hết được 100 nhưng cảm ơn thầy rất nhiều. hẹn thầy ở n4 sau khi em đã ôn tập vững vàng kiến thức n5",2
"em chào thầy, em đã học xong 25 bài ngữ pháp n5. em cảm ơn thầy nhiều vì đã bỏ thời gian quý báu để làm ra những bài học chất lượng như vậy ạ. thầy ơi em rất muốn học kanji nhưng chưa biết bắt đầu từ đâu, học đúng cách là như thế nào để học thật tốt mà không lãng phí thời gian. thầy có video dạy kanji n5 hoặc có lớp học kanji n5 không ạ. em cảm ơn thầy nhiều ạ.",1
"cảm ơn thầy tiệp 2 vợ chồng em học thầy qua video n5 hơn 2 tháng đỗ n5 rồi ạ, cảm ơn thầy ạ",2
nhờ đó mà em học xong n5,1
"em cảm ơn thầy rất nhiều
những bài giảng của thầy rất hay và chi tiết",2
"em cảm ơn thầy rất nhiều
những bài giảng của thầy rất hay và chi tiết",2
cảm ơn thầy đã dảng cho em tới hnay,2
"đặt ra cho bản thân 3 năm bên nhật sẽ giữ trong tay n1 .
mục tiêu đến đích nhất định sẽ bay hà nội để tìm đến thầy và minato vì đã cho em động lực vượt qua sau những lần bỏ cuộc.
chúc thầy và tập thể minato mọi điều tốt đẹp nhất trong cuộc sống, sẽ là nơi để các thành viên dựa vào  vững bước trên con đường chinh phục tiếng nhật!",2
em cảm ơn thầy ạa,2
ví dụ 4 15.20 sao chia bị sai thầy ơi,1
em muốn hỏi về khóa học n4 em đki tnao vậy ạ,1
cảm ơn thầy rất nhiều ạ,2
cảm ơn thầy.em biết thầy sớm thì mọi chuyện đã xuôn sẽ hơn.,2
kiki thầy đây rồi em ơi,2
kiki chúc mừng em đã chinh phục được hết kiến thức n5. cố gắng chinh phục nốt n4 rồi học cùng thầy ở n3 nha  chúc em sớm chinh phục được mọi thử thách nha!,2
em thử viết bài giới thiệu của mình rồi thầy sửa cho nha  vì thầy cũng không biết em muốn giới thiệu như thế nào,1
"để giúp các bạn học thêm về kanji. thầy sẽ cố gắng sắp xếp quay và đăng lên kênh này. em theo dõi kênh, khi nào có video thầy sẽ đăng video bài giảng lên kênh nha  thầy cảm ơn em nhiều!",2
em cảm ơn thầy nhiều ạ.,2
tuyệt vời em ơi. tin vui nhân đôi luôn,2
tuyệt vời em ơi. dấu mốc của sự cố gắng. em cố gắng tiếp tục học hết kiến thức n4 nha em  thầy đăng hết trên kênh rồi em nha,2
tiếp tục chinh phục chặng đường n4 nữa em nhé!,1
kiki thầy cảm ơn em nhiềuuuu,2
"tiếp tục chinh phục ngữ pháp n4 luôn em ơi. thầy đăng đầy đủ kiến thức từ n4 nữa rồi, em cố gắng học nhé!",1
"thầy cảm ơn những chia sẻ đầy tình cảm của em. nhất định cố gắng và trở về hn để gặp thầy và minato em nha. nhất định em nhé! 
chúc cho mục tiêu của em sẽ sớm thành hiện thực nha!",2
uki em nha,1
em liên hệ qua facebook nguyễn ngọc tiệp để thầy tiện tư vấn cho em nhé. thầy cảm ơn em,2
uki em nha. tiếp tục chinh phục n4 nữa em nha,1
biết giờ chắc hơi muộn chút nhưng vẫn còn có thể em ơi. cố gắng bứt phá để mọi chuyện suôn sẻ hơn em nhé,1
"12102024 
cảm ơn thầy rất nhiều , em đã done n5, chuẩn bị tiếp n4 thui.....",2
cảm ơn thầy đã giúp đỡ,2
khi về việt nam nhất định em sẽ đk học ôn n3 chỗ thầy,2
cảm ơn thầy đồng hành cùng em trong suốt hành trình n5. chúc thầy sức khoẻ và luôn nhiệt huyết ạ,2
em cảm ơn thầy rất nhiều ạ . thầy có thể làm một video tổng hợp ngữ pháp n5 không ạ . mong thầy ra một vidoe như vâỵ ạ,2
vậy là đã kết thúc 25 bài học n5 rồi. cảm ơn thầy tiệp rất nhiều đã đồng hành cùng em trong suốt quá trình học. cứ khi nào chán nản muốn từ bỏ. là thầy lại tiếp thêm động lực. chúc thầy và minato ngày càng phát triển mạnhhh,2
"cảm ơn thầy rất nhiều ạ. em đã hoàn thành 25 bài n5. 
hy vọng sẽ hoàn thành 25 bài n4, để có thể học tiếp n3 cùng thầy ạ.",2
em cảm ơn thầy rất nhiều ạ. em xem thầy từ bài 1 giờ đã tới bài 25 rồi nhanh thật sự. chúc thầy nhiều thầy và có chia sẻ nhiều bài giảng hay cho mọi người,2
cảm ơn thầy thế là kết thúc n5...31_07.   chuẩn bị cho chuyến bay 18-8 đến nhật thui,2
"đánh dấu cột móc hoàn thành n5 tiếp tục con đường chinh phục n4 thôi cảm ơn thầy rất nhiều vì đã đồng hành cùng em trong suốt hành trình từ bài đầu tiên đến bài cuối này 
cảm ơn ạ thầy dạy rất dễ hiểu ạ",2
"cảm ơn thầy ,cuối cùng cũng học xong 25 bài n5 .chúc thầy sức khỏe ,1572024 ,đã bắt đầu học n4 với minato rồi thầy ạ.cố lên",2
mong rằng thầy có một bài tổng hợp ngữ pháp của n5 ạ,1
"thật sự cảm ơn thầy nhiều
từ những video của thầy mà chưa đầy 3 tháng em đã học xong n5.
thật sự bài dạy của thầy rất kỹ và dễ hiểu.
 cảm ơn thầy",2
"thầy cho em hỏi là từ yo ku trong câu: nếu uống thuốc thì tình trạng sẽ khá lên, nó gốc là tính từ đuôi i mà đổi qua yoku thì thành trung tâm đuôi na sao ạ, vì thầy để là yoku ni naru yo",1
thả tim cho thầy ạ,1
bài 25 rồi.nhờ thầy mà phần ngữ pháp của em không bị luông lay. so với một người vừa học tranh thủ như em thì đây là một quá trình vừa dài vừa vất vả. cảm ơn thầy và mọi người ạ. sẽ cố gắng hoàn thành nốt chương trình n4 nữa để đăng kí lớp học của thầy,2
đki khoá học thì bạn thầy.kanjji đọc hiểu,1
tuyệt vời quá. chặng đường n4 tiếp tục cố gắng nhé em!!!,2
nhất định em nha  hẹn em ở n3 nha,2
thầy cảm ơn em nhiều nha. chúc em sớm chinh phục được n4 nữa nha,2
thầy cảm ơn em nhiều nha. cố gắng chinh phục hết kiến thức n4 nữa em nha,2
"kiki tuyệt vời, tiếp tục học thêm 25 bài của n4 em nha",2
"kiki.cảm ơn em nhiều. thầy chúc mừng em đã hoàn thành 25 bài n5, cố gắng học xong luôn n4 thầy đăng rồi nha.",2
kiki chúc mừng em. cố gắng tiếp tục chinh phục n4 nữa nha. chúc em có chuyến bay may mắn,2
kiki tuyệt vời quá em ơi. chúc em sớm chinh phục được thêm n4 nha,2
cố gắng lên em nha. những chặng đường mới đang chờ em đến chinh phục 3,1
thầy cảm ơn em nhiều nha. thầy hi vọng là các bạn học tiếng nhật cảm thấy dễ và thích để khi ở nhật không bị thiệt thòi. em cố gắng học lên cả n4 luôn nha. thầy có chuỗi bài n4 nữa đó em,2
"tuyệt vời quá em ơi. thầy vui quá. hành trình nhìn cứ tưởng đơn giản nhưng lại không hề, nó lại càng khó hơn khi em tự học. em cố gắng chinh phục nốt chương trình n4 nữa là rất tuyệt vời. nhớ dành thời gian làm thêm nhiều bài tập trong cuốn mina nữa nha em nha 3",2
cảm ơn thầy siêu nhiều ạ! từ 1 đứa không thuộc bảng chữ cái 3 năm trước đến việc học hết 25 bài đối với em đã là 1 sự cố gắng của sự vượt qua chính mình. 1 phần công hầu hết là ở thầy vì thầy dạy quá hay quá hiểu bài luôn ấy ạ. hóng được học tiếp giáo trình n4 ở những video tiếp theo của thầy a!!!!!!!!!!!!!!!!!!!!!!,2
"cảm ơn thầy rất nhiều, mến chúc gđ thầy nhiều sức khoẻ hạnh phúc và thành công",2
khi không bài mà buồn ngủ..e cũng đi ngủ luôn,1
đến 10h sao lại là nát tà rà vậy mọi người,1
chúc thầy thật nhiều sức khỏe,2
e cảm ơn thầy rất nhiều ạ,2
cảm ơn thầy thật nhiều,2
mới đó đã hết quyển n5 rồi  sau 6 tháng học tiếng nhật sau 6 tháng xxem thầy minato cuối cùng  em cũng đã chinh phục được n5,1
cảm ơn thầy những bài giảng vừa qua. nó đã giúp em được rất nhiều trong quá trình học. chúc thầy thật nhiều sức khoẻ. một năm mới thật thành công ạ,2
"xem video của thầy em hiểu bài hơn nhiều, trước kia chỉ mua sách về học chay không ai chỉ khó dã man",1
cảm ơn thầy tiệp,2
"cám ơn thầy rất nhiều ạ, thầy giảng dạy rất dễ hiểu. chúc thầy luôn mạnh khoẻ",2
"em đang tự học theo những video của thầy. thầy dạy rất hay và dễ hiểu ạ.
em chúc thầy năm mới nhiều sức khỏe và công tác tốt ạ.",2
cảm ơn thầy về 25 bài giảng rất hay và bổ ích ag,2
"ui, sao lại tuyệt vời như thế này. thầy quả thật là vui lây luôn ấy 
quả thật, sau thời gian dạy tiếng nhật, thầy thấy các bạn dễ nản vì chướng ngại ban đầu học rất lớn. trải qua được khó khăn đầu tiên bảng chữ cái, khó khăn tiếp theo là bài số 7, rồi bài số 14, 22... tỷ lệ các bạn bỏ cuộc cũng nhiều. thấy vậy nên thầy càng muốn làm những bài giảng miễn phí, nhưng vẫn dễ hiểu và thu hút để các bạn có thể thoải mái nghe giảng.  thầy chúc mừng em đã học đến bài 25 và vượt qua nhiều chông gai như vậy rồi nha 3 
thầy có đăng ngữ pháp và từ vựng n4 rồi. em yên tâm tiếp tục học theo nha",2
thầy cảm ơn em nha. chúc em sớm hoàn thành chương trình n5 và n4 nha,2
thầy cảm ơn em nhiều nhé,2
em chụp lại hoặc xem ở phút thứ bao nhiêu đoạn mà em thắc mắc giúp thầy nhé,1
thầy chúc em học tốt nha 3,1
"thầy chúc mừng em nhé 
tiếp tục chinh phục n4 em nhé",1
dạ em cảm ơn thầy nhìu ạ em sẽ cố gắng chinh phục n4 ạ,2
thầy cảm ơn em nhiều nhé. chúc em học tốt và chinh phục hết các chặng đường của tiếng nhật nha,2
thầy chúc em học tốt nhé,1
thầy cảm ơn bạn nhiều nha. chúc bạn học tốt nhé  3,2
thầy chúc em học tốt nha 3 chúc em thật nhiều sức khoẻ nhé,2
thầy chúc em học tốt nhé 3,1
"cảm ơn các bài giảng của thầy rất nhiều ạ. học rất dễ hiểu và dễ nhớ. em chuẩn bị thi n5, nhờ ôn từ các video của thầy em đã vững ngữ pháp hơn rồi ạ. thực sự thầy dạy quá có tâm và dễ hiểu ạ.",2
cuối cùng cũng học xong hết 25 bài của thầy. thật sự rất biết ơn thầy ạ. em sẽ cố gắng tiếp tục với n4 của thầy. chúc thầy luôn thành công trên con đường sự nghiệp của mình ạ,2
n5 học giáo trình minano thì chỉ cần xem video của thầy thôi chứ không nên đi học ngoài tốn tiền. học trung tâm lơ tơ mơ về học đây mới hiểu.,1
"theo học thầy từ đầu tới cuối thực sự rất dễ hiểu về phần ngữ pháp, vì thầy cho khá nhiều ví dụ để áp dụng. cảm ơn thầy đã khiến tiếng nhật dễ dàng hơn phần nào đối với em. một lần nữa cũng cảm ơn minato và thầy tiệp đã có những video như thế này ạ.",2
cảm ơn thầy rất nhiều ạ!!,2
cảm ơn thầy rất nh ạ,2
thầy có còn đọc bình luận những video cũ như này không ạ. cảm ơn thầy nhiều. dạy quá có tâm và dễ hiểu ạ.,2
"15:03 sao thầy đọc là hima datrung tâmara, mà màn hình lại ghi là himanara vậy thầy?.",1
thầy dạy rất dễ hiểu may mắn em đã tìm ra được chân ái,2
nếu biết đên thầy sớm hơn thì em may mắn quá rồi,2
thầy chúc em học tập tốt nha,2
thầy chúc em học tập t ốt nha  em theo dõi page cộng đồng tiếng nhật minato dorimu để tham khảo thêm nhiều tài liệu bổ ích nha,1
thầy vẫn theo dõi thường xuyên em nhé  thầy chúc em học tập tốt nhé,1
em cảm ơn thầy,2
. đây cái ít năm sau qoay lại coi mình học lên được n bao nhiêu,1
thay co phần nghe so cap n5 de di thi không a.cho em voi,1
học thầy dễ hiểu thực sự. cảm ơn thầy.,2
himadatrung tâmara hay là himanara vậy thầy,2
cảm ơn thầy rất rất nhiều ạ 44:06,2
"vậy là sau 3 tháng vừa xem vừa học thầy giảng 25 bài n5, em đã có nhiều bước tiến mới trong việc học và chinh phục tiếng nhật. em xin cảm ơn thầy nhiều.",2
cám ơn thầy,2
cảm ơn thầy xem thầy từ bài 1 đến giờ,2
"kết thúc trọn vẹn, cảm ơn rất nhiều",2
theo chân thầy từ bài 1 đến bài 25. cảm ơn thầy,2
thầy giải thích cho em khi nào dùng suru toki với shiteiru toki được không ạ ?,1
"cảm ơn thầy rất nhiều ạ , thực sự rất biết ơn thầy ạ , những bài giảng rất hay mà không hề nhàm chán chút nào ạ",2
thầy nói thì chuẩn mà nhìn chữ đọc lắm cái nhầm,1
"đơn giản thôi em ạ, là khi làm gì, và khi đang làm gì, cứ theo đúng ngữ cảnh mà áp dụng em ạ.",1
mất 3 tiếng để đứng sát màn hình quay video thì không tránh khỏi nhìn gà hóa quốc em à,1
"biết đến thầy qua một người bạn, rất may mắn khi đi được thầy chỉ dạy từ bước chân đầu đến bước chân 25, cảm ơn thầy rất nhiều ạ.",2
giờ mới biết hồi trước đọc câu ikura taihen demo bắt nguồn từ đâu rồi. .,1
lời cảm ơn chân thành gửi đến thầy,2
thầy dạy dễ hiểu lắm ạ. em cảm ơn thầy nhiều ạ,2
cảm ơn thầy  rất nhiều,2
vậy đã hết 25 bài kô biết nói gì hơn ngoài 2 lời cảm ơn thầy chúc thầy nhiều sức khỏe thành công và hạnh phúcạ,2
e cảm ơn thầy rất nhiều ạ,2
"em cảm ơn thầy rất nhiều, đã giảng dạy cho mọi người, em học rất dễ hiểu ạ!!!",2
"theo chân thầy từ bài 5 đến giờ
nhanh thật",1
thầy dạy tỉ mỉ dễ hiểu thật tụyêt vời,2
thầy dạy hay quá kĩ kang và em hiểu dễ nữa,2
"lời đầu tiên em cảm ơn thầy nhiều , mới ngày nào bài 1,2 mà đã theo thầy hết bài 25 ,em cảm ơn nhiều ạ",2
thầy cảm ơn em nhiều nha,2
cảm ơn em nhiều nhé. chúc em chinh phục tiếng nhật thành công nhé.,2
hiện tại bạn ntn ?,1
thầy rất vui khi những video này giúp ích được cho e.. chúc em học tốt nhé,2
thầy là ido tiếng nhật của e,1
cảm ơn thầy rất nhiều ạ.cảm ơn tất cả lòng nhiệt huyết của thầy ạ,2
１５７２０２２ em học 3 tháng cuối cùng cùng xong . cảm ơn thầy đã ra những bài giảng bổ ích như này ạ,2
em cảm ơn thầy đã giúp chúng em đạt được giấc mơ của mình ạ 3,2
cảm ơn thầy rất rất nhiều ạ,2
em cảm ơn thầy rất nhiều,2
em cảm ơn thầy nhiều ạ những bài giảng rất nhiệt huyết tận tâm của thầy,2
cuối cùng cũng xong,1
mong thầy làm từ bài 26 trở đi nữa. chứ em thích xem video thầy lắm,2
c.ơ thầy rất nhiều ạ,2
em cảm ơn thầy nhiều ạ,2
nhờ thầy em mới có sự tự tin giao tiếp với người nhật em cám ơn thầy nhiều ạ,2
"em tự học nên tất cả thành quả đều dựa trên sự kiên trì, nỗ lực của em mà có. thầy chúc em tiếp tục kiên trì chinh phục tiếng nhật nhé.",2
dạ em cám ơn thầy nhiều ạa,2
"thầy cảm ơn em nhiều, em có thể tham gia nhóm cộng đồng tiếng nhật minato dorimu trên facebook của thầy để được giao lưu học tập cùng các bạn và được cập nhật kiến thức bổ ích mỗi ngày nhé!",2
"thầy cảm ơn em nhiều, em có thể tham gia nhóm cộng đồng tiếng nhật minato dorimu trên facebook của thầy để được giao lưu học tập cùng các bạn và được cập nhật kiến thức bổ ích mỗi ngày nhé!",2
cảm ơn em đã xem và ủng hộ thầy nhé. có gì còn không hiểu thì em cứ bình luận để thầy hỗ trợ nhé!,2
"thầy cảm ơn em nhé, thầy cho em thêm 2 tháng để hoàn thành 50 bài nhé. video của minna 2 cũng có trong kênh của thầy. còn nếu em không tự học được thì đăng ký khóa học trực tuyến của thầy nhé, rất rẻ mà lại được support, giao bài tập, check bài tập hàng ngày.",1
vậy là đã em đã hoàn thành n5 rồi nhỉ? em có định học luôn n4 không?!,1
thầy cảm ơn em nhé!,2
"dạ
e cảm ơn thầy ạ",2
"thầy cảm ơn em nhiều, chúc em học tốt nhé!",2
"thầy cảm ơn em nhé, em có thể tham gia nhóm cộng đồng tiếng nhật minato dorimu trên facebook để có thêm kiến thức và bài học hay mỗi ngày nhé.",2
"thầy cảm ơn em nhé, em có thể tham gia nhóm cộng đồng tiếng nhật minato dorimu trên facebook để có thêm kiến thức và bài học hay mỗi ngày nhé.",2
"thầy cảm ơn em nhiều, em có thể tham gia nhóm cộng đồng tiếng nhật minato dorimu trên facebook để có thêm được thông tin bổ ích mỗi ngày nhé.",2
"thầy cảm ơn em nhiều, em có thể tham gia nhóm cộng đồng tiếng nhật minato dorimu trên facebook để có thêm được thông tin bổ ích mỗi ngày nhé.",2
luôn ủng hộ thầy như cách thầy ủng hộ em 3,2
thầy ơi video ngữ pháp n4 là trong khoá trực tuyến mới có đúng không ạ. thầy cho em xin giá khó trực tuyến để em có thể xem tiếp các video ngữ pháp ạ,1
"thầy ơi biết thầy từ việt nam hôm nay em đã qua nhật rồi vẫn ngồi học bài giảng của thầy. thầy quá vi đại trông mắt chúng em,cảm ơn sự tâm huyết của thầy, chúng em sẽ cố gắng học giỏi để không phụ lòng thầy",2
rất rất cảm ơn thầy !,2
"thật sự thầy dạy rất hay và tâm huyết ạ.
cảm ơn thầy vì đã giúp em lĩnh hội được tốt nhất kiến thức của 25 bài đầu trong giáo trình minna no nihongo 1 ạ.",2
cảm ơn thầy tiệp rất nhiều. bài giảng rất hay và dễ hiểu.,2
rất cảm ơn những bài dạy của thầy tiệp ạ. hi vọng thầy cho ra những video ngữ pháp n4 nữa ạ.,2
"em cám ơn thầy 25 bài học vừa qua, thầy dạy dễ hiểu lắm ạ. em chúc thầy luôn mạnh khỏe và gặt hái thêm nhiều thành công ạ.",2
cảm ơn thầyrất nhiều ạ,2
em cảm ơn thầy rất nhiều,2
thầy dạy hay quá ạ.không chỉ có kiến thức mà thầy còn truyền rất nhiều động lực trên con đường chinh phục tiếng nhật của mọi người.thật sự cảm ơn thầy rất nhiều ạ.,2
theo thầy  từ bài 1 đến giờ cảm ơn thầy trong thời gian vừa qua rất nhiều tiếp tục chinh phuvj n4 thui :,2
"vậy là đã theo thầy từ bài 1 đến đây rồi. sẽ tiếp tục theo thầy giáo trình n4.
xin cảm ơn thầy rất nhiều. 
chúc thầy luôn khỏe mạnh và hạnh phúc ạ !",2
"thầy, giảng rất dễ hiểu ạ",2
"25 bài qua thật tuyệt vời , em cảm ơn thầy   rất nhiều !",2
mong chờ từng ngày  thầy ạ,1
thầy ơi thầy ra thêm n4 đi ạ,1
vâng. em cảm ơn thầy đã trả lời ạ.,2
sau 2 năm được n1 chưa bác,1
các bạn xem sau cố gắng học tốt để lại bl ủng hộ thầy,1
bài học cuối rồi,1
rất cám ơn thầy,2
"thầy dạy hay quá, thầy làm clip dạy n4 với n3 đi ạ",2
thích thầy dạy lắm ạ! mong rằng thầy sẽ có những bài giảng thú vị nvaz ạ,2
thầy dạy rất hay và dễ hiểu ạ em cảm ơn ạ,2
hay lắm ạ,2
thầy giảng tỉ mỉ qá thầy có thể làm clip dạy lại n3 như n4-5 không ạ,1
thầy chỉ cách học từ vựng nhớ lâu và tốt nhất đi ạ,1
thầy hát hay thế mà nói không biết hát,2
"bạn giảng hay quá,chúc bạn ngày mới vui vẻ",2
thầy ơi thầy làm video về đề thi jlpt  n4 đi ạ ( mong thầy ra video sớm ạ ) vì thầy dạy rất dễ hiểu và tỉ mỉ ạ,2
thầy thi thức khuya dạy sớm làm bài trò thi không lo mà học,2
rất cảm ơn thầy.,2
cảm ơn thầy nhiều ạ,2
n4 thì có rồi còn n3 phải bỏ tiền ra học chứ ai dạy miễn phí bạn,1
chị lan anh cũng xem thầy tiệp à,2
"t cũng thấy lạ ( hima datrung tâma ra  nếu rảnh  trung tâm đuôi na bỏ na  datrung tâma  ra ) câu ví dụ số 4 
nhg thầy vẫn đọc là  hima nara ?",1
đúng vậy ta nên dùng datrung tâma ra nhé,1
thầy lmvideo tổng hợp bài  sơ cấp đến n4 được không ạ,1
thầy giảng hay quá cảm ơn thầy á,2
em cảm ơn thầy,2
"ừm hé, hóng ké.",1
cô tui khác lắm.,1
xúc động quá,2
có cái văn này nhai đi nhai lại,0
nghe muốn khóc luôn,0
tôi đã khóc rồi,0
hay wá cô ơi.em thề quãng đời học sinh của em chưa bao giờ được như zầy á,2
ê chưa tắt cái quạt,1
thật xúc động,2
"minh con nhơ ngay cuôi cung hôi lơp năm, cô cho bon minh môt bai tâp la co thê vê sau cac con co thê thanh bât ky ai nhưng hay luôn la môt ngươi tư tê, hay luôn tin vao chinh minh va khi tôn thương, cac con co thê tim đên ngươi thân, ban be hoăc cô đê chia se. luc đo vê nha, minh cư khoc mai, giơ xem video nay, minh lai khoc môt lân nưa vi nhơ đên cô.",0
trời ơi muốn khóc luôn á,0
ngu vãi,0
quên tắt quạt kìa,0
nhớ mãi kỉ niệm ấy,2
chỉ còn mấy tháng nữa tạm biệt cô giáo rồi,2
buồn quá đi,0
hôm nay là ngày cuối cùng gặp cô vì cô nghỉ hưu.,0
xúc động thật các bạn!,2
bài tập cuối cùng của cô giáo với học trò,2
mãi nhớ những khoảnh khắc thầy cô dạy,2
nhìn mà muốn khóc luôn á,0
tội nghiệp cô quá à,0
tôi,1
"cảm động quá 
coi mà rớt nước mắt",0
tôi đã khóc,0
vì cuộc đời mà những lúc buồn hay là những lúc cãi vã hay là những lúc vui ở trường,1
tôi rơi nước mắt rồi,2
tôi cảm thấy thật buồn,0
"cuộc đời chúng ta chỉ bắt đầu bằng 1 cái chớp mắt thôi là chúng ta đã bắt đầu trưởng thành rất nhiều. coi xong hết thì tui kiểu: . dù sao thì tụi mình cũng phải tri ân mái trường thân yêu, những ghế đá và hàng cây quen thuộc thôi và sẽ lưu giữ mãi mãi trong lòng chúng ta như 1 kỉ niệm khó phai tàn. và mình cũng chúc thầy cô giữ gìn đầy sức khoẻ nhé ",1
tuổi học trò trôi qua thật rồi ư???,2
thực ra tôi chưa làm tôi,1
khóc,0
nhớ ngày xưa quá trời,2
đó là một kỷ niệm đẹp!,2
huhu nhìn cô khóc làm tôi nhớ ra cô tôi khóc khi sang cấp khác mất tiêu rồi huhuhuhuhuhuhuhuhuhuhuhuhuhuhuhuhuhuhuhuhuhu 1:47,0
"nhớ trường,nhớ lớp nhớ bạn bè tất cả giờ chỉ còn là hoài niệm mà thôi",0
buồn thật sự,0
chỉ là 1 bài tập nhưng nó chan chứa hàng ngàn giọt nước mắt của hs khi phải xa cô giáo dạy mình suốt năm trời,2
xem muốn khóc,0
ôi hoài niệm quá vẫn nhớ ngày hôm đó,2
các bạn ơi hãy giữ liên lạc với cô giáo nha,2
sớm ghim em,1
bản lĩnh lên vì đây mới chỉ là khởi đầu của những cuộc chia tay của cuộc đời thôi ....,1
lớp 8 tui nghỉ học đi làm rồi nên thấy cũng bình thường,1
buồn quá,0
nhớ ngày xưa ghê thầy chủ nhiệm giao bài tập cuối cùng là hãy sống tốt nhé dù có gặp khó khăn thất bại gì thì hãy đứng dậy và đi tiếp tương lai đang chờ các em đọc xog câu đấy mà tui cảm giác muốn khóc dù tui là một đứa hiếm khi khóc lắm mà khi đọc xong tui không kiềm nổi nước mắt,0
năm lớp ba tôi có quen được một cô lớp ai cũng khóc cũng thương nhưng lên tới lớp bốn cô lại nghĩ hưu làm ai cũng buồn  vào ngày sinh nhật của cô khác cô tới trường lớp ai cũng mừng tết lớp năm cũng vậy mà mai mốt chắc không được gặp nữa rồi,0
cô giáo này thật có tâm quá xúc động trc clip này,2
hãy đi chơi nhiều hơn thời còn đi học nếu không thì không có kỷ niệm đâu,2
tôi rất tôn trọng thầy cô,2
"tui đã khóc, không bình thường tại sao.",0
tôi đã khóc thật xúc động,0
2 năm rồi ai còn coi này không,1
mình đã khóc khi xem video này,0
buồn  10,0
tôi chỉ muốn thoát khỏi cái trường này càng nhanh càng tốt,1
buồn quá,0
"20 rồi mới quay trở lại trường, một cảm giác buồn man mác gợi nhớ những kỹ niệm thời áo trắng. cây phượng già vẫn đó, lớp học vẫn đây, hành lang củ mỗi giờ ra chơi chay nô đùa vẫn vẹn nguyên ở đó. năm tháng ấy khi còn trên ghế nhà trường thật đẹp đẽ biết bao. trở lại đây lại nhớ mối tình đầu hồn nhiên trong sáng ấy, tất cả vẫn hiển hiện một cách chân thực như thước phim quay chậm như vừa mới hôm qua thôi. ước gì được quay trở lại khoảng thời gian ấy, được ngồi ở hàng ghế đá dưới tán cây phượng già ríu rít nói cười với cô bạn gái củ ngày xưa. nhớ lắm ngày xưa ơi, nhớ lắm bạn bè thầy cô ơi. mong có ngày gặp lại nhau đầy đủ nhất, mãi nhớ thời học sinh yêu dấu của tôi",1
"còn đi học thì làm gì làm đi,chứ hết đi học rồi gặp lại thầy cô và các bạn thân khó lắm,mỗi người đều có một công việc riêng và làm ở những nơi khác nhau nên hãy trân trọng việc học nha các bạn",2
ai để ý là cô giáo không tắt quạt không,2
ôi má ởi cuộc đời này là vở kịch người đóng vai này người đóng vai kia. vào phim trường mà xem có ai rơi nước mắt đâu,2
đã 2 năm rồi sao xem mấy cái video này lại thấy nhớ các thầy cô giáo bạn bè thì ít khi tụ tập giống lúc đi học  giờ cx 21 rồi còn nhớ bạn nữ mik từng thích nhưng ko giám ngõ lời giờ ít khi gặp nên nếu có thích ai thì hãy dũng cảm nói ra đừng tự ti hãy tận hưởng thời gian tươi sáng thanh xuân tươi đẹp của thời học sinh lưu giữ những kỉ niệm vui vẻ bên bạn bè thầy cô giáo .,1
sóng gió cuộc đời đã làm tôi quên cái kí ức tuổi học trò mất rồi.nằm nhớ lại cả đêm cũng không thể nhớ hết tên của những bạn học...haizz ai giống tôi không.12a4 trường thpt an thạnh mc bến tre năm học 2005_2006,2
cảm động,2
tôi chỉ ước được ọc với các bạn cũ đến hết cuộc đời,2
tui sắp tới nè chời ơiiiiii:(((,2
quê mình --_--,1
em buồn quá chị ạ em đã trải qua những ký ức đau buồn và vui vẻ cùng với cô của mình cảm ơn cô hòa cảm ơn cô trâm cảm ơn cô hải lý cảm ơn cô hương vì đã dạy con suốt 4 năm trời qua cảm ơn các cô vì đã dạy con suốt 4 năm học qua hiện tại con đang sống rất tốt và con đang học lớp 5 rồi . hiện tại con chỉ còn 1 năm để nói lời từ biệt với cô con cảm ơn bốn cô này vì đã dạy con nên người và sắp hết hè rồi con sẽ quay lại để gặp cô nhé,0
buồn ghê tuổi học trò cũng trôi nhanh lắm,0
v trong cuộc đời này có buổi hc cuối cùng là không được khóc à??,0
"nói chung thầy cô phải biết làm gương làm mẫu cho học sinh, sau này còn lên làm hiệu trưởng.",1
ừm suốt cuộc đời là bao lâu vậy cô,1
sau khi xem xong tôi khóc,0
còn em;em nhớcô hiêp của em quá,0
hu hu hu hu hu hu,0
đến ngày ngày họp lớp thì cái đứa khóc to nhất lớp lại mất hút đầu tiên,1
nhanh quá còn được mấy buổi lên lớp nữa,1
buồn quá!,0
"tớ xa trường 10 năm rồi , còn nhớ mãi mái trường  ,bàn ghế   ,đứa bạn ngồi cạnh nó cứ trêu tôi  , tôi nhớ chiều tuần nào cũng rủ đám bạn đi chơi mà bây giờ đường ai người nấy đi ,vào ngày cuối năm học lớp 12 cô tớ ra bài tập cuối cùng  các em hãy sống thật tốt biết chăm chỉ  thời hạn nộp bài suốt cả cuộc đời  lúc ra về đứa nào cũng ríu rít bật khóc vì phải xa mái trường",0
tôi xem clip mà xúc động khi khoảng khắc cuối cùng ấy,0
tất cả giáo viên ai cũng như em thì tôi tin nền giáo duc của vn sẽ phát triên nhất thế giới,1
tôi hiểu vì t cũng sắp rời khỏi mái trường cấp 2 r,1
cấp 3 t có 1 gvcn c.h.a.n,1
đừng khóc vì chuyện đã kết thúc. hãy cười vì nó đã xảy ra.,1
vắng cả lớp luôn à,1
giờ tui thì muốn quay lại tuổi thơ tươi đẹp này,2
"1:44   cảm xúc : buồn,khóc",0
"tôi nhớ mãi cô 
dờ thì đã hết rồi",1
thật xúc động,0
cảm động quá!tôi không kiềm được nước mắt,0
"đây là ngôi trg mà toii ước mơ đỗ vào ngôi trg này vậy là chỉ còn hơn 1 tháng nữa thôi là đến kì thi tuyển sinh vào lp 10 thpt mong là tg còn lại mình sẽ ôn được nhiều và đủ  để vào ngôi trg này tôi dự tính toán 8 văn 7 anh 4 cộng lại toán văn nhân 2 là 30  tiếng anh là 34 vậy là đỗ rồi 
2k9 ơi cố lên nhé chúng ta đã cố 4 năm ròii chỉ còn hơn 1 tháng nữa thôi cố thứ đêm 1 chút thoii để đỗ nv1 nhé",2
mong mấy hs giỏi,2
nhớ lại ký ức quá t giờ 29t oy,2
xem xong mà xúc động quá,0
chia tay cuối cấp,1
nghe nói.,1
buồn quá,0
"tớ năm nay mới lớp 8 mà không hiểu sao xem xong lại khóc, đỉnh điểm là lúc cô viết chữ vắng 43 với cả nội dung bài tập về nhà, combo cả giọng chị lồng tiếng đúng kiểu nước mắt dâng trào",0
con toi thi khac:face-blue-wide-eyes::face-blue-wide-eyes::face-blue-wide-eyes::face-blue-wide-eyes:,0
khóc lun á,0
"làm lại người trung thực. tha lỗi cho thầy, cô.",2
"hồi tui sắp chuyển trường sau khi tốt nghiệp cấp 2 xong. tui muốn quay lại nói lời tạm biệt thầy cô bạn bè cũ. nhưng có điều họ cảm thấy quá thờ ơ, không cảm xúc gì gợi nhớ. chỉ biết quay ra cười vui mừng, coi nhau như người không biết. dù buồn thật, nhưng mà người ta đã cư xử với mình như vậy thì không đáng để nhớ. có những người họ biết coi trọng những kỷ niệm người cũ trong lớp thì mình cảm thấy còn nhớ tới và trân trọng, còn đối với kỷ niệm học trò của tui thì thù ghét nhau nhiều hơn là coi trọng nhau. tính ra giờ tui coi cái này cũng chỉ là trong mơ mới có thôi, chứ ngoài đời tui chưa từng gặp.",1
tôi đã rơi nc mắt với bài tập này...mới đó mà đã tròn 20 năm tôi rời xa ngôi trường cấp 3 ấy..!cô khánh vân...chủ nhiệm lớp 12a7 trường nguyễn hữu cảnh năm học 2003_2004,0
xem mà cảm động quá thầy cô đã vất vả nhiều rồi xem đi xem lại mà không thấy chán,0
xem xong muốn khóc dù mình mới học lớp 5 thôi,0
hãy ghi nhớ những khoảng khắc tuyệt vời bên cạnh những người đã cho bạn kiến thức để được thành đạt,1
bài tập về nhà cuối cùng của thầy t kiểu: hãy xui xẻo suốt cuộc đời,0
các b học sinh còn đi học hãy trân trọng những năm tháng còn đi học. các thầy cô chửi mắng các bạn không phải vì họ ghét các bạn đâu. chỉ vì họ mong muốn các bạn thành người thôi. hãy tôn trọng họ. bỏ việc quay trộm các thầy cô chửi hay đánh đi. cuộc sống học sinh cũng không có lần thứ 2 đâu. xin cảm ơn!,1
tôi luôn nhớ ơn thây cô và tất cả bạn bè của lớp cảm ơn các thầy cô mà em được thành công được như hôm nay,2
cô giáo này chắc bị bệnh tâm thần lâu rồi,0
tôi khóc luôn,0
tôi nhớ thầy cô lúc lớp 6 quá,2
xem clip lại bồi hồi nhớ ngày xưa. mình chẳng thể nhớ những khoảnh khắc cuối cùng thời cấp 3 nữa rồi,0
thật là,1
coi mà khóc,0
em... thấy muốn luôn,1
sỉ số 43 vắng 43 có nghĩa là tất cả đã bắt đầu có công việc riêng và không ai có thể học tiếp với cô được nữa vì tất cả đã đi làm và có công việc riêng rồi,1
cảm động quá,0
ai đang học trg này điểm danh,1
tôi rớt nước mắt,0
là giáo viên lớp cuối cấp...thì năm nào cũng vậy mà.,2
mong cô luôn khỏe mạnh,2
xúc động quá,0
kỉ niệm thời học sinh không thể quên :(((((((((,0
"tôi chẳng có ấn tượng gì ở tuổi học trò. thời bao cấp toàn thầy cô giáo miền bắc đói khát, dạy toàn lý thuyết vớ vẫn. còn cô giáo dạy anh văn thì khinh tôi ra mặt chỉ vì tôi là sinh viên nghèo nhưng rất giỏi môn học này. cũng may lòng tự trọng của tôi đã quyết định không vào trường nữa, vừa hết cấp 2. tôi buôn bán kiếm tiền và tự học. ấy vậy môn tiếng anh đã đưa tôi đi đến một đất nước bình yên và tự tại nhất thế giới",1
"tình cảm,tấm lòng cho các em học sinh",2
ơ thế học sinh nghỉ hè rồi à,1
vắng 43 thì ai quay,1
"tội cô ấy quá t côi mà khóc ln đó  
tôi cũ có mt cô giáo cũ là lần cuối luôn đó",0
tôi nhớ khi tôi học lớp 12a8 buổi học cuối là cô đã giao bài tập về nhà nội dung cô viết là các em hãy sống thật hạnh phúc cùng bạn bè và gia đình nhécô tôi viết xong thì cô chạy lại ôm tôi sau đó.... trong lớp ai cũng nhìn tôi và cô ôm nhau mà khóc tôi cũng không kìm chế được nước mắt nữa cuối giờ học cô đã khóc rất nhiêù vì lớp mong cô luôn luôn khoẻ mạnh bên gia đình ạ tôi chúc xong và tôi cũng lặng lẽ đi về cùng ánh mắt tràn ngập sự yêu thương dành cho cô,1
nhớ thầy cô quá,2
muốn khóc,0
đéo hiểu,0
"t không bình thường có thể đi học được nữa hay không,",1
hello teacher and mailisa kim khanh,1
nhớ lại thời học sinh,2
buồn quá,0
làm mình nhớ thầy cô võ quá,2
"thật xúc động, ở lớp mình thì không nhưng vẫn yêu lớp và thầy cô",2
tôi coi mà tôi khóc luôn,0
thầy cô thì năm nào củng phảy chia tay học sinh lớp cũ mà có gì đâu buồn nhỉ,1
cảm động rơi nước mắt luôn,0
muon khoc luon,0
"tôi cũng vậy , hồi năm lớp 12 , cô tôi cũng giao bài tập về nhà cô viết  cô các em , cô mong các em có thể hcoj tập thật giỏi chúc các em vui vẻ ",1
mấy năm qua với chỉ 1 cô záo?!,1
sao vắng 43?,1
khoản đi học mà mặc quần đùi,1
nhớ mãi lúc rời lớp 4. là một kỉ niệm đẹp,2
tội nghiệp cô giáo quá có ai xúc động giống tui không,0
năm sau viết lại y chan nửa,1
xúc động quá,0
cô giáo lại rất ý thức khi ra khỏi lớp cô đã tắt hết điện.,1
"các em thật hạnh phúc khi có được những yêu thương từ thầy, cô.",2
bảo cô top top ít thôi,1
cô ơi quên tắt quạt,1
"coi thì cảm động thật nhưng mà chỉ với mấy bạn ham học thôi, còn mấy đứa nhìn thấy btvn là ngán tận răng thì có khi không làm, có khi còn không thèm nhớ đợi tới lúc ra trường đi làm thì sẽ hiểu được cs khắc nghiệt, những ngày còn đi học được ba mẹ phục vụ, ông bà gánh còng lưng mới ra nổi trường",1
em mong cô khỏe mạnh,2
em cảm ơn cô và thầy giáo em hiểu biết và đọc được và viết được chữ là có thầy cô giáo,2
ở lại lớp thì sao ta???,1
em là hs lớp 6 và muốn các cô trong vd này sống tốt,2
em ở bắc ninh nà,1
cô ơi cô đừng khóc nữa mà,0
em lớp 6 nhưng 42 bạn lận,1
thật xúc động và nhân văn .,2
"t mới cbi bước vào tuổi 30 ( năm sau) , ra trường gần chục năm rồi, giờ nhìn clip này đã nhiều lần muốn được quay trở lại ngày còn đi học, nhớ lắm , sau này chắc còn nhớ nhiều hơn nữa, nhưng cố gắng vì ngày mai vì tương lai",2
tôi gân chay nước mắt rồi,0
muốn quay lại học sinh,2
xúc động quá,2
"thấy buồn quá nhưng mà thoát được cảnh mỗi ngày dậy sớm, thức đêm học bài.",0
cuối đời: em thưa cô em nộp bài,1
tôi nhớ lúc tôi học xog năm lớp 12 ấy thầy tôi đã ghi là chúc các em thành đạt trog cuộc sống và sự nghiệp của các em ai nấy lớp tôi bậc khóc luôn nhờ video này tôi mới nhớ được kỷ niệm ấy,0
mang về chưa chắc đá làm mà nộp,1
thương cô quá,2
cảm động quá,2
nhạc nền thấy buồn miên man vậy. ai biết cho mình xin với. xem mà nhớ lớp nhớ cô thầy.,0
cảm ơn đã nói cho tui biết sớm khi tui còn đang hoc lớp 10,2
"đây là 1 giáo viên đúng nghĩa  yêu thương học trò của mình hết mức có thể, không bỏ qua ai trong lớp, thương hết tất cả các em !!",2
"dù biết là năm sau cô sẽ có học trò mới nhưng cô vẫn mong tất cả học trò từng được cô dạy sẽ hạnh phúc, thành đạt, 1 giáo viên tốt thật sự, tử tế  rất có trách nhiệm với học trò của mình !!",2
tôi nhớ đến những giây phút ấy,2
mình thì sắp hết năm học rồi mình đang học lại lớp 6,1
"toàn xạo xạo, lúc đi học đa số muốn ra trường nhanh, khỏi phải đi học vì mệt mỏi, chán nãn phải dậy sớm, thức khuya học bài, giờ sắp ra trường kiểu như tiếc nối, khóc lóc nhớ thầy cô, tâm lý kiểu như muốn học lại vậy, nếu ai đã từng chăm chỉ học tập thì chả ai muốn quay lại cả, vì đánh mất công sức, còn những đứa lười học mới mong quay lại thôi, dù cho nó có quay lại thì nó vẫn lười và ghét học thôi",0
tui lúc muốn đi học lúc không,1
má xem muốn khóc,0
thương quá à,2
em nhớ cô lắm em chỉ mún về thời đi học thôi,2
hiện tại tôi vẫn còn đang hc cấp 2 chj tôi hc cấp 3 nhưng sao khi xem tôi đã đỏ m và khóc đó là 1 cái gì đó mà không ai trong chũng ta quên ai rồi cũng phải tạm bình thường lớp học tạm bình thường các bạn tạm biệt thầy cô mà thôi nếu là tôi tôi sẽ khóc chạy đến cầm bó hoa mua sáng và tới đưa cô và ôm sao đó chào và rời đi  hãy ở bên người thân bạn bè thầy cô giáo khi mà bạn còn co thể ),0
buồn lắm chứ giờ mà muốn gặp thì  không thể vì thầy cô lớp tôi hồi xưa nghỉ rồi buồn lắm tôi nhớ thầy cô tôi lắm,0
còn lớp tui thì lúc về kiểu: vừa chạy như chó dí vừa cười ha hả,2
"t hỉu màk , t cũng từg gặp r - nên m phải bỏ những thứ đó đi , m phải như t đay",1
buồn thật mà cô ơi cô quên tắt quạt,0
tôi cũng sắp tạm biệt thầy cô giáo rồi,1
nhìn mà tội cô,0
tôi đã khóc khi xem video này,0
1 cô giáo đầy tình yêu thương,1
tôi xem xong video thì thấy xúc động,2
buồn lắm,0
e lớp 4a3 đủ 43 bạn,1
còn gì nữa đâu mà khóc với sầu,0
khóc và khóc,0
xúc động quá,2
ra đời bươn chải mới thấy được.thời còn đi học đúng là hạnh phúc nhất,2
nhớ mãi ơn thầy cô,2
còn tôi cô tôi phát hiện cô bị bệnh ung thư não giai đoạn và từ đó cô ấy không xuất hiện bh ở trừng nữa,0
tui coi khóc luôn,0
những khi vậy mà khi bài tập cuối cùng mà cả lớp khóc lun,0
"năm ấy... tôi chỉ mới học lớp 10 và chỉ mới gặp những người bạn mới trong trường. mỗi ngày, tôi đều cảm thấy cuộc sống mà phải đi học mỗi này đúng là mệt, tôi chỉ mong được ra trường thật sớm. rồi năm lớp 10,11, dần dần trôi đi, rồi tôi cũng cảm thấy mình cũng có thêm những điều vui, những điều buồn nhưng vẫn có cô và các bạn trong lớp an ủi, động viên. những bài học, bài tập về nhà cũng như những bật thang giúp tôi chắp cánh ước mơ là những điều đột phá. rồi điều gì rồi cũng sẽ đến, đã cuối năm lớp 12, tôi chầm chậm bước đi đến trường, học những bài học cuối cùng trong năm cấp 3. thời gian không chờ một ai cả, khi đang giờ ra về, cô tôi không ngừng rơi nhưng giọt nước mắt và nói: cô mong các em mãi mãi bay xa, trưởng thành nhé! câu nói đó vẫn mãi mãi đọng trong tâm trí của tôi cùng những cảm xúc tiết nuối . tiếp tục bước tiến trưởng thành trên con đường đầy trông gai tiếp theo.... trong cuộc đời tôi, đó là năm học cho tôi có nhiều cảm xúc nhất. năm học đó rất ý nghĩa, tôi mong tất cả các bạn,em,anh,chị coi bình luận này sẽ luôn trân trọng năm học cuối cùng trong 12 năm học hành đó nhé!",0
cảm động quá,0
thật cảm động quá nhớ thời tuổi thơ quá đi,0
suốt cuộc đời nghe cứ giống kiểu ngày nào cũng nộp đến khi hẹo á,1
"xúc động quá
mà khoan còn cái camera trong lớp thì sao",1
xem xong mà muốn khóc luôn ý:(,0
xem xong muốn khóc luôn,0
ở bắc ninh quê mình á mn,1
khóc luôn ...,0
nhớ mãi,2
lớp tàng ma,1
thật cảm động,0
muốn khóc theo cô giáo ghê,0
tôi chỉ mới lớp 8 thôi nhưng xem tôi cảm thấy xúc động,0
xúc động quá,0
xúc động quá đi,0
xúc động quá,0
tôi dã khóc! tôi nhớ đến những chữ cô giáo viết lên bảng,0
cảm giác của tao nó như thế nào  có babar đỉnh,1
nếu như vậy tui xin cô là cho con ôm cô được không?,1
coi xong nhớ cô ghê.nhớ lời cô dặn 1 năm gặp nhau cả ngày nhưng không thể gặp hơn 1 năm,2
trường thpt này ngay cạnh trường tôi luôn. nó cũng là trường cũ của chị tôi.,1
5 năm tiểu học 4 năm trung học 3 năm học cuối,1
năm nay đang học lớp 5 rùi...,1
lớp em cũng 43 học sinh,1
xúc động quá,0
tôi khoc luôn,0
tôi coi phim này muốn khóc cô giáo cũng giống như mẹ mình thương cô giáo quá,0
e xem xong em khóc nguyên một dòng sông luôn buồn quá,0
ngày xưa cho rằng việc học khó khăn cho đến khi nhận ra là học chính là thời gian quý giá nhất cuộc đời,2
tôi coi tôi còn cảm động hơn tôi chảy nước mắt xuống tôi muốn khóc huhu rồi,0
chx tắt quạn kìa,1
nhìn thôi đã thấy buồn puá,0
"tui chỉ nhớ 1 câu. thầy làm chủ nhiệm lớp 10 của tôi được 1 học kì. nhưng đến năm lớp 11 thầy lại thấy tôi và bảo:  tôi nhớ em này, em hiền như cục đất . h thì cũng sắp tốt nghiệp cao đẳng r. nhà thì cũng gần trường cấp 3. chạy ngược xuống trường rồi ngược lên đi thực tập. mà h nghỉ lại vẫn thấy vui. niềm vui nhỏ bé khi đi học chỉ nhiu đó thôi. chứ lúc ấy tui cũng hơi trầm cảm thiệt. lên lớp nào thì cũng y như rằng 1 lớp quen 3 đứa. sáng không mở miệng, trưa thì nói, chìu thì im.  bởi tuổi thơ cũng ít niềm vui ở trường lắm. cấp 2 thì hay đi hàng sớm, lên lớp 9 là ru rú trong nhà tới h. hỏi sao ch có bạn trai, nói không dám, nhà lo. .",1
tôi coi mà thấy buồn,0
nhìn mà xúc động,0
tuy là mình đang là cấp 2 nhưng xem được clip này mình cảm nhận được đó là 1 khoẳng khắc buồn nhất của giáo viên mình cũng là cuối cấp ý nên mình không muốn chia tay cô chủ nhiệm trong hoàn cảnh như thế này vì có thể mình sẽ không kiềm chế được ôm cô mà khóc mất,0
vắng 43,1
tôi coi mà tui khóc,0
chỉ số 43 vắng 43,1
rất buồn,0
tôi đã rất nhớ thời hs của mình,2
nhiều khi muốn ở lại lớp để học mãi với cô mà trường chỉ cho phép ba năm ở lại....,2
coi sông nước mắt rơi là tả,0
xúc động quá,0
soneo nha,1
ngày đó xe đạp tôi bị hư. bị trật dây xên. leo lên  dốc đại học ở nha trang  thầy thấy tôi đi qua. gọi tôi vào bao 1 tô phở. thầy bảo. hôm nay thầy mời. ăn đi có sức dắt xe đạp. kk. 2 thầy trò. cười quá chừng. kk,2
minh moi co lop 6 hoi lop 5 khi chia tay minh da khoc ,0
cảm động quá,0
aa toy khóc thiệt ròi nèeee,0
"ủa, sỉ số:43, vắng:0 , chu sao vắng 43 ln vay, vậy lop nghĩ hết àk",1
cảm động quá,0
xúc đông quá:face-pink-tears:,0
sau này về thăm cô giáo cho cô đỡ buồn,0
"cảm động quá cảm ơn các cô giáo,thầy giáo đã luôn dành thời gian dậy bọn con lên người và luôn bên cạnh bọn con cảm ơn tất cả",2
nghĩ hết mà,1
hiện tại thấy có đi học chu nghĩ dau,1
"do mọi người đã đậu hết rồi không còn là học sinh nữa, nên lớp 43 vắng 43",1
con sẽ luôn bảo vệ tất cả,2
"chúc cho những ai nghe được câu chuyện này gia đình mình luôn được vui vẻ hạnh phúc bên nhau, vượt qua mọi khó khăn thử thách trong cuộc sống.",2
thầy cô đã vất vả rồi tình cảm của thầy cô dành cho học trò rất nhiều em mong thầy cô sống khỏe mạnh,2
video tuổi thơ,1
"xin lỗi, vì comments hơi ngu trong 1 video buồn, nhưng cô quên tắt quạt trần hay sao ý",1
xàm toàn giả tạo,0
mình cũng đã lớp 5 mình cũng xắp ra trường nhưng tui rất buồn vì rời xa những người bạn đã gắng bó với tui trong 5 năm và cả các thầy cô đã giậy mình lên người,0
thật là cảm động,0
thế không tắt quạt à,1
tôi vẫn còn nhớ câu lớp ta rồi cũng xa nhưng xẽ mãi nhớ nhau trong tim,2
nắn nót dữ,2
nhìn xúc động quá,0
toi rat nho khoang khac do,2
"5 năm ở tiểu học, đã bình thường bao nhiêu là kỉ niệm từ hồi lớp 1 đến lớp 5, mình và bạn bè cùng nhau tạo nên tình bạn thân, bây giờ kể lại thì lại không thể kiềm được nước mắt?",0
tôi nhớ cô của tôi in sâu trong tim tôi trong não tôi cô tui cũng giống trong đoạn clip ra bài tập làm khi cuối giữa hk2 tôi nhớ lớp 12 nhớ cô nhớ bạn và nhớ lớp,2
lớp tui cũng cs 43 hs:0,1
đúng là người giáo viên tốt,2
câu giải đáp chính là những gì chúng ta trải qua,1
nên đổi là xém dưới đáy xh,1
khi cb lên cấp 2 trước hôm chia tay tiểu học mình cũng khá là buòn và bị mất ngủ.,0
dù tôi chưa lớp 12 nhưng tôi cảm nhận được cảm xúc đó,1
"cô tớ bảo,  mỗi người chỉ có một lần sống. đừng sợ, đừng cuối đầu,... không có cái này thì có cái kia, đừng làm sai, cũng đừng nghe theo lời người khác, đừng sợ thất bại, đừng đầu hàng, đừng  dừung yêu, đừng dừng lương thiện, đôi lúc đừng quá tốt, cũng đừng quá tự tin. sống cho mình không sống cho người, muốn chết cũng được thôi nhưng khi thực hiện được hết những ước mơ của bản thân rồi hẳn chết...",1
"nhớ ơn thầy ,cô giáo rất rất nhiều",2
tôi học lớp 7,1
"nhớ ơn thầy ,cô giáo mãi mãi . chúc thầy ,cô giáo vui vẽ ,khỏe mạnh ,thanh công trong công việc cũng quôc sống....",2
vừa chia tay lớp xong,1
"nhớ lại ngày cuối cùng đó , lớp tôi cá biệt tuy không thuộc dang quậy phá nhưng chỉ hơi lì thôi , hôm đó cũng là ngày cuối cùng đi học lẽ ra cô sẽ đứng trên bục giảng cùng tôi và cả lớp nhưng nhận lại là thông báo từ cô giám thị rằng cô qua đời vì bệnh , cả lớp tôi sừng sững ra không tin được những gì mình vừa nghe , cả lớp tôi cùng nhau hôm đó đi đưa tang cô , hiện tại trôi qua cũng đã 10 năm rồi mình năm nay 25 rồi nhưng thi thoảng vẫn ghé qua thăm mồ cô : và gia đình cô",1
"cũng đã 5 năm rồi 
cuối cùng tôi cũng tìm lại được kỉ ức bị lãng quên 
tôi vui và buồng  vì sao ư ví đó chỉ còn là kỉ niệm ngày đi học  còn giờ thì chỉ còn lại cái tên mà thôi",1
nhớ mãi tuổi thanh xuân,2
"buồn quá, mới đó mà chia tay cấp 1 rồi",0
"toi cung co nho 1 cau ma khi chuan bi roi xa truong dai hoc cua thay giao toi : cuoc song luon co luc vui luc buon , cac em hay song lac quan va hay nho nhung ky niem dep ve thay tro lop minh .tam biet cac em",1
toi xem xong ma toi roi chac gan 1 lit nuoc mat,2
cũng hơn 10 năm rồi,2
"xem video này tôi rất xúc động và rớt nước mắt vì rất nhớ tuổi học trò từ tiểu học đến thcs và thpt, cứ mùa hè hàng năm, tôi đi qua trường ở cả 3 cấp chứng kiến các em các cháu đi học ra về, tốt nghiệp ra trường tôi lại khóc đẫm nước mắt vì tôi rất nhớ các bạn bè và giáo viên năm xưa dù tôi học chưa giỏi nhiều nhưng vẫn để lại rất nhiều ký ức khó quên, giờ họ đang ở phương trời khác nhau, bạn thì lấy vợchồng lập gia đình, bạn thì đi du học nước ngoài, bạn thì chuyển nơi ở khác đi làm. còn các giáo viên từng dạy tôi ngày càng già đi nhiều hơn, không ít các cô giáo giờ tóc đã bạc đi nhiều, còn các cô giáo trẻ khác thì chuyển trường khác dạy học. ôi thật buồn quá đi, thời gian thật sự tàn nhẫn lắm tuổi học trò ơi",0
đây là trường tôi muốn và,1
"cô sến vậy trời,đời còn chở đò nhiều mà",1
nhìn mà muốn khóc,0
cứ tận hưởng trọn vẹn những thứ mình đang có ghi lại những thước phim cùng giáo viên và cả lớp để sau này nhìn lại mình có những kỉ niệm thật đẹp nhé,2
"cuộc sống là 1 bức tranh nghệ thuât mà bạn, hãy luôn mỉm cươi và đối xử thật tốt với những ngươi khác, những người luôn bên cạnh và xung quanh mình nữa nhé",2
nhớ cô nhưng em là sinh viên năm nhất r,2
"thật cảm động quá đi,cảm ơn các thầy cô đã giúp thế hệ chúng em trên con  đường đi đến trường em chân thành càm ơn thầy cô",2
đêm ra quân tôi chúng tôi còn thức trắng để tâm sự luôn.,1
khóc lun rồi,0
cho tôi hỏi là sỉ số 43 vắng 43 thế có nghĩa là không có ai đến lớp hả,1
con người khi đang trong giai đoạn hiện tại thì không bao giờ nhận ra được những điều hạnh phúc dù nhỏ nhặt nhất khi trải qua giai đoạn đó mà nhìn lại thì thấy sâu lắng rớt nước mắt,1
chỉ sợ lúc mình nợp lên là thầy cô không còn nữa,0
năm lp 12 của mình cũng z nè cả lp mỗi ng ôm thầy chủ nhiệm mà khóc nức nỡ không kìm được,0
e yêu cô,2
thời gian đi học tôi không khác gì địa ngục vậy chả có 1 tí kỉ niệm đẹp nào,0
ôm nhau các thứ bài tập có vẻ ý nghĩa qtrong là có làm hay không,1
khi t xem video này thấy nó rất là hay và có ý nghĩa rất là cảm động t xem xong t đã khóc,0
không hiểu sao,1
quên tắt quạt kìa,1
cô giáo họ là vậy. cô giáo mình thì học xong học sinh không thèm cảm ơn . vì cô chỉ biết đến tiền .. nhớ hồi cấp 3 lớp minh có bố 1 bạn trong lớp mất . cô không đến cũng không trích quỹ phụ huynh ra mua vòng hoa . cả lớp tự góp tiền túi ra mua đi viếng bố bạn ấy. đi tết cô giáo 1 bó hoa 1 phong bì . học sinh về cô mang hoa ra ngoài cổng vứt . bạn nữ lớp mình quên cái áo khoác mình đèn quay lại lấy nhìn thấy. từ đấy nhìn cô ánh mắt hoàn toàn khác. lớp khác cô hay tổ chức cho liên hoan . lớp minh cả 3 năm cấp 3 lớp tự bỏ tiền liên hoan với nhau,1
tôi muốn thời gian trôi qua nhanh hơn vì tôi ghét cấp 3 khoảng thời gian tôi bị cô lập và bắt nạt tôi ghét c3 ghét thầy cô và ghét từng thành viên trong lớp .,0
"khóc , thứ duy nhất tôi làm được khi xem video này",0
thầy tôi thì có câu độc quyền:: thằng kia mày có tiền không mà đòi nói chuyện thầy kim lâm thpt nguyễn du nđ nhanh quá đã 12 năm rồi,1
năm nào cô cũng viết như v,1
cũng lớp 12a9 và sĩ số 42 năm nay chúng tôi ra trường,1
nhớ bửa cuối đi học đem rượu lên lớp  uống,1
hu hu,0
mấy em học sinh sao không lại ôm cô 1 cái an ủi vẫy tay ra về luôn thế :),0
"buồn ghê, hồi đi học chỉ mong chóng sớm được ra trường, khỏi nhìn mặt lũ bạn thân mất dạy, giờ chia xa chục năm rồi lại thấy nhớ những tháng ngày ngồi trên ghế nhà trường  mãi nhớ 12d3 lương thế vinh",0
nhìn lại mới bình thường cô quên tắt quạt,1
chưa tắt cây quạt trần kìa,1
nhìn mà nhớ quá,2
tôi không bao giờ quên. ngày ấy,2
"xem clip nhớ lại thời cắp sách tới trường,giờ ra xh bon chen mệt mỏi muốn được quay lại khoảng tg ấy",2
đang làm cn,1
bình thường,1
cười,2
v là hết năm nay th là 2k5 phải chia tay nhau r:((,0
tôi vừa tốt nghiệp khoảng mấy tháng cho đến thời khắc cuối cô cũng ghi vậy sau đó là những bước đi tôi nhìn mà nghẹn ngào. đó là cảm giác buồn . cảm ơn tất cả thầy cô đã dẫn dắt chúng ta trên con đường học hành .,0
cô ơi hình như cô quên tắt quạt òi,1
em chỉ mới lớp 8 thơi mà em xem còn rơi nc mắt nói chi là trong cái khỏanh khắc đó,0
gần 20 năm trước tôi cũng chia tay lớp 12. buổi liên hoan chia tay lớp tối không đến. lý do mà bao nhiêu năm tôi vẫn tiếc nuối. vì bố mẹ nói phải thương bố mẹ. lớp 12 chi phí nhiều quá. tôi đã nghĩ bớt khoản tiền đóng góp ấy là thương bố mẹ. các bạn trẻ đừng sai lầm giống tôi. chúng ta chỉ có 1 lần để sống. 1 lần trải nghiệm. thêm 1 khoản chi phí đó. ta có cả cuộc đời để gây dựng kinh tế và sự nghiệp. không có thuốc hối hận nên tôi sống với sự tiếc nuối. giờ đây tôi luôn ủng hộ con cái tham gia các hoạt động tập thể của con. con cái sống tốt trở thành người tốt mới là thương bố mẹ thật sự,0
3 năm cấp 3 mỗi năm 1 cô chủ nhiệm,1
tôi nghĩ là năm học 2021-2022 là năm học đáng nhớ nhất. vì những bạn 2k11; 2k7; 2k4 sẽ khó có một buổi lễ tốt nghiệp đúng nghĩa...,1
học hết cấp 2 tôi vẫn ngồi đúng một chỗ của tổ 2:(,1
khi đến hết đời chắc tụi em không thể nộp được vì cô đã không còn :(((,0
mình sắp được giao bài tập như vậy r,1
tháng 9 năm nay tui lên lớp 12 rồi,1
giống như buổi học cuối cùng của lớp 12 cấp 3,1
em là em ôm cô em khóc lun á,0
sắp chết viết di trúc rồi lập cho cô trắc lúc đó cô.........,0
không thể nào không khóc khi xem,0
"kỉ niệm cuối năm
ko bao h quên",2
tg chậm lại được không chỉ còn 2năm rưỡi nữa là mình kết thúc thời học sinh ,2
em xem mà khóc luôn ấy,0
nghĩ lại thì tôi không muốn rời ghế nhà trường nữa,2
vừa học xong lớp một qua lớp hai không thấy cô lớp một đâu hết trơn làm cả lớp khóc lun,0
ngày nào cũng thấy mấy video này ngán quá,0
hông hiểu???????????????????,1
nhưng chỉ muốn khóc mà thôi,0
cô ơi cô chưa tắt quạt cô ơi,1
tôi sẽ không bao giờ quên ngày ấy,2
cái lớp học tục tặc mỗi đứa mặc 1 kiểu. chắc là học ban bổ túc chứ không phải lớp chính quy.,0
"thầy cô là ngọn gió giúp em bay cao , thầy cô là cánh cửa giúp em bước ra đời . đả 2 năm rồi kể từ hôm tốt nghiệp . tôi nhớ lần cuối cùng tôi còn được là học sinh lúc ra về cô nói nghẹn ngào  ngày mai gặp lại các em  nhưng cô ơi ngày mai là bao giờ ạ . ngày mai là mãi sau này ...sau này .",2
bình thường,2
chưa tắt quạt kìa,1
trong một lần cô đã nói với chúng tôi niềm vui và món quà mà cô muốn có nhất là thấy các em trưởng thành tôi đã suy nghĩ về nó rất nhiều cảm ơn cô,2
tôi cũng nhớ năm tôi học cấp ba mà ngày cuối cùng tôi còn ở lớp lúc đấy là lúc cả lớp sắp ra về rồi cô giáo bật khóc nức nở lúc đấy tôi nghĩ cô giáo sắp phải rời xa học sinh của mình rồi tiếng trống cũng đã vang lên cô đi xuống ôm trầm lấy các em học sinh của mình rồi từng bạn học sinh lần lượt ra về các bạn cũng không quên chào cô và ôm cô,2
tôi chưa xem nhưng tôi biết,1
tui tuy ra trường nhưng giữ liên lạc với các cô cứ khi nào mình cần các cô giúp thì mình sẽ gọi cô 2011 mình tìm các cô để tặng những món quà mà mình đã kiếm tiền suốt 1 thời gian có cô thì  ôi bé lớp trưởng của cô  có cô thì  cô nhớ em lắm nghĩ lại thì cũng muốn quay lại những thời gian đó,2
niềm vui rồi dần dần phai đi mà thôi,1
khóc chỉ thế thôi,0
giáo viên nào cũng la để học sinh ngoan nhưng khi lên lớp giáo viên nào cũng buồn hết bởi vì cô thương lớp,0
còn hai tháng nữa là tạm biệt cô rồi,0
xúc động,0
không tắt quạt lun,0
tôi chit sợ cả lớp đỗ mình tôi...,0
hhmm thiệt chứ tui cũng vừa ra trường nửa năm cũng rất nhớ thầy cô với các bạn h coi xong nhớ hơn haizz tuổi học trò cứ ngỡ sẽ lâu h đây cứ như 1 cú nhắm mắt trôi qua mọi thứ,2
cảm động quá,2
k5 chuẩn bị ạ,1
vẫn lớp học đó chỗ ngồi đó nhưng không còn là chúng ta của khi đó,0
đứa ra cuối cùng là đứa vô lấy đt,1
sĩ số 43 vắng 43 rồi lớp đông như thế là gì ở đó vậy ?,0
ui côi cái tui nhớ cô tui quá huhu,0
khóc lun á,0
"nhứt tự vi sư , bán tự vi sư",1
"tôi nhớ mãu 1 câu của anh lê hào từng nói: nhất cự ly, nhì cường độ",1
em mới có lớp 2 hà chị ơi,1
sao lại vắng 43 nhỉ tôi tưởng vắng 0 chứ,1
"cho anh nào muốn làm được bài này
lên toà nhà cao nhất bạn thấy
càng vắng người càng tốt
nhảy xuống
khuyến khích:hãy trở nên tự kỉ hoặc cô lập bởi xã hội nếu muốn làm bài dễ hơn
cảm ơn đã than khảo",2
tôi đang khóc vì nhạc,0
hồi tôi đi học cô giáo tôi bị mấy bạn chọc tự nhiên nhớ lần cuối cùng giao bài tập là như này sỉ số :54 vắng 53 bởi vì một bạn đã cùng bệnh u.n.g thử đi theo rồi bây giờ nếu đến sinh nhật bạn ấy là cả lớp thả những bông bóng cùng dòng chữ tôi yêu bạn,0
tạm biệt tuổi học trò,0
"ngày cuối cùng ở trường là ngày tôi nhớ nhất năm 12, tôi đi mọi ngóc ngách của trường để xem còn nơi nào tôi chưa biết, ngồi từng chỗ trong lớp để xem góc nhìn lên bảng ra sao, tôi chào và ôm mọi giáo viên tôi gặp. ước gì được học 1 buổi nữa cũng mãn nguyện.",1
"3 năm cấp 3 không dài đâu các em, nghĩ lại cũng đúng",0
chx tắt quạt,0
nhớ cô nhớ các bạn,2
cô em giao bài hảy xóng thật tốt,2
cấp 3 mỗi năm đổi 1 chủ nhiệm thì đ có kỉ niệm gì r,0
lớp em cô cũng đi rồi ai cũng khóc và cũng không thấy bóng dáng của cô nữa,0
sợ áp lực từ việc học nhưng khi ra trường ta sẽ còn phải đối mặt với nhiều loại áp lực nặng nề hơn rất nhiều,0
cảm đọng quá,2
em xem video này em thấy tiếc vì em đã chia tay cô 1 năm rồi,0
quên tắt quạt lớp ơi,1
"đời người mà, chia tay lớp 12, lên đh thì chia tay đại học, chia tay bạn cùng phòng, đi làm lại chia tay bạn cùng làm... mỗi mốc khác nhau thì vẫn phải có lúc chia tay thôi. mình đã trải qua hết rồi lúc chia tay cảm giác bỡ ngỡ hụt hẫng, lưu luyến ... và đến bây giờ 28t rồi thì lại cảm thấy bình thường thôi, mọi thứ có gặp sẽ có chia tay hãy vui vì điều đó vì mình đã có những kỷ niệm đẹp với nhau...",1
mình đã rơi nuớc mắt...,0
cô giáo t: chúng m có thể thành công không cần đền đáp cô nhưng có chuyện thì đừng có bảo cô là gv của tụi m. tính ra 3 năm học tụi t báo cô hơi nhiều,1
"cấp 3 là những ngày tháng cute và yên bình nhất, bài kiểm tra chỉ là những nỗi sợ nho nhỏ khi so sánh với nỗi sợ cơm áo gạo tiền. mong các em luôn biết trân trong nó ",2
hỏi cno xem giờ còn lưu sđt của cô chủ nhiệm không,1
biết được tính cách ấy không nên gần gũi với họ nếu không có đủ khả năng tài giỏi thay đổi họ trở thành nhân tài cho đất nước lợi ích cho nhân dân thì không nên trở thành nạn nhân của họ nhân ngày nhà giáo vn tội phản quốc bán dân và tội phản giáo tội nào nhẹ hơn,0
chết rồi đưa cho cô nhé,0
"lúc ra trường c2 cô t ôm lấy từng đứa một, cô t khóc rất to, mất hơn 30p cô mới bình tĩnh được, giờ c3 rồi t vẫn nhớ cảnh cô thì thầm bên từng đứa ôm mỗi người thật chặt như không muốn rời xa luôn ấy:((",0
tôi đã tốt nghiệp cấp 3 và tôi đã quay lại ngôi trường ấy và nói với các em đang học rằng những khoảng thời gian mà các em đang chán ngán chính là những năm chúng ta không thể quay lại được nữa,0
tui xem ma tui muon khoc luôn,0
nhớ mãi tuổi học trò,0
"từ ngày này, giây phút này , khoảnh khắc này cta tạm biệt nhau . thời hs từ đây không trở lại",0
cô quên tắt quạt kìa cô,1
đợi sắp chết hẵng làm,0
ngày hôm sau cờ đỏ trừ  vì tội không tắt quạt,2
xẽ nhớ mãi không quên những gì thầy cô dạy,1
thương quá đi  ai cũng có lắm phải chia tây,0
"em xin chân thành cảm ơn, các cô và thầy đã dạy học, và ưu ái cho em ạ ",2
nhìn lại lớp mình kiểu....có như không,0
thương qué  muốn khóc luôn,0
tôi vẫn nhớ câu của cô:các em nên sống hạnh phúc vì các em là nghệ thuật của tương lai tươi đẹp,2
e lớp 5 rồi nhưng không muốn xa mái trường gắn với gần 5 năm,2
tui có cô giáo dạy tui 2 năm tui siếm khóc vì nhớ cô,0
nhìn mà muốn khóc mình lại nghĩ đến cuối cấp hai không nên cấp ba lại thấy mình trong đấy,0
nghĩ đến 1 ngày như thế này tui cảm thấy rất buồn,0
thật là buồn,0
trời ơi tui chảy nước mắt dòng dòng  khóc nhiều lắm luôn yếu huhu,0
sau này nhớ phải liên lạc với cô và bạn bè thường xuyên,1
xin lỗi vì đã cuòi xin lỗi vì đã nghĩ cô giáo bắt trc 1 thầy ạ,1
tốt nghiệp hay sao v,1
bởi vậy mới nói mình phải biết tôn trọng thầy cô,2
nhớ thời đi học...,2
năm sau cô lại dạy khoá mới ấy mà,2
"có ai như tôi không ra trường năm 2019 h vẫn mún quay lại thời học sinh vô tư vô lo, chứ ra đời mệt quá",0
thanh xuân giống như 1 cơn mưa rào cho dù bạn bị cảm lạnh vì tắm mưa bạn cũng muốn được đắm mình trong cơn mưa ấy 1 lần nữa . trưởng thành chính là điều thiêng liêng mà mỗi người tự cảm nhận và viết lên cuộc đời của chính mình,0
vãi ò trường ở chỗ em,1
đến khi hết cuộc đời cô giáo tới đòi bài tập thế là cả lớp cảm lạnh.,0
h tuy đã lên đại học nhưng mà kỉ niệm vẫn còn,1
dù cấp 1 nhưng khi xa cô của mình cũng vẫn là 1 nỗi đauuu,0
xúc động quá,0
nhớ cô giáo dạy năm lớp 9 nhớ lắm lỡ khóc r,0
1 trải nghiệm khó quên,1
vậy là ai cũng 1 kết cục của các giáo viên và học sinh của mình năm nay mình năm cuối r,1
nhìn cô em lại nhớ đến hồi học đội tuyển sử quá,2
nhanh wa....gần 20 năm rùi. những người bạn của tôi ơi.mạnh khỏe nhé.,2
"với t giáo dục việt nam không nên thay đổi, bởi nó đã quá hoàn hảo r, bạn cảm thấy giáo dục việt nam này nọ bla không như nước ngoài, bạn éo xứng đáng tận hưởng những cảm xúc này",0
cô ơi cô quên tắt quạt kìa cô,1
còn tao thì 9 năm rồi vẫn vậy từ hồi học 12 tới giờ mỗi lần về quê hay rảnh rỗi là lại alo cho thầy làm vài chai xong rồi làm vài cơ  thấm đẫm tình thương liền,2
quay xong rồi thôi các em mang hết cặp sách đi vào học tiếp đi,1
kỉ niệm lớp 12,1
kỉ niệm lớp 12,1
cô giáo dễ thương quá,2
"một số đứa đi trước hời hợt với cô giáo chứng tỏ có hiềm khích gì đây,ôi nhớ tuổi học trò quá, cái tuổi hồn nhiên thích môn này sợ môn kia, giờ sóng gió cuộc đời nhiều lúc ước được trở về tuổi thơ.",1
ôi dào vớ và vớ vẩn cái thứ xàm xí,2
ôi dào câu like câu view,2
nhìn học sinh lần lượt ra đi chỉ còn mình cô là ra về cuối cùng,0
ui lớp mình 12a9,2
"các em toàn tặng sẽ hạng sang cho cô
bây giờ cô giáo khóc là đúng rồi",0
cô giáo nhà ngta nhìn mà muốn có ghê nhìn lại cô giáo mình mà ố dề ghê,0
tôi cũng ở bắc ninh nè,1
2k5 ơi năm nay cuối cấp rồi hãy trận trọng thời gian và khoảnh khắc đẹp này .... bởi lẽ nó sẽ không xuất hiện lần 2 đâu,0
cô quên tắt quạt,1
tội cũng từng chải qua.súc động thật,0
còn khúc mở cửa lấy cái camera nữa sao không quay,1
nguồn ở đâu vậy ạ?,1
"đi học nghĩ đi làm sướng hơn giờ cảm thấy hối hận. giờ không còn thấy cảnh bỏ học đi chơi cùng lũ bạn, cùng nhau bảo vệ anh em trong lớp, cùng nhau chia cái bánh mì.... giờ chỉ còn trong quá khứ :(",2
nhớ lại hồi học cấp 1 cấp 2 thì nói thật đó là cả 1 ác mộng đối với tôi mỗi khi đến trường. nhưng hỏi tôi có muốn quay lại không thì chắc chắn rồi tôi sẽ không quay lại đâu lêu lêu,2
"tốt nghiệp cấp 3 cũng 14 năm rồi nhưng mình luôn xúc động về những clip kiểu như này. xong lại nằm nhớ lại những ngày tháng học sinh từ lớp 1 tới khi tốt nghiệp lớp 12. những kí ức đẹp của 1 đời người dù vui hay không vui. mình muốn con mình tham gia tất cả các hoạt động của lớp , kể cả chụp hình kỉ yếu mà 1 số ít người cho đó là dư thừa. dù trong lớp không hòa đồng , sau này tụi nó không còn chơi với nhau nữa hay họp lớp không có mặt. thì những kí ức , khoảnh khắc ngay tại thời điểm đó ...",1
"cuộc đời này là cả 1 hành trình gặp gỡ, chúng ta cũng đã gặp rất nhiều người nhưng chúng ta đâu hề hay biết khi nào sẽ gặp lại họ.
cuộc đời giống như hành trình trên một chuyến tàu... khi mới chào đời, ta bước lên tàu và gặp cha mẹ, và chúng ta tin rằng cha mẹ sẽ luôn đi bên cạnh. nhưng rồi, ở một nhà ga nào đó cha mẹ bước xuống và để ta đi một mình. thời gian trôi qua, những người khác sẽ bước lên tàu đi cùng ta, anh chị em ta, bạn bè ta, và cả một nửa của ta. nhiều người sẽ xuống tàu và để lại chỗ trống vĩnh viễn, để mỗi lần nghĩ tới, lòng ta man mác. chuyến tàu cuộc đời đầy hỉ nộ ái ố, chào đón, chia tay, và vĩnh biệt... ta không biết mình sẽ bước xuống trước nhà ga nào. vậy nên ta phải sống tốt nhất, trọn vẹn nhất - yêu thương, tha thứ, dâng tặng điều tốt nhất trong ta. bởi khi đến lúc ta phải bước xuống tàu và để lại chỗ trống vĩnh viễn - ta nên để lại những kỷ niệm đẹp cho những người sẽ tiếp tục chuyến tàu cuộc đời.
trích từ sách bạn chỉ sống có một lần
rồi khi chợt nhớ lại những ký ức đó ta chỉ biết thời gian không thể nào quay trở lại. có lẽ họ sẽ chỉ còn sống trong ký ức của chúng ta",1
thấy cái clip cái tự nhiên hết muốn chủ nhiệm lớp 12 nữa lun tại nó cũng giống clip này này đau lắm mà vẫn nén lại,0
"thực ra cái làm mình xúc động là tình cảm, tấm lòng của cô giáo!",2
á ù bắc ninh hẻ,1
cách để biến 1 video bình thường thành 1 video buồn bằng cách ghép nhạc buồn vô 1 video bình thường nào đó,1
nhớ lại năm 12 quá,0
tui thì chỉ nhớ đến những kỷ niệm cũ chứ o dám dề thăm trường cũ vì đến đã qua 30 mà mình vẫn chưa thành công sự nghiệp gì cũng vẫn chưa lập gia đình như bao người nghĩ đến tương lai thật héo,2
wo lớp 12a9 xưa mình cũng 12a9 ngày kết thúc cuối năm cấp 3 quá nhiều cảm xúc đã mười mấy năm nghĩ đến ký ức ùa về nhưng điều mình xót buồn đến h sự nghiệp vẫn bấp bênh tương lai tăm tối,0
có vắng hả,1
tôi k5 nek,1
nguồn ở thpt lê văn thịnh ở lớp 12a9 và cũng là lớp cũ của mình,1
"theo mình thì chính những kỉ niệm hay kí ức đó mới mang đến sự ưu sầu và nuối tiếc cho ta sau này. nếu như ngày xưa ta không chìm đắm, không đi tìm niềm vui vô nghĩa nơi tuổi trẻ mà thay vào đó là nhận thức: đây là mộng tưởng, rồi cũng sẽ qua, không thể ở lại mãi mãi, thì có lẽ bây giờ việc đi tìm hạnh phúc của bản thân sẽ dễ dàng hơn cả. hạnh phúc chân thật là hạnh phúc mãi mãi, luôn tồn tại mà không phải đi tìm đâu xa, không phải đi tìm trong nhưng kí ức, không phải đi tìm trong tương lai... nó ở ngay trong chúng ta của hiện tại, chờ được ta nhìn thấy. còn hạnh phúc thường ngày mà ta tận hưởng thì không cái nào là mãi mãi (có khi ta hạnh phúc 3ph, 1 buổi sáng, vài ngày... nhưng rồi sẽ tan biến và đằng sau hp ấy là sợ hại, ưu sầu và tiếc nuối...). nếu xung quanh bạn có một người mà bạn chưa từng thấy họ không vui, bất mãn, tiếc nuối hay lo sợ... và bạn luôn thấy người ấy luôn vui, luôn hạnh phúc, không lo sợ... thì có thể người ấy sẽ chỉ cho bạn: hạnh phúc thật ở đâu!. -    (  chúc bạn luôn luôn hạnh phúc.",1
"tui tốt nghiệp 1997, lương văn can q8 tphcm, bạn bè không biết còn ai nhớ nữa không",1
nguyenquynhtram4616  những ng giàu tình cảm,1
xem mà xót nhớ mãi cảnh cô giáo dạy cho mình học,0
cứ 2_3 năm cô khóc lần,0
12a9 của ngta chứ của mình nạ nắm,1
cũng hơn 5 năm rồi....,1
ôi không cô quên tắt quạt kìa,1
này giống cái bài tập của thầy giáo singapore lan tràn trên mạng nè!,1
các bạn thật may mắn vì có ng thầy cô như vậy.kỷ niệm đẹp như vậy sẽ theo các bạn đến hết cuộc đời..!!!,2
ôi thật xúc động,0
cô quên tắt quạt,1
"thời gian sẻ không đợi chờ bất kì điều gì , nhớ ngày nào tôi còn là học sinh tiểu học nhưng bây giờ tôi đã  đi làm công ty , nếu được tôi muốn có thể quay về thời học sinh",2
"đã 5 năm mà cứ nghĩ như mới hôm qua mới vào lớp 10. cứ mong lên lớp nhanh để ra trường sớm, nhưng khi đến ngày cuối cùng ngồi trên lớp thì lại muốn quay lại hồi lớp 10, muốn mở mắt dậy lúc ngủ trong lớp là thấy cô giáo dạy văn lớp 10 đang ghi bài vở trên bảng và thấy các bạn xung quanh đang chép bài. thấy thằng bạn đang ngồi hát kế bên và những làn gió nhẹ luồng qua khe cửa sổ. mong có kiếp sau lại được làm học sinh 1 lần nữa.",2
"đúng là cảm động quá
đúng là  ngày  cuối cùng học đại học qua nhanh thật",0
coi mà cảm động quá à,0
t nhớ cái này t đã xem trên fb nhiều năm về trước rồi cô giáo copy không ghi nguồn à,1
a9 là đu hiêu,1
"tiếc nuối cái con khỉ, nói thì hay lắm, qua vài năm quên cả tên nhau, họp lớp thì tổ chức cho có với người ta được 1-2 lần rồi thôi, kỉ niệm đọng lại chỉ có những trận combat cf, đế chế với lmht thôi",0
lớp em cũng 43 người nè,1
nội dung hay! giọng đọc hay!,2
"mình cũng đã lâu lắm không về thăm lại ngôi trường cũ đã gắn bó suốt thời kì đi học , những ngày này mới cảm thấy lòng bồi hồi khó tả khi đã soạn tâm thư phát nguyện xuất gia gửi đến sư phụ và không mấy thời gian nữa là mình sẽ xuất gia theo đạo phật ,nhưng có lẽ những người thầy đầu tiên luôn là những người làm cho mình có thể nhớ mãi",2
b cũng 9x lun hả,1
rồi ai cũng phải trưởng thành thôi bạn. biết là  thời học sinh đẹp nhưng chỉ có 1 lần mà thôi,0
khoan! vẫn còn cái máy quay trong lớp,1
vưa buôn vưa cam đông,0
chỉ vài tháng nữa thôi là phải rời xa mái trường cấp rồi cảm ơn thầy cô đã đi cùng chúng em trong suốt những năm tháng tươi đẹp nhất của tuổi học trò,0
uầy!sướng vl,2
"tui rơi nước mắt khi coi song vd
tui sẽ nhớ mãi thời đi học không puyên ",0
"ai còn nhớ câu hiền thoại của thầy cô không
tôi chưa thấy lớp nào như cái lớp này, ai nói ở dưới thì tôi biết hết,...",2
xem nhieu lan va deu rung rung nhoc mst,1
"cô ơi, em làm hông được...",1
"đã 4 tháng trôi qua kể từ khi tôi đã thi tốt nghiệp xong và đi làm công ty , tôi nhận thấy rằng khoảng thời gian khi còn đi học nó rất là quý báu và tuyệt vời , cảm ơn thầy cô vì tất cả , nếu có thể tôi vẫn muốn được quay lại thời học sinh 1 lần nữa ",1
"cho dù tôi có rời xa cô giáo chủ nghiệm của tôi, thì tôi sẽ mãi không quên cô",2
nhìn video nay mình cứ muốn khóc làm sao một thời học sinh khó quên,0
thời học sinh đẹp lắm,2
camera man còn tao thì sao,1
cuộc vui nào cũng phải tàn chiếc xe cũng phải hết xăng cuốn tập cũng phải hết trang,1
hối hận khi không được học lớp 10 mà chỉ đi học nghề,0
mình mới kết thúc cấp 3 được 4 tháng thấy video mà thấy xúc động quá cả một kỉ niệm ùa về,2
:(( thật buồn khi nghe câu chuyện nàytt,0
mới đây 8 năm rồi. giờ chỉ còn là kỉ niệm.,0
"e sắp kết thúc cấp 3 thi đại học á,a thì đã mười mấy năm vẫn nhớ ngày chia tay hôm đó thật nhiều cảm xúc",0
"vâng ,  đó là những kỉ niệm không bao h quên được",0
chúc kết quả  tốt nhe,2
thanks ạ,2
chắc em có nghe vụ cô gái việt ở hàn vụ haloween tội quá nhỉ đang tương lai dở dang phía trước làm bao người tiếc thương,0
e cũng có nghe ạ thương tiếc cho cô gái ấy bao nhiêu ước mơ còn dang dở,0
"ờ em 1 người có ý chí phấn đấu với nghe em ấy sống tình cảm với mọi người và đặc biệt còn thảo hiếu nữa tự nhiên cuối cùng em ấy nhắn là:con nhớ ba mẹ nhiều lắm,noel này sẽ về thăm nhà đọc thật xót",0
thôi bớt mồm điêu để ảnh đại diện là hiểu rồi,0
thi tốt nghiệp xong đi làm cty luôn cơ à,1
tạm thời đi làm công ty 1-2 năm có tiền mới đi học tiếp được tại nhà không có điều kiện,1
ủa rồi cái avata là sao ông nội,0
avatar là hiểu rồi còn đi làm cty,0
vậy bạn có quy bau nó khi đang học không? tui đã từng rất ghét học vì nó khiến tui phải thức dậy sớm nhưng từ khi tui lên lớp 6 thì tui đã rất buồn vì không quý báu nó ,0
ủa chứ avatar như vậy là không được đi làm công ty hả bạn ????,0
"có , lúc đi học bị thầy cô la rầy thấy rất là khó chịu đôi còn có ác cảm với thầy cô nữa , nhưng khi đi làm rồi thì mới biết những người quản lí người ta còn nói nặng hơn là thầy cô nữa toàn là chửi trên đầu trên cổ không luôn , chỉ biết nhịn nhục để mà làm kiếm tiền qua ngày . bởi vậy nên bây giờ thấy khoảng thời gian khi còn đi học rất là quý báu",0
xạo để câu sự quan tâm của kẻ khác,0
thôi bớt mồm điêu đi,0
avatar thì sao ( bây giờ tui mới bình thường rằng cđm có khả năng nhìn avatar đoán đúng tuổi),0
không ai trưởng thành mà để avatar trong ff đâu,0
avatar không quan trọng đâu bạn à anh tôi 2k3 vẫn để avatar lửa chùa mà,0
"đấy là lúc còn đi học mê ff nên để avatar vậy thôi , đang định đổi mới mà cứ quên đổi hoài luôn",0
cộng đồng mạng đúng toxic vãi ra,0
"thì tùy theo sở thích của m.n chứ các bạn,sao lại nhìn avarta rồi nói ng ta như thế???",0
vãi cả nhìn avatar đoán tuổi?,0
"các ông kid ngược lại cũng nên đấy. hàng xóm nhà tôi đâu đấy hơn 35 tuổi vẫn liên quân được kìa? và cái thời 4.0 này mà dựa vào avatar để đoán tuổi, đoán con người thật ngoài đời thì nó là cái thứ óc chó nhất tôi thấy của cđm, vậy ai cũng phải để cái avatar chỉ có màu trắng vô hồn thì cái trò vớ vẩn này mới bị tẩn cho nát bét? và anh ta nói gì, các bạn tin hay không là quyền của các bạn. ko tin thì kệ các bạn không ai cấm",0
mẹ thằng nhóc nhà tao nó làm avt rồi bảo tao để vậy tao cũng là trẻ con à mà đéo phải nick youtube này nó làm roblox,0
khùng?,0
"năm nay em cũng lớp 12 rồi nhìn mà thấy chua sót quá, thời gian học sinh của mình đã sắp kết thúc0",0
ngày xưa mình hư quá toàn trốn học chơi game. lên lớp thì chỉ ngủ nên chẳng có tý kỷ niệm nào của cấp 3. nghĩ lại cũng buồn mà thôi cũng kệ,0
cô,1
cô ơi chưa tắt quạt kìa cô,1
tôi cảm động với video lun á,1
năm cuối kiểu,1
"cây rồi cũng sẽ tan người cũng sẽ có lúc chết , cuộc vui rồi cũng phải dần lại bữa tiệc nào cũng sẽ tang,  nhưng chúng đã có những kỉ nhiệm đã được nở rộ đẹp đẽ, đã đã vui tươi quậy phá hết mình đã có được,... rất nhiều thứ",0
giờ được mấy thầy cô tốt tnay,2
khí thở nghẹn lòng quá,0
hóa ra camera giấu kín ở mỗi lớp học hay nằm ở đây,1
quên tắt quạt kìa cô ơi,1
chỉ nhớ 1 câu của thầy...sau này đừng nói với ai các em là hs của tôi,0
cảm động  quá,0
trường này ngay cạnh trường tôi,1
bai cô,1
cbi xa thầy cô rôi,1
"làm mầu quá, lớp tôi hôm chia tay, đi chơi vui vẻ cười nói, không ai khóc cả.",0
núa thỳ kiện,0
đôi khi chúng ta sẽ rất thất vọng khi bị thầy cô chửi nhưng lúc nào thầy cô cũng muốn dành hạnh phúc riêng cho mình với cuối năm tuy thầy cô đã chửi chúng ta rất nhiều nhưng lúc cuối năm thầy cô sẽ rời xa chúng ta chúng ta không ai muốn thầy cô cũ đó không dại mình nửa cả đúng không,0
em 12a9 nè cô,1
buồn,0
sĩ số 43 giờ đây vắng 43 tức còn không bạn học trò nào có thể ở bên cô nữa  sống một cuộc sống hạnh phúc thành đạt với suốt cuộc đời mình,0
trường tôi học nè,1
sắp tạm biệt trường tạm biệt lớp rồi chỉ còn 1 năm nữa thoii ,0
"khoan 
phòng  12a9 said: ê quên tắt quạt êêêê tốn điện bà dà quay lại tắt điện côi",1
nhận ra ông quay phim là hs,1
tôi nhớ câu nói của cô giáo cấp 1 là  thời gian không bao giờ dừng lại ,1
nhớ lại khoảng thời gian cấp 3 ghê,0
vắng 43 hs lý do: trưởng thành,0
t khóc khi xem những video này,0
không thấy ai ôm cô nhỉ,1
người cuối cùng bước ra khỏi lớp là người buồn nhất,0
em quên chưa làm rồi,1
hồi xưa tôi đi học ít khi nghỉ lắm có năm không nghỉ ngày nào ngay cả trong giấc mơ tôi vẫn mơ được đi học.,0
mình đã trải qa cảnh này mấy thág rồi nhưg h xm lại cũng thật nhớ h ms thấm câu ns :thời cấp 3 trôi qa nhah lắm như 1 cái chớp mắt...,0
"nhiều năm không được cảm giác khóc, ước gì được, xem video này thấy nhớ thầy cô mình thấy mãn nguyện rồi",2
"e rất xúc động em cảm ơn cô , nhưng cô quên tắt quạt",1
ủa đóng cửa sao không tắt quạt,1
quên tắt quajtkiaf cô,1
hình như cô quên tắt quạt,1
"12 nắm tốt nghiệp r,nhưng vẫn nhớ như in ngày cuối cùng ở trường",1
"cấp 3 là những kỉ niệm cuối cùng ,mà còn những điều còn chưa thể nói ra được",0
cô trường ng ta có khác,1
"trước khi đi cô có nói một câu là hãy sống vui vẻ chúc. các em 18 tuổi vui nhé, và cô giao một bài tập về nhà, ghi là, bài tập 
học sinh lớp 12 là ngày cuối cùng gặp cô  
em cũng có lời nói chúc cô xinh đẹp 
mãi mãi mãi mãi mãi mãi mãi mãi mãi yêu cô rất nhiều",1
xem mãi mà không thấy chán,1
tôi luôn luôn nhớ tôi học lớp 12 luôn luôn không quên không bao giờ quên không bao giờ quên luôn nhớ thầy cô là nhất em yêu cô,1
xúc động hoài riết ngán,0
cái này mà tất cả mn đều lên ôm cô thì cô sẽ thấy vui hơn,1
lớp tui cũng có 43,1
gửi lời chúc mừng tới các bạn và cô giáo,2
đã khóc rất nhiều khi nhìn thấy mình trong đó,1
em vân nhớ tới năm lớp 4,1
đây moi la gv,1
khóc  luôn òi huhu,0
thật là buồn  vì mình cũng đã từng trải qua và hiểu được cảm giác của cô và các học trò haizzzzzz thời gian trôi thật là nhanh,0
chào cô em về nhà đây,1
trường này của bố bạn em,1
xem xong cảm động nước mắt rưng rưng t-t,0
trong tương lai tụi mình cũng gặp ngày này thôi....,1
cảm ơn các thầy cô .,2
đau:(,0
tưởng chết,2
"cuộc vui nào rồi cũng sẽ tàn, bữa tiệc nào rồi cũng sẽ tan. tuy tiếc nuối ở đó, hãy mạnh mẽ bước tiếp để tìm kiếm câu trả lời cho cuộc đời của mình. mình năm nay cũng đã lớp 11 nên câu chuyện như vậy chắc chắn sẽ xảy ra.",2
quên tắt quạt kìa,1
cô người ta),1
"khóc lun r , nay 11 rồi chỉ còn một khoảng thời gian ngắn ngủi nữa thoi",0
em yêu cô,2
gì ghê ông nội,0
11 tuổi à,1
"ừ rồi sao? dạy thì chả dạy được cái dell gì? ngu l xong hút thuốc lá rồi tưởng là mình oai? người thì gù mặt thì béo xong còn xệ xuống. đúng cái nền giáo dục cứ tưởng cái vụ thay đổi cái cách giáo dục là ok nhưng mà càng rác rưởi với ôi thiu hơn, đúng chịu bắt chước cũng không xong",0
trg tương lai của mình nè cố gắng vào thpt,0
tin này cũng giống như tin 3 phút,1
"khi nào hoàn thành bài tập 50 tuổi cũng được khi đó sẽ về nộp cho cô, năm nào 2011 cũng về thăm chủ nhiệm lớp 12",2
cái này 4 năm trước thầy cũng giao lớp tôi bài tập vn như v,1
ôi 12a9 mình cũng 12a9 sắp hết thời không sinh rồi nhanh quá,0
1 conten làm mãi,0
vãn muốn làm trẻ con vẫn muốn được ôm ấp vẫn muốn bị cô văn mắng thường xuyên,0
em năm nay lớp3 em mún róc,1
cô chưa tẳt quạt kìa,1
"trong phút chôc
tôi đã khóc",0
một người mẹ tuyệt vời,2
"mấy đứa học sinh ngồi dưới kiểu  em ở đây mà cô, em có vắng đâu cô, lại phải dọn vệ sinh trường rồi",0
tôi nhớ mãi câu của thầy: tuổi 15 chỉ có 1 lần khi vào lớp 10  và câu  cuộc sống là cả 1 nghệ thuật . những câu nói ấy theo tôi suốt 1 cuộc đời ! thấm thoát mấy chục năm rồi !,2
về như cái máy,1
"a cũng 12a9 nhưng đã mười mấy năm trước rồinhưng đến h sự nghiệp tình duyên đều chưa có được gì trong tay,",0
cô tắt aptomat,1
"hiện tại tôi đang học lớp 11 và đối với tôi cứ một ngày trôi qua thì tôi càng muốn nó quay trở lại , bởi tôi rất trân quý những ngày tháng đó , nhớ lại năm lớp 10 quá :((((",0
"chúc cháu có những năm tháng tuổi trẻ thành công ,ý nghĩa , thanh xuân tươi đẹp nhất là quãng thời gian học trò đó cháu !",2
mày nố chuyện với cô kia mà mày xưng tôi à em,0
"10 với 11 có khác nhau mấy đâu má, tận hưởng cuộc sống đi, khi nào lên 30-40-50 mới thấm",0
đi rồi thì mới thấm sắp hết rồi còn trải nghiệm nữa,0
"theo tôi nghĩ thì trên mạng xã hội ảo, mà mọi người không quen biết nhau thì cứ xưng hô tôi và bạn như bình thường đi, tại vì sự lễ phép ở ngoài đời và ở trong cái cuộc sống của mình nó mới là quan trọng, còn ở trên mạng xã hội ảo mà mọi người không quen biết với nhau thì cứ xưng hô bình đẳng với nhau bình thường đi",0
giống tôi nè,1
xưng hô không quan trọng miễn lễ phép nói chuyện đàng hoàng nghe sao cho lọt lổ tai là được rồi đừng đặt nặng vấn đề,0
không đọc câu cuối à bạn,0
hiện tôi là sinh viên năm 2 nhưng vẩn thấy kỉ niệm năm c3 là đẹp nhất,2
"tuổi thơ học sinh đã đẹp, nhưng tuổi thơ thời sinh viên cũng đẹp không kém, 1 chút trưởng thành hơn, biết trách nhiệm hơn.",2
chào hai anh em học lớp 2,1
đúng á nếu trên mạng xã hội ảo này thì tôi nghĩ ta nên xưng hô tôi và anh hoặc tôi và bạn miễn sao cho lễ phép lịch sự và tôn trọng người đối thoại là được rồi,0
chào mình hc lớp 5(viết để trả lời nha mọi người),1
chỉ muốn học lại quá,1
"hồi 2008, giờ ra chơi lúc trời mưa mát, ngồi dưới hành lang chơi nghe bài hát mái trường mến yêuước gì quay trở lại thời ngây ngô.",0
em mới chỉ học lớp 6 thôi.,1
"cô giáo đã gắn bó với chúng ta 1 năm chúng ta hãy trân trọng những bài học mà cô giáo giao về nhà,và làm đầy đủ và, đó chính là bài tập về nhà cuối cùng của chúng ta, em rất nhớ năm lớp 11 đó là những ngày tháng năm hạnh phúc nhất của chúng ta khi vào ngôi trường mới",0
câu đó tầm thường có gì hay đâu mà ông làm quá lên.,0
thế cô bây h bao nhiêu tuổi rồi ạ được 40 chưa ạ,1
cấp 2 với tôi chẳng có cái gì gọi là kỹ niệm những kỷ niệm vui nhất thời học sinh với tôi chỉ cấp 1 và 3,1
buồn 1:47,0
tuổi học trò cấp ba là tuổi học trò đẹp nhất trong mấy năm trời dòng rã của học sinh,2
những kỷ niệm đẹp nhất của tôi là cấp 1 và 3 những kỷ niệm không thể nào quên được,0
có đọc kĩ câu cúi của bạn rep không,0
tôi không như cậu,0
tự nhiên xem xong thấy cuộc đời ngắn quá lúc muốn đi học lúc muốn nghỉ nhưng lại không muốn trôi qua khoảng khắc khi còn là hc sinh không muốn xa mái trường cứ muốn được hc được nghỉ hè cứ muốn thời gian lập đi lập lại mãi mãi,0
nếu có cơ hội làm bài tập này tôi sẽ mỗi 1 năm chụp mấy bức dáng vào vỡ ghi em mệt hay em ổn em rất vui đến khi cuối đời tôi sẽ viết 1 bài hát thu lại rồi gửi đến cô giáo nói em nộp bài tập cho cô nè,0
clip rất xúc động và trào nước mắt rất nhiều,0
"buồn cú buôn  
chứ mấy năm sau họp nhóm từ 43 cs khi còn 5-10 í",0
lam sai thi co thê lam lai con ra trương thi không bao giơ quây lai đươc nưa thơi gian trôi đi muôn no ngương lai thi không thê .,0
"cuộc đời học trò thật nhanh thoáng một cái đã phải chia tay bạn bè ,thầy cô.",0
tôi khóc luôn,0
chúng em rất cảm ơn cô giáo và thầy cô tụi em cảm ơn rất nhiều tụi em sẽ không bao giờ đánh mất tuổi thơ và những câu chuyện hay mà cô đả kể cho tụi em nghe đâu tụi em hứa đấy,2
cô ơi tắt quạt,1
em cũng có 1 cô hồi lớp 4 giờ cũng đã 6 năm rồi cô em về hưu cả lớp khóc hết nước mắt cô phát cho tụi em giấy rồi ghi hãy nói ước mơ của các em và cô nhớ các em sẽ đem ra đọc hãy nhớ thực hiện ước mơ của mình nhé cô sẽ luôn đồng hành cùng các em cho dù có vô hình hay hiện hữu cô vẫn yêu thương các em,2
"ss 43
vắng 43
đọc xong tự dưng khóc lun từi... xem như là 1 kí ức đẹp",0
"tồi mới học lớp 8 thôi, tôi học một trường ở an nhơn tỉnh bình định, lúc thầy mới chuyển vào trường để dạy tui không thích thầy cho lắm, nhưng sau bao lần tìm hiểu về thầy thì tôi hiểu rõ về thầy hơn thầy dạy tôi ách sống cách làm người cách làm sao cho giỏi,  nói chung là thầy chia sẻ rất nhiều kể cũng không hết được đâu, mà tui nghe nói từ mấy bạn học chung khối nhưng khác lớp là thầy nói tôi là người học giỏi nhất khối và còn nhiều nữa đến khi thi giữa học kì 1 xong  tôi nghe được 1 tin rằng thầy sẽ chuyển trường chuyển đi nói khác day, tôi bất giác 2 dòng nước mắt đột nghiên tuôn rơi, tôi cố nén cảm xúc không khóc muốn thể hiện sự trưởng thành nhưng thật ra tôi vẫn khóc, khóc rất nhiều trong lòng thấy buồn man mác, nó buồn mà cũng không biết phải diễn tả sao nữa tôi không muốn thầy chuyển trường, về nhà lập tức nhắn tin với thầy thì được biết thầy dạy hết học kì 1 rồi thầy mới đi, nhưng thời gian trôi qua nhanh lắm, thời gian trôi qua mà không đợi chờ 1 ai, rồi nó cũng sẽ hết nửa học kì 1 thôi, rồi thầy cũng sẽ chuyển trường, dù tôi vẫn còn có thể nhắn tin với thầy nhưng tôi không biết tại sao mình lại cảm thấy buồn... và còn nhiều điều khác nữa, buồn lắm ...!!! ...",0
quạt trần...,1
tôi ngồi khóc luôn,0
ê tui có khóc đâu,2
nhưng chx chắc cô nào cũng như v,2
roi cai camera o trong lop de do không ai lay luon ha,2
cô quên tắt quạt,1
quên tắt quạt cô ơi,2
tui cũng muốn như bạn! mà cho dù chỉ được 1 lần quay lại là học sinh thì với cũng quá đủ rồi.,0
đang cảm xúc gặp cái bình luận hảo vaiz )),2
mong bạn nào đọc được bình luận này hiểu cho tôi,1
cùng tuổi,1
cô tắt aptomat,1
"mình cũng sắp phải xa những đứa bạn đã chọc mình vui chọc mình tức, an ủi mình, bỏ rơi mình, vô vàn cảm xức trong 5 năm. đi được 14 quãng đg lớp 5 r, nhanh quá:(. sắp không được trêu chọc nhau nữa r, sắp không được an ủi nhau nữa r, sắp không được yêu thương nhau nữa r, và sắp không làm gì cho nhau được nữa r. mới ngày nào còn là lớp 1 bỡ ngỡ, không bình thường nhau, h đây là lớp 5 vui vẻ lẫn buồn bã.... và mình thấy quí nhát là thời gian, niềm vui của 1 giây trc cũng không thể lấy lại được. những lời yêu thương, trêu chọc, trách móc của bạn bè và cô giáo cũng không thể nào lấy lại được nữa r",2
vài tháng nữa đến mình rồi ư:(((,1
em cũng mới lên lớp 10,1
nhìn cô khóc tui củng muốn khóc theo lun á,0
nhưng cô còn dậy lớp khác mà,1
ô bắc ninh quê tui,1
sao vắng 43,1
"buồn quá, em mới có lớp 5 nhưng mà em sắo rơi xa bạn bè trường tiểu học triệu thị trinh rồi",0
m còn 7năm mà mấy a chị này là ct không gặp lại thì có họp lớp thôi m lớp m lên lớp 6 vẫn có bạn mà?,0
"nhưng họ vẫn gắn bó với nhau suốt 5 năm, lên lớp 6 mới mẻ bỡ ngỡ thì khó có thể kết bạn. giống như lớp 12 lên đại học vẫn còn 4 năm nữa, cũng khó kết bạn đại học. nói phải bình thường nghĩ chứ, lại còn xưng hô vớ vẩn",0
"thooiii, cảm động khúc cô giáo thoi chứ thử xem rồi biet, bạn cấp ba còn nhắn tin cafe này nọ chứ cấp 2 cấp 1 gặp lại còn không thèm chào nhau cơ, cứ thử trải nghiệm đến khi học đại học đi rồi biết thế nào là xa mặt cách lòng chứ nhớ mong gì.",0
cảm ơn bạn,2
um tôi cung vây muôn khóc luôn,0
giống tui,1
ai cũng biết mà?với cả mấy anh chị cũng lớp 12 rồi đến đại học nên phải chia tay những học sinh của mình chứ,0
bởi vì hôm đó là buổi học cuối cùng,0
mới đầu cứ tương cả lớp đầu mất,1
"mk cũng lớp 5, mình cũng sắp phải xa những đứa bạn đã chọc mình vui chọc mình tức, an ủi mình, bỏ rơi mình, vô vàn cảm xức trong 5 năm. đi được 14 quãng đg lớp 5 r, nhanh quá:(. sắp không được trêu chọc nhau nữa r, sắp không được an ủi nhau nữa r, sắp không được yêu thương nhau nữa r, và sắp không làm gì cho nhau được nữa r. mới ngày nào còn là lớp 1 bỡ ngỡ, không bình thường nhau, h đây là lớp 5 vui vẻ lẫn buồn bã...",1
"lên cấp 2 quen ngay ấy mà, lớp 5 còn trẻ con chứ dần lên cấp 2 vui kiểu khác , tui năm sau còn lên cấp 3 rồi chưa bình thường thế nào xd",0
nên cấp 2 có bạn mới là quen ngay thôi mà,0
"nhưng tụi bạn tui hiểu tui:(, quan tâm tới tui",0
nhưng lũ bạn ấy tốt với tui làm:,2
ê trùng trường nè bạn bạn cơ sở mấy? mik cơ sở 1,1
thề là kiểu viết này rối mắt lắm em ơi,0
cần rối nữa không em cho toét mắt lun,0
nhân cách của ông này đéo bằng bãi cát dưới chân t .,1
cái ông già đó làm thầy giáo làm gì nữa cho ổng đi luôn đi tôi dạy cho ông không kiếm được việc làm gì khác nữa đâu nghèo chết luôn cũng được nghĩ sao mưa lớn mà đeo tai nghe vào giảm bớt mưa không bị khùng hả mưa lớn đeo tai nghe cũng vậy à,0
thầy dì mà kì vậy,0
thầy giáo mất dậy,2
"tôi nguyễn văn an xin chịu lời nguyền của ( tên ai đó)
cho ai muốn tên phim 
bad luck
6 mùa dài thấy mụ hay vl",1
có tài mà ko có đức cũng như ko,1
thầy giáo nói đúng mà. nhưng mà....hành xử như 1 đứa con nít và không có đạo đức. chuyện cắt bớt clip hay ko cắt bớt thì cách nói chuyện 1 ít vậy mọi người thấy rõ rồi. chứ nghe cả buổi chắc cho ổng lên báo,0
thầy như cái đầu bui,1
lớp tui cũng vậy mỗi lần nghe kh rõ hỏi lại bị chửi,1
thầy giáo vì kh có đạo đức,2
"ko dạy đc cho đàng hoàng thì nghỉ việc con mẹ nó đi cho khỏi mệt , giảng bài ko nghe rõ thì giảng lại có chút xíu thôi mà cx vậy thì dạy làm gì??",0
"ksao ksao, k có lỗi gì cả, thầy làm thế, chơi bời kìa",1
ông thầy như cccc hahah,1
kim jong un đã có mặt tại việt nam,1
là thầy giáo kiểu gì mà nói năng ngộ vậy ? có suy nghĩ trước khi nói không đấy ?,0
ông thầy coi chựng tui đó bt ông đâu tui đốt nhà ông chôm ông xuống dưới đất,0
ngày xưa ông đồ dạy được là có cả tài lẫn đức bây giờ có mấy ông bà tốt nghiệp đi dạy chả ra gì k tài k đức mà vẫn dạy được đúng thật là đời,0
đuổi thầy giáo ra khỏi trường,1
"mình cũng đang đi dạy. 
rất coi thường loại gv như này, rất ảo quyền lực. 
học sinh hỏi bài là rất đáng quý, là gv mà gắt gỏng là yếu kém về mặt sư phạm.",0
thầy giáo vô đạo đức mà cũng đòi dạy,0
đúng,0
nói dc làm dc nha ku,1
thầy kiểu gì vậy,0
ủa giảng lại để tiếp thu kiến thức chứ sao,1
thấy giáo có tri thức mà chẳng có đạo đức gì cả,1
có ăn học nhưng lời nói ko băng môt người nông dân,1
má nó mắt dạy người ta đống tiền cho máy đứa nhỉ đi học mà ko cho thằng nhỏ học,1
ông thầy đó mặc váy kìa,1
thầy giáo ko biết học online,2
"từ từ, chúng ta không biết trước đó như thế nào. chúng đa đang phán đoán dựa trên 1 đoạn video cắt lởm khởm. điều này rất có thể là do bạn nam sinh kia cố tính cắt ghép, hòng đóng vai nạn nhân.",0
có tài mà không có đức làm gì cũng vô dụng,0
trực xúc ông thầy chóooooo,0
khoa điện _điện tử mà gặp mưa nữa nên thông cảm chút,0
iu anh này quá thầy gì mà láo hế,0
ông thầy như gì ấy nói chuyện vô duyên cực ko hiểu sao làm thầy giáo đc trường bị mù mắt rồi à,0
chắc con cháu nhà thầy cũng ko có miếng duyên nào đâu gv j mà kì cục hs ko bt thì giảng lại cở t mà chửi t vậy là thời ổng tới,0
đè đầu cỡi cổ học sinh,1
"nữ sinh thì đổi tình lấy điểm còn  thằng đực a đeo cần  , lót tiền cho thây qua môn thôi",1
cái loại người này thì còn biện hộ cái gì. là một đoạn ngắn nhưng cũng đủ để phản ánh cái đạo đức tồi tàn của giảng viên rồi.,1
ko phải vô dụng mà là bỏ đi,0
"thằng này là thầy giáo đó hả mọi người,t nghe nó nói chuyện mà t cứ tưởng đâu là bên nghiệp vụ bị sổng chuồng,nên nó chạy bậy qua đây,nên nó hơi dữ cứ nghe mấy em sviên nói ra câu nào là nó táp liền câu đó,gần cuối nó sợ hết nên nó tranh thủ táp liên tục luôn trời,tội cho mấy e sv,học onl like đã mệt rồi,mà nghe còn ko rõ nữa,hỏi lại thì bị chó điên cắn nữa,thì làm sao các e sv học vô dc,mong nhà trường xem xét lại trường hợp này,chứ nó đã điên rồi,nó đã ko dc bình thường rồi,mà còn bắt nó dạy học nữa,cho nên nó mới cắn bậy như vậy đó",0
thầy này có tri thức nhưng ko có đạo đức khác gì rác rưởi ?,1
tui thấy thầy giáo nói vậy là ko hay,2
kêu công an,1
bắt công an liền,1
28 anh này tôi ko nghe gì cả đi ra khỏi lớp,1
uầy uầy tôi tên trường thịnh,1
dm thây cô tao mới bi dinh chi,1
còn cái ông thầy mất dạy,0
làm giáo viên mà làm kiểu đó thì khỏi làm cho r,0
vô duyên bất lịch sự,0
thay nhu loz,1
nam mô a di đà phật,0
xưa mình học tại lớp học mà thầy còn bảo :cái gì các em ko hiểu được thì mạnh dạn nói thầy giảng lại .sao giờ này có loại này mà thầy giáo nhỉ,1
"dm cái thằng này mà là thầy giáo ,sau này đi làm giang hồ mới đúng chứ .",0
sao ông trời. không mưa ở ông thầy để sấm sét đánh cho  thủng lỗ tai thầy ra nhị,0
mưa toa hk nghe thì  nt cho em ấy  làm bài j j đó mưa ai mà nghe,0
"đạo đức nghề giáo của thầy rớt rồi, lụm lại đi thầy.",2
lạ,1
"mấy a nam sinh kểu đó sau này thành tài học xuất xắc lắm á , chớ người mấy người bth là bỏ qua luôn hok qtâm rồi (ý kiến riêng)",0
cái loại thầy giáo md ko có đạo đức về mà học đạo đức lại đi,0
"a đù, tới khi ông thầy ko nghe...ổng cũng đuổi người ta....",1
lắm chửi quá ha ? nhờ ph nói giúp anh ấy nếu ko nói thì ông nghỉ làm thầy ik ha ? dạy chi ok,0
mưa 5o thì mik đeo tai nghe vô lắm j mà ch. ửi v ha z lúc nhỏ ngta nói m z sao ?,1
có tri thức nhưng kém đạo đức,1
ko biết dạy thì làm thầy giáo để làm gì,2
thầy chơi vậy hơi quá nha,2
cái đạo đức bỏ đâu rồi,1
nhà trường thử kik thầy ra khỏi trường đi,1
quá tệ,0
ông thầy gì kỳ cục vậy dạy được thì dạy không dạy được thì thôi mẹ con cái nó có biết gì đâu,0
đuổi việc là đúng rồi,0
quỷ yêu chứ thầy gì ngần này.,2
"ông thầy này ko có đạo đức
chắc đuổi ông ra khỏi trường khỏi dạy",1
có tài mà không có đức thì cũng vứt vào sọt rác,1
vậy thằng thầy này đeo có tai.nen k muốn nghe sinh viên giải thích.vi có giải thích thì nó cũng có nghe đc đâu.,1
làm ơn cho tao biết tên thằng thầy này với.day trường nào.o tinh nào,2
thầy giáo thật quá đáng,2
thầy này mà gặp t là chỉ có nghe t chửi,0
"người có kiến thức chưa chắc có đạo đức, thầy giáo vậy chắc chắn bị đuổi việc rồi",1
giảng được thì giảng không được thì thôi chứ mắc gì phải đuổi,0
"thầy này không xứng về vườn, vô tù xứng hơn nhiều! vô đạo đức thì không làm đc gì!!!",1
chắc tôi là tôi cho thầy này một cái tràng free fire luôn rồi quá,0
quá bức xúc,0
0:14 kêu công an bắt liền,1
thầy kì cục,1
ông thầy này kì ghê luôn á,0
thầy giáo như thế nào nếu cả lớp đồng lòng out hết cho ông thầy nhớ đời,2
thầy cac,1
gặp t là t rời luôn r,0
ai ai chẳng có điểm yếu bạn tuỳ người có nhưng không biết giữ bạn hiểu không,0
thằng thầy giáo bị ngáo ak. đuổi luôn đi. nhận tiền giảng dạy mà như bố đời thế ak,1
"tháng 8, tháng 9, tháng 10, tháng 11, tháng 12, tháng 1, tháng 2, tháng 3, tháng 4, tháng 5",1
cho thằng thầy này mất dạy luôn đi.,0
"câu hoc sinh trong clip nay chi vi trơi mưa to ma bi đôi xư như đưa nghich ngơm, thât không gi vô ly hơn. mưa to không nghe ro, đâu phai lôi cua câu ta. tôi thât không ngơ ơ thê ky 21 ma con xot lai loai thây giao thơi thưc dân phong kiên đô hô. ro rang trinh đô hoc vân cua ông ta không thê đem ra ma đo trinh đô văn hoa. hiên giơ ông ta con day hoc không? nêu con, ông ta đa hiêu ra ông xưng đang lam thây không? nha trương co thay đôi qui chê tuyên dung thây giao không?",0
thầy gì mà kì vậy ko thấy thầy nào như thầy nào,2
ảo thật,0
ai có sách đắc nhân tâm kêm đạo đức mẫu giáo tặng cho ông thầy này đi,0
thầy giáo chắc kiếp trước ăn hành nhiều lắm,2
thầy ác lắm rồi đó nha,0
ông thấy nổ mẹ địa chỉ nhanh,0
thầy giáo này như cớt !!!!!!!,2
thầy kiểu chi vậy?,0
thầy có thể là thay này moi ngày ăn cuc nên moi thiếu dao duc nhu z,0
thầy đi làm vì lương,1
ông thầy này không xứng làm thầy,0
thứ ko có đạo đức nghề nghiệp mà lại chọn nghề giáo viên,0
báo cảnh sát 113 đi,0
thầy giáo dang sĩ nhục sinh viên của cả lớp,2
buồn quá sinh viên đang học online bị thầy đuổi ra khỏi lớp online tội nghiệp sinh viên quá thầy giáo dạy học online không có tâm gì cả mà làm thầy giáo dạy học online làm gì cho buồn phiền,0
"tội nghiệp sinh viên quá đang học online nói thầy trời mưa không nghe rõ nhờ thầy giảng lại bị thầy đuổi tất cả học sinh , sinh viên ra khỏi lớp online tội nghiệp sinh viên quá thầy dạy online không có tâm gì cả",0
có tài mà ko có đức cũng v thôi,0
tôi xin tài trợ thùng xốp,1
thằng thầy này chắc phải lên án thôi,0
đuổi việc ông thầy này đi,1
ông thử ở đó đi rổi ông biết,0
thằng thầy trong lip này đáng bị đuổi,1
"ông thầy nói hơi quá, nhưng tui thấy nếu có giảng bài lại thì em học sinh kia chưa chắc nghe rõ gì trời mưa, 
học sinh có thể lưu video giảng bài khi nào hết mưa thì nghe lại (có thắc mắc gì tiết sau thì hỏi) , 
nếu giảng lại sẽ mất x2 thời gian của học sinh khác , 
tất cả bình tĩnh điều có thể giải quyết",1
la 1 giao vien khi hoc sinh khong nghe ro hay chua hieu bai thi giao vien phai co trach nhiem giang lai do moi la gia vien tot doi voi ong thay nay la nguoi khong co dao duc thi khong the  chap nhan vao nganh gi het an noi doi voi hoc sinh thieu van hoa tay chay,1
từ đầu đến cuối tui đều nghe tiếng mưa to luôn á,0
thầy đi dạy để làm gì ...thầy ở đây thì chết mịa thầy,2
"nhà trường đuổi việc thầy đi hộ cái,giảng lại có sao đâu mà nặng lời vậy,nhà trường tặng kèm sgk đạo đức cho thầy nhé",1
làm thầy giáo thì chưa chắc đã có trí thức,1
tại bão yagi mà ồn đúng rồi,0
"ủa vụ này chìm rồi hả mọi người, hk thấy kết quả đâu hết. chắc ém được rồi ha",1
thằng thầy này mọi người nên xem lại,0
dậy học bao năm mà ko cân nhắc việc mình làm là thấy ko ổn rồi,1
trương nào mà có thầy cô thái độ lòi lõm thì đưng mong phụ huynh ngươi ta thông cảm nha,1
ông thầy chắc không có não đâu,0
cho ổng nghĩ là vừa. thầy vậy sao mà dạy học sinh.,0
thầy giáo hay là đầu đường xó chợ vô văn hoá? như vầy k đuổi khỏi ngành thì chờ đến bao h.,2
tùy người thôi chứ tôi là hs khác tôi ko ngồi yên để ông thầy nói vậy đâu ?,0
sao ông thầy nết vô duyên v,1
"nếu không có khả năng thì nghỉ mẹ đi đừng làm giáo viên nữa, làm giáo viên mà như vậy thì vứt, có tài hay k thì chưa biết nhưng thấy là k có đức rồi",1
"ông,thầy,mất,dạy",0
có phải đâu,0
video 3 năm trước rồi mẹ,0
vậy cho nó nhanh,0
vậy nghỉ học đi qua trường khác học,1
thằng thầy mà gặp tôi là câm như hến khoá mồm rồi,0
hóng kết quả vụ này,1
neu đung nhu thì đuổi cô thang thấy giáo đo đi,1
"ổng làm như nhà ai cũng có tai phone vậy, lỡ người ta mua máy tính nhưng chưa có tiền mua phone rồi sao, học sinh chứ có phải người đi làm ngoài xã hội đâu, tui khi xưa nhà nghèo được sắm cho cái máy để học mà phải giành dụm tích góp cả tháng mới có tiền mua phone",1
tôi  là học sinh mưa thì tôi kêu đổi trường,1
mọe ông thầy như cái j j ấy là tôi tôi nghỉ luôn,0
"thay giáo vô văn hóa quá, vô đạo đức, vô lương tâm",1
đồ không có ý thức đồ không có đạo đức,1
thầy này chắc lương 2 triệu,0
thầy giáo kiểu này thì noi gương  cho học sinh kiểu gì,0
không có đạo đức thì đừng chọn nghề này,1
thầy giáo mà không có tí đạo đức nào,0
tại thầy mất da ị mà,0
giáo viên kiểu này thì nghỉ học mẹ i,1
gặp tôi thằng thầy này rén ngang liền,1
người có chi thức nhưng mà chưa chắc đã có đạo đức,1
thầy giáo đó hả trời,2
ai cho ổng dạy hay v,0
đạo đức bé xíu như con kiến vl luôn,1
gặp tui tui chửi thẳng luôn dù gì hả thầy dậy kiểu đấy nhận tiền mà hả dạy kiểu mất hết lương tâm dù sao cũng bị đuổi tui chửi thẳng luôn thầy kiểu đấy mong nhà trường thấy đc đuổi vc thầy cho học sinh đỡ cực có thầy cũng như ko,1
thầy giáo này khó tính thấy sợ luôn!nghe không rõ thì đuổi ra khỏi lớp.,1
ông thầy kỳ cục quá học sinh nhà đang có mưa thì cứ nói lại đi mà chửi học sinh biết chửi là một việc sống không đó là một việc rất là hỗn nó cũng chính là học sinh của mình mà nấu lẩu lâu lâu đại học thì sao thì ông đừng bao giờ nhớ nó nữa nhớ nó làm chi nó còn không bao giờ gọi tên ông mà một tiếng thầy nữa rồi đó biết chưa,0
thấy thầy này nên bị đuổi ngay đi á,0
"thầy có đủ tứ tri , nhưng lại vô tri",1
ông thầy thế này chẳng khác gì tính cách của nờ ô nô ngày xưa đâu,1
"có cái khúc thầy k nghe thấy kìa sao thầy k thoát ra đi ,ko có tai mà đòi nghe học sinh nói",1
má ông thầy mất dại cho về học trường cải tạo đáng sợ r bắt ổng nộp tiền  bồi thường cho tất cả học sinh r vứt ổng vô xọc rác cho r ai đồng tình like :(,1
chưa bao giờ thấy thầy giáo như này luôn,1
thầy mất dạy,2
"người thấy có tri thức,nhưng ko có đạo đức",1
chắc ông thầy ms thất tình,0
gặp tui vô cái lớp này là tui tự out máy có mic với cam đâu mà bật nếu nói vậy khác gì nói máy người giống tui khuyết tật à gặp tui trong cái lớp đó là tui đem clip lên trường gặp giám thị để hỏi luôn dịch mà chắc cũng có giáo viên trên đó mà (học online lúc nào tui cũng quay video để đỡ trống ổ cứng),1
chắc cậu bé vui lắm,0
ông thầy mắc dại!!! chó đẻ chứ éo phải người,0
có tài mà không có đức thì cũng chỉ là đồ bỏ đi.!,0
đuổi bà luôn,1
"mọi người à, chữ sinh viên mọi người viết rõ ra đi chứ viết sv hay sv tui lại hiểu nghĩa khác trước rồi mới nhớ ra à là sinh viên, ôi tôi đã bị mxh tha hóa rồi",0
bạn cũng nên report tài khoản google của ổng để ổng khỏi phải dạy học online nữa cho ban hẳn tài khoản vì đo thành người ( lựa chọn đồng tình ),0
ai đồng ý thuê giang hồ đến tạt axit người nhà của thầy thì lên tiếng đi!!!,1
lúc nào cũng bảo có gì ko hiểu cứ hỏi thầy cô nhé mà mở mồm ra hỏi một câu thì tỏ thái độ luôn,1
ko thể chấp nhận đ đuổi mẹ việc luôn đi,1
ông thầy khốn nạn,0
giờ là 2024 rồi! nhìn lại sự việc thì thấy thày giáo xử lý đúng kh6ong vì một cá nhân ảnh hưởng tiến độ của tập thể đuổi ra khỏi lớp là đúng!,0
thầy thông minh nhưng chưa chắc thầy đã có đạo đức,1
mai mốt trả báo lại con của thầy,2
"giờ con mới biết , sẽ có những canteen và có một canteen tên galaxy food  drink chủ tiệm ở đó là dì con 
con ko nghĩ rằng trường đại học sư phạm kỹ thuật như vậy",0
nếu nó không nghe rõ thì bảo nó bật lại áp,0
"mình mà là em đó
mình chửi lại thầy luôn",0
"cùng tên với tôi nha 
ông đó nha ông ngon qua nhà tôi dậy coi 
tôi đấm ông bây giờ 


và cảm chị vì đã cho em coi video yêu chị",0
"ko chừng thầy mệt quá nên ko suy nghĩ mà nói, mong mọi người thông cảm cho thầy thay đổi lỗi lầm ạ..",2
thầy xứng đáng bị đuổi việc,1
đuổi việc moẹ đi,1
"ổng lm như người bth của ổng có mắt đại bàng, có tai thính như bướm đêm, mũi thính như chó v.",0
thầy giáo như vậy cho về hưu sớm. có trí thức mà nói chuyện còn hơn gian hồ còn thua người không học,0
thầy gì không đạo đức vậy.,1
sv nguon channel dtt ch2,1
"thầy giáo cậy mình có tri thức mà bắt học sinh làm này làm nọ .chỉ cần giảng lại là mọi chuyện yên ổn rồi .thêm cái bắt học sinh nói câu cứ như kiểu học sinh bị tàn tật ko bằng .nghề nhà giáo bây giờ ham tiền ,ko còn có tâm như xưa nữa .cần loại bỏ những người này ra khỏi nghề ngay!!!",0
trình độ có mà thái độ thầy ngộ quá,0
thầy j mất dạy thế,0
"học sinh bình thường
còn ông thầy không bình thường",1
có học cũng như ko. thầy giáo này phải lên án chứ .học sinh xin nhắc lại mà kick ra là sao.,0
"thượng bất chính, hạ tất loạn",1
tôi ko thể hiểu ông thầy này.,0
"thầy giáo này rất đúng với câu nói: có tài nhưng không có đức thì cũng vứt, bạn chẳng là gì cả tội những ai hôm đó học với thầy giáo khó tính khó nết này thật",0
nhà trường bênh quá nhỉ.,1
thầy giáo ác vãi,2
đuổi giáo viên,2
giải thích gì nữa doan líp nghe og thầy nói quá rõ rồi,0
thầy này bị mắc day rồi,0
ở đại học tự học là chính chứ khó bắt thầy cô giảng kĩ được nhưng thầy nói vẫn hơi quá nặng lời,0
không cần làm nghề này đi. khó chịu,0
ra khỏi lớp luôn học làm gì một con người ko có đạo đức thì không đủ tiêu chuẫn làm giáo viên,1
thầy giáo đúng là ác quỷ,2
thay ac qua,1
học cho lắm vào rồi thất đức,0
chỗ đó mưa to mm gì đuổi học sinh xin đọc lại bài hộ,1
"ông thầy này kí quá
nếu không có luật của youtube là tôi chửi rồi",0
tôi thì thôi học hành caiconme j nx nghỉ conme nó đi ,1
cái ông thầy này vô duyn vậy,1
"giáo viên: ko hiểu chỗ nào hỏi lại nhé
học sinh hỏi lại
giáo viên: t kick m chết mẹ m nè con",2
"thày này kh có đạo đức quá sức tưởng tượng kh chấp nhận đc ,chẳng lẽ trong cuộc đời của thày ,kh có lúc gặp bất trắc hay sao,dù bất cứ giá nào phải sống hết phẩm chất đạo đức của mình ,nhất là những người thày cô thương cho cháu sv dừng buồn nghe con,cuộc sống nó có nhiều phức tạp lắm ,nhẫn nhục mà chịu khó học và sống cho nên người nghe con",0
làm thầy gì tầm này,0
"gặp tôi là tôi thưa lên bộ giáo dục,đănv lên mạng,đưa lên nhà trường,đăng lên tất cả nền tản mạng,đưa cho phụ phụ huynh,họp phụ huynh thì đưa lên luôn,bốc phốt ổng cho ổng ra vườn biến khỏi nghành giáo dục nhục nhã mất mặt quê.......cho ổng thấy mama luôn",1
lên trường chửi chết mẹ ông thầy lun  ik,0
đây là vừa mới thất tình nè,1
giáo viên trường sư phạm lạ vậy,1
đuổi việc ông thầy giáo đó đi  giảng lại cũng được mà đâu có câm đâu,0
ông thầy kỳ quá,0
"hỏi người khác có đủ giác quan tay chân miệng là kỳ thị người khuyết tật , người khiếm thính....có học cao bao nhiêu đi nữa mà đạo đức ko có thì cũng là đồ bỏ",1
"kỷ luật  các  giảng  viên  thiếu  đạo đức  ,nói  chuyện  mất dạy, lớn  già cái đầu để  bọn nhỏ chỉnh",1
như thế mà dầy làm mẹ gì,0
vất mẻ đi vô ff mà chơi,0
có đầu có tri thức mà có tóc mà không có óc thì dạy làm cái đ.é.o gì ??,1
học online tôi cũng như vậy và tôi cũng rất là ông thầy đó vì ông đã cho tôi ra khỏi nhóm vì lý do nhỏ trời mưa to quá không nghe rõ và ông kêu tôi và tôi rất là nhà tôi đang mưa to tôi không nghe kịp,0
thầy giáo về học đạo đức lại đi,2
đuổi học sinh ra khỏi lớp  đuổi mình ra khỏi trường,1
tên thầy giáo mất nết này đang tra tấn tinh thần học sinh.,2
tri thuc ko bang dao duc,1
thầy giáo như c,2
ông thầy đó có đạo đức ko nhỉ?,1
gì kì vậy trời,1
coi mà cay giùm luôn á,0
"đây là ý thức tồi chứ còn j nữa, thế mà cx làm thầy đc",0
coi ma tưc ngta ko hiêu hoi lai la đr con đuôi ngta ông thây vô duyên,1
trời mưa:  ,0
thầy như chubin,2
thầy ngáo,2
thằng thầy như này thì nghỉ ik học làm gì nữa vô duyên thiếu đạo đức,1
"con người khoác trên mình hai chữ thầy giáo và là người rèn luyện nhân phẩm học sinh, ăn nói thô lỗ và thiếu văn hóa ,không biet hoc ra mà đức không có thì vứt, làm thầy mà ăn nói như vậy k xứng đáng, tiên học lễ hậu học văn các dòng chữ này với lượng tâm làm nghề giáo chắc k xứng, rèn luyện học tập tấm gương đạo đức bác hồ mà n nói vậy thì nên bước ra khỏi ngành,",0
thầy giáo này chỉ làm xấu mặt nhà trường thôi chẳng làm gương gì cho học sinh mà còn xúc phạm,0
"này ngta điều tra rồi, thầy có sai nhưng không hoàn toàn. ban đầu nhắc nhở không hiểu thì hỏi, lúc không nghe được thì không nói gì, lúc đặt câu hỏi mới nói, kiểu thầy nóng tính nên cho rằng sv k tập trung. có cho vào lại và cuối giờ có giải thích, nhắc nhở rồi. ổng sai và cũng đã xin lỗi. k tìm hiểu mà cứ nặng lời, phán xét lung tung, khác nào sự nóng tính của thầy đâu.",0
người có tài mà không có đức thì cũng như vứt,1
thầy như con cakkk,0
gặp t là t chửi ông thầy như chó rồi,0
ông này phải để nhà trường dạy,0
thầy nói đúng mà,0
thầy giáo có đạo đức không vậy,2
giáo viên chứ có phải đại ca hay giang hồ đâu,0
nếu nói đc thì tui sẽ nói là mắt dậy,0
thằng này đáng bị đuổi,1
ui giảng viên kiểu này từ thời phổ thông tới đại học tôi bị hoài.,0
"trời mưa  to thì mik cũng giải lại chứ ,chứ đâu mà đuổi người ta ra ngoài",0
"ông này hay  nhiều ng dell có tai nghe thì sao ạ? trời mưa là do thời tiết chứ có phải a đó làm ra mưa đâu ạ? nhiệm vụ của thầy cô giáo là giảng bài cho hs hiểu, nhiều thầy cô còn muốn mấy hs nói để mik giảng lại còn ko đc, ông này còn ý kiến",0
thầy ?? thầy giáo ở trại à ngộ vậy  cho ông thầy cái cuốn sách đạo đức lớp1 học lại giùm đi nha chứ thiếu đạo đức lắm,2
bị đuổi là đáng,0
ông thầy giảng kiểu này chắc bị phụ huynh kiện quá,0
"nếu tình huống lớp học đúng theo như clip chia sẽ. học trò nói mà thầy không nghe. mời thầy cũng theo nguyên tắc của tự riêng thầy đưa ra, thầy hãy đi ra khỏi lớp online.",1
thầy giáo học lại lớp 1 đi,2
thầy này nghiêm khắc quá -_-,0
không có đạo đức nghề nghiệp,1
chuyển trường đi hoặc lên trường báo cáo hiệu trưởng cho xong,1
"cho thầy này về vườn và kèm xử phạt cấm làm giáo viên mãi mãi, cái thái độ này mà làm thì hỏng cả nền giáo dục nước nhà.",2
"day học  ,chứ  đâu  phải  day  vo  đâu, su  phu",0
thầy giáo thật ko sứng đáng làm giáo viên   nghĩ làm giáo viên luôn đi,2
tại mày là con ổng mà,0
đúng đúng concặk,0
vậy là thầy mất dạy rồi,0
làm thầy mà k có đạo đức sau này ai còn đạo đức với thầy,0
giảng lại ko giảng mà đủi làm thầy kiểu gì đấy,0
đuổi việc tặng kèm sách đạo đức lớp 1 cho ổng,1
de con chau chung ta dot con hon ton tien de theo hoc voi may tha ng thay mat day nay,1
thang cho thay nay,1
chac thang thay nay moi thua ca do hay la so de,1
yeu cau tháng thấy này đi học lại,1
ông thấy mất dai,1
khi các bạn bị những trường hợp này hãy nói khăng định tôi ko thích tôi có đóng tiền đầy đủ tôi được quyền người bị đuổi là thầy,1
ông đó k có đao đức,0
"tui ra tui tự lấy tài liệu tui nghiên cứu con mẹ nó luôn đi chứ học với ông này chắc ông chưa đánh tui mà tui chết vì điên máu rồi lên cơn đau tim đăng xuất luôn á, ui là trời. lấy tờ giấy ra viết cộng hòa xã hội chủ nghĩa việt nam luôn cho lẹ, report nhanh tay lên nhà trường luôn chứ không cần nhiều lời",0
thây di ki dây ha khoi hoc luôn đi,1
"học sinh này nó hiền chứ , người khác thì chắc hẹn thầy cuối giờ rồi",0
cái ông thầy giáo này kì vậy?tự dưng đuổi a nam sinh ra khỏi lớp thì thật là hành động dở hơi.,0
ôg thầy như vậy ác quá:(,2
ông thầy này ra hồng bàng dạy giùm đi!!!,0
t đi học mà gặp thg cha này chắc nghĩ luôn quá thà đi làm việc tay chân còn hơn,0
sinh viên này hơi hiền. phụ huynh cũng nhát cáy chứ phải t t gọi cả nhà báo cả công an tới nơi,1
thầy j mà ác thế khỏi học đou :,0
sao thầy ko có đạo đức vậy thầy đấy ko biết học tính đạo đức hay sao ấy,1
"ông thầy ổng giảng lại tí có chết ko mà làm j dữ v gặp t rời luôn và báo vs nhà trường, phụ huynh ",0
tự nhiên kêu từng sinh viên nói thế phí thời gian quá trời luôn,0
nhanh thật mới đây 2 năm r,1
"thầy giáo kiểu đó thì thoiii, khỏi dạy nghỉ dạy đi ha",0
"gặp tôi ông thầy đuổi ra khỏi lơp là tôi đi luôn, bưc nghe thôi hêt muốn học",0
làm thầy như v thì nghỉ mọe đi,1
ôg thầy này nói còn lắp bắp hơn mấy sv,2
"2:14 không có tai k có mắt thì là quái thai à. kiến thức thì có mà đạo đức thì nghèo. hay chỉ có ông thầy ko có đủ giác quan như người bình thường mới ghen tị với sinh viên. ngta cx lớn thành sinh viên rồi mà dạy dỗ như kiểu dạy bọn trẻ mới lên ba ý. ông đuổi hc trò của ông thì ông đang tạo cơ hội cho các sv được chơi game, lướt mxh và chat chít, đi chơi ngoài lung tung ngay trong giờ học đấy, bạn làm đã và đang làm học viên của ông này có thể lên án và bật lại ổng thì càng tốt vì cái tôi quá cao của ổng",0
ủa?? trời mưa to nó ko nghe mắc gì đuổi nó? lỡ nó không có tai phone thì sao hả?? nếu chép bài không kịp vô học chính thức nó lại là người bị chửi.. ?!,0
neu ma tui la tui boc phot lien luon,0
mấy loại thầy như này thì đình chỉ luôn,1
"thầy này đã ko qtam hs thì thôi lại còn phát ngôn như v,ko có tí tình người j cả",1
cho thay di tu cho binh tinh,0
phải t là t out rồi,0
ông này phải gọi là thằng thầy mới đúng. thăng thầy mất dạy,0
thăng thây chư giang viên hay thây giao gi cai loai nay,1
người như thầy ý hc lm j hc với người ko có đạo đức thì nghỉ mẹ đi,1
"ngta ko nghe thì kick mình ko nghe thì đuổi ngta ra khỏi lớp
có tài mà ko có đức",1
đừng ghép thầy ngọc vào tội thầy ý,0
wtf cái éo gì mà đủi người ta ra khỏi lớp,1
nhìn giống y hệt anh tui;0,1
hs mất tiền hc mà ông thầy ko dạy. rõ là bổn phẩn của người giáo viên mà,0
tặng ông thầy giáo cách làm người đi,1
"thầy: mưa to nghe không rõ thì đeo tai nghe vào, mắc gì tôi phải giảng nhiều lần?
vẫn là thầy: tôi nghe không rõ, ra khỏi lớp
học sinh:",0
gặp t ra mẹ luôn cho nhanh,0
thật là tri thức,0
a a vây la ko bth,1
hỏi sao vn mãi ko khá đc,1
mog thầy ra đi luôn đừg quay trở lại nữa làm nghề giáo mà ko có cái đức thì nó làm mất cái tâm của nghề lém thầy ơi,0
tôi là vợ của thầy trên clip tôi thay mặt xl,0
"cái loại thầy đuổi hs vô cớ thì chỉ có nghỉ việc cho lành , loại gv này không xững đáng để giảng dạy các thế hệ trẻ",1
"nói thật chứ giờ sinh viên rất nhạy công nghệ và k có khó khăn như hồi xưa. và các địa phương có chế độ cho sinh viên vay 0 lãi suất sau 4 năm học. thẩm chí sinh viên có thể xoay sở việc làm thêm nhưng vẫn đảm bảo việc học. đại đa số bây giờ ăn chơi, sao lãng việc học, k định hướng, và bất chấp,....
việc đeo tai phone học online thì quá bth. mưa lớn vẫn k tác động được nhiều. việc thầy giáo có lời k thông cảm và từ ngữ k đúng thì mặt đạo đức quá rõ nhưng nó nằm trog hoàn cảnh là việc dạy nhiều sinh viên và quản lí rất cực. bạn nào thử quản 1 nhóm mà gà, vịt,...lộn xộn (ví von) thử xem. có mà giỏi thì gánh lun cho khoẻ chứ.",2
"thầy gì đâu mà kì cục ghê,kêu thầy hiểu trưởng đuổi việc ông này đi",0
khiếp thầy giáo vừa ko gương mẫu ko có đạo đức gì cả!!!,1
"mọi cử chỉ , hành động , lời nói của thầy cô .học sinh nó soi kỹ lắm nên là muốn tồn tại trong môi trường nhà giáo thì hãy là cái gương tốt ,lịch sự ,đạo đức .",1
thật a??,0
thầy tâm lý ko có ổn định,0
"toi bị ù tai, mà lớp ồn, lại thêm ngồi ở khá xa bục giảng, nên khi nghe giảng chữ được chữ mất, nhớ hôm đó, trong giờ tiếng anh, thầy có giảng nghĩa của 1 số từ để học sinh dịch bài.
có 1 từ toi không hiểu nghĩa, cố đợi thầy giảng đến khúc ấy, thì lại nghe không rõ, toi có nhờ thầy giảng lại thì thầy quát, toi mới giải thích là mình bị ù tai, ổng mới nói: em ù tai là lỗi của tôi à?
nghe mà tăng huyết áp.",0
"chắc ông này không nhớ lời giảng hồi nãy mà ổng vừa giảng 
nên đuổi luôn hs 
ông này đe dọa hs mà ko sợ bị phụ huynh phản ánh à?",0
ông này não có vẫn đề,0
"tiên học lễ  hậu học văn có học mà ko có đức thì vứt , người thầy không thể nảo phát huy câu đó thì cũng phải vứt thôi,mưa lớn vậy ai nghe đc?",1
"nhìn là bt cùng thể loại với cô công nghệ tui r 
ae cùng 1 nhà",0
cảm ơn thầy nhờ vậy mà làm giảm sự cạnh tranh ở ngoài xã hội xuống vì nhờ thầy mà có mấy thg thất nghiệp r.,0
"thầy mới là sai nhắc 2,3 lần thì sao nào thầy cũng lớn tuổi rồi nên cũng phải có ý có tứ 1 chút
(quan điểm cá nhân .sai thì xin lỗi nha.)",1
hiệu trưởng xử lý nhu nào cho du co cho vao hoc cung khong duoc dung nhu vậy day nguoi để dua xa hội di len thi lai đưa xa hoi lao dốc,0
2năm rồi,0
đuổi ông này đi luôn đi chứ để đó làm gì,0
gặp tôi tôi đấm cho mấy phát,0
th đấy giờ còn dậy không ?,0
không đủ kiên nhẫn thì đừng lm giáo viên có tri thức mà v á,1
thầy nói đúng nhưng dùng từ ngữ không đúng với cương vị người thầy mà giống dân chợ búa hơn,0
đúng là có tài mà không có đức,0
thầy này bị sao vậy,1
thằng này mà cg làm thầy sao...????,1
người thầy 2 tuổi,2
có tri thức mà không có đạo đức cũng như không thà có đạo đức không có tri thức cũng được ( vừa nên có tri thức và đạo đức mới xứng đáng làm giáo viên ),1
ủa v thầy tưởng e muốn bị ù tai lắm à,0
loại ích kỉ! bạn là cái rốn của vũ trụ hả! sao bạn lại ngồi cuối lớp! biết ù tài thì leo lên đầu bàn mà ngồi!,1
"tội học sinh quá ,có gia đình nào có nổi cái taiphone đâu",0
"mỗi lần ko hiểu bài về nói với mẹ thì mẹ luôn bảo cuối giờ ko hiểu hỏi thầy giảng lại , ủa thế h có ko mưa to mà hsinh ko hiểu thì cx nên giảng lại chứ",0
người có tri thức mà không có đạo đức thì xã hội vứt để lại chỉ làm ô nhiễm xã hội,0
căng nhỉ.,1
"thầy muốn học sinh chết
thầy kiểu, yeeeaahhh cuối cùng thằng này cũng chếttttt, yeeeaaaahhh",0
thầy???,2
đổi khỏi dạy thầy mất đức,0
sv là sục vật hay sinh viên  ???,2
"ủng hộ việc học tập theo học phần do học sinh tự đăng ký, thế thì thầy nào có thái độ không tốt sẽ ko có ai học",1
thầy gì mà đạo đức còn không có thì làm giáo viên hỏng rồi,0
"thầy dạy môn j nhể, để tôi cho ông đi dạy mấy thk cặn bã xã hội nhá, dạy mấy thk đó ms đc, tại ông giống nó mà, à quên, chắc ổng bị đuổi việc hay vô tù j r",0
học offline xong đê học online vĩnh viễn,1
"chất lượng của thầy cô giáo thời giờ đi xuống quá. là người uốn nắn những tài năng tương lai mà như này thì là đang hủy hoại những tâm hồn sáng và kèm theo nhân cách nó nát . những thầy cô như này nên cho ra khỏi ngành đừng để con sâu làm rầu nồi canh. mà hãy là ng thầy tận tâm, có đam mê với nghề, thầy cô như cha mẹ mà cha mẹ như này thì học trò và con cái của  họ ra s, quần áo rách thì có thể vá lại đc, nhân cách rách thì chỉ có vứt đi .",0
loại thầy giáo này nói như vậy ko có ngày hôm nay đâu làm mất cả uy tín nhà trường,1
thầy ko có ý thức,1
mong thầy bị đuổi,2
học quá mất khôn,0
haizzzz ông thầy này nên cho ổng sách đạo đức lớp 1 để bổ sung thêm đạo đức đi học lại lun đi cho bt cái cảnh học nó khổ như thế nào,0
loại thầy giáo kiểu này đuổi nó ra khỏi ngành .trò  nghe ko rõ hỏi lại .nhờ thầy giảng lại cho ..em nó nói rất tử tế ..ông ấy đáp lại lời như vậy là sao ????mình còn nghe tiếng mưa to vậy mà ...bản chất thầy tồi tệ thật,0
ủa,1
thay giao nhu cut,1
nếu mà đã dễ tự ái thì đừng làm nghề thầy giáo đi làm nghề khác đi,1
có tri thức nhưng không có đạo đức,1
thấy giao vô đạo đức,1
"thầy dạy sử iu dấu của tui ko bao giờ lm z đâu nha , thầy tui dể thương lắm luôn",2
đạo đức ng thấy này thua ng thất học nữa kì cầu học laj đạo đức,1
nghe mà tức á,0
thầy giáo như vầy thì thôi thà nghỉ học còn hơn. học giáo viên mới,2
bà mình xưa học trường này luôn nghe ba kể là có nữ sinh tu từ ở góc cây á nghe ba kể xong ko ngủ được,1
thầy giáo nghỉ đi,2
học sinh thời bây giờ rất áp lực,0
tôi cũng là gv tôi ghét nhất thể loại gv này . trước mắt đem đoạn clip này đem lại trường cho hiệu trưởng đó xem rồi coi giải quyết như thế nào,0
người có tâm luôn hiểu học sinh,1
theo mình nghĩ nếu như là bị cắt bớt thì giảng viên cũng phải lựa lời chứ như vậy ảnh hưởng nhiều đến sinh viên lắm,0
"thầy ki bo , thầy rất xứng đáng bị đuổi về trường mầm non",1
"giờ ông thầy giáo bên nhà ông thử coi nhà ông coi lúc đó trời mưa lớn quá đi thì ông giảng bài cho máy anh chị kia coi .ông hỏi anh chị kia .ông hỏi là thầy giảng mấy em có nghe ko
thì anh chị kia nói là dạ nghe,mà bên nhà ông có mưa lớn thì,ông không nghe thì mấy anh chị kia cũng đâu nghe đâu đúng ko",0
"thằng cha đó cũng có nghe người khác nói j đâu mà lại mắng chửi ngta, còn bắt nói có đầy đủ giác quan, người này nên bị kích ra khỏi môi trường gd",1
vậy thầy đi làm chó đi cho tai nó thính,0
giáo viên cần có đạo đức nhung ông này thì toi cho ve nhà làm ruộng,1
giáo giáo dục loạn lắm,0
đã  là  nhà  giáo  mà  thiếu  đạo đức  nên  nghĩ  là  tốt,0
hiện  nay giáo  viên  đã  mất  nhân  tính  quá  nhiều  nên  cho nghĩ  về  nhà  đi  học  lại  cho tốt,2
đúng là có nhiều kiểu thầy. đừng để học sinh của mình gọi mình  là thằng thầy. như thế thật uổng một đời làm nghề,0
"ai cũng đc học môn đạo đức nhưng ko phải ai cũng có đạo đức
thật luôn, hs ko hiểu thì giảng lại là chuyện bth? hs trả tiền là để tiếp thu kiến thức chứ ko phải tiếp thu những lời nói của những người ko có đạo đức. kêu ngt mang tai phone vô? thế sao ông ko đưa tiền để tôi mua luôn? kêu mn nói họ tên, có đầy đủ tai mắt mũi miệng chi? có miệng để chửi ổng hay j? . có thể có người nói mik vô duyên, mất dạy... vì xưng ổng với những người lớn tuổi, nhưng...hãy đọc câu đầu tiên mà mik ghi đi , ít ra thì tôi còn bt chửi ổng và xin nghỉ học chứ ko phải chịu đựng những cái xấu xí trong tuổi học trò.",1
thầy giáo ko giảng lại cho học sinh vì thầy mất dại,2
"sinh viên ko nghe rõ thì giảng lại , mắc j ổng phải đuổi sing viên ra khỏi lớp online , sao ổng kì quá",1
dạy không đc thì nghỉ dạy đi.dạy chi cho mệt?,0
"khi bố là hiệu trưởng trường và mách cho bố 
thầy kiểu:",0
cái thằng thầy này chắc chửi 1245245 cái vào mặt,0
gặp tui gặp trường hợp này hack kick ngược lại luôn cho bỏ ghét,1
lớp t mà cs 1 đứa ko nghe kiệp là ổng nói lại 3 lần,0
"vu nay, giao viên nay chi co ơ viêt nam thui",1
thầy đó y chang bà cô tiếng anh mình dạy ko đàng hoàng cho đi luôn,0
thầy gì mà lạ quá vậy,0
nghe thay nc v biet ong thay mất dạy roi,1
tui kiểu ủa,0
"ông thầy này cho ddi hc đạo đức tiểu hc là vừa,kiểu này ba mẹ ko dạy r",0
mé cái ông thầy vô duyên này,1
"tin 3p, tới 4p luôn cìa",1
"ông này thái độ cực kì mấy dạy: đã ko có tâm lắng nghe hs, ko có sự thông cảm mà còn có hành động ko đúng mực nên bỏ nghề đi ông già ạ",0
thầy này cần cho về chăn gà loại ko sứng đáng làm thầy,2
ổng bị ảo đấy,0
"cái này hơi giống trường hợp của tui nhưng khác là tui nói : t có đầy đủ giác quan còn m lá súc vật.
cái kết là tui bị đuổi khỏi lớp nhưng đell ai nghờ tui đc quay lại lớp vì ôg thầy  thừa sấp mặt",1
"không phải ai tốt nghiệp sư phạm rồi đi dạy cũng xứng đáng được gọi bằng thầy, bằng cô",1
không làm được hình nghỉ hộ tôi cái thằng nào dám cho tôi ra khỏi nhóm tao cho dòng họ mới chết hết nè,1
fun fact: lí do các bạn ghét những ông bà thầy cô nóng tính,2
làm như ông nội người ta ko muốn làm ngừi muốn làm con thú à,0
thầy giáo thời xã hội chủ nghĩa phong cách phải thế.,0
tôi nguyễn văn a.. hiện tại tôi đg thèm gái thầy kiếm tôi vài e nhe,1
"đúng rồi còn gì, mưa to thì tự phải đeo tai nghe chứ",0
thầy giáo l giữ ạ,2
có trí thức mà ko có đạo đức thì đừng làm giáo viên,1
thực sự mình nghĩ thầy cx gặp nhiều th học online giả vờ rồi nên ko tin em mình hồi trc hc chs liên quân xong còn bật tiếng mưa rơi lên lừa thầy cô,2
"thầy từ sao hỏa xuống à 
bức súc vãi",0
"ông giáo này không có tí đạo đức nghề giáo như vậy nên tốt nhất đừng làm thầy giáo. thầy giáo có năng lực nhưng không có tí đạo đức nào thì cũng vứt. học sinh không hiểu hoặc chưa nghe rõ thì thầy cô phải giảng giải lại cho rõ và liền mạch hơn. chứ không phải giáo viên mà chửi đong đỏng lên, làm xấu và mất thể diện và uy tín của nhà trường cũng như nghề giáo viên như vậy, làm thầy giáo mà chả có tí đạo đức hay tâm nào vậy. giận quá mất khôn, học sinh khác ngồi học bth chủ vì nói không lưu loát, nên đã bị thầy kick oan, chán quá chán với loại thầy giáo như này.",0
"ơ hơ hơ hs này nhờ thầy cô nhắc lại lớp tui chx ns j cô(thầy) đã ns 1 tràng luôn rồi còn nhắc nghe không rõ, không hiểu phải hỏi lại",0
mưa to người ta ko nghe thấy mà xúc phạm người ta,0
"thầy bố láo,  chắc 100 gia trưởng trong gd luôn. nhà truong chắc cũng bao che thôi",1
có tài ko có đức thì vứt,1
đây là đeo nhưng nghe vẫn ko rõ ạ!,1
làm vậy cho ông thầy đó sa thải ra khỏi trường đi,1
cho xin cái địa chỉ nhà bạn ei,1
thấy tội nghiệp cho em ấy,0
ông thầy ác quá,0
quá bức xúc,0
thầy giáo có tri thức nhưng ko có đạo đức thì coi như bỏ,1
bác hồ có nói người có tài mà không có đức là đây nè. nó đầy ra trong xã hội này.,1
không biết ông thầy này đạo đức vứt ở đâu nữa,0
"học sinh dù có thế nào thì phận làm thầy cô vẫn phải thương yêu, chỉ dạy tận tình nếu họ là một người thầy tốt",2
ai cũng hiểu chỉ mình thầy không hiểu,0
"vụ này lâu mà xem lại vẫn tức....hs ko nghe thì đuổi, ổng ko nghe cũng đuổi",0
cảm ơn thầy,2
ông thầy này đuổi thẳng được rồi đó,0
"có lẽ thầy ko bt câu này r muốn biết phải hỏi , muốn giỏi phải học bonus cho thầy cái cuốn đạo đức lớp 1",1
nếu được 1 like thì liker sẽ may mắn.,2
thầy giáo giữ quá,2
em chào thầy,1
bởi vậy bây giờ đâu ai tôn trọng nữa,0
"ông thầy giáo có ăn học , lại làm thầy và chắc đã có gia đình và làm cha của những đứa con mà hành xử không giống một con giáp nào cả . cái kiểu trịch thượng với học sinh không đáng mặt làm thầy ! đáng ra thầy phải bao dung , chia sẽ với học sinh , điều kiện của mỗi học sinh mỗi khác không giống nhau , đằng này thầy còn nhân tiện của học sinh này mà dằn mặt các học sinh khác .  tôi thấy đừng cho dạy nữa , muốn dạy thì phải nổ túc nghiệp vụ sư phạm , hoặc với khả năng đang có thì thầy có thể làm bảo vệ là tốt nhất !",2
nhà trường giải thích kiểu j ấy? đoạn mà ông bắt bật mic nói nguyễn văn a gì gì đó cx đã quá đáng lắm r  t mà là hs đấy là t chửi thẳng vào mặt ổng r,0
đây mà là thầy em em bỏ học,1
"mưa to vậy thầy còn kêu đi ngủ, đóng cửa lại!",1
thầy giáo gì kì vậy,2
thầy này dễ nổi khùng lắm... dẹp,0
mẹ thằng thầy giáo ích kỉ cho nó khỏi làm việc luôn đi mọi người,0
thế bây giờ mới gọi là giáo gio,0
thằng khùng lỗ tai có vấn đề hả?,1
bó tay luôn đó nha,0
ko làm được đừng làm thầy hs mãi moi làm thầy được mà đây làm được rồi lại coi như mình giỏi rồi,2
ko có thầy giáo nào mà nói chuyện như j cả,0
thầy,2
thầy keo vãi :,0
nha truong cán lam viêc voi thây giao.  không thê đuôi hoc sinh nhu thê,1
thầy như buồi đầu,1
ông này đáng bị đuổi khỏi trường là đúng rồi.,0
thây em ko có v,1
thay giao nghiem khac qua cung khong phai la 1 cai tot,1
tui ko ten ng van a j do tui ko cos du giac quan nhu ng binh thuong ok chua,1
"giảng lại là dc mà
cớ sao phải mắng chửi như thế cơ chứ
hs ko nghe rõ cs thể do mạng của họ hoặc của cả thầy,hoặc như trên vid đó
em 10 tuổi nhưng em phải nói như này
thầy đúng là đồ vô ơn",0
thay giao mat day,1
đổi giáo viên thôi chứ học này sao học,0
thang do ten gi nha o dau vay moi nguoi,1
ông thầy bi gi vây???,1
ông này ở bình dương à,1
"quan trọng không phải là cho vào học lại hay không,quan trong là cái cách nói chuyện ấy,má nó đầy đủ miệng tai lsao,",0
"thầy này là phải bị đuổi ra khỏi trường chứ gì nữa,tôi thấy là không ưa rồi. thầy gì đâu mà ác thấy sợ á.",0
biến khỏi ngành giáo viên đi cho đẹp trời thầy giáo mà làm qq gì giữ vậy dell day được sao dell xin nghỉ đi nói chuyện kiểu đó mà nói là nhắc nhở. mang trên vai con chữ để người khác gọi bằng thầy để làm kiểng à,0
thầy ăn ở tốt vậy. sao sét chưa đánh thầy vậy,1
học trò muốn làm cha,0
"phải tôi, tôi kỷ niệm 1 bên pha",1
kiện luôn,0
nhờ có thầy mà nhiều học sinh chưa ra trường đã lấy vk,1
"27 tai ông thầy này bị cắt luôn rồi à, tôi ngồi coi video còn nghe rõ chán",0
thầy giáo dạy kì vậy,2
thầy giáo bây giờ nói như máy thần mất cho vo học cần nhà trường vào việc cho cắt ko được dai nữa.bo tiền triệu tiền trăm moi năm mà giờ như vậy thì như nào bien minh làm gì phải sử phat và làm gương thông cảm cho tụi mày rồi cok tụi tao thì sao,1
chắc ông này học hết lớp 1 cô giáo chết,1
thầy súc sinh,2
ko làm giáo viên dc thì nghỉ việc đi,2
đúng,0
ông thầy âm binh,0
mày là con cặc gì mà tinh tướng,0
dạ được dạ không được vậy thôi,1
đúng là quá đáng,0
"ít nhất cũng hỏi rõ : e đưa cam máy quay mưa thầy xem để xem nó có cà khịa ko ? nếu đúng thì nhắc nó chỉ giảng lại 1 lần nữa, hs trang bị tai phone hay tự khắc phục ...v.vv . sao lại đuổi thẳng cổ ?",0
như tôi nói với mẹ tôi rồi report ổng lùn và chuyển qua lớp khác,1
"cái cách cư xử, đối đáp của anh thầy là cách cư xử của bề trên,  ảnh hưởng của tư tưởng thầy là cha, chỉ phì hợp với tiểu học. ở đây môi trường đại học chỉ được gọi là giảng viên, tức là người trao đổi truyền đạt.",1
thầy vô duyên vậy ?,1
có ông thầy như này đuổi cổ sớm còn hơn coi mà nổ máu,0
ai muốn đuổi ông này ra khỏi trường dơ tay bấm like,1
nghe mà tức.thay này nên đuổi khỏi day,0
khác gì xúc phạm bản thân êu thầy,0
nói gì thì nói sinh viên này ngồi học gây ồn cho cả nhóm học nghe cũng khó chịu cơ còn lắm chuyện,0
ông thầy ít ác quá,0
ủa mưa to thì giảng lại mắc mớ gì đuổi thầy cak gì lạ v ?,0
gặp ông thầy này là em đấm ổng cho mấy phát rồi,0
phải nói là những lời nói của ông này với học trò của mình như là người mua bằng để dậy học  nên mới có những lời lẽ thiếu chuẩn mực của một nhà giáo chân chính . bgd vào cuộc ngay đi ạ,0
cho em hỏi tỉnh quảng ninh thuộc vùng đồng bằng sông hồng là đúng hay sai? cảm ơn anh chị đã duyệt câu trả lời!,1
ủa phải thầy ko vậy . giang hồ trường học . bộ giáo dục ơi đuổi ngay . chính ông nói học trò cũng ko nghe nữa mà,0
đến nay 1 năm rồi. thằng thấy thấy bị kỷ luật nó chưa zay,1
đấy mà là thầy giáo à!,0
vậy cũng làm thầy đc nể,1
thầy đến tháng nên thế,1
ông này nên bỏ việc đi là vừa,1
em bị đuổi học,1
quá vô trách nhiệm,0
mình tên hoàng nè,1
thầy quá kì,2
"mặc dù không mưa hay mưa thi học sinh ko hiểu thì thầy cô giáo phải giảng lại , lúc tui đi học thầy cô cũng phải giảng đi giảng lại nhiều lần .
ông này rất chi vô duyên lun í.làm thầy ,gì mà ko lương tâm vậy :((((",0
"tôi là tôi sẽ nói với ông thầy như này nè 
ờ cảm ơn thầy em đi học thầy lộc phù hồ đây",2
tin 3 phút mà thấy 4 phút 18s,1
thầy nghĩ luôn đi chứ mưa học online chi nữa,0
tôi sống 30 năm tôi chưa thấy trường hợp này,1
xe điện,1
xe mô tô,1
nhà trường kỉ luật thầy đi tròi oiiiii chứ t xem mà t tức quãi,0
chắc hồi đó thầy không có học gdcd hã thầy?,2
một người tri thức đầy đầu nhưng dell có 1 chút ý thức,1
chắc ông thầy đó có tri thức mà ổng ko có đạo đức á,0
"tự nhiên lôi hình thầy vũ khắc ngọc vào làm hình nền video làm gì, ngta mà không biết người ta tưởng thật lại ảnh hưởng đến uy tín của thầy",0
quá đáng,0
nghe mà muốn đập luôn cái điện thoại mấy anh em ơi chứ cái gì mà bắt người ta phải làm thất kia làm thế nọ không làm được thì đuổi người ta ra khỏi lớp chắc là tôi là tôi kiện luôn cái lớp đó rồi đó bật cái mình,0
ông càng đó mà thấy tức á bực bội quá đi mất người ta không nghe rõ thì dạng lại một lần chứ có sao đâu mà phải đuổi người ta ra khỏi lớp học online vậy trời cực,0
tôi theo phe của anh ấy chứ tôi không theo phe của thằng thầy đó đâu,0
thằng giáo này cần phải đào tạo lại giáo dục công dân và đạo đức,0
cho ong thay do nghi lam luon di,0
ông này xứng đáng bị out ra khỏi trường. ai ủng hộ không ạ,0
tôi đây mà  thấy thầy đó là đập thầy luôn,0
ác thật chứ,0
thầy người ta là nếu ko hiểu thì giảng lại còn ông thầy này thì thua,1
"vậy mà cũng làm thầy đc, tôi chịu.",1
"sao lai co loai thay nhu the.....that duc.,cho ông này mất dạy luôn",0
giờ mà láo nháo lên mạng phát cả thiên hạ biết còn bị thêm kỉ luật giờ ko phải muốn làm gì làm,0
mứt dậy,1
"thây ơi la thây,",1
"2:16 phải đầy đủ giác quan???  lz mẹ, thế t là ng bị khuyết tật là e0 đủ tư cách làm sinh viên để đi học à??? 
ông thầy này s r m.n",0
mong nhà trường đuổi việc ông gv này,1
rất khó chịu và muốn chỉ trích vs ông gv này,0
rất khó chịu và muốn chỉ trích ông thầy gv,0
lắng nội dung ông ta nói chuyện thì mọi người cũng hiểu ông ta không phải người tốt,1
"thầy nên giảng lại ,vì lí do bạn ấy chính đáng ,,thầy phải truyền đạt cho hs dù là hoàn cảnh nào chứ.",0
tri thức bắt cóc đạo đức a,1
thằng cha này lãnh lương đi dạy mà giống ông nội người ta quá. không biết bị đuổi chưa .,0
"trời mưa thì kệ người ta chứ mắc mớ thầy lại đi mời khỏi lớp , người ta không nghe thì phải giảng lại cho sinh viên nghe!
thầy đúng là có tài nhưng không có đức, chắc thầy cảm thấy thế nào?",0
ông thầy này kì cục và,1
tao ma con di hoc nhu ngay sua thi og thay nhap vien la co,0
ông này mà cũng đc dạy láo,0
ngồi  đó mà nói 1 tràng thì cũng mất nước bọt mà còn bị học sinh và cộng đồng mạng ghét giảng lại cho các con thì cũng thế.,0
thay dien duoi ra khoi truong  cho roi,1
"thầy saii, rất sai luôn á, nghe mà bức xúc",0
k có đạo đức,1
trôi quá nhanh vãi qua 1 năm rồi,0
lớp ông thầy giáo này mà có ng khuyết  tật thì sao,1
thầy này mà làm thế thì tui báo hiệu trưởng lun,0
mỗi lần thầy cô hỏi hỉu hôn để tôi giản lại ai mà dám nói hong hỉu hog hỉu một cái bị ăn chửi liền hỏi tại sao nảy giờ tui giản em ko nghe ko hỉu,1
nhiều khi cũng chả có tài ấy chứ... nhiều khi hs lấy lý do mưa chẳng qua muốn thầy giảng lại đi chứ nãy e nghe e vẫn chưa hiểu thầy nói gì ấy chứ,0
đuổi việc ông thầy này đi,1
vậy thì thầy nghỉ dạy luôn đi. tôi mà là hiệu trưởng thì sau khi xem clip này thì sẽ send 1 mail với nội dung  từ ngày mai a ko cần phải đi dạy và hãy đi học đạo đức nhà giáo lại đi nha,0
"ông thầy lỏ vãi 
gặp t là t chử thẳng mặc kệ ởi lại lớp hay k",1
làm thầy có tâm xíu đi thầy giáo,2
tức,1
những con người đúng là ko có đạo đức,0
"ko chấp nhận được thầy kiểu thế đây ,  gấy áp lực người ta",1
"có 1 sự thật k biết các bạn có biết không?
đa số giảng viên ở các trường đại học đều có mối quan hệ bà con với nhau. không là con thì cũng là cháu thì mới vô trong đó làm được.
chỉ rất ít giảng viên là người có năng lực thật sự. còn lại đa số là trèo từ từ thông qua con đường liên thông, và sự trợ giúp của anh chị chú bác trong quá trình gác thi.
nên chuyện giảng viên không có tâm là chuyện rất bình thường.",0
thời gian thầy lý sự thì thầy giảng lại có phải hay hơn k ? thầy này k được bình thường !!!,2
ông thầy này dạy làm j thứ vô duyên vô đạo đức đã mưa to thì giảng lại ik vô duyên vừa thôi chứ,0
"ha, thầy giáo gì kiểu này, dạy học sinh mà dùng lời lẽ của hàng tôm, hàng cá để nói với học trò như này thì ông này nên bị đuổi khỏi nghề giáo đê ! chứ để ông này dạy , thì học sinh sớm đi nhặt ve chai hết rồi. gặp tôi thì tôi thì tôi chửi ông này trên facebook hay zalo rồi ! hoặc là đến trường nói phong long giống như tát nước lạnh vào mặt ổng luôn á . ổng nói lại tôi đành đánh ổng vậy. ổng võ cao hơn tui hông????",0
em cũng tên nguyễn trường thịnh,1
nhưng mà tôi nghe 1 đoạn thì nên nhỏ nhẹ thôi sao nói thế được? với lại tôi nghe tiếng mưa và sấm sét khá to ( ý kiến riêng),1
con người ta đóng tiền vô học chứ không phải mà để giáo viên la,0
luc nao cung bao cat bot la sao. ??? co tai ma ko co đức sao dc lam th..  nhi,1
đuổi như thế thì nghỉ dậy đi,1
"nghĩ mình có tri thức thì thích đối xử với học sinh như thế à ? 
nhà trường trả tiền cho thầy là để thày dạy học sinh mà lại nói chuyện thiếu đạo đức thiệt chứ ghét",0
ông nầy bị đuổi là dua,0
thầy giáo này về làm vườn là vừa rồi,2
thầy giáo gì ko có tâm,2
thầy này thì chiu,2
y trang ôg thầy hóa lớp 9 t,1
thầy này ko học môn đạo đức lớp 1 rồi,1
coi chừng nha thầy bọn nó vô trường đập cho nhập viện đó,1
đi làm bảo vệ tường đi chứ làm thầy chi z chú bảo dệ,1
ông thầy quá sai luôn trời mưa to nói học sinh đàng hoàng rồi họ nghe,0
người thầy của năm,2
"phải đuổi ông thầy này, cắt bớt hay ko ko pít nhung 1 đoạn nv đã đủ hiểu thầy ko có đạo đức nghề nghiệp, hs ko nghe dõ hay ko hiểu bài mà ko giảng lai thì lm thầy giáo giảng viên làm gì đuổi việc",1
không cần biết clip ngắn dài như thế nào nhưng ông thầy ăn nói kiểu nầy thì phải đưa ra lời xin lổi chính thức đến lớp học là tối thiểu,0
khi sinh viên bị đuổi khỏi lớp và ông thầy được nhà trường lấy cặp sách và giáo án của ông thầy vứt ra trường và còn để lại thông báo là: vì thầy dọa sinh viên nên chúng tôi đã không cho anh dậy nữa. thầy giáo chính thức đi vào thất nghiệp.,2
"sv
mọi người : đó là ghi tắc của sinh viên
tui: súc vật",0
thầy zì kì vậy,2
đây ko phải thầy  thầy j mà hổn vậy,2
gặp ông thầy này thì thôi dell học nữa cho lành đuổi mẹ đi,0
"có gì đâu ông  toán lớp tui cx dzậy đóa, hs có bảo ph nhg mà bảo xong cx chả lm j đc á, tui còn bị đuổi 2 lần nên mấy buổi sau chỉ vào điểm danh đầu giờ, cuối giờ chứ ko thèm hok",0
troi mua con nguoi ta ok nghe ro cung kho chiu nua,1
làm như thế cũng làm cho sinh viên tập trung hơn nhưng hơi thô bạo và ích kỷ,1
cho mày ( thầy giáo đuổi học sinh ) vào tù luôn,2
ko lm đc thì cố mà lam chứ còn j nữa,0
"ông thầy như kiểu dạy để kiếm tiền chứ ko có uy tín để dạy học, ông này nên bị đuổi việc chứ ko thể tiếp tục như này dc. vai trò của giáo viên là đào tạo các học sinh để nên người chứ, đọc có ko nghe rõ muốn giảng lại mà đuổi khỏi lớp thế này thì chịu",0
sao th này lại làm gv đc nhỉ,1
nghe không được thì tự chịu,1
thầy đó cho khỏi làm thầy luôn đi,0
hảo ông thầy,2
có mà làm thầy thật là độc ác,0
"còn ngồi trên ghế nhà trường mà thầy đã tiêm nhiễm thói xấc xược,bố láo cho các em.thử hỏi sau này lên làm thầy các em ấy có bị thầy ảnh hưởng ko.luôn dạy phải tôn sư trọng đạo nhưng người dạy đ giữ đc đạo thì về nhà dạy con mình,đừng dạy con người khác kẻo làm hư tụi nó.",0
tôi mà thế báo cáo hiệu trưởng luôn cho đuổi việc luôn đỡ nói,0
thầy hiệu trưởng: gan nhỉ,1
hy vọng ông thầy này sớm về vườn,0
"trả tiền để ổng dạy chứ có phải ko công đâu mà làm như v, thôi nghỉ mẹ đi trả tiền dạy học không phải đi chơi, ăn tiền ng ta thì phải làm cho đàng hoàng ko có ai mà chi tiền cho giáo viên như v cả đâu",0
thời ấy lúc nào cũng nghe càng không cho học sinh học lại cơ,2
dù clip có bị cắt bớt những lời thầy nói cũng không thể chấp nhận được. ai cho thầy giáo có quyền mạt sát sinh viên,2
có học sinh mất dạy thì cũng có thầy giáo mất dạy. không đáng mặt làm thay đổi đi,1
bên người ta mưa to thì nhắc người lấy tai phone làm gì kick sinh viên ra cho ổng nghỉ việc luôn đi,1
rủ ổng lên bộ giáo dục đào tạo solo,0
"thầy gì đâu à
nghề giáo viên để giảng dạy cho học sinh mà vậy đó",2
thầy giáo nói chuyện nghe có duyên quá há !,0
thầy gì đâu vậy học sinh kiểu đó chắc đã nghỉ học từ đâu,0
thầy tự vả luôn lỗ tai thầy bị điếc nên kh nghe rõ r,0
thầy giáo chợ búa,2
tôi gặp ông này tôi đánh một phát không còn liêm sỉ,1
"tôi mà gặp ông này chắc phải chửi thề quá.học sinh thì nói thầy nói lại ạ,bên em mưa to không nghe rõ.thầy nhắc lại được không?thầy thì đuổi học ẻm.còn bạn kia nói thầy không nghe rõ thầy còn chửi.không công bằng",0
thấy giáo ko có đạo đức,1
ông thầy này vừa mới trốn trại ra,0
"không cần biết lí do là gì , khi sinh viên, học sinh yêu cầu giảng lại thì hỏi xem học trò mình ko hiểu chỗ nào, giảng lại chỗ đó, ko có tư cách làm thầy",2
thầy này phân biệt dữ vậy tàn tật không học dc à,1
tui ma lam hieu truong tui duoi viec ong thay luon khoi giai thich.  gieo nhan nao gap qua nay.,1
"may tương may dây đh ma gioi a, mây kiên thưc cu rich, như cai may lăp lai, gioi giang gi ma hach dich",1
"thây đuôi ôk thây, thây la cai đinh muc gi, mây cai kiên thưc vơ vân, ra ve.",1
chán-,1
mình  có  trí thức  những  cũng  them một  tí  lượng tâm  có đâu  ạ  mùa  dịch  ở  nhà  and  nhậu  nen lên  giờ  dạy  cao  có  như  người  mất  của  đây  mà,1
ông thầy  ca  chon  mua to nhà  nghèo  thì  làm  gì  có  tai phon  làm  gì  có  mái nhà cách  âm  ông  giàu  ông  ko bao giờ hiểu  được cái  khô  chạy  vai để  có  điều  kiện  học  online,1
có đức mà không có tri thức thì còn có thể thay đổi được chứ có tri thức mà không có đức thì vứt,0
"mưa thì có tai phone để chưng hay gì,hoặc xin nghỉ cũng được chứ ai bắt",1
"gì mà có đủ giác quan , rồi người ta bị khuyết tật ko đủ bộ phận rồi đuổi ra khỏi lớp à , coi mà tức , mọi người thấy đúng ko ạ",0
thầy giáo mà nói chuyện chẳng ra gì,0
"quá thiếu đạo đức, gặp mình là ko để yên đâu",0
có khi dẫn đến tâm thần vô phương cứu chữa của 1 học sinh,0
đi ngủ là bt có điềm r,0
"thầy kiểu này chắc dạy vì tiền lương,  cái gì cái nói chuyện phải tôn trọng học trò nó mới nể,",0
thầy j hắc ám,2
"thầy hơi tí là dỗi hà, trời mưa to quá tất nhiên là ko nghe thấy rồi, tội bn hs quá ik :((",0
thầy j mà ác vậy,0
cho dù chưa phản ánh hết nhưng tôi vẫn thấy ông ấy hơi quá . học sinh nhờ giảng lại mà quạo thế,0
thầy nối thế thôi chứ ko đuổi đâu cô tôi cũng bảo  đuổi mà cũng có đuổi đâu,0
ông thầy đấy phải đuổi việc,0
"trở  lại  ngôn  từ  của  giãng  viên  , truoc  đó  mot  bạn  noi  với  ô  ,mưa  to  nghe ko  rõ   ,ý  kiến  với  ô  giảng  lại  bài  ,sau  đo  ô  có  lời  noi  vô  hoc  ,ko  đao  đức     tách  s vien  ra  khoi  lop  hoc  t t .  ô  lại  tiep  noi  cả  lop  hoc  tự  gioi  thiệu  tên  và  noi   , có  tai  nghe ro  , có  mat  , miệng  bình  thường  . cuói  cùng  ô  phán  một  câu  ông  không  nghe  rõ  !trong  khi  ở  nơi  đó  không  có  mưa . vậy  tự  ông  cho  ông  không  phải  nguoi  binh  thuong   !   không  chấp  nhận  để  ông  giang  vien  nay  , đến  truong  , vì  toan  thê  phụ  huynh   khong  chi  trả  tiền    cho   mot  giang  viên   vô  đạo  đức  thiếu  trach  nhiệm  ,thì  sẻ  bị  ô  nay  nhồi  nhét  kien  thuc  lẫn  văn  hoá  tư  tưởng  giống  ô  ,dẫn  đến mẩm  móng  tương  lai  con  ,em   vn  bằng  con  số   0  !  ảnh  hưởng   nghiêm  trọng  đến  nhiều  thế  hệ   xh   dần  bị  suy  thoái  về   đạo đức !",0
đạo đức lớp 1,1
nếu đó là ông ta thì ông ta nghĩ j,1
đúng,0
ông thầy đáng ghét púa,0
ông thầy này chắc không có đạo đức rồi nghĩ sao trời mưa học sinh nghe hong rõ rồi kick học sinh luôn ms ghê ông thầy không có đạo đức,0
thầy dạy dại làm j ko nên đi dạy,0
có tri thức nhưng đạo đức thì bị chó tha r,1
thầy này học sinh xin phép lịch sự nghe lại thôi mà cũng đuổi học vô tâm tiệt,0
ông này lm đúng . hồi tui học còn gắt hơn,0
có ông thầy như này thể nào cả lớp chả ghét hết,0
cái ông thầy này ko biết còn phải là con người nữa ko,0
đúng là ông thay vo dung tôi nghĩ nên đuoi ong thay này ra khỏi trường đi,0
cho tháo giầy về vườn đuổi gà cho vợ đi,0
"nếu mà thầy ko nghe vậy học sinh
 lấy gì mà nghe đúng chị tin 3 phút",0
nghe phúc hát thấy ấm âp quá殺,1
hứ,1
cách hát của đức phúc luôn làm hài lòng tất cả mn.,1
whats thầy giáo mà kiểu này á,0
mét nhà trường,1
mình mà ở đó tự thoát luôn ! phản  ảnh lên cả trường luôn,0
thày cì,1
nghe rõ mà ông thầy vô duyên thế ổng ngồi trong lớp ngheko rỏ còn mik thì xem lại video mà nghe rỏ từng câu từng chữ mà mắt gì đuổi người ta,0
thay ma vay cho ve vuon gap,1
thầy cằng,2
ông thầy rất ko có đạo đức,1
có.ý.thức.ko,1
ko.dạy.được.thì.nghỉ,1
"ko
đạy.đưó",1
blvckvines đã làm video về vụ việc này,1
dổi việt luôn đi dạy làm gì cho mệt,0
đạo đức nghề nghiệp là không có!! nghỉ việc là vừa,0
hồi trước đi học dù nghịt những thầy cô vẫn nói chuyện nhẹ nhàng. chứ đâu như ông này,0
học tốn tiền mà còn bị sút phạm hì đeo cần học làm gì,1
làm thầy giáo kiểu gì vậy quá đáng vừa vừa thôi,0
"thầy thành dạy môn lý thuyết tín hiệu của trường sư phạm kỹ thuật đây mà, môn này học xong không hiểu gì hết.",1
hảo thầy,2
ông thầy này ác quá,0
"cái loại thầy giáo như này, hạnh hoe học sinh, cây mình là thầy giao , ko coi học sinh ra gì. mong bộ giáo dục, phải có hành vi ky luật nghiêm khắc , những thành phần giáo viên biến chất , để nên giáo dục vn , ngang tầm thế giới.",2
làm biến giảng dạy thì đừng chọn nghề sự phạm,1
thầy này cho nghỉ hưu đi là vừa,0
"cái này phải gọi là thằng thầy nè, có trình độ ko hẳn là có đạo đức",1
người có tri thức chưa chắc đã có ý thức,1
nên đuổi việc luôn thầy giáo này đi,0
sao ko chia sẻ link nhờ (,1
cho ông thầy này ra khỏi ngành...,0
nhắc lại có lm sao đâu,1
"trường kiểu:chúc mừng thầy,thầy đã quay vào ô mất việc",2
như vậy còn được nhưng lớp mình chỉ làm ồn và nghe không rõ một chút thì xác định hạ hạnh kiểm trừ bài kiểm tra giữa kì có khi cho cả lớp ở lại,1
"sao thầy ác thế
hs bảo giảng lại có sao đâu
mà lại đuổi",1
hảo thầy giáo mọi cảm súc của con người mà ông thầy thật sự rất vô lý,0
thầy gì mà láo thế giống dân sống đầu đường só chợ nc day,1
không có đạo đức,1
người ta ko nghe rõ thì người ta nói ko nghe rõ mà mắc gì đuổi,1
xac minh hay ko ..quan trong la hoc sinh ngoan noi chuyên lê phep ..ma bi kich ra la co thât..thây giao vây thi day ai đây..,1
thầy nóng tính và khắc khe quá ! còn dọa bốp cổ học sinh nữa chứ !,0
có tài nhưng không có đức ,1
thằn nay nó có học đạo đức đâu mà,0
hảo thầy,2
giáo viên nhân cách còn không ra gi. đòi dạy ai,0
thầy giáo gì mà ko có chút văn hoá!,2
thầy j ác thế như thế cả lớp rời khỏi lun đi dọa dọa,0
người k có trí thức.. thì lam sao có tư cách làm thầy,1
"sao không hỏi anh sinh viên kia có thật thế không đi cứ phải lằng nhằng thế cho nó ngắn gọn, cần gì phải đưa lên báo.",0
ông này chắc cho về nhà chăn trâu quá . người ta ko nghe rõ là thầy thì phải nhắc lại cho người ta để người ta còn học hành nữa .hết boeets ông thầy này luôn,0
ban noi dung toi day cung co ba chi dau hoc cao hieu rong nhung khong co dao duc,1
ông này có đạo đức  hay không vậy ! không có thì làm thầy giáo gì không biết nhỉ.,1
chia sẻ cho thầy đi,0
mưa to thì tay nghe vô không lấy tai nghe,1
dù clip có thiếu đi nữa thì với một giảng viên mở miệng nói  mắc mớ gì tui phải nói lại là thấy k đủ tư cách làm thầy,0
cho thầy về vườn mấy đúng,2
ông thầy đáng ghét,0
"giáo viên là truyền đạt lại kiến thức cho học sinh học sinh có thành tài là do công lao của thầy dạy dổ ,tục ngữ có câu ko thầy đố mày làm nên là ko sai",2
"theo mình thì gặp giáo viên dữ hoặc nghiêm khắc mọi người thì các em sẽ chăm ngoan và nghiêm túc hơn nhưng theo mình gặp giáo viên dữ trong đầu óc mình vô lớp chỉ có tâm lý sợ hãi và đối phó th ạ , theo mình gặp giáo viên hiền vẫn thích nhất ạ",2
thầy giáo như thế giận làm j chứ,0
học gdcd lúc nào cx giảng : phải có đạo đức. mà chắc j giáo viên đã có chx mà dạy cho học sinh,0
có thấy nào mà ác với con người ta vậy ko,0
"tôi mà có viên gạch là tui ko ngại ném vào đầu ông rồi đó 
có tài mà không có đức",0
"sao ko nói với cô hoạt thầy chủ nhiệm để cô hoạt thầy nói với thiệu trưởng sử lí, vậy cho dễ hơn ko",2
cho thay,0
thấy này về nhà làm.ruong đi ok,1
thầy như này thì chết dở rồi chắc học sinh ra trường chắc thất nghiệp hết0,0
khi thầy giáo tới tháng:,2
tin 3 phút mak 4 phút,1
thầy giáo đạo đức kém,2
ái chà chà,1
"vô đạo đức,vô nhân tính",1
"thì đăng full video buổi học đi, nói mồm thằng nào nói không đc  có uy tín dell đâu mà sợ mất",0
"đấy!! đâu chỉ có yangho online, thầy giáo online còn đỉnh hơn nhiều",2
"thây gi, công nhân, truyên đat thôi",1
"trường sư phạm là đào tạo ra giáo viên, giảng viên tương lai đấy hả, rồi sau ra 1 lũ như ông thầy kia à",2
"sinh viên đc gia đình bỏ tiền ra cho đi học, và giảng viên nhờ có sinh viên mà có việc  và có thu nhập...do vậy cũng có thể coi sinh viên chính là khách hàng",2
"đủ má nghe nói mà cay giùm học sinh, gặp tui là mời lên phường giải quyết",0
"nhà trường kiểu : rất xin lỗi bác phụ huynh, sao thầy làm thế
thầy kiểu: tôi làm gì đâu oan",1
tại sao là người nhà giáo mà ông thầy lại cục súc vậy nhể? : ,0
sao ko bật lại,1
thế là có thêm bảng kiểm điểm và rút kinh nghiệm khắc phục.hs mà có thái độ là đuổi học liền.,0
thằng này chắc hồi nó học bị thầy cô đuổi mắng nhiều quá nên nó làm nghề này để nó chả thù lại cái j đã mất,0
là mình nghỉ luôn,0
"một câu nói , đã đưa thấy thành xuống là thằng giáo",0
chị em học ổng là em chết,0
sao không bảo ko dạy thì ok biến,1
hồi đó mình học online trời mưa ko nghe rõ mình kêu thầy nhắc lại thầy rất dịu dàng và nhắc lại cho mình!,2
thầy sử lý tình huống ko có tính sư phạm thiếu tính gd học sinh,1
người thầy như này ko đc,2
"dạy học sinh nên người 
mà gặp thầy giáo thể loại này học sinh nào thành tài",0
coi tin 3 phút mà thấy con nhỏ nó nói không,0
giống thầy mình w,1
lớp xong r còn đc dạy thêm,1
đúng là người có tri thức chắc j có đạo đức.đuổi luôn việc đi,0
đấy mà là thầy,0
thay giao nay gap tao thi biet sai o dau ngay,1
mình làm thầy để dạy dell để chửi làm thầy mà tướng mình là văn võ triều đình có ăn có học nhưg khôg có đạo đức với nhân phẩm,2
đạo đức ở đâu? văn hoá ở đâu?,1
"ủa thầy giáo j kì z, z ông nghĩ làm luôn đi nv ai học vô nữa",0
vậy mà còn làm thày đc à,0
chỉ có những giảng viên như này mới có sv kế cận ghét học lại môn để kiếm lời à nên loại bỏ khỏi ngành nhà giáo .chả qua ah là giảng viên thôi chứ k phải ah ma sv có việc khi ra trường nhé,1
thầy giáo bị tâm thần ròi thông cảm đi,0
vậy đợi thầy nghỉ em mới nghỉ chớ,1
thầy này kh học được đạo đức này,1
"gì kỳ vậy trời? người ta không nghe thì thầy lại đuổi, còn thầy không nghe cũng đuổi người ta ra khỏi phòng học. đúng ra là ông thầy đó không nghe thì ông thầy đó cũng phải bị các thành viên trong lớp học đuổi ngược lại mới đúng.",0
đúng là thầy ko có đạo đức,0
tôi muốn thầy hiểu rõ lí do,1
cay thế nhờ...nghiến răng,1
hừ....tôi mà là bố hoàng tôi đến tận lớp học tôi đấm mù mắt luôn,0
tôi là tôi cho ăn vitamin đạo đứa luôn đấy,0
thấy láo vải,1
"phải tao , tao cho 1 trận",0
cho ông này nghỉ 1 tuần rồi tặng sách đạo đức đi ạ,0
khi thầy giáo tới tháng,2
đấm ô thầy này đi,1
hôm nay 4p r:,0
"ông thây khong nhiêt tinh trong công viêc, cho ong nghi hưu đi",0
đạo đức ảo,1
"thấy mất dạy, chả có người giáo viên nào như thế cả, k nghe rõ thì nhắc lại, thế thì chỉ có là thầy lười, k muốn giảng lại",0
loại người thầy như này là nhà trường sẽ đuổi dạy ngay,0
ko cs tai phone thì lmf s tại sao cs ng thầy kiểu đấy nhỉ,1
v học làm gì nữa,1
ông đó đúng là ko có đạo đức,0
"làm nghề nhà giáo kh có đạo đức cũng tốt nghiệp làm giáo viên đc,kh cho ông này về vườn lại nể sgd",1
người này ko có đạo đức,1
đạo đức giả,1
thầy gì mà ác thế,0
thầy cứ tưởng thế là ngầu,0
"ủa,thầy không nghe rõ thì thầy tăng tiếng máy của thầy lên,mắc mớ gì đuổi học sinh của thầy hả.",1
đuổi ông thầy này đi khỏi cần dạy nữa ý thức tồi,0
má thế còn đòi làm thầy giáo,0
sao nhà trường ko đuổi cái thầy đó đi nhờ,1
có tri thức nhưng k có đạo đức thì dù có giỏi đến mấy cg ko thành công,1
ông thày kho tính quá,0
gặp t t đập r á,1
ông này thăng thiên sớm,0
cảm ơn thầy nhìu aj,2
người này ko xứng đáng làm thầy. nên đi học lại đạo đức,1
ông thầy này ác ghê thế hông nhắc lại cho hs mà còn đuổi hs ghê thế,0
"thầy tôi là trùm trường,là đây chứ đâu",0
tui thề luôn gặp ôg thầy vô văn hoá này chắc xin nghỉ học luôn,1
"nói vậy thì ra thể thống gì vậy , mình nói vậy để thấy rằng thầy phải ra thầy , đạo đức chuẩn mức , dạy phải có tâm .",1
thầy ông nội à,0
chúng uhj,0
đi học đóng tiền. đúng ra bạn học sinh là người đuổi ông thầy thì đúng hơn. nhà đéo có tay nghe lấy gì đeo. còn máy tính cùi bắp lấy cam đâu ra,1
thầy giáo kiểu gì kich học sinh,2
"kể cả khi ngồi trên lớp, sv có đủ mắt mũi tai để nghe, nhưng sv chưa hiểu thì đạo đức nghề nghiệp của thầy cô, là có trách nhiệm giảng giải cho sv hiểu khi đc các e đề nghị. giọng về vườn là chuẩn lắm",0
tội nghiệp cho em sinh viên,0
có tài mà ko có đạo đức,0
"làm dọng dậy t lên trườg cạo đầu ô thầy chứ làm thói như z 
tứk á :",1
"ko bt yêu thương , thấu hiểu mà còn gay gắt kiểu này học lm j nữa",0
"làm thầy như thế này thì bị đuổi việc mốt khỏi dạy hs, đúng là thầy giáo ko bt giảng dạy.",0
trường đuổi dạy thầy đi,1
thầy dạy kiểu này tui mong đuổi omg này ik lun cx đc chứ dạy kiểu này là toan,0
ủa thầy nói mấy ông giáo dục nghe liền .còn học sinh lên tiếng chẳng ai nghe .có cảm thấy một ruột không vậy,0
ông thầy bị lãng tai mà,0
nghĩ đi mất đạo đức,1
đeo kiến giã dạn đó mà,0
"chắc hôm đấy thầy dạy nhiều nên mệt, dẫn đến căng thẳng, hoặc ko...",2
em học sinh hiếu học và ông thầy thiếu đạo đức,1
em chưa học ai như thây cả em  học thầy mưa to đang còn dạng lại nữa,1
tin 3 phút thành tin 4 phút mất tiêu r,1
thầy vãi vậy,1
thầy âm bjnh kg được bình thường,2
người thầy ác độc,1
"với tư cách là một giảng viên, tôi cho rằng người thầy thiếu kỹ năng sư phạm, thiếu kỹ năng năng giao tiếp. dù sinh viên có sai đến đâu cũng không sử dụng ngôn từ  như thế và quyết định như  thế.  dù không chấp nhận vẫn có thể nói theo cách khác.  hơn nửa,  chỉ bực  một sv lại đem câu chuyện ứng xử cho các sv còn lại. sai lại chồng  sai. các đồng nghiệp của tôi nên có cách nhìn mới xem người học như là một khách hàng. người dạy như vậy thì còn giáo dục được ai.",0
có tài mà ko có đức,0
ủa thầy j mà hung dữ vậynếu là tui chắc tức lắm thầy giáo như vậy là phải trừ điểm đạo đức,0
người mà người ta đã có tài thì chắc j người ta đã có tâm,0
kiên ông ta tôi ti nhuc sinh viên khi nat nô băt ho tư noi co đi tai măt mui...nôi dung không liên quan bai hoc,0
đê nghi nganh giao duc đuôi cô ông giao mât dây nay...,1
"ông thây nay quen băt nat hoc sinh, ra đơi nghiêp không quât mơi la!",0
xin infor ông thầy này để tôi cho bay cái,1
chắc nam sinh tức lắm,0
thầy như zay  nghỉ dạy đi,0
thây giao thao day,1
ko bt những người có rris thứ chắc j đã có đạo đức,1
thầy giáo mà như vậy thì dạy học sinh kiểu gì thầy giáo gì mà ko có đạo đức gì hết dạy học sinh làm cái gì .,0
ông thầy này mai mốt mua sách đạo đức lớp 1 học lại đi,1
đúng,0
ông này ngông vãi,0
phải mjk là chửi nhau rồi,0
"thầy gì kì,thầy có tri thức mà nói chuyện ko nghe lọt lỗ tai chút nào",1
ko bao giờ thi vào cái trường này nữa....,1
hảo thầy yêu mến,2
thay âm binh chương  khí,1
nói quá nhiều mà không nghe thì quạo đúng rồi nên theo tui nghĩ ông học sinh đúng,0
không thầy đố mày làm nên haizzz thầy này tính nóng như kem,0
thấy giáo gì đâu tính như con nít không bằng :,0
gặp trường này chắc tui cho ổng hot tóp tóp lun quá,0
đồ ông thầy đáng ghét . đề nghị hiệu trưởng đuổi việc cái ông thầy này .,0
cũng là cái  dây kinh nghiem. rồi rút hoài ko hết,0
thầy nói mỗi lần ko hiểu tui giảng lại cho còn thầy giáo này thì khác rất là mất dạy,0
"chỉ là lỡ thôi, giả dụ có người khiếm khuyết thì sao nhở, kiểu không giống người thì ra khỏi lớp ư??",1
thầy ác thế,1
thầy giáo bị khùng hả trời,0
nhu lop tui thi thay cuoi xong thay bao thay xin loi de thay giang lai thui,1
thầy giáo này làm ko đúng tẹo nào,2
mc nói phải rõ nhé không bị thầy đuổi đấy..,0
"thầy bắt nói, rùi bảo anh này tôi không nghe gì cho ra ngoài. khả năng tai thầy kém ...cho ra khỏi ngành đi",0
thầy giáo ko có trách nhiệm để dạy học sinh,2
hèn chi sinh viên thất nghiệp nhiều toàn là thầy cằng,0
ngành giáo dục biến chất rồi nếu kg kịp thời chấn chỉnh,0
ai nói đây là người coi,0
thay giao kh co dao duc,1
"tôi thấy thầy giáo bắt mọi người đọc tôi tên gì có đầy đủ miệng, tai giác quan đầy đủ như người bình thường là xúc phạm, nếu tôi đang học tôi sẽ xin nghỉ vì bị xúc phạm",1
có tri thức nhưng không có đạo đức thì thầy thiếc làm gì ?!,1
đó là lí do vì sao học sinh không bao giờ  hỏi thầy cô giảng lại bài,2
"cha mẹ ngưòi ta cho con đi học thì cũng phải tốn tiền , chứ mượn thầy dạy ko đâu .thầy cư xử còn thua dân nông chúng tôi.",0
"cái ô thầy bảo clip chx phản ánh đúng , nhưng nói như vậy là cx  không được rồi",0
thầy cô thì cứ nói không hiểu bài thì nói để  giảng lại nhé các em,2
"aicong5611  cô tôi toàn hỏi có ai thắc mắc o, lop k ns j",1
lớp mk nhiều mà thầy cô cx giảng lại kĩ lớm,1
đúng đó nhưng lớp tui hơi khác là có lần tui nói với thầy là chỗ này em ko hiểu thầy : à hiểu hết rồi à chuyển sang bài 3 nhé,0
phải hỏi chứ mình bỏ tiền ra mình học thì mình là sếp còn thầy cô là lính nhiệm vụ thầy cô là phải cung cấp kiến thức cho mình,0
"tại sao không record, thâu băng lại bài giảng, nhớ thông báo trước khi thâu tiếng nói. sau khi xong, send gởi the link đến group class. bên nước ngoài, mỗi khi có lớp trainning đều làm như vậy, ai trong room cũng sẽ thấy cảnh báo  record sign khi join the class",0
anh thầy này nhắm mắt tôi cũng biết là con trai hiệu trưởng.mn bớt căng thẳng lại đi,0
thay giáo này ở đâu cho mình địa chỉ giùm,0
cho ông này về hu cho rồi thầy gì đâu nói chuyện mất dạy quá có tri thức mà nói chuyện kiểu ngoài đường á,0
"thế thì lm thầy giáo lm ji nx nghỉ luôn đi
đk là ko biết xấu hổ",0
"nói thật gặp chỗ tui là ông thầy này đi làm răng lại rồi,kính là kính thầy giáo chứ,ko phải loại này",0
thầy giáo lạ quá,2
người không có đạo đức,1
ko thấy cái tâm của thầy giáo ở đâu cho nghỉ việc là vừa,2
khi mà bạn muốn làm côn đồ mà bố mẹ bắt lm giáo viên,0
ai muốn ông thầy này pay ghế thì ấn like nha,1
người ta đóng tiền để học mà đã học trực tuyến rồi thì thôi mà còn,0
thay giao ko co dao duc,1
27 đấy tahày nói ko nghe tại sao thầy ko nói hs nhắc lại mà hs nhắc lại lại đuổi ra khỏi lớp cơ chứ,0
đáng lý ra hs ko nghe rõ tại trời mưa quá to thì thầy phải nhắc lại cho hs chứ,0
thầy mà nói giọng này thì cái tư cách và đạo đức ko có rồi,0
gật đầu lịa lịa hỏi hiểu ko thì thưa ko,1
nên gọi là thầy hay thằ..ng đây?,1
"ông thầy này mà ở gần nhà tôi, tôi chửi cho mấy phát",0
đủi việc thui:,1
thấy giáo này chắc chanh thủ dạy để hết giờ đi tán gái hả gì mà tỏ thái độ ko ra gì như gì nè tèn .thầy này chắc đạo đức ko có quá à.các thầy cô nên rút kinh nghiệm đạo đức từ người thầy giáo này nha mọi người,2
"người ý thức nhất là đây r , hazz",1
học sinh không nghe thấy bị mưa to thay đổi ra khỏi lớp thầy không nghe thấy gì thì thầy cũng ra khỏi lớp,1
tin 3p mà đăng 4p?,0
cả thế bị cắt.nhưng nói thế là k dc.,0
trường nào để em né ạ,1
hảo thầy giáo,2
ơ ổng ns đúng phết mà ồn thì đeo tai nghe vào,0
thay nay bi khung roi,1
thầy giáo mất dạy quá nên tôi yêu cầu sở giáo dục và đào tạo tp hcm đuổi việc giảng viên đi,2
phải tui tui đuổi dạy luôn,0
ôg ý cũng có đủ đâu vì hs nói thế nhưng hơi lắp bắp nên cx bảo ko nghe thấy thì ôg ý cx ko đủ,1
haizz người trí thức một người thầy ko có đạo đức,1
đuổi việc ông thầy giáo này r bảo ổng tặng thêm quà cho sv này đi ạ,0
ông thầy này dô ziên quá :(,0
bởi có những cục phân như thế này hỏi sao nền giáo dục ko thối nát,1
nếu mà là người thầy có tâm và có đức thì học sinh không nghe rõ giảng lại 1 lần nữa có chết gì đâu mình có tâm mới đào tạo được học sinh giỏi,0
làm thầy chứ có làm ba mẹ đâu mà đuổi thế trời,0
ông này mà làm giáo viên được mới hay đấy,0
đúng thế,0
hên tui mai mắng ko cặp ông nầy,1
chả hiểu kiểu gì đọc thôi mà ổng k nghe thấy thì ông thật sự là điếc rồi thề đấy.đúng là một thầy giáokhốn nạn mà tức diên về ổng mất,0
nghe rõ tiếng mưa thế mà ông thầy bị tự kỷ à,0
"ông này mà thầy giáo cái gì có học thức mà cư xử thiếu văn minh thiếu tôn trọng và coi thường ng khác , bắt học sinh phải khẳng định mình có đủ các giác quan khác gì đang coi ng khác ko phải là con người",0
thầy có học nhưng không có đạo đức,1
còn ạ gì nữa,0
thày gì mà khốn nạn quá xem mà thấy tức thay cho sv,0
mời thầy về vườn,2
làm thầy giáo mà thiếu đạo đức,2
vô duyên à,1
thầy này gặp tôi chắc ổng bùn quê lắm :((( tui đâu có mún học đâu mà đuổi hay ko đuổi ::((,2
lớp mấy các bạn,2
gặp v chắc cho ổng khỏi làm giáo viên lun,0
cho xin ít riviu,1
bộ giáo dục đâu sa thải ông này đi,0
"sao thầy giáo vô lí vậy,hs không nghe rõ phải giảng lại sao lại đuổi hs ra ngoài đã thế lại có những từ thiếu đạo đức,ông thầy này đáng bị đình chỉ công tác",0
thầy kiểu j vậy,1
tui mà là hiệu trưởng thì tui đuổi việt ổng luôn rồi chứ thầy giáo gì kì vậy,0
thầy giáo thế này ko có tâm dạy mà kiểu thế thì dạy làm gì,0
có tài mà không có đức là người vô dụng.,0
thầy giáo vô duyên quá,2
vô đạo đức,1
thầy gì vậy,1
ong thay vo y thuc,1
day hoc cái kiểu đó học sinh có muốn hỏi thì cũng không có dám hỏi nữa làm ảnh hưởng tâm lý của học sinh không có được hiểu thì mới hỏi lại chứ hiểu rồi hỏi làm chi cho mệt la một người thầy giáo mình phải biết mấy điều đó nhé chứ cần thầy dạy học làm chi nữa không có xứng đáng là một người thầy dạy học đó nhé,0
ông thầy bày đặt biện hộ,0
ông thầy ngáo đá,1
sư phạm hay mô phạm vậy.loại giáo này nên cút khỏi nghành.,1
đuổi đi không nói nhiều giáo viên không đức ok,1
thay gi ma mat day qua,1
đeo tai phone có khi còn nhỏ hơn,1
người có tri thức chắc gì có đạo đức.,1
vậy cũng cho làm thầy,2
nói thật chứ không học online  học ở lớp cột thầy xin nhắc lại còn bị chửi.  .,0
giống tiếng thầy quang quá,2
thay can hoc sinh chu hoc sinh co can thay dau,1
kiểu tôi muốn solo riêng tẩn cho ông này 1 trận xem mà cay vãi,0
thay giáo vậy cho nghĩ đi.,1
ông thầy này ở nam thì may đấy nếu ở bắc mà gặp mink thích thể hiện quyền lực à tán phát bay màu luôn bây h bố láo bố toét,1
"đúng r , quákhốn nạn",0
đừng cắt ghép nữa. tôi tin có gì đó mới khiến thầy bực tức đến mất kiểm soát như vậy.,1
nên à hãy đưa ông thầy đó xuống học lớp 1 một đạo đức nha mọi người,1
xúc phạm học sinh như thế là tui ko đồng ý đâu . với lại nếu như tui là thầy hiệu trưởng trường đó là tui đuổi thẳng cổ vè rồi,0
"có ăn có học, mà không có đức, coi như bỏ",1
người có ăn học mà không có đạo đức vậy thì có ít gì cho xã hội này,1
nếu mik là học sinh trong lớp đó thì mik sẽ tắt can mic và ra khỏi phòng luôn,1
người đứng đầu tri thức  mà lại có lời lẽ như vậy buồn thật làm thầy chi nữa  nhà trường chỉ bao che bảo vệ uy tín thôi cha mẹ vất vả lo cơm áo gạo tiền mà giáo dục lại tồn tại một số người không có đạo đức nhân cách nhà giáo,0
"ông thầy này nói mồm điêu ít thôi,chỗ người ta mưa to không nghe gì là đúng rồi,còn người ta bật mic lên nói em có mắt tai mũi miện như người bình thườngxong là ổng nói tôi không nghe gì đi ra khỏi lớp,mà có cái chuyện siêu nhỏ ấy thôi mà cũng đuổi ra khỏi lớp,quá khốn nạn mic lên chửi luôn chứ ngồi im đó mà nghe mấy câu mồm điêu rác rưởi từ ổng làm gì",0
ông thầy nghỉ dạy đi là vừa,0
100000h,1
giáo viên thế này chỉ có đuổi đi,1
ông thầy gì mất dạy vậy,0
thầy ác qué,1
có tài mà ko có đức thì bỏ,1
cho xin nick ông thầy,1
thầy này nên dơi khỏi trường nhường chỗ cho giáo viên khác có tâm hơn..,1
ông thây nay qua ki,1
thay gi khong co oc!!,1
kiểu này chắc ông thầy bị nghỉ việc lun,0
giáo viên tệ bạc ,2
học nhiều quá lú hết,0
rại kiể gi,1
tui mà có trong phòng học đó chắc ghi âm lại đưa lên ban giám hiệu nhà trường r,1
"nghe ko ro thi hoc lam gi, nhăc mai cung không nghe đươc",1
thời buổi khó khăn .    các thầy cô mát lòng cho,2
tự nhiên chửi người ta đó là do mưa chứ đâu phải là do người ta người gì đâu vô duyên,0
ông thầy này dô duyên quá,0
thật nhà mái tôn ý mưa to nhiều khi đeo tai nghe cũng ko nghe j thật.,0
day gọi la thay giao day u cha me hoc sinh cung phai tra tiền de con e minh di hoc chu ko phai hoc nho dau nhe,1
"ông thầy đó học toán giỏi nhưng quên học đạo đức , bn tui bữa hởm cũng ko nghe rõ thầy tui giảng lại chứ làm j mà căng dữ vậy",0
bị ngaolon r hả,1
ổng củng ko nghe rõ,1
hời ví dụ người học sình nghỉ học thì  thầy hông có lương đâu,1
tin 3 phút,1
"thây bi sao vây, đi dây hoc sinh ma yêu câu nay no r đuôi khoi lơp la sao, tưk a . câu hoc sinh nha bi mưa to no bao giang lai thi phai giang chư, ông co phai thây giao ko ha. du ko phai câu sinh viên đo nhưng t nghe t tưk a",1
ông thầy j mà md v tr ...nghe mà ức chế á sa thải mịa đi,0
thầy giáo này quá lừa dạy,2
mât trí à trơi,1
thầy   thế tui mà bị thế là tui học trường khác lun á chứ ở đây học ol khó chịu  ,0
hay ghê á chị ơi,0
chỉ nghĩ cho tài năng mà ko có đạo đức,0
thầy giáo vô lý như này là gần bị đuổi việc rồi đó,0
khầy có tâm,1
thầy gì mà ác quá vậy cậu học sinh chỉ sinh giảng lại thôi tui mà là hiệu trưởng tui sẽ trừ lưng đó làm còn nhẹ đó,0
ông này cần học lại giáo dục công dân,0
ơ kìa thấy giáo kiểu gì á chắc đuổi việc,1
"thầy hơi cổ hũ quá, thầy nên suy nghĩ lại và xin lỗi học sinh này. mn nói thầy từ chức thì vô lí quá, biết học để làm gv khó thế nào ko, ai chả có sai lầm, họ sửa là tốt rồi",2
ông thầy không đạo đức,0
haizzzz đúng là hết cả lời với ông thầy,0
theo tôi thấy thì ô này là cả vẫn đề từ trong nhân cách rồi ko thì tâm lý cũng ko ra hồn thì giữ lm gì hc online chứ lên trường biết lão lm gì đánh hs ak hay lôi cả tổ tông hc sinh lên chửi hay bắt nói là mk dell phải là 1 người ko bình thường,1
biết khó nhọc thì phải biết giữ cái loại dựa vào danh giáo viên thích làm gì thì làm thì ko thể chấp nhận dc phải đuổi,1
khon nan,1
"giáo viên này vô học quá ....các em tự học theo sách ,hoặc yêu cầu nhà trường  thay giáo viên .
rất may không có con cái học gã ,vì hỗn hào kiểu này, làm hư các cháu .
quả thật , vẫn làm giáo viên nữa , dễ bị ăn đòn quá .biết là sai đó , nhưng nhà trường không dạy được, thì để phụ huynh dạy:  cho bõ tức .",2
cho ông này lên bản điểm số đi anh em,1
noi gi kỳ vay troi,1
nghe thầy đuoi hoc tro that là buon,1
ai cho ông thầy này dạy học vậy,0
đầy đủ,1
thầy này chắc không được bố mẹ giáovducj,0
tao lạy giờ môi trường nào cũng có dạng người này nhỉ ?! thích đàn áp tinh thần người khác kiểu như mình là vua một cỏi nhỉ ?! bắt tao nói họ tên và nói mình có đầy đủ giác quan như người bình thường thì xin lổi đó là sự sỉ nhục .thà thất học còn hơn có học mà như thế. ở nhà chắc vợ con ông giảng viên này khổ với ổng lắm . cho ông giảng viên này đi làm cai ngục hợp hơn à,0
thời này ai cũng có camera chạy bằng nồi cơm :,1
đuổi việc ông thầy này đi,1
"em tên là (giấu tên) em có đầy đủ giác quan và có não và có đạo đức , cho em hỏi là thầy có não và đạo đức ko :m ?",1
"thầy ới,  bớt mất dạy nha thầy",2
nhắc sinh viên kiểu đó cho nghĩ là vừa. thầy giáo mà ăn nói kiểu đó. lở sv nào k hiểu hỏi lại chắc cũng bị đuổi. thầy giáo kiểu k có tâm k muốn dạy. bắt sinh viên mở wc lên con nói mấy câu kiểu đó là thấy quá đáng. thấy ông thầy đang sĩ nhục sinh viên của ổng. ổng làm ổng như ông trời,0
"cái này cũng chả đáng j để phải cảnh cáo. thầy này chỉ muốn tránh né, xin lỗi 1 câu có chết đâu",0
anh thợ dạy,0
hảo thầy,2
đúng là có tài nhưng ko có đức vứt đi,0
"ông thầy kiểu gì vậy,sv đã bảo là mưa to ko nghe rõ ,mà đầu video đã nghe thấy tiếng mưa rất to rồi mà ông thầy vẫn đuổi ra khỏi lớp,ko đáng làm thầy!!",0
thầy ác quá,2
cô tui mà có học sinh như vậy là mừng kắm rồi ham học,1
"năm lớp 2 mik học ở lớp , sai có 1 từ . thế mà cô cầm cái thước gỗ dày tầm 4cm đánh vào mông mik đến nỗi tím . sau đó mẹ mik bt , mẹ mik nói chuyện vs cô  cô ko cẩn thận thì tôi cho về đuổi gà đấy  sau đó mẹ mik đi về . đến nay mik 14 tuổi mà mik vẫn nhớ",1
28 pha này ông thầy điếc thật r,0
28 cười ỉa đoạn này ông thầy,1
đặt địa vị ba mẹ vào nghe thầy giảng thì t nghĩ sẽ có 1 buổi gặp mặt trực tiếp cùng ban giám hiệu nhà trường chứ không phải qua webcam nữa,1
tui ko biết ông thày này đạo đức ở đâu mà ưng đuổi là đuổi . tui mà gặp ổng là tui cho ổng lên thiên đàng chúc thẩn kinh cho vừa lòng,0
"ơ, cô tôi đây còn mong các em hỏi bài thoải mái, trời mưa người ta ko nghe rõ thì hỏi thôi chứ bảo ông trời ông đừng làm cho trời mưa nữa à cho cháu học à",1
thầy này nghỉ đi,1
"ông thầy chủ nhiệm của anh hai tui cx có cái dụ tên gì r đủ mắt mũi miệng. r anh hai mạnglag vô trễ cái ổng call mẹ, đag thi chx lm bài tập ổng gửi đc cái call mẹ! ulatr!!!",0
hảo hán ;0,1
cho thang nay nghi viec di,0
kai loai thay nay phai cho vien gach vao mom,1
thầy gì mà như thế với học sinh đúng là vô tri thức,0
tao mà thế thì ......,0
có trì thức nhưng ko có đạo đức,1
thầy đó nói sai r :((,0
179 sinh nhật tui luôn ó,0
cho ra khỏi nghành chứ để chi?,0
híc mới bị cắm sừng đây mà,0
ông này không có con học onlai thì phải tri thức thì có thừa đạo đức quá hẹp hòi,1
đến lúc học trực tiếp t đấm cho ko trượt phát nào vớ vẩn,2
thầy giáo quá đáng hết sức nếu mà ví dụ sv có hoàn cảnh khó khăn thì thầy phải biết cảm thông chứ,0
sướng thế còn gì :-),0
cho nghi viec la vua,0
gặp trường tui là đuổi việc rồi,1
ông thầy độc ác,1
ông thầy  này thái độ vậy tr?,1
có lẽ thầy làm sai nhưng sinh viên suốt ngày nói câu thầy giảng lại thì thầy tức chưa kể còn là bài khó không nghe ông đuổi,2
thằng này mà là thày à.,0
t cũng khuyến khích các em có gì chưa rõ cứ nói. như thế thì việc học mới đạt kết quả. chứ không hết giờ mà không ai hiểu thì giờ học đó thu đc lợi ích gì?,0
"ngành nghề gì cũng có người thế này thế kia, chả giêng gì cái nghề cao cả. ko nói đến ông trong video",0
thằng này ko phải thầy giáo đâu nha mọi người .,2
kím cháu cây phóng lợn oi ( thêm 1 lần nói chs đừng nghĩ là thiệc ),1
rớt liêm sỉ à,1
ác quá đi,0
đây là thầy giáo ak,2
bảo sao giờ ra đường toàn học sinh - sinh viên ngồi nói chuyện như bọn giang hồ du côn.,1
tui mà là hiệu trưởng tui đưa ổng đi bán muối,0
vãi  cả  thầy  làm  thầy  cũng  hay  á,2
ủa trả tiền học thì giảng lại có sao đâu lại chửi sinh viên ông thầy mất nết,1
giáo sy thức như hột me,1
đúng kiểu có tri nhưng không có đạo,0
vô duyên,1
"sv ko nghe, thầy đuổi sv. thầy ko nghe, thầy vẫn đuổi sv.",2
nghe ức thật sự,0
xuống đi ông nội ơi cho mấy người ở phía sau có đạo đức có tâm có tài lên thay thế.phia sau còn nhiều người lam,0
đây là khi thầy thất tình  cọc sang học trò,0
thay không,0
"thầy kiểu gì thế , chưa dạy ai hay là ko thích dạy",0
ông thầy này đáng bị đuỏi việc chứ ở đó đuổi học sinh,0
"cái này cx gặp,nhà còn ồn nữa,phóng volume điếc tai",1
tôi mà ở ha là ổng tới số,0
"má, dù mình nhỏ tuổi hơn ổng nhưng vẫn muốn nói ổng là thứ mất dạy",0
"nhìn muốn chửi cho ôg thầy mấy phát
ko hiểu nỗi khổ của sv",0
"ai có địa chỉ mặt bạn thầy đó không ạ , hoặc cho e số đt e hỏi thăm",0
vô lí,1
gặp tao éo học,1
thấy này mất sách rùi,1
học ko quan trọng,1
"người thầy không có đạo đức , nói lăng không có ý nghĩa",1
người ta biết mình là người bình thường rồi còn nhắc lại làm gì,1
ong thay nay khong co i thuc va dao duc ti nao,1
ông thầy này mà gặp đúng học sinh cá biệt thì chỉ có xác định,0
như vậy là không được,0
cấm ko cho ông đó dạy luôn đi,0
ông thầy này làm giang hồ luôn đi chứ làm giáo viên gì nữa,0
ông thầy vô duyên với không có đạo đức,0
người thầy này kì kục quá,2
cho ông nghỉ luôn giờ,0
xem mà tui cay ông thầy,0
tao mà thầy hiệu trưởng chắc tao đuổi nó rồi đó,0
ủa ảo thật,0
ko ngờ cũng có nhiều những giáo viên quá đáng đến như vậy,2
đô không co đao đưc thây gi đâu  ma không co đao đưc không co ai la muôn hoc đâu,0
cho dù có cắt ngắn hay ko cắt mà dm mà thầy giáo mà m nói chuyện như thế m nghe có lọt lỗ tai ko,0
cái này gặp trường tui là cho về vườn rồi,0
thu 2 nink sao học môn khác,1
ông  này mất nết lắm nè,0
có tài mà không có đức là đồ bỏ đi.,0
có tài mà ko có đức,0
vậy học sinh hay sinh viên nào dám hỏi giáo viên giảng lại,2
người thầy vô tâm,2
ghẽ,1
mốt nó mời phụ huynh mới biết mẹ nó hiệu trưởng ba nó giám đốc sở giáo dục mới hay,0
thay toi dau co mua to thi cho nghi hoc lop,1
ông thầy này cần uống vitamins đạo đức mới ổn,1
đang quạo bắt dạy học,1
"làm nhà giáo có tri thức nhưng đíu có đạo đức, về vườn sớm",1
trường hợp này cho về quê chăn bò đc rùi dạy học mà bố láo thế làm thầy giáo chi cho mag tiếng,1
ông đó ko có đạo đức,0
"e tôi cũng là thầy nhưng phải giữ đạo đức, vậy mà có nhiều người khen là ô giáo, tui bảo đừng tự mãn nhé chú. còn tuỳ người nữa mà, đc cái biết nghe lời tui.",0
"đạo đức ngành y, ngành giáo dục xuống cấp trầm trọng",0
thôi đừng chửi,1
tui thấy ông đó bị đuổi việc chứ không phải anh kia bị đuổi khỏi lớp,0
vô đạo đức,1
"vãi nồi ,người có tri thức chắc gì có đạo đức  tui mà học được cái ông này chắc tui nghỉ học luôn quá",0
có tri thứ mà ko có đạo đức thì lên mấy em lớp 1 mà hc chúng đi,1
có thể là ông thầy giáo quên rồi nên k chịu,0
thay ca chon cho di chan bo di thay ghet,0
nghe giống giọng as,1
thì giảng lại có sao đâu,1
"nghe mà bức xúc
cho thầy này về vườn ngay và luôn",0
thầy này không dạy được thì nghỉ nghề đi,0
"ây , có tui trong lớp kìa , đoạn sau là quay á . chứ ko phải thật đâu nhem",0
ông thầy giáo khùng,0
thay giao nay ra duong khong bi chung danh thi tiec qua. thay giao thieu dao duc,1
thay giao ca chon vay?   thay giao trinh do hoc thuc ma ăn noi qua te,1
nhà trường phải đuổi việc thấy luôn tại vì đuổi học sinh ra mà ko phải nhẹ đâu phạt vậy còn nhẹ,1
người có kiến thức chắc gì đã có đạo đức,1
27 thế là thầy không có tai như người bình thường rồi,0
thầy tui mà như vậy thì thà ko học còn hơn,2
thầy vậy khỏi dạy luôn đi,1
thầy giáo nói thế là đúng rồi cái cái cực cúc,0
tên thầy ác quá,2
người học có đạo đức nghề nghiệp đây. tốt nhất loại thầy này trả về khỏi phải dạy đi,1
là sao ông thầy này bị sử ntn rồi mk thằng hs kia có bị đì hay k,1
thầy như vậy thì đừng cho ổng dạy nữa..thầy gì nc bố láo..phụ huynh phải kiện ông thầy này.,0
ông thầy này khó tính quá hs ko nghe dc thì giảng lại có sao đâu mà la,0
thầy giáo kiểu đó nghỉ dạy đi là vừa giảng kiến thức cho học sinh cũng không được,0
thầy mất trí thức,1
trò rất lịch sự nhờ thầy nhắc lại .dù thế nào tui cũng ko chấp nhận những lời thầy nói,0
thầy giáo pua đáng puá,2
muốn là người lịch sự thì phải đi cùng đạo đức với chí thức mà đi chí thức không là không có đạo đức còn có đạo đức mà không đi cùng chí thức cũng như bỏ .,0
tin 3 phút mà có 4 phút??????,1
nên tống cổ thằng này thôi mất dậy quá chừng đi thầy kỳ quá,0
nghỉ việc đi làm xấu mặt giáo viên việt nam ghê,0
gê ông này phải báo công an,1
thầy giáo mà ko có đạo đức thì bỏ đi,2
làm thầy cái kiểu gì ý,0
về nhà đi cho rồi khỏi phải dạy mắt công luyen lũy cái tính sáu mất đạo đức như ông về nhà làm vườn đi cho rồi,0
em bing thuong nhung thay khong binh thuong,1
thầy j ko có đạo đức,2
"uk, còn cái kiểu thầy giáo như  thầy á thì nhà trường đuổi là vừa",1
có tri thức mà ko có đạo đức thì cũng như ko,1
lại một ông có bằng đh đông đô.,0
ông thầy mất dậy,1
thầy giáo không có tâm thì dạy làm gì?,2
ủa thầy giảng lại để hiểu đell đc ak,1
loại này mang danh thầy giáo,1
"loại này mang danh thầy giáo, nhưng khong có tâm , thì tốt nhất nhà trường và bộ giáo dục nên đuổi việc loại người này, làm thầy mà không có tâm thì làm sao dạy học sinh đến nơi đến chốn , chỉ biết có mặt để đến tháng lãnh lương",1
đuổi việc r tặng sách đạo đức từ lớp 1 tới lớp 12 cho ngoan hơn chứ ổng mất dạy quá,0
cái thằng thầy giáo đó mất đạo đức,1
vậy ko học rồi nói vậy đi ngủ cho lẹ rồi cũng chửi :,0
dạy mà ko mang theo cái đạo đức rồi làm gì được ? làm thầy mà thiếu đạo đức .,0
thầy gì đâu mà vô duyên,0
thầy giáo thiếu đạo đức,2
thầy giáo gì đâu mà đuổi học sinh ra khỏi lớp một cách vô lý như vậy,1
thầy giáo ko có đạo đức,2
đạo đức ở đâu thế thầy ơi,1
người không có ý thức à,1
thầy vô duyên vậy cô lớp e vậy là sẽ đồng ý liền luôn,1
lỡ người ta ko có tai phone thì sao. làm thầy phải ra dáng thầy chứ mà nói kiểu vậy thì làm thầy để làm j. làm thầy mà ko có văn hóa.,0
thầy này cho đuổi ra đi,0
con tôi học onl mà nhiều ngày mưa quá tôi phải cắm tai phone mà còn k nghe được giáo viên phải giảng đi giảng lại rồi còn hỏi các cháu có nghe rõ k có hiểu k k hiểu thì nói để cô giảng lại chứ gặp thầy như vậy chắc lớp học chẳng còn ai,0
thay giao co hoc thuc ma noi chuyen nhu nguoi k co hoc z troi,1
kì vậy mưa to thì dạy lại có sao đâu,1
đúng rồi bạn.,0
đáng lẽ là cấm không bao giờ được đi dạy,0
đuổi khỏi ngành.,1
hên gặp học sinh hiền đấy gặp đứa khác chửi rồi,1
cái ông thầy như thế này ai mà dám học,0
thầy sao gì mà kì vậy,1
ủa lỡ ngta ko còn tai phone thì sao mà kêu mưa to thì đeo tai phone vô,1
thay giao ma cu xu the nay sao? an noi giong xa hoi den qua.,1
"để t ca này ah kia có coi vd này, thì cho link vô phòng học để tao chửi cho ns biết, thấy giáo mà t tưởng ông nội ngt k",0
"mình mà có ở đó là thật mình báo lên nhà trường đuổi việc thầy giáo ngược lại í chứ? các bạn ko do thời tiết ko ổn nên ko nghe, tại sao lại đuổi các bạn í ra khỏi lớp",0
nhà trường ko phải là con đường duy nhất hoàn thiện nhân cách của một con người. giáo viên chỉ dạy theo cách chạy thành tích.,0
thầy cô trường tui chỉ cần nói ko nghe rõ hay lúc nãy em có việc là thầy cô tự động giảng kĩ lại,2
"thầy gì mà ngang ngược,kì quá",0
"có đi dạy thì mới hiểu sao mà thầy lại như thế! sinh viên giờ khôn lắm,ko nhất thiểt nó troll thầy thì giọng phải điểu, nhiều khi rất lễ phép! rồi học online thì hs lười học, khi hỏi thì đang ngủ hay làm việc riêng, hỏi tới thì đỗ thừa mưa bão,... nói thiệt mưa thì đeo tai phone vô thì làm sao mà không nghe, vì việc chuẩn bị thiết bị học là bắt buộc rồi. nhiều khi gặp sinh viên lý do lý trấu riết ai mà ko nóng! chưa kể clip chưa đầy đủ thì ko hiểu hết bối cảnh được! thầy dạy sư phạm phải khó vậy thì các ông thầy bà cô khi ra trường sau này mới có tính kỷ luật và trung thực được! dễ dãi quá nữa ra dạy ai đây!",0
người gì đâu mà king vậy,0
học bị đuổi hử???,0
gì dọ,0
người có tri thức chắc gì có dạo,1
thầy j mà ko bt đạo đức v,0
thầy này là bó tay,0
cho ông này ra đảo luôn,0
nhìn thầy giáo mà chửi học sinh ra khỏi lớp như vậy ớ thì nghỉ rằng thầy mới chính là cái người mà đi ra khỏi lớp ớ,1
đúng là không cóđđ,0
thầy giáo như vậy mà có hs ngoan mới lạ,0
thầy này gặp t t cho đôi vả rồi mới nc,0
"thầy gì,công nhận ác thật sự :(((",1
học online mưa to vậy thì ai mà nghe được thầy giáo vô trách nhiệm quá,0
"thầy dạy kiểu đó thì c
về quê chăn vịt đi  còn ko lấy cái quần của ngta mà đội cho đỡ nhục ạ",1
"ông thầy vô trách nhiệm , học sinh ko nghe rõ rồi mà còn ko giảng lại nữa .  làm thầy mà như này là tôi thà bỏ học còn hơn học một ông thầy vô trách nhiệm  .",0
thầy có tâm,2
về vườn đi. nhớ tiền phụ huynh nộp đủ đó nghe,1
mat mo gi duoi hoc,1
1 cái tai phone rẻ nhất cũng 200k 1 cái.,1
thay gi ma laos chos,1
thầy z kì vậy,2
má dậy mà chửi nghỉ dậy đi má nó,0
giáo viên chưa chắc gì mà có đạo đức,0
rõ ràng rồi gì mà cần điều tra cắt ghép,0
người thầy này nói với học sinh kì quá nếu học sinh ko nghe rõ thì thầy cô giáo phải giảng lại ạ,2
vậy là người câm người điếc không được đi học rồi.,0
nếu chỉ có mỗi cái học giỏi mà ko có đạo đức thì vứt đi còn người mà có đạo đức mà ko có tri thức thì cũng chả làm được việc gì ai đồng ý nào,1
ơ hay thầy giáo j mà khó tính vậy,2
người có tri thức mà ko có đạo đức ko có cả  lương tâm bỏ đi cả lý trí,1
gặp loại ng này là đuổi ra khỏi trường luôn chứ đừng nói là ra khỏi lớp,1
"đúng là có tài mà ko có đức, thật là một sự xúc phạm",0
gặp mình là ông thầy đó bị chửi dỡ lắm,0
chưa bao giờ gặp người thầy nào như v,2
gặp o thầy không có đạo đức,1
"thầy giáo ko có đạo đức j hết , người vô ý thức . thế cũng làm đc thầy giáo tôi mới lạy",1
trời ơi nghỉ đại đi bày đặt nói như vậy nữa!,1
đúng rồi đó!,0
giọng chị cute quá,0
"thầy vậy khỏi làm thầy đi,đang học đuổi người ta",1
thây giao phai thiêu đao đưc,1
có tri thức nhưng không có đạo đức thì ko nên làm giáo viên,1
thầy mà không có tri thức không có đạo đức thì đáng gì là thầy nữa,0
thầy vậy thì dạy làm gì,1
thầy gì kì vậy tự nhiên nghe ko rõ mà bị đuổi,0
má nó,0
"ơ kìaaaaaa ông thầy kì vậy ? nhà trường lên tiếng là đúng rồi đấy , không xứng đáng làm thầy :(",0
ông này không có tư cách để đi dạy ng khác,0
mai tôi mách công ty ha,1
thầy giáo dạy cái gì vậy hả,1
thầy giáo dì kì em giận quá chân à,2
ông thầy giáo này phải cho nghỉ việc mới biết,0
ông thầy giáo này k được,2
có thầy như vậy thì khỏi học chuyển trường đi thầy gì mà ko có đạo đức học sinh đã giải thích rồi mà còn kick ko hiểu ông thầy này luôn,1
ôi thật nực cười cho thấy giáo,2
ông thầy này mắc cười ghê,0
thầy j mà vô duyên thấy sợ,0
lam nha gjao ma noj chuyên voj sjnh vjên nhu zây .,1
tiên học lễ hậu học văn cho ông học lại,1
thầy cô em em nhờ nhắc lại là nhắc liền có hôm em nghe không rõ mà không kiêu cô nhắc là bị là rồi,0
"này nha, ông mà đừng dùng bạo lực với sv đó nổ địa chỉ tao đấm ko trượt phát nào đó,tôi đang nổi điên lên đó nha ,đừng có chọc tức tôi nha,",1
ông thầy láo thế,0
thay giao ma lam vay mai sau sv nhu the nao thay giao that su khon nan,1
ở nhà chắc vợ con nó cũng bị nó tra tấn suốt ngày thoi,0
ở nhà chắc vợ con nó cũng bị nó tra tấn suốt ngày thoi,0
"mk cx đã gặp trường hợp như này,hôm đó trời mưa,wifi nhà mk bị yếu,gvcn gọi mk,nhưng máy mk bị lag,ko thể mở mk mic đc,gv kick mk ra luôn,mk đã xin vào lớp rất nhiều lần,gv ko cho mk vào,gv yêu cầu mk nộp bài hôm đó,và mk cx đã giải thik là hôm đó gv ko cho mk vào nên mk ko bt chép j vào vở,gv gọi bame mk,bame mk cx rất bức xúc và đã làm đơn nộp lên nhà trường,nhà trường ko thèm quan tâm",1
thằng thầy đó là ai,0
làm thầy nhưng ko làm gương cho các em học sinh,2
tức nhất cái câu  mắc mớ j tôi phải giảng lại cho anh ...,0
"ai đã từng là thầy cô của thằng thầy này chắk đau lòng lắm , vì đã dạy 1 trò k đủ đạo đức nghề nghiệp .",0
chắc thầy đang gặp chuyện bùn ạ,2
quá đáng!!!,0
ủa gì kì zạy ngta ko nghe giảng lại chứ mắc mớ gì đủi r ngoài,0
u là trời,0
ui xời coi chứ nó bùm cho bầm mặt,0
thầy này không có đạo đức gì cả.. nếu thầy có tâm không bao giờ có những lời nói như vậy,1
thầy về chăn heo đi thầy ơi,2
ủa lỡ g người ta không tai phone thì sao,1
người có tri thức chắc j đã có đạo đức vs nhân cách,1
đuổi thầy giáo khỏi trường để không mang tiếng,1
đuổi thầy giáo này đi không đạo đức,0
"ông thầy này khó chiu, ngôn từ giống kẻ đầu đường....",1
"vây kinh mong bô giao duc xem lai thây giao , ..?",1
thầy này có vẻ bo doi,1
người thành công luôn có lối đi riêng là đây ... thầy giáo .,1
cái thầy đó là chuẩn bị tới công chiện,0
thầy kì cục vậy nè đúng ko mọi người,1
"dù cắt bớt hay chưa thì ng thầy giáo trc hết phải có cái đức mới dạy người đc,ngôn từ của thầy chả khác gì ng hk có đạo đức và học thức,thầy dạy theo cảm tính của thầy thì chúng tôi mong nhà trường cho thầy thôi dạy,còn về việc clip cắt ghép cũng k nói lên thầy là người đúng vì thầy xử xự như ng vô học",1
"thầy như thế này thì về hưu thôi,dạy lm gì",0
cay thế nhờ,1
thầy giso kỳ quá .đuổi việc luôn đi,0
"lúc đó em nói là em tên là... đó , có mắt , tại nhưng mưa lớn ko nghe rõ , coi ổng nói cái gì rồi ổng nói em nữa thì em cãi tay đôi với ổng luôn !",0
tui mà là sv thù tui sẽ nói : em ki nghe rõ bn nói thầy ko nghe rõ rồi mắc mớ gì thầy đuổi em thầy cũng ko nghe mà,0
dữ quá,0
thầy giáo này không được trách mac sinh viên,2
"thầy mà như thế thì đừng dạy , thầy giáo mà ko có đạo đức tí nào  
gặp tôi là ra khỏi lớp lâu rồi khỏi cần kick",0
cho con đi hoc râp thăng thây không co đao đưt thôi sông,0
trương đai hoc thanh phô la đây  bao đơi,1
có hay không là do tụi nó hết,1
mày làm thay hay làm dan xa hội,1
định chỉ ổng đi và tui thấy là ông thầy ấy chắc cũng ăn nói như thế với các nhiều con em của chúng ta đúng ko ạ vậy nên tôi xin nhà trường định chỉ cái ông thầy đấy đi ạ vâng tôi xin cảm ơn,0
"hc sinh:
(trả lời câu hỏi các kiểu)
thầy giáo:
em nói lại đi thầy nghe ko rõ
hc sinh
(méc thầy hiệu trưởng của trường)
hiệu trưởng
cút za ngoài!(nói giáo viên)",2
ông thầy nói cái giọng muốn đấm cho một cái,0
thật quá đáng,0
thầy giáo ko dạy mà làm thầy giáo ko có đạo đức,2
"chắc tao lấy vitamin đạo đức,phan vô đầu ông thầy này quá,tao nói đúng ko ae",0
có ôg thầy giáo như thế này thì học j nữa,1
ông nay chăc đeo hoc đao đưc hay sao ây.,1
mn thấy ông này như thế nào chứ tôi thấy ko có đạo đức gì cả sv ko nghe dõ phải giảng lại chứ thế này  kiểu dì chả bị đuổi,0
người có đạo đức thì ko bao giờ nói chuyện như vậy,1
ông thầy giáo dậy ko được thì nghỉ làm đi,1
ông thầy giáo này đáng bị xử tử,0
ông thầy đó phải bị đuổi việc ông không học hành không biết được đâu,0
thầy dạy thế này thì nghỉ làm đi,1
chắc gì có đạo đức.,0
ông thầy giáo kìa quá,0
"dù là cắt bớt, nhưng ngôn từ của giảng viên là thật và như vậy là quá không phù hợp. phù hợp nhất là nên loại khỏi ông nay ra khỏi ngành giáo dục.",0
"cho dù đoạn clip có đầy đủ hay không thì cách phản ứng của gv cũng thật quá đáng!gv mà vậy thì sao đào tạo thế hệ sau.quá đáng nhất là câu yêu cầu sv khẳng định bản thân có đầy đủ tay mắt thì chẳng khác nào bảo bạn nam sinh kia ko có đầy đủ tay mắt và cũng như đang xúc phạm tới những người khuyết tật,thật là quá đáng!gv có quyền ko giảng lại cho sv đó nhưng ko có quyền nhục mạ sv như thế!",0
ngươi ko có trí thưc,1
là một ông giáo đấy sao làm gương được cho toàn học xinh cả nc đây,0
thấy giáo tháo dầy nói chuyện mất dạy... đúng là trình độ nó nằm ở bằng cấp chứ không phải nằm ở đạo đức của con người,0
xác mình gì nữa quá rõ rằng rồi mà,0
thầy giáo cô giáo bây giờ vô đạo đức lắm. cho con đi học tốn kém đủ thứ mà còn gặp phải thầy cô thế này thì chán thật.,0
ông ko lên lm thầy .,1
cái này là hỏi cung đi tù chứ học gì thằng thầy này,0
thầy kì vậy học sinh nó ko nghe thì giảng lại cho nó mắt mớ gì đủa nó nó ăn hết của nhà thầy hả nhờ thầy mà học sinh làm giang hồ nhiều ha,2
"đổi việt, đổi việt.
ahihi",0
gv chưa học đạo đức hay sao vậy trời,1
thầy ông nội,0
"trồi oii , cái nết của thầy giáo  vs cái nư của não thầy giáo nó ra cái điên vô duyên của thầy giáo",2
ông thày này giạy ai được,0
đúng là thầy không biết dạy học sinh mà còn chửi học sinh đúng là,0
thầy này phải đuổi ngay quá mất dạy,0
thầy kh có dao đức. chỉ bt ăn tiền,1
thầy vầy là chết rồi,0
ko có đạo đức thì còn đòi dạy người khác vô đạo đức tốt nhất đuổi việc,1
có tài mà ko có đức,0
chắc tối 2 vợ chồng gây lộn.hay thầy thua số má hay trận việt nam thái lan vừ rồi nên thầy không vui.,1
"đuổi cái thằng giảng viên đó mẹ luôn đi điều tra xong rồi không làm gì hết thì người chịu thiệt là học sinh rồi, chả lẽ mỗi lần học mà mưa thì bắt buột phải nghỉ học hôm đó rồi hôm sau hỏi bài học ngày hôm đó thì học sinh đó phải trả lời như thế nào ?",0
"cho sv nghỉ, thì thầy cũng nghỉ luôn đi thầy",1
cái miệng hại cái thân là hay thật,1
đề nghị tịch thu bằng cấp. loại người này cho đi lượm ve chai xứng đáng hơn,1
"em có lần bị thầy tát,cú,đặp nơi mặt mà em mới lop4",0
vô lý,1
học trực tiếp tại trường lớp nhiều khi giản học sinh nghe còn k rõ huống chi là qua mạng,1
có đao đûc không,0
mưa lớn thổng nghe mà còn đuổi người ta  ra khỏi lớp mời ông thầy đó lên sở giáo dục đi,0
ông thầy này bị thieunang cmnr,0
o lớp con tôi học onlai .thỉnh thoảng có người vào linh của lớp nói tục rồi chửi nhau .vì vậy nhà trường hợp phụ huynh lại dễ nghi mua phần mềm de dạy và thu tiền của học sinh vậy dung hay sai,1
người gù đâu không có đạo đức hay sao ó,1
đây là những người không có ý thức,1
thầy ko có trí thức!!!!,1
"học sinh bị mưa không nghe rõ,,,khi hắn ta bắt hs đọc tên...thì lại nói không nghe rõ..không chấp nhận bạn kia..",0
ông thầy không có đạo đức hả,1
nghề giáo viên cao quý lắm mong sẽ không ai làm nhọ nó,0
ông thầy này được cho học lại sách đao đức chưa,1
thầy như này đuổi xớm thôi,1
thầy giáo nầy tôi đề nghị đủi thẳng ra khỏi nghành. nhé.,1
thầy gì đâu mà kì cục vậy,0
thầy ko vó í thức,1
ông thầy nói sao học sinh nói vậy mà doạ đuổi học,1
dai hoc con tôi như vậy thì tôi lợi nhà  hỏi thăm sức khỏe rồi,1
đúng là người không có đạo đức,0
ko nghe 1 câu động viên nào cả. ví dụ các em cố gắng tập trung nghe kỹ hơn 1 chút. thấy thấy 1 số mic bật lên tiếng mưa khá lớn. chúng ta cùng hoàn thành tiết học tốt nhất có thể. trình độ có mà phong cách sư phạm thế thì không bằng 1 đứa trẻ đánh giày ngoài phố,1
ôg làm thầy tui hơi lâu r ak,1
thầy giáo vô văn hóa vs đạo đức giả,1
"người coa học thức mà đi nói chuyện với sv như vậy hả nếu muốn
giúp đỡ người ta vượt qua khó khăn trong những tháng dịch thì phải cố giúp chứ còn ko muốn giúp thì thôi đi 
ai đồng ý cho ông thầy này ra khỏi trường ko dạy nữa",0
thầy z là mê tiền thoi chứ dạy qua thoi thầy md hơn hs,2
thầy như vậy làm sao mà dạy,1
thầy này nên nghỉ việc là vừa,0
đồ thầy gì mà vô đạp đức trâm trọng.,0
chỉ là nhắc lại thôi mà có j đâu mà phải nói như vậy chẳng phải trên lớp thường nóinếu các e ko nghẽ rõ hoặc ko nghe đc thì hỏi thầy (cô)hay sao,1
thầy kì quá học sinh học dở tại ông,0
không co đao đưc a,0
tội nghiệp các sv quá,0
gap tui la tui to cho khoi day luon,0
hoc thi hoc nhung vai nhe nhang honf đuoc la em hoc onllai thay em đau có la em em hong hoc đuoc thi thay cieu ban khac,1
con chò,0
thầy bố láo,1
giáo viên mà k có đạo đức gì hết,0
mình là người mua mà,0
dưới tháng thầy,2
ông thầy vô duyên gê,0
gặp hacker như tôi thì biến,1
co tai không co đưc thi thua đồ phê liêu,1
chơi ông thây luôn,0
đâp ông thây luôn sơ gì,0
thầy ko có đạo đức à dại mốt nó hư hết nguyên lớp luôn,1
"thây nên nghi day đi , mưa to đeo tai nghe ma không nghe thi giang lai chư cai gi ma đuôi hoc ,  phu huynh cua em ma đưng kê bên thi chưi thây",1
thầy giáo như này ko sứng làm thầy giáo,2
cái này 4m chứ k phai la 3m,0
thay oi ac the ba tay thay gi ma ac the tui ko co che nhung ma ac hiet,1
không biết có bị trốn trại tâm thần không nhỉ,0
tui mà là học trò đó là nghĩ mẹ luôn đi,0
trời ơi :(,1
"cái loiaj thầy này bị đuổi khỏi trường là sv vui lắm 
ổng cux ko nghe thấy j nên djt, đuổi luôn ổng",1
ủa ông thầy không có tai hay sao không nghe anh an nói ?,1
thấy ko có đạo đức,1
tin 3 phút nhưng lại chiếu đến 4 phút,1
có thầy như vậy tui thà nghỉ học luôn cho rồi,0
"tri thức cao mà đạo đức ko có , thầy ý thức còn kém hơn cả học sinh lớp 1",1
trơi ơi hoc sinh noi to như vi mưa qua to vây ma thây cho ra luôn! buôn nghê,0
thầy giáo gì mà kì cục khỏi làm thầy giáo lun đi,0
thầy kiểu này thì ai muốn học nữa ạ,0
hỏi sao học sinh nó đi học bị ở lại lớp hoài thầy dạy như vậy chất hs giỏi cũng thành dốt,1
đáng ghét. ông này ko nên làm thầy j cả. haizzz,0
thầy gì mà kì vậy,0
day dai lam chi,1
thây giao khôn kiêp,1
thật là không có ý thức,0
người ta học có đóng tiền đàng hoàng ổng làm cái gì thấy ghê vậy,1
ông thầy đó bị khùng quá vậy trời,0
thầy giáo như vậy thầy hiệu trưởng đuổi luôn cái thầy này luôn đi cho ông ta dạy làm gì thầy như chẳng đáng dạy cho học sinh,0
gặp tui nãy giờ chữi,1
cho ông vê nuôi ga đi.tư cach ngươi thây j khc ngươi vây trơi.,0
em tôi cũg bị thế nè,1
thây ma vây me minh chưi va kêu day đc  thi day ko day đc đê ngươi khac day,0
cho ông thầy về vườn đi,0
chời thầy giáo ko cóa đạo đức kìa,2
"anh sinh viên mới hỏi có 1 lần mà ông thầy ........mình cạn lời , thầy giáo ko hề gương mẫu , mong nhà trường đuổi cổ ổng đi cho lành !",2
thầy gì mà ko có đạo đức vậy,0
giáo viên như vậy thì dạy gì nữa  đuổi đi,1
"ủa,ông đó có đạo đức ko vậy,nghỉ luôn đi",0
ông thầy này vô duyên quá nói chuyện ngang ngửa,0
"ông này á , nên cắt chức và cho xuống làm công nhân",0
thầy j mà ko có đạo đức,0
mấy anh hc sinh hên là học on lai nếu hc ở trường thì .....,1
đuổi học sinh ra và cái kết thầy bị đuổi lạib,2
thầy giáo giang hồ hổ báo.,2
ko biết ông thầy có dạo dức ko nữa chứ tui là người xem mà con thấy tức nữa học sinh này ko nghe nhờ giảng lại mà ổng kích ko thương tiếc rồi ồng bắt học sinh kia nói ổng nghe ko rỏ thì lai kích  tiếp,0
đuổi ông thầy đó luôn đi thầy j mà như dậy,0
thầy này có câu sóng gió phủ đời trai tương lai nhờ nhà vợ,1
ko sức đáng để làm thầy,2
thầy vô đạo đức chỉ  vì mưa mà đuổi,0
"thây kiêu j ko co đao đưc,vô văn hoa như thê  đuôi viêc luôn đi",1
học online trời mưa không nghe là đúng rồi sao cứ phải chữ học sinh bức xúc với hành động này chứ học học mà gặp ông thầy này là chết luôn rồi  tức mà không nói lên lời luôn á,0
ông thấy đó mà là thầy tôi thì,0
di me thay gi ma ac,1
thì nghĩ học,1
"một người thầy như này nhìn là biết người sinh ra củng chả ra sao
ko dạy được con cái mà đi mua chức thầy cho con cái như vậy.",0
vậy mà cũng làm giáo viên đai học đc hay thật đấy,2
"là thầy có tri thức mà ko có đạo đức  
thì đừng làm thầy ông mà làm thầy tui thì tui kêu ba tui cho ông nghỉ lun
tui tặng ông bài bày thơ này 911, 1 tông 1 lép 1 dép vào mồm",0
thầy bố láo,1
"có tài mà ko có đức
trong xã hội này ko cần những người như thế",0
thế mà làm thầy giáo,0
thay te qua,1
thầy mà nói kiểu này thì làm thầy giáo cái gì nữa. thôi nghỉ mà đi làm phụ hồ không muốn dạy thì thôi đừng có mà thái độ,0
học cho lắm tắm cũng ở chuồng he he,0
cái này tôi là tôi nghe rõ ràng tôi nghe rõ 100 tôi không có nói thề tôi không có chửi thề lại nha nhưng mà ý thức là vui anh quá tôi là tôi không nhận cho ông thầy chuyển như thế này tôi không nhận,0
thầy giáo dạy  kiểu gì  vậy,0
hoc  sinh  binh  thương  hêt  co  môi  thây  la  ko  binh  thương  thôi.,0
má kiểu này làm thầy ntn đây có fai làm j ai cũng có tai nghe,1
với lại người có chí thức chat có đau dua  ông thầy này rất là say nếu như ông thầy đặt trong hoàn cảnh như cậu học sinh thì  ông cũng sẽ phải kêu giảng lại  (khi gặp vấn đề nào đó hãy đặt bảng thân mình vào vấn đề của người đó  ) tui chỉ nói nhẹ vậy thôi chứ tui không nói gì say nữa,0
chung hoàn cảnh.......,0
da em chỉ nói một câu thôi làm thầy được thì làm không được thì thôi trời mưa chứ đâu phải là người ta  giả bộ đâu,0
đuổi thầy giáo đúng hơn dó,2
gặp tôi tôi chửi vào mặt ông đó rồi chuyển trường,0
đúng ông thầy ai cũng gét,0
thầy loại này nên nghỉ....,0
ông thầy này muốn nghỉ việc lâu dài nghỉ hưu  đó mà,0
vậy mà làm thầy,0
thấy như thế k phải là thầy,0
ko có đạo đức,1
đúng là người vô ý thức gặp tôi thì tôi chửi cho mấy câu làm thầy kiểu này thì nghỉ đi đúng là vô ý thức,0
ra đường khệnh khạng vậy kiwwur gì chả vỡ mõm.,0
thay khong co đao đuc,1
"thầy giáo chết bầm, giờ học online mới thấy rõ thái độ giảng dạy ntn, học trực tiếp thì thái độ của mấy thầy ntn ? đối xử với hssv như vậy? hầu như là tất cả thầy giáo đều giảng dạy mất kiên nhẫn, và thường xuyên có thái độ , ghét thật sự những người làm nhà giáo mà có thái độ như vậy. ăn học cho cao, hiểu biết nhiều mà hành xử như một người vô giáo dục . đề nghị bộ gd tiễn vong ông thầy giáo này về nghỉ hưu đi.",0
thầy ác vãi,0
ông thầy vô duyên,0
thường mưa to là hay có tiếng ồn của mưa áp đi nên e ko nghe rõ thầy giáo giảng là đúng .sao thầy giáo có thể đối với học sinh học online như vậy,0
bạn em nghe ko rõ cô giảng lại 4 - 5 lần cho bn nghe rõ cô vẫn nói bth,0
thầy giáo hơi kì cục kẹo pit pa pon đề nghị thầy ăn kẹo mút pitpapon,2
ông thầy mắc dạy,0
"không phải làm thầy, không còn sót lại con người vô thức đâu. 
thầy này muốn bỏ nghề nè....",0
ông thầy này chắc không có đạo đức quá,0
ông này hâm hâm,0
"hừ phản ánh không đúng sự thật vậy việc giáo viên đó làm nhục sinh viên có làm giả được hay không
việc đuổi sinh viên ra khỏi lớp vì lí do đó có làm giả được hay không
 mà nhà trường ở đó còn bao che nực cười",0
thầy không dạy được thì nghỉ đi trời mưa người ta muốn giảng lại thôi không dạy được kí đơn nghỉ đi thầy là cái gì  mà nói vậy,0
cái loại này mà làm thấy gì vậy trời,0
cắt bằng đi,1
đuổi cổ khỏi ngành,1
thầy này phải ăn đấm mới thông não được,0
ông thầy dô diên,0
ê coi chừng nha,1
"thầy ác quá!
thế này thì???
chịu!",0
"thầy giáo , giảng viên sư phạm ăn nói như 1 người thất học",2
"xấu với sinh viên như vậy, một ngày nào đó ước bị đình chỉ công việc suốt đời đi",2
đạo đức ở đâu đấy,1
có ông thầy như thế này nghỉ học cho đẹp trời,0
quá đáng lắm mong nhà trường xử lý việc này,0
đúng thật là tức đúng là thầy này học sinh đã nhờ dại lại mà lại không người ta ra khỏi nhóm học nữa,0
ông thầy đó cũng bị điếc,0
lớp em bị hoài,1
muốn chăm chỉ học còn gặp thêm ông này,0
làm thầy kiểu đó thì làm giang hồ đc rồi,0
ủa người ta ko nghe rõ thì giảng lại một câu tiếc j câu nói đâu mà lại kick người ta ra,0
ông thầy láo vãi,0
chị ơi ông thấy địa chỉ ông đó ở đâu vậy em qua nhà ổng đập luôn chứ em tức quá,0
ông này khùng hay sao á,1
ko dậy học sinh thì dậy  làm chi cho ông thầy đó nghĩ là vừa,2
"what, mưa to mà ko giảng lại mà bị đuổi ra khỏi lớp mà ko rõ lý do á
mưa to thì hs ko nghe thì có thể giảng lại cũng đc có sao đâu 
thầy giáo chi mà ác dữ zậy trời
găp trường tui á hả là bị đuổi việc luôn á chứ ko phải giỡn đâu
người gì đâu mà ko có đạo đức vậy thì làm giáo viên làm chi
đúng ko mọi người?",0
rõ ràng là tiếng mưa lớn lại đuổi ngta ra .,0
"thầy:để thầy kick thằng này nhe
tui:bị kick
thầy:khỏi học đê
tui:cẻm ơn thầy nha khỏi học zùi zui qué đê",2
đề nghị tẩy chay  trường,1
"nhưng học sinh thứ 2 nói ai cx nghe đc tại sao ông thầy ko nghe vô lý dạ 
cx có khi mưa to đeo tai nghe vô cx ko nghe đc cái đó là đúng 
mưa to đến nỗi ko nghe đc bài luôn ý",0
đúng là không có đạo đức mà,0
học sinh không nghe rỏ thì nhắc lại có gì đâu mà đuổi học sinh ra khổi lớp học,1
cộng đồng mạng kéo đi quán trâu thời gian ông,0
thầy gì kì vậy nhắc lại đâu có mất nhiều thời gian đâu,2
tôi cảm thấy quá bực mình khi thấy ông ta đối xử như thế,0
ong thay nay ko co dao duc,1
gặp tui là tui chửi lại chứ không có im vậy đâu,0
thầy gì vô duyên có học chò thế phải vui chứ,1
đó là trong suy nghĩ của mấy đước big brain đếy,0
không co đao đųc,0
ta nói mấy ông thầy nhu vay chi có học lại đào đức thôi,0
ô thầy vô đạo đức,1
vậy mà gọi là thầy hả,1
thầy giáo truong toi thi rat tam li,2
mang tiếng là thầy giáo mà dạy học thế này dạy làm gì .có đạo đức có chi thức để làm cảnh .thầy thế thì gương mẫu lắm. làm gương cho học sinh noi theo thế đấy,0
ông thầy này tôi chù ổng bị đuổi ra khỏi trường luông á tôi ghét ông thầy này,1
trời cái này mà là tui thì nói thẳng báo với nhà trường cho nhanh,0
bây giơ hoc online phu huynh mơi ro bô măt cua thây,1
thầy giáo kì quá mình buồn lắm,0
người có trí thức mà không đạo đức thì dạy chi cho mệt thân vậy??? sao không nghỉ luôn đi!,0
thầy gì mà ghê thế,0
ông thầy ko có đạo đức,1
ko có tri thức ko có......... thì làm đc j?,1
nhà trường đuổi luôn đi chứ tình hình thế này thua đạo đức 1 đứa mẫu giáo,1
là thấy giáo học cao mà ko hiểu rộng.,0
thầy giáo gì mà kì cục vậy trời,0
giảng viên mà như giang hồ,0
sv nay vân kinh trong thây,1
người lớn mà đạo đức k bằng một hs lớp 1,1
"ông thầy này nhà trường lên cho về vườn người có chí thức chắc gì có đạo đức 
  vô nhân hoá nhà người ta  bị mưa to xin thầy giáo giảng mạng nhưng không cho",0
chính xác luân hoàng ơi,1
đuổi việc luôn đăng thông lên mạng cho khỏi trường nào dám nhận,1
cái ông thầy này quá đáng thế nhờ ?,0
thầy ác quá,2
thay ơi là thày,0
thầy giáo gì mà vô ý thức với học trò của mình,0
thầy giáo quá đáng,2
thầy giáo gì mà chửi học sinh giữ vậy thầy mà dạy như vậy là sẽ ko có học sinh nào mà còn học nữa,0
"ôg dạy như j á ,vô nhân đạo thì khỏi dạy sv lun ik",0
"thầy giáo kiểu gì vậy, trời mưa to ko nghe thấy thì giảng lại hộ đi, gì mà đuổi cả học sinh ra, vào trường tui là nghỉ việc ngay và luôn",0
"sinh viên: dạ bên em mưa to em ko nghe đc ạ
thầy: em ko nghe rõ thì cút",1
"thầy kiểu như là t là thầy giỏi nhất thế gian này rồi,thầy nc j đâu k như lọt tay, thầy ơi cảm thấy k thích dạy nữa thì mất dạy sớm đi",0
ong thay ac qua,1
vãi lm thây kiểu vậy nghỉ luôn đi,0
cái này mà là tôi tôi tôi nói thẳng thắn ra là thầy dậy thì phải dạy cho học sinh hiểu để sau này còn đi làm con thầy đuổi ra thì cứ việc con em thì tứ chi đầy đủ. ko cần phải nhắc lại ok ,0
haiz dạy  làm gì,0
haiz đúng là thầy giáo ko biết đạo đức mà sao mà ko đi làm nghề khác đi mà làm giáo viên làm gì vậy trời,0
ông này giáo viên fake gồi,0
tui mà bị vậy tui ngi luôn cái trường đó hứ,0
ông thầy nầy mới chưởi lộn với vợ,0
người  dì  nghu  dây,1
"thầy giáo âm binh, cà chớn",2
thầy mà như thế này thì không biết nhà trường kiểu gì,0
team học sinh 398k người yêu tảy chay thầy giáo này,2
"thầy giáo độc ác quá trời luôn, trời mưa to thế magf ác quá! nếu là mình là mình báo cảnh sác luôn á",0
"thôi đi..thôi đi..thầy đừng có nguỵ biện. tất cả mọi người ở đây điều nghe nghe rõ những lời nói khó nghe của thầy. cái gì mà phải khẳng định đủ mắt, tai, mũi, miệng. cư xữ sao cho học sinh nó thương. cái thời đi học của tui giảng viên dễ thương gần gũi lắm kìa...ai mà khó khăn rắc rối như thầy. nhắc tới môn thầy, nhắc tới tên thầy chỉ toàn áp lực. khấn trời cho mau qua môn",0
đuổi việc og thầy,2
đây là một số. trong những số thầy cô giáo có thái độ không tế nhị và ... với học sinh.po tay,1
em cũng không nghe rõ nữa thầy ơi,1
ông thầy bố láo,1
thật quá đáng,0
không có đạo đức làm thầy giáo làm gì chi cho mệt,0
thầy kiểu như này tôn trọng nó làm gì.,0
cho thằng thầy giáo đó nghĩ giạy đi,2
thầy giáo này không được tốt,2
"thôi mà bớt tiêu cực đi dạy học cũng có j dễ đâu, chắc cũng áp lực tinh thần các kiểu...vv... dù có..lố thiệt.      
thôi mà ủng hộ thầy đi",0
nhìn đầu thầy bực mà óc thì như trái nho,1
hảo thầy giáo luôn,2
thầy có tri thức mà làm vậy à,1
ơ thầy có ăn học mà làm vậy à,1
mình thấy thầy này  lắc đầu,1
thầy hiểu trưởng kiểu: chắc tôi cho ôg khỏi dạy luôn quá,0
nếu em là hiệu trưởng thì em đã tống cổ ông này về quê chăn vịt rồi ý. đáng lẽ ra ông thày phải kiên nhẫn giảng lại cho hs để hs có thể hiểu bài chứ ông này thì phải tống cổ về quê thôi.,0
"video đc được đăng lên
hs:em muốn phản ánh sự việc này,chính giáo viên kia đã xúc phạm và đuổi thẳng em ra khỏi lớp học online
gv:ko đúng,tôi ko làm điều đó,đó chỉ là video đc cắt ghép
giảng viên:tôi cũng đồng ý,video có thể đc cắt ghép
nhà trường:lập tức xem xét và xác minh,minh oan cho trường và cho uy tín của trường
cơ quan chức năng:chung tôi tuyên bố,học sinh này đã bị cảnh cáo vì video có cắt ghép
hs:nói thầm(m bọn chức năng và nhà trường,cho tiền nhau rồi bao bọc lẫn nhau hèn gì ko đc làm gì)",0
người ta nghe không rõ nhắc lại không được hay sao mà đuổi học người ta thầy giáo dạy không có đạo đức bộ thầy giáo bị câm hả nói hai lần không được ha,0
làm thầy kiểu j mà ko có ý thức j cả,0
wow kiểu này là nghỉ làm,0
gặp t là t bật lại rồi hỏi thầy vậy thầy có lãnh lương ko vậy lương đó đâu ra,1
"ông này chửi học sinh như con mình
quá đáng
chắc ông nói như vậy chắc người nào cũng có đầy đủ máy móc",0
người có trí thức chứ không có đạo đức,1
thầy giáo nhiều lúc mắc sai lầm (nghiêm trọng ),2
làm thầy như vậy thì bỏ nghề đi,1
ngươi nay o nên lam thây vê nha nuôi lơn cho xong đi,1
"đúng là độc ác, học sinh ở nhà đã khổ rồi mà còn làm vậy nữa",0
"đề nghị cho thầy nghỉ dạy đi,cho thầy mất dạy luôn",0
thầy gì đâu mà kì chắc ko thèm học lun,0
khổ bạn kia quá ! bạn đúng là chăm học lớp tôi chúng nó ko có đứa nào học chăm nhe bạn. tôi mong các nhà trường ko có những người như này.,0
thầy này khỏi dạy lun,0
úi giời ơi hảo thầy,2
bay màu,1
người thầy này mà ra xã hội không bị đấm cũng bị đá,0
mình cũng có thấy lớp 5a lớp cháu mình cũng thấy có đứa hỏi thầy thì bị chửi tôi cũng ko biết đc nhưng tôi phải báo cáo với nhà trường vừa từ lúc cháu tôi học về kể cho tôi nghe,1
og thầy đó bị ngáo hả ko nghe thì giản lại đi sao kick người ta,1
sao ko đũi ông thầy luôn đi,1
người như này cũng là thầy giáo,0
người có tri thức chắc j có đạo đứa,1
ông thầy này làm âu ế  của nghề thầy giáo niêm đủi thẳng,2
hazz... tên này đúng là ác nhân,0
"thầy . chí ngủ rồi , hay vào dạy mà quên gắn não",0
"- chắc đạo đức rớt mịa r
- hiệu trưởng đuổi việc ổng là zừa",0
tôi mà là hiệu trưởng đuổi việc ổng rồi,0
"thầy giản 1 lần đi thầy đi ngủ đi há, ko có học sinh nào học đâu",2
tin 3 phút mà sao 4 phút thế này,1
chắc là chưa đọc đạo lí làm người của thầy huấn ấy mà,0
"bộ mặt thật của giáo viên,còn ở trong trường khủng khiếp cỡ nào",2
ko có đạo đức,1
đạo đức ko có thì dạy làm gid,1
hiệu trưởng đâu,1
nghe ông này nói cũng muốn đấm,0
"đuổi học viên ra khỏi lớp sau đó bắt những ng khác phải điểm danh theo kiểu ngang ngược
ngoài ra còn có những lời nói rất khó nghe. dù có cho học viên vào lớp lại. thì đây cũng là 1 lỗi cực lớn. k thể bào chữa để biện minh",1
có gì đi nữa mà thầy xử lý như vậy là bậy rồi! hiếp đáp sv riết wen! kỷ luật ngay!,0
có ông thầy này dạy tôi chắc tạch môn ổng quá,0
"ông thầy này đừng làm thầy giáo, làm ăn xin là vừa, người 
 ko có đạo đức",1
hên là có quay lại hehe,0
tội anh quá thầy như vậy thà không trả lời còn hơn mn ạ ?,0
ông nay na lam giao viên nhi hư không xưng ok,1
thầy không có đạo đức,1
hồi đó mình còn học cấp 3 thầy cô mình còn ghê hơn dậy nhiều,0
cho ông thầy này nghỉ việc luôn ik,0
vô văn hóa thật,1
giáo viên lúc nào cũng kiểu : các em có gì kh hiểu thì hỏi lại nha ?,1
người như vậy là không được rồi,0
bạn nói trí phải không có gì là sai cả ông thầy này đã được tôn vinh được giải thưởng nobel là mất dậy,0
cái này là không có đạo đức mà chỉ ham tiền,0
"thầy kiểu j vậy, nghe thấy ức chế ghê. bảo sao ko có sv giết thầy.",1
what cai gi,1
cc thầy,2
"thế thì còn j là thầy giáo 
vãi :(",0
thầy giáo đấy ko đúng là một thầy giáo vô đạo đức,2
giảng lại một câu thôi mà làm gì đuổi ngta ra khỏi lớp r khi người kia ra r lại bảo mấy người kia nói này nói kia nhìn là thấy ko có tri thức trong người r,1
"thế thì đừng dạy nữa nha thầy, giáo viên mà ko có trách nhiệm dạy dỗ học sinh. học sinh nghe không rõ thì giảng lại chứ mắc mớ gì lại kick",0
"ông thây có tri thức toán - tv  , nhưng ko có đạo đức",1
"ôi thầy gi thiếu đạo đức...thầy và trò như 2ng bạn mới hay.,và sao này trò rảnh còn tới thăm chứ nc kiểu vậy thì.....",2
chắc ỗng là trùm mafia,0
làm thầy kiểu j ko biết,2
thầy như thế thì nghỉ làm thầy luôn đi,1
ko nghe rõ thì đc quyền giảng lại chớ,1
cho ong mot vien vitamin dao duc di roi cho cuon sach dao duc lop mot la vua,0
bị tầm lao không chịu tắt mic,0
ông thầy mới chơi đồ,0
trời trời. .. làm thầy dạy văn hóa chứ đâu phải dân đầu đường só chợ đâu mà ăn nói kém văn hóa vậy,0
thầy gì đâu mà ko có một miếng đạo đức luôn,0
chắc ông mới trật con lô nên nóng tánh,0
tôi đề nhị hiệu trưởng : từ chứ ông này,0
thầy v cho nghỉ luôn đi,0
những người có tri thức chắc gì đã đạo đức,1
tưởng mình có nhiều kiến thức ma chư hoa sinh,1
cho thay nghi viec la vua,0
có đạo đức chết liền,0
có mình ở đây thì báo nhà trường rồi,1
ong thay nay bi vi vay chui nhu dung roi,1
học gdcd 6 nào thầy,2
"ỗng ko có đạo đức mà
  hahahaha",0
thầy giáo vô tâm,2
đung la thây cân thêm vitamin đao đưc ma,1
"cắt j thầy giáo sư j ky jay, ro va thực tế, cắt bớt j thi nội dung cung như jay",1
bị đuổi giồi,0
làm thầy giáo  mà không có đạo đức thì thôi luôn,0
thầy mất dạy,2
thầy giáo dạy hay he. rồi dạy ai chèn. cái này đi đòi nợ sẽ ok lắm chất lời 1 là 1 2 là 2,0
dạy kiểu như học két học vẹt.học chi qua,1
chứng minh có nhiều kiến thức mà chửi học sinh,1
làm j thì làm mà cứ cái j mà học sinh nghe ko rõ mà đuổi ra khỏi lớp,0
vô lý thế? thày giáo đội lốt đầu gấu à? ;))),1
ông thay vo giao giục,1
thầy c nè,1
ko có đạo đức thì đừng làm thầy làm gì,1
"thầy j kì dzậy học sinh ko hiểu thì giảng lại có sao đâu, học là để hiểu kia mà",1
có tri thức nhưng chưa chắc có đạo đức.,1
có trí mà không có đạo đức thì vứt,1
đúng là có thầy thí cóa thầy that,2
thầy gì mà ko ra hệ thống,0
thầy này cho nghỉ day la vừa,0
"những người không có trí thức,thì không có đạo đức.",1
"thôi, đừng làm thầy nữa",1
tôi nói nha ông thầy như ông thì đừng làm thầy người kg có đạo đức và người có đạo đức khác nhau,1
"làm việc ko có đạo đức thì :
cút nghỉ làm nhá thầy xã hội chỉ cần những người có đạo đức chứ ko cần những người mất dạy 
như thầy nhá",1
mưa to thì phải giảng lại chứ thầy lại ko chú thích về thời tiết,0
đình chỉ thẳng luôn,1
xin vĩnh biệt thầyyyy,1
"thầy này ko có đạo đức , tôi mà là hiệu trưởng thì cho ông này ik nghỉ vài chục năm cho thầy này đỡ mệt",0
thầy giáo tào lao quá,2
tôi tên nguyễn văn an tôi bị điên,1
thầy hiểu trưởng kiểu;mày chết m  dới teo,0
đạo đức ông này vứt đâu rồi nhỉ ?,1
sao du duyên quá z tr,0
phải tôi tôi out luôn,0
vô duyên,1
thầy tôi mà dậy là tui chửi ông thầy luôn,0
làm nhà giáo thì dễ chứ để có đức để dạy hs ko thì phải suy nghĩ quá,2
chắt tao cao đầu á,1
"tôi lúc đó kiểu:
-ko cần thầy đâu tôi học thầy khác ! ok !",1
thầy j mà ác như quỷ vậy đuổi việc ông đó luôn đi,0
thấy giáo kiểu gì vậy đuổi thầy giáo đi ra khỏi ngành luôn đi,1
ông này bị làm sao í nhà người ta mưa to mà cũng đuổi ! thật buồn cười !haaaaaa,0
thây giáo đây à côn đô thì có,1
"ai cũng có đầy đủ tai mắt , riêng ông thầy kg có đạo đức ...",0
thầy đuổi vô lý,1
sao cô tui cũng nói ví dụ là nguyễn văn a giống vậy,1
cô tui mà thấy học sinh á là cô tui không la đâu,0
em mà vô lớp mà em tạo 1 cái em cho nó cút luôn :((,0
lớp con cô giáo rất là yêu thương học sinh lắm trời mưa học sinh không nghe là co giảng bài lại,2
thầy làm gì mà không có đạo đức vậy,0
"thầy kiểu này thì chết thế mà thầy hiệu trưởng vẫn tuyển đc
ái muốn thầy này ra khỏi trường giơ",0
đúng là thầy ko có đạo đức,0
ko xứng đáng làm giáo viên với 1 tư cách như vậy cả,1
ba mẹ em đóng tiền học mà thây ko cho em học. em ko có tai nghe  mà ,0
thầy gì như con nít vậy trời,0
ông này ổng ko phải người bình thường,1
"lớp tui chịu vào học là mừng lắm rồi,lớp tui là cái j cũng nhất khối hết nói chuyện nè ăn vụng nè ngủ nè đánh lộn nè phá hoại tài sản nhà trường nè cải lộn vs thầy cô nè cái j cx nhất khối hết",1
thầy chx uống thuốc nha mn đừng thông cảm,1
thầy giáo  cần hc lại đạo đức nha,2
miền nam mới ntn.chứ ngoài bắc .thầy cô ntn thj k ăn đấm vỡ mồm,1
"người ta sinh viên học mưa nghe không rõ là chuyện bình thường hỏi nhắc lại bình thường thôi mà làm căng lên dạy ko thu phí chắc , ông này cho học lại lớp 1 đi chứ dạy gì nữa",0
"giờ mới biết :
cô mình còn dễ chịu 
ai ko hiểu cô giảng liền lun",1
phút 1:12 thầy nói bốp cổ anh chết,1
đang học ba nó đứng kế bên nó có nhưng ông thầy sát định,1
thầy j mà kì cục,0
ông thầy vô duyên. muốn quýnh ổng gke lun,0
"lỡ mở xấu quá loại luôn lảng tai ,mẻ môi loại luôn",0
tưởng cô mình dữ,2
ngành giáo dục nhưng lại thiếu môn giáo dục công dân,0
cho thằng thầy này về cuốc ruộng đi,2
ủa vậy sao mấy học sinh kia ko nói lại ?? để cho thầy giáo bt hiểu chứ sao lại ngồi coi bạn mình bị đuổi vì lý do tào láo của thầy giáo ( lag lag sao ta),0
có tri thức mà không có đạo đức thì sống ở đời làm được gì,1
thằng thầy này ở đâu vậy mn,1
học online khó hiểu lắm,1
cô tui cũng như vậy,1
đề nghị nhà trường xã thái người giáo viên này,1
đề nghị nhà trường kĩ,1
bác hồ bảo là có tài mà không có đức thì vứt,0
đuổi ổng lun đi,0
thầy j kì vãi,0
người ta nghèo nàn mà làm gì có aiphon,1
cho ông thầy học lại đạo đức đi,0
thầy ntn thì vứt,1
xợ quá à,0
ông thầy này phải đuổi khỏi ngành,0
ông thầy kì quá,0
"thầy hiệu trưởng: thôi thôi, anh hay quá, tôi cho anh nghỉ dạy luôn ha.",0
"ui trời ơi 
có ông thầy thế này chắc chết
ulatr ,độc mồm độc miệng",0
thầy j mà kì vậy hs nói to hết cỡ rồi mà,0
ông này ác quá,0
"ông thầy này vô lý vl,hết chuyện rồi tự nhiên sv kia vừa mới ngập ngừng vài câu là ổng đuổi lun.rảnh ghê!",0
"anh này can đảm quá đi 
thầy cô em thì có cô hiền cô hơi thung dữ nhưng vẫn giãn lại cho các học sinh nhưng mà khác cái là cô đang giãn thì chả ai nghe cả 
nếu lớp em có 40 học sinh thì không nghe giảng tới 10 học sinh 
còn mà mưa to quá thì khỏi học luôn mà lúc nào học sinh học online không quá 30  
còn mà tiết cuối lần nào em thấy chỉ học đúng 20 đừa thôi chỉ có em và mấy đứa sợ mẹ đánh mới học thôi còn mấy đứa kia hết tiết 4 là đường ai nấy đi không học tiết 5",0
"ông thầy này ko có đạo đức, như vầy là ko đc. phải thông cảm cho hs chứ",0
thây gi ma không co tâm,0
thầy gì kì cục thế,1
dạy ông thầy đó học lại giáo dục công dân,0
gặp tôi tôi điện cho nó chửi ổng rồi bài đật nói cho em đó vào l,0
"ông này mà thầy giáo gì . cho ông ta về vườn ngay và luôn cho học sinh và phụ huynh đc nhờ , uổng công mười mấy năm của ông ấy mài ghế nhà trường để lấy cái bằng .",0
trường tôi con muốn h online mà k đ l n,0
"ok bik ai quay đc video này nhỉ,ông thầy coi đc video chắc nhục chết",0
thầy giáo á mọi người,2
hiệu trưởng trường kiểu : thoy ngày mai thầy về nhà ngủ ik nhá,1
những loại đó ko đủ tư cách để làm thầy giáo,0
cho ông thầy nghĩ dạy luôn đù lip không đầy đủ thì mình là người có tri thức củng không thể làm vậy được,0
có trí mà vô ddaoj đức thì vứt,1
có giảng lại cũng ko giảng  dạy làm gì vậy hả,1
người thầy j ác thế nếu có học này kh học nữa luôn ý,1
trời ơi thầy giáo gì vậy cách nói nghe khó chịu ghê  cần xem xét lại tư cách này của thầy giáo,0
người có kiến thức nhưng chắc j có đức,1
"tin
3
phút",1
ông này k phải người có học thức,1
"thầy hiệu trưởng said :cậu bây h ko cần đi dạy nx đou.
thầy giáo : thầy ôi cho e 1 cơ hội ạ thầy ôi.
thầy hiệu trng said:thôi cậu đừng dạy hc nx  dạy kỉu lày thì haizzz à mà quên để tui tặng cậu sách đạo đức lớp12345",0
"cô của e hỉu hết r nhưn cô vẫn sợ hs ko hỉu lắm cô e còn giảng 3,4 lần á",1
đề nghị hiểu trưởng trường. cho thầy này nghĩ hưu. vì có hs nói ai cũng nghe rõ. nhưng thầy ko nghe rõ. và tặng thêm cho thầy cuốn tập văn hóa và đạo đức. để thầy học lại. chất lâu quá thầy quên rồi.,2
"loại này phải cắt lương đuổi việc 
    nhìn cay mắt thật",0
trơi ơi thây giao cai kiêu nay thi chi co mươi ra khoi trương con hơn la mơi hoc sinh ra khoi lơp ha,0
cho ông thây bi đuôi khoi trương luôn đi,0
thằng thầy này cho đi hoc lai cach làm người đã,0
thầy cô hồn,1
chắc anh hai em học trường đó quá,0
"thầy giáo lạ nhề , bí tay lun 
nhà trường cho thêm tour thầy hiệu trưởng đi khắp lớp học với tên khác nhau mỗi ngày để đi kiểm tra các lớp online có gặp khó khăn gì không giùm e ạ",1
"thầy như vậy làm thầy chi nữa,nghỉ nó luôn đi",0
cái ông này thiệt là quá đáng với học sinh trời mưa to thì giảng lại có sao đâu chừng nào giảng nhiều lần thầy mệt thầy mới la nhưng trong trường hợp này lại khác học sinh ko nghe thì giảng lại 1 lần thôi có gì đâu mà đuổi sv ra khỏi lớp tôi mà là công an là tôi phải bắt ổng thôi hoặc là kêu hiệu trưởng đuổi ông thầy giáo ra khỏi trường ko cho dạy nữa ác quá ai cho dạy,0
nhà em giàu quá ha thầy,2
không có đạo đưc ha anh,1
thầy gì mà giữ vậy trời,0
ông này làm vậy mà cũng đòi làm thầy,0
mận,1
mận vải,1
"hay, hảo hán",1
roi xu ly thay giao chua,1
ông thầy giáo láo cá. ra ngoài ăn nói như này có ngày vỡ mồm,0
thầy md quá ko có tri thức,2
ủa bộ lm thầy  là muốn làm cái dì thì lm hả muốn chữi ngta sao thì chữi hả  tr . jk học chứ bộ jk lm nô lệ ha mà hà sác con ngta dữ z . lm thầy cô là như lm cha mẹ phải nói sao cho ngta nghe hĩu chứ muốn đuỗi là đuỗi .,0
thây nay cho ve vùong đuoc rôi,1
tên thày nói những lời này ko chấp nhận ... học online  là một  thiệt thòi cho học sinh ..mà gặp tên thày này ko chấp nhận,1
thày này bộ giáo dục  nên cho nghĩ là vừa.. tính ra thua côn đồ mà,0
thay khong co dao duc va mat lich su voi hoc sinh,1
thầy gì mà kì vậy,0
lam thây ma noi như thê thi con day ai đươc nưa .vê quê câm câu đi,0
mình đã sai mà còn la lớn nữa ko hiểu ông thầy kiểu gì,0
thầy giáo gì mà vô duyên vậy,0
ông thầy này vợ lấy người khác nên bị khùng khùng,0
ông thầy không có đạo đức,0
thật là thầy giáo có tri thức mà không có đạo đức,0
"học sinh không nghe thì nhắc lại,làm như mình làm vậy là không được lên tivi",1
tội sinh viên nghê,0
dô duyên,0
"thầy như này thì nghỉ luôn đyy, dạy cho mang tiếng",1
ông thầy là tôi là vua mõm,0
người ta gọi đó là lưu lanh giả danh tri thức,1
giáo viên thế này thì ối đồi ôi,2
"lam giang viên mà kiên thưc ăn noi như ngươi chợ bua, tha ô nghi viêc ra chợ mua bán con tôt hơn á",1
hiệu trưởng said: anh dạy giỏi r ha về nhà ngủ đi,0
tui cũng có lúc học máy ko lên tiếng,1
ông thầy kì cục,1
mình nghĩ.......bó tay với vụ này,0
ủa tin 3 phút mà mỗi lần coi thấy 1 2 phút gì mà bây giờ 4:18 phút lun,0
thầy này kì quá,2
mua to sao ma nge thây,1
lm giao vien ma ko co dao duc,1
"gặp tao là tao trả lời,nhà em nghèo đéo có tai phone thầy à,thầy dạy được thầy dạy éo dạy dk thì nghỉ khoẻ",1
thầy cục súc quá,0
hảo thầy,2
má thầy này nên đuổi việc,1
tội anh kia ghê á,0
ác độc quá đi,0
vào lớp tôi thì thầy này toang rồi,1
si thối là vại não có ván đòi,0
"cong dang ky thi nguoi bi khiem thi,thai do dao duc khong co dung lam thay nua,neu nhung be bi hien it noi nhung em tui ong lam nhu vay se anh huong tam ly be",1
cái thằng thầy giáo fake,2
ko the chap nhan hanh vi cua ng thay nay,1
"đây là clip bị cắt nha, chứ sự việc là nam sinh không chú ý việc học gọi ko trả lời đc nên bị kick nhé. thông tin sai hết rồi",0
thầy o đâu thầy bữa nào  e đến thăm thầy đc ko,2
"gặp trường tui là đuổi việc rồi , trường tôi mỗi lần vào học là thầy chọc cho cười rồi học thôi ",0
thag thầy cho để,2
cho nghỉ việc,1
"trời mưa to giảng lại có sao đâu, sao phải đuổi đi làm gì?",1
thây giao nay ngay xưa đi hoc lôn trương san xuât lươi câu tôi nghiêp cho me thây wa sinh pai ngươi con như thây đao đưc cua thây bi xuônng câp trâm trong  mong thây tư nguyên tư chưc đưng lam bân  danh nganh giao duc.,1
coi mà tui cười,0
đuổi dạy m,0
gì kỳ vậy :,1
cho tiền nó đi học lại nhân cách sống  đi.thầy cái j mà thầy.,0
thầy ngộ quá,2
thầy ko đạo đức tức chết đi dc,0
cho ông thày này học lại môn đạo đức đi,1
ai đóng học phí để trả tiền cho ông thày này . ko lẽ lại bao che cho nhau,0
đr á,1
you sướng thế,1
lớp2 tui cũng như vậy đó mà cô kể truyện khi rảnh,0
fan tuyền l ơi tui là học sinh nhưng cái lớp của tui á mỗi khi cô chủ nhiệm đi là cả lớp quậy nói chuyện ôm xòm à ông có cách nào để trị mấy bạn lớp tui ko,0
ước có thầy như bạn:((,2
tiu chuẩn brooo,1
chắc tụi nó cười rồi tụi nó học  đừng nghĩ thằng đầu cắt moi nào cũng ham học đâu,1
năm lớp 2 cô mình hay cho xem ytb hoặc làm việc riêng lúc rảnh hoặc thi xong,1
"lớp mình cũng y chang nè , cô vào cái là mới ko dám nói , nếu có nói cũng chỉ nói bé thôi",1
thầy giáo gì mà ko có đạo đức,0
trường này có nhiều giáo viên ức hiếp sinh viên,2
"tôi cực kì không hài lòng với cách hành xử của gv này, nếu tôi là cấp trên của gv đó thì tôi sẽ kỉ luật thẳng tay luôn, trước mắt là cấm lên lớp, sau đó tùy vào mức độ vi phạm họp kỉ luật thì sẽ đưa ra án phạt cho thỏa đáng. học online năm 2021 xảy ra bao nhiêu vụ từ gv đến người học. trước đó đã nóng vụ mc lê anh rồi, trường nhân văn chỉ kỉ luật nội bộ chứ chẳng công khai.",0
sv ko nghe thì thầy giảng lại chứ mắc mớ gì mà chửi sv vậy!nhìn như thế chắc thầy bị đuổi khỏi trường chứ ko phải sv!,0
thần thầy nói chuyện với học sinh cái giọng mất dạy,0
3 phút thành 4 phút,0
ô cái ông thầy này ảo thật đấy,0
em thấy thầy này có vấn đề về não,1
đúng là giáo viên 2 mặt,0
trong cái trường hợp lày nếu là mình thì sẽ ghi âm  để gửi ban giám hiệu,1
cô tôi giảng tui không nghe rõ cô chỉ giảng lại thôi,1
thầy giáo này tên gì vậy,2
bên chỗ ông có mưa to đâu,1
má ông thầy mưa to ai mà nghe,0
thầy mắt dạy như gì vậy,0
"đuổi ông này đi khỏi chi ông dạy nửa, cho ổng đi ăn xinh đi",0
em tui cũng bị zậy hum qua,0
"ông là giáo viên mà hỏi giảng lại ông không chịu thì thôi ông nghỉ luôn đi he ,chắc nay thầy mới bị vợ đuổi ra đường nên hơi cọc",0
ông thầy này ko có đạo đức gì hết,1
mất dạy ko có đạo đức,1
thầy giáo như đb ko nghe thì giản lại  cho học sinh nghe,2
vô đạo đức,1
chỗ tôi mưa to kêu thầy nhắc lại thầy vẫn nhắc lại bình thường có sao đâu,1
ông thầy kì lạ quá,0
làm thầy cô mà ko có đạo đức thì vứt,1
thầy kiểu :mé xin fb của em kia ko dc còn gặp thk này,1
ông thầy đó khùng,0
"quá đáng vl
đạo đức vô duyên",0
nhờ dịch mà giờ mới  lộ ra những thành phần cân bả của xh nhiều đến vậy,0
e mới mua iphone mà trong hộp hok có tai phone,0
ông thầy này cho ra khỏi ngành đừng đứng lớp nữa,1
người này không đáng làm thầy,1
"ko muốn dạy thì bỏ nghề đi,dạy kiểu đó làm j",0
cho dù cắt bớt hay không nhưng lời ông ta nói trong video la liên tiếp chứ không cắt ghép nối lại thanh video ok ông ta đúng theo câu có tai mà khong có duc,0
"ơ hay , học online có lúc giáo viên nói nhỏ , có lúc giáo viên nói to , học sinh ko hiểu thì phải giảng lại chứ , vô lý , làm giáo viên ko được thì nghỉ đi cho người ta dạy",2
thầy này không có đạo đức ạ sao đuổi học sinh ra lớp nhiều thế,1
thầy mất dạy,2
dịch sv 0 đi học được cả nước chứ ai muốn.gian viên 0 có ý thức ăn học nhiều chi nói vậy,0
đúng luôn,0
nhắm dạy được thì dạy còn không về vườn chăn bò đi thầy giáo vô giáo dục,2
xin lỗi con ai người đó bênh nhe,0
ủa học online phải thông cảm chứ. nếu nói như ông này thì thôi thà học trên youtube còn hơn,0
ghê quá,0
ông thầy này hình như hồi nhỏ chưa học đạo đức tôn trọng à,1
coi mà ức chế ghê,0
người có tri thức chắc gì có đạo đức,1
thầy này rất là k biết gì học sinh k nghe mà còn kíck người ta nữa,0
"mày dại như thế thì đừng dại nữa,một người mà không có đạo đức thì đừng làm người",1
thầy gặp gia đình em là toi thầy rồi,2
đạo đức giả cao quá,0
thầy giáo như vậy là chết luôn rồi . học trò cần thầy giảng mà làm vậy ra hệ thống gì nữa  hiệu trưởng nên xem xét hành động của thầy giáo này lại . xem mà tức cả người ,0
"làm người còn ko xong, lm thầy ai đc, về học lại đạo đức lớp 1 đi thầy ơi",2
tui đặc biệt thích mấy cái drama như này xảy ra trong lớp .,1
thây giáo khó tính,1
tui mà là anh đó chắc tui chuyển lớp tui kêu cô hiệu trưởng đuổi việc ổng luôn á,0
đúng là ko công bằng,0
có tài mà ko có đức thì vứt,1
thầy giáo ngủ vs hs nữa là,2
báo cáo có đủ mắt tai mũi họng và còn đủ bộ sinh dục luôn,0
thầy cũng có lý đúng  nhưng hình như thầy có bức xúc,0
nống ong thầy,2
bức súc,0
thầy giáo ko có đạo đức,2
"thầy mất đạo đức quá
tri thức thì nhiều
đạo đức thì ít",1
sứ,1
ông thầy:người có đức chắc gì có tri thức.,1
dỉvg sgifggygdhddo,1
sao ko thoát hết cho ổng dạy học 1 mình đi ?,1
ôg thầy hơi bị ch,1
"tôi sống chưa bao giờ đánh giá con người qua địa vị và công việc của họ ! 1 thằng làm hồ , đôi lúc lại biết điều hơn 1 thằng bác sĩ !",1
đúng!!!,0
tức mai mốt không học trường này,1
nhà trường đuổi thẳng cổ giáo viên,1
tri thức ko có đạo đức thì cũng là rác rưởi,1
"thầy này thì hc lm ji
( phẫn nộ)",1
thầy vô học,1
ông này nên bỏ nghề đi. tôi thấy ông ta không có lòng vị tha để làm 1 thầy giáo,0
giảng lại ko đc hả alo,1
nhưng thấy ông thầy nói có lí,1
lua loi ma noi cho vua long nhau,1
cho no moi lay,1
lạy thầy lun á thầy,2
loại thầy này chỉ làm nhục cho nghành giáo dục,0
chắc thầy lười dạy,2
đó là bạn của chị tôi tên là hoàng văn phúc đó là tên bạn chị tôi thầy ấy là thầy thể dục úi dùi ui,0
vậy khỏi làm thầy luôn đi nghỉ đi cho khoẻ,1
"ông là host thì ko record là mún nói j nói hả kém hiểu bit cn điện tử v, tụi sv chắc ko bit xài app rec ha",1
"thầy cô trường tôi,khi mưa ko nghe rõ thầy cô còn hỏi các em nghe rõ thầy cô nói ko nếu ko thì để thầy cô nói lớn hơn để các em nghe,có vấn đề gì nói với thầy cô liền để thầy cô giải quyết ko thôi ảnh hưởng đến bài học của các em",2
đầu thi to mà óc thi bằng trái nho,1
kỷ luật thầy giáo nay đi. làm thầy mà ăn noi kg ra gì,0
bực mình thầy cứ kiểu j,0
ông thầy này dận dữ que đi à,0
tôi là người ngoài thôi mà nghe còn thấy bị tổn thương nữa kia mà,0
cs học mà như vô học,1
loại thầy này nên đuổi cổ về quê chăn bò thì hơn,1
thầy giao này đáng để đuổi việc,1
ông thầy đạo đức kém nhát trường,1
tôi mà ở đó tui tới nhà ổng nghe cùng lun,0
og thầy mất dạy,2
ông thầy đó kìa quá,0
sài gòn mưa rất to nên nghe không được,0
"ông này ác vậy má
là thầy 
sao được trời ơi",1
đúng là một người ko có  đạoh đức,0
những người có tri thức nhưng chắc j đã có đạo đức bố mẹ dạy cho,1
ổng làm thầy kiểu gì vậy trợi,1
trờiiiiiiiiiiiiiii ơi,1
thầy giáo mất dạy thế dạy học kiểu này học hành được gì,0
ông già ko có đạo đức hả ông,1
thầy giáo giỏi nhưng cái đạo đức bị chó gặm r,2
vô lí,1
dzm học vói thày nhu vạy . học phí lại cao hon nủa . về cho bố mẹ dậy vẩn tốt hon gap ông này,1
giáo viên bị sao ý,1
quá kì quặc nên bị đình chỉ,0
thầy quá xàm,2
nhập anti group đã,0
mik kiểu ngon rồi,0
"người xưa có câu:có tài mak không có đức thì vứt. vậy ông thầy này vứt rồi nhỉ? bức xúc dùm bạn học sinh luôn á, ai thấy đúng ko?",0
thầy này đuổi việc cho luôn,2
"tôi kêu học sinh ko hiểu chỗ nào thầy giảng lại mà cả lớp im re, phải chi có em yc tui cũng mừng rơi nước mắt huuuuuuuuu",0
ông thầy ko có đạo đức,1
thầy ko có đạo đức,2
có trí thức nhưng đéo có đạo đức,1
"giáo viên gì nói chuyện kì cục, thiếu trách nhiệm, thiếu đạo đức",1
em cúng hoc on lai mà em không bi sao em hoc bang cô mà em hoc lop 3a1,1
đi me thay thay cho nguoi ta đi học mà tiền chu lo day ko a,1
không hiểu nổi thầy mà nói như vậy,0
ông thầy này ông nghỉ luôn cho nó khỏe,0
ai biết thằng thầy này tên gì ở đâu ko,0
cho ra khỏi ngành.ko có tố chất của nhà giáo,1
ổng khỏi làm giáo viên luôn đi,1
thầy tôi hiền lắm ko như này đâu,2
cho ông học đạo đức lp 1,0
làm thầy mà lại như thế này thì dạy hs kiểu j,0
hoc sinh nho giang lai thi giang di,1
thay gi ma ki da,1
thay ko co dao duc ha,1
thà nghĩ học luôn đi,1
con người ta đã cố gắng học vậy rồi ông chửi,0
thầy giáo kiểu gì vậy?quá đáng.tụi nghiệp thằng nhỏ,0
chán thầy co quá,2
gặp tôi là chửi luôn ông thầy,0
hay quá ad ơi!!!,2
thầy giáo mà nói chuyện kiểu v là sao tr . học sinh không nghe rõ thì giảng lại thôi có chết ai đâu mà làm căng v,0
thầy mà như thế,0
nhà trường đuổi việc thầy giáo hộ tôi cái,1
ông thầy giáo này buồn cười thật,0
không có tri thức,1
sướng mưa to được đi ngủ nhức nách,0
"những người như này thì không nên làm giáo viên, cái này sẽ làm hạ thấp cái giá trị đạo đức, cái văn hóa của những người trong ngành giáo dục xuống. ai ai cũng biết rằng làm giáo viên thì luôn luôn ân cần và giúp đỡ học sinh, chứ không phải là như thế này, xong lại còn bảo các học sinh khẳng định rằng là có đủ miệng và tai giác quan như người bình thường, chán(",0
o vn thay giáo trả lời như vậy. chứ ở mỹ thì khong co chuyện thầy giáo trả lời với hoc sinh như vậy đâu nhe.ở mỹ thầy cô giáo rất ân cần và luon tôn trọng với hoc sinh.,2
"xin là xin vĩnh biệt thầy nhá 
hảo thầy",1
nhờn,1
cô em hiền lém cô chỉ  nhắc nhở thui  cô còn làm bánh cho các bạn cơ trong lớp học thêm  còn làm bánh cho bọn em,1
người thầy ko có đạo đức thì ko có quyền dạy học sinh,2
"???? tư chôi hiêu tinh huông nay minh không hiêu đươc ly do ông thây nay tưc giân la gi ban sinh viên lich sư thê rôi con gi ko giang thi tư chôi chư, không hiêu đươc ông thây nay tâm ly co binh thương không thê",0
tôi tứk ông thầy lắm rồi đếy,0
coi mà ức chế sao lúc đó không thông cảm người ta:) mà lúc sau mở miệng ra bảo người ta thông cảm:) thông cảm nỗi gì giáo viên kiểu vậy nghỉ dạy là vừa có học thức nhưng không có nhân phẩm:)) mà còn xúc phạm nhân phẩm sinh viên sao không nhìn lại nhân phẩm mình đi:) gv như cái quần đùi:)) ức chế,0
giáo viên kiểu gì,0
dậy mà cũng làm thầy giáo được,0
xin vĩnh biệt thầy,1
"em học lớp 9, 2 tuần trước thứ 6 cả lớp có 1 bài kt 15p toán trên mạng, nguyên cả lớp ko vô đc chỉ có khoảng hơn 10 đến 15 đứa vào đc thoi, cái tuần sau thầy đọc điểm toàn là dưới trung bình có ít đứa 6 7 điểm thoi, rồi thầy đổi thừa là  do các em ko vào kiểm tra trước để nếu có lỗi báo lên  mà trong khi đó nó có thể bị lỗi bất kì lúc nào, cuối cùng những đứa ko làm đc 0 đ ( có tui nữa đó)",0
yêu cầu kiện giáo viên,2
"cứ làm rõ là đc. giờ nhiều ng lươn lẹo nên ông thầy ko tin cũng 1 phần. giống chuyện cậu bé chăn cừu, con sâu lm rầu nồi canh",0
"thay nay noi chuyen lao wa mat day,, ma cho no day hong het con nha nguoi ta con j,,,",0
thầy j mà vô ý thức vậy,1
thầy giáo dạy mà như bắt lỗi vậy ớ như gì vậy ớ,1
ko biết ông này có dạy môn giáo dục công dân ko nữa nuế có  vậy sao dậy ko biết sao lm sao lun . kì biết sao làm thầy giáo luôn ta đúng là vô văng hoa vô học,1
"mưa to ko nghe ro thây cô phai giang lai, nhưng thây đx đoe doa hoc sinh",1
ông thầy bị ngáo ak,0
cái này không được rồi,0
sao ko thoát hết cho vui,1
thk thầy này thì vứt thầy như,2
",cho nghỉ dạy luôn",0
cái ông này chỉ có bị đuổi ziệc thoi,0
làm cái gì cũng vậy cái nghề đi với cái tâm,1
thay gi ma ngu vay,0
đúng là người thầy có tâm nhất quả đất,2
khi giang hồ đi làm giáo viên khác gì ki ki ko,0
làm thày là j,0
thầy âm bìinh chương khí,2
"cái loại như vậy chắc phải bị xe tông hay j để cho cụt tay, cụt chân cho chừa",0
"thầy đúng . hs phải tự trang bị hành trang của mình sau này còn bước vào đời nữa chứ .dạy 50-60 người. đứa nhứt đầu , sổ mũi..... mây mây.. học online bây giờ 50 vừa học vừa chơi game...",0
thầy j đây nhể,1
chính thầy còn nghe không rõ còn đuổi người ta.,1
"rồi làm thầy kiểu gì vậy, thầy này bị đủi việc đi chứ dậy kiểu này thì dậy làm chị",0
gặp tao mà bị đuổi mà ko làm j sai như này thì vui ối dồi ôi luôn,0
ông thầy gì mà vô duyên thế?!!!!,0
má ông thày dū ghê vąy ai  hoc onlli,0
may thay giao hay la gi?,1
thầy vì vô trách nhiệm v học sinh đã nói lễ phép như v mà ko giảng lại học sinh có lý do đàng hoàng như v mà ko giảng lại còn la người ta nữa thật là thầy giáo vô lý và vô trách nhiệm,0
nhưng học online ko đeo tai nghe mà chị,0
ông này không có chách niệm mà làm thầy giáo,0
ông thầy này chơi đồ rồi:,0
"có tri thức không có đạo đức thì cũng bằng thừa.
đồ quá đáng",1
mất dạy thầy mà như thế á,0
thay giao khung ha,1
chỉ là có mưa ko nghe rõ thôi mà đuổi khổi lớp online,0
ông thầy này kì vậy!!!!!!,1
"mà sao cậu hs ko đeo tai nghe vào nhờ , nếu đeo tai nghe vô thì đâu có bị đuổi khỏi lớp",1
"ko nghe hở người ta nói là đeo tai nghe vào nghe ko rõ ,người ta có đóng tiền học online đàng hoàn chứ ko phải là ko có đóng t , dù cho ko có đóng tiền thì với một người thầy như vậy cũng ko thể nói một cách vô lý và thiếu đạo đức như vậy được.",1
ko nghe rõ nhưng đâu phải bị điếc đâu mà ko nghe 1 tí,0
"ro1463  bạn nói chuyện có logic ko vậy , ko nghe rõ và nghe một tí thì người ta có hiểu bài ko . người ta có đóng tiền học online , người ta phải có quyền để hỏi , mọi người ai cũng có quyền tự do ngôn luận nhưng ko sai trái là được , chứ mắc mớ gì mà bạn vào nói như vậy . ông thầy đó nói năng vô lý và thiếu đạo đức , cả luôn bạn kia chứ dou phải một mình người ta . bạn phải đặt mình vào trong cái trường hợp của người ta chứ",0
musiclight4966   đạo lí rất hay 10,1
"musiclight4966  trong cái chuyện này cả 2 đều sai , chỉ là ai sai ít , ai sai nhìu ",0
musiclight4966  bn chuyện như là bà cô hiệu trưởng ko bằng,1
mình chỉ nói vậy thôi chứ mình ko có ý xấu xấu gì hết  chỉ là chuyện của người ta mình chỉ nói thôi chứ ko muốn cãi qua cãi lại cho mình xin lỗi bạn,0
"ông thầy : chỉ là nhắc nhở cảnh cáo, rồi có mời vào học lại.
dù đó có nhắc nhở, nhưng cái cách giao tiếp đó của ông thì ông quá xúc phạm con người, ngta có đầy đủ tứ chi, mới đc tuyển vào trường học, nếu bị dị tật là đi trường khuyết tật học rồi.
hành vi xúc phạm người khác vậy, có thể bị phạt tiền và ngồi tù đấy.",0
xàm,0
thầy giáo dạy kì vậy,2
quãng thanh tai điếc kg liếc thì đuôi mù.thằng rù phải cồng.cái ông thầy đừng hồng luôn bị gạch đá nổ thanh vong,1
người ta k nghe rõ thì giảng lại đi chứ mắc mớ gì mà lại đuổi học sinh ra,0
học trò đó kg phải con tôi...mà tôi còn nổi nóng vì những lời của thầy,0
"đề nghị nêu tên và trường mà thầy dạy
thầy kg nghe lời học trò nói....như vậy thầy điếc rồi",2
tôi đề nghị nhà trường đuổi việc ông thầy này ngay,1
đề nghị đuổi thầy này ra khỏi ngành giáo dục,0
thầy này nói chuyện vô giáo dục,1
nhờ thầy mà e thấy đc mặt thật của con người là vậy,0
người thầy bị thiếu đạo đức mất rồi,0
"thầy này mà vào lớp 5 tôi , 2 ngày phải chuyển lớp",1
thây  tao lao,1
"thầy rất đạo đức nhưng chỉ là giả thôi
thầy hiệu trưởng cũng cá mè một lứa",0
thầy là giáo viên ko nghe sao hiểu bài .tâm lý cho máy e hs quá,0
cho thầy nghỉ dạy,0
ông thầy này hiền heng,0
thầy có tài ko có đạo đức vô dụng,1
thay giao ko co tu cach cho thay ve vuon bach thu choi voi de,1
đúng v :((,0
"robloxsang  cái này nói đúng ra là người thầy nói với học sinh , sinh viên như vậy là quá nặng lời nói vậy có khác gì bố mẹ hay trách móc khi con sai lầm đâu làm như vậy sẽ tổn thương đến tâm lý",0
thay,1
trời ơi,1
đâu phải ai cũng thế,0
ko nghe đc thì giảng lại,1
"mình cũng đã bị,học xong khi cô báo danh mình đã điểm danh mà cô nói ko nghe báo vắng,ma cay vkl.",1
cái ông đó bị điếc hay j á,0
ông này là gv trường điện tử nếu trường sp thì hỏng hết.....,1
thầy mà ngôn ngữ như thằng xã hội đen,0
vậy là ông thầy ko có giác quan hoặc ổng là ng khiểu năng... nên ai giống ổng ổng kick,0
người thầy tốt bụng,2
đúng là cái ông thầy giáo mất tích này nha,0
có tài mà ko có đức thì coi như vứt dzo sọt rác,1
gặp lớp tui là nó thoát hết rồi,1
giáo dục bay giờ bày đạt nhiều việc học nào là thay đổi chương trình học trong khi đó nghay bản thân giáo viên còn chưa học song giáo dục công dân thì đòi dạy ai,0
có tài mà không có đức thì đừng có làm thầy giáo nữa,1
bình thường,1
có tài mà ko có đức,0
hẳng là đeo tai nghe khi trời mưa đã nghe đc,0
ông này mà thày chi...,0
học ông này thà nghĩ học luôn cho khoe,0
kêu giảng dạy lại thôi mừ chứ gì mà căng vậy nhở giảng viên gì mà khó chấp nhận vãi,0
có chí mà k có đức thì cũng vứt,1
"đổi nghề đi anh trai,có trình độ nhưng chưa có tâm với nghề nhé",1
"làm thầy mà không có đạo đức thì nghỉ đi dạy làm gì, học hành là tương lai con cái người ta, anh ấy đã nói rất nhẹ nhàng và tôn trọng người thầy rồi         nhắm không dạy được thì nghỉ đi!! thầy như này không đáng để học sinh nôi gương!",0
ông thây  cân t dây ko,1
ko hỉu kiểu gì với thầy luôn,0
"trời ơi học online khó khăn rồi mà còn gặp thầy dữ thì thôi chịu luôn
mong nhà trường xử lí điều bức xúc này",0
thầy kiều này vứt đi,1
giáo viên như này thì ko khác gì mấy anh chăn bò gọi gì là giáo dục.ạ.,0
ông thầy địa chỉ đâu để mik kiếm nhà,0
"gặp em thì em sẽ nói 
thầy : em không nghe thì nghỉ đi 
học sinh : ủa... chỗ tui mưa to thì tui nói nghe không rõ , chứ mắt mớ gì kich , bộ thầy đạo đức giả hả ??
thầy : ơ thằng này láo nhờ cho em vô sổ trừ hết điểm của em 
học sinh : tui sẽ hack nick fb của ông",1
thời giáo bố láo,2
ông thầy này em gặp đâu em đập đó ko có đạo đức,1
tội dữ vậy ,0
hoc online thoi chu co phai bi chat doc da cam dau phai noi day du giac quan khon nan,1
dau phai sinh vien nao co tai iphon,1
cho xin,1
ông thầy có vẻ hơi quá đắng í,0
gặp tôi là hiệu trưởng phạt 20tr kệ tiền ăn covid luôn,1
kiêu thầy hiệu trượng đủi thầy ra đi,1
có tài k có đức,1
"vay ca lon 
the rong at vay",1
thay nhu,1
ông thầy không có đạo đức,0
thầy giáo gì mà tồi tệ quá,0
pha xử lý này của thầy là thầy cút luôn rồi thầy ơi,2
đạo đức quan trọng hơn tri thức,1
lúc đầu anh kia ko nghe ko giảng lại vậy tại sao ông ko nghe lại kêu hs mình nói lại nó thật sự sai,1
giảng viên dạy điện năng nhưng điên nặng,1
xchos đẻ,1
"thầy hiệu trưởng: anh giải thích tôi xem tại sao anh lm vậy.
ông thầy: giải thik các thứ
thầy hiệu trưởng: sao!? do trời mưa tôi không nghe rõ!
ông thầy:trời mưa không nghe rõ thì đeo tai phone vô chứ mắc gì tôi phải nói lại.tôi đuổi thầy hiệu trưởng khỏi trường !!!
thầy hiệu trưởng: ??????? naní ???????
ông thầy: ..............................
thế hai ông ngồi nhìn nhau.",0
hồi trước do mic hư nên bật míc lên nói míc bị hư không hiểu sao cả lớp lại cười?,0
tức,1
đuôi thây  đó  điiiii,0
ôg thầy kiểu..... hc phù hợp là thầy của các hs nếu trường hợp này thì tôi sẽ là ng đuổi ổng ra khỏi cái trường này khỏi dạy luôn chứ ở đó kick hs ra ko đúng chuyện,0
cho về vườn trồng rau nuôi heo cho ngẫm nghĩ lại những j mình nói.,2
có học thức dạy tri thức mà lời nói kém học thức.nghi dạy cho mẹ rồi.,1
thế ko dạy được thì nghỉ đi cho xong chứ ko có giáo viên nào mà hs kêu giảng lại mà ko giảng cả,0
"rồi ko có cái tai phone thì seo? kêu ổng cho tiền mua đi, thật là tri thức",1
ông thầy này bị j vậy mới nhắc cái câu đó  thôi mà nói ngặp ngừng là đúng ò,0
cô em mưa là cho nghỉ sợ k tiếp thu đc,0
mất dạy,0
thầy này chắc học xong san chấn tâm lý luôn,0
cac ban lo hoc di,1
có tiền làm việc nhưng chẳng có tiền học đạo đức,1
tao sợ thằng thầy ghê to nghĩ luôn đổi trường luôn chắc tuôi sợ thầy đó,0
vãi thằng thầy,0
thầy như  gì vậy trời,1
tư cách kiểu này mà cũng đòi làm thầy,0
trời ơi tui mà là og cậu học sinh ngày thì ơ thì thầy đuổi đi mai là có chuyện vui cho thấy đấy,2
thầy mà dậy đó,0
"bdh: thầy họp vs tôi
thầy:giải thik các thứ
bdh: a bị đủi . mắc mớ gì tôi phải ns lại",0
làm thầy hay làm chó vậy đã làm thầy cô thì phải có tâm còn làm kg đượi ra làm giang hồ đi khỏi nói đi nói lại vậy hỏi sao học sinh hư,1
dap thang vo mat thang thay giao ..giao vien an noi mat day vay ma con lam duoc thay giao..,1
"ổng mà ns với con tôi vậy là tôi đấm cho hộc máu mồm rồi.dạy học sinh còn hỏi có mồm,thính giác...vvv,đó là súc phạm còn gì.đó ko phải tri thức,mà là đạo đức tồi ko đáng dạy con ngừời khác",0
"đề nghị hiệu trưởng nhà trường đó đình chỉ công tác thầy giáo đó ngay,mưa gió là việc của trời,mắc mớ gì học sinh đó hỏi thầy giáo 1câu lịch sự,mà ổng trả lời súc phạm học sinh đó vậy",0
thầy giáo không truyền cảm hứng khi học mà còn tạo thêm áp lực cho học sinh.,0
học toán cho lắm vào rồi không học gdcd,0
co ông thây măt day zây,1
"ừ, thì xác minh đi. nếu đúng coi xử lý sao, hứ",1
yêu cầu đuổi việc và thu lại giấy phép của ông thầy giáo bố láo đi,2
lam bo đời đo,1
"hiệu trưởng kiểu:từ giờ anh bị đuổi về quê vì dám kick học sinh ra ngoài
ôg thầy kiểu:tôi xin lỗi vì tôi đã làm sai như vậy
học sinh kiểu:đuổi og đó đê eeeyyyyyyy
hiệu trưởng:gì anh nói gì tôi ko nghe rõ nói lại coi thui ngày khỏi làm nha 
i am godd boy",1
thầy mất dạy thật,2
ngày xưa đi học nếu k hiểu bài hoặc nghe chưa rõthầy bảo nói thầy để thầy giảng lạinhưg chỉ sợ ngại k giám bảo thầy nói thầy giảng lại thôi.nhưng thời nay đi hoc k nghe rõ hoặc chưa hiểu bài giơ tay bảo thầy giảg lại là bị đuổi.thầy cô bây giờ khác ngay xưa quá.,2
như vậy mà chưa đủ j nữa,1
sinh viên nguyễn văn an nói ông thầy ko nghe thì nên đuổi ông thầy ra khỏi lớp giống bạn kia,1
thầy giáo gì thứ này,2
thây la 1 ng đê hoc sinh tôn trong ma ă noi vô duyên nhieu khi mưa to co tai hoc sinh cung k nghe,1
theo tôi tay lắm chân bùn người miền nam là (miệng nam mô bụng chứa bồ dao găm) đó,0
trời đất ạ thầy gì kì:,1
"giáo viên là để giảng dạy ,dạy học người khác chứ không phải là đuổi học chửi vào mặt người ta với thái độ vô lý như vậy cái đồ ông thầy thiếu đạo đức",0
"ăn học nhiều ngu quá,, thiếu tri thức và đao đức của người thầy,, đổi nghề đi",0
tội quá :(,0
đúng là thay gì mà ko có đao đưc  nha truong duoi ông thay này đi,0
thầy mất dạy,2
cái gì vậy trời vô duyên dữ vậy,1
thầy giáo việt nam kĩu này thì cho thôi việc gấp kg thôi là học sinh bị ngu hết,0
nếu người ta không có tai phone thì sao,1
ác quá,0
đấy giáo viên cứ có mấy cái kiểu vô lý kiểu đó  hỏi xem coi tại sao bọn tôi ko vắng chứ,0
đâu cái này là thầy gọi mà,0
đang chơi game thầy gọi ko chú ý bị đuổi học là đúng rồi,0
đúng,0
attt3876  liên quan?,1
"attt3876  mỗi con người,ai cũng khác ai,có ng nghe phát hiểu luôn nhưng có ng ko hiểu chứ chơi game j ở đây,bạn hút cần sa có phê ko vậy?",0
"thanhathutaoplscomehome3136  bạn ơi, cô giáo tôi hỏi đang học đến đâu ko trả lời dc là ko chú ý",2
"attt3876  thế có người giỏi cái này,bạn ko giỏi đc cái đấy thì bạn có chấp nhận việc nó bĩu môi,chê bai bạn ko?",1
thanhathutaoplscomehome3136  ủa đang nói chuyện nọ xọ chuyện kia,1
attt3876  với cả ngoài nhà anh sv ở đầu video bị mưa thì ai nghe rõ đc?,0
"thanhathutaoplscomehome3136  đeo tai nghe, cô giáo tôi bảo thế",1
attt3876  tiếng mưa to thế tai nghe cũng ko giúp đc nhiều,1
"thanhathutaoplscomehome3136  tiếng mưa to đeo tai nghe vào là hết,các bạn nghe thấy mà mình ko nghe thấy",0
"attt3876  mưa nhà bạn yếu đc chưa,còn mưa ở nhà anh sv mưa to,với cả anh ý học tầng 1 mà?bảo sao ko nghe thấy",1
 thanhathutaoplscomehome3136  chơi game hoặc làm việc khác nên ko nghe thấy,1
attt3876  thế sao mik đeo vào ko hết?? giải thik hộ cái,1
arcticnix8841  bạn cho max volume tai nghe lên,0
attt3876  cho lủng màng nhĩ hay gì,1
arcticnix8841  cho nghe thấy,1
"attt3876  hôm trước nhà mik cx có mưa rất to còn có sấm sét nữa, bật lên hết cỡ cx ko nghe đc nhiu đâu",1
arcticnix8841  tai nghe đểu,1
"attt3876  nói chung học nghe ko rõ thì học sinh có thể hỏi lại, còn nếu đang chơi game mắc j phải hỏi",1
"arcticnix8841  đang chơi game thầy gọi trả lời bài,thì phải trả lời ,ko lẽ phang thầy",2
attt3876  rồi đang ghi bài thầy cô nói nghe ko rõ bộ ko có quyền kêu giảng lại à?,1
arcticnix8841  ò ảo nha sv mà ko có đồ tốt thì sv qq. nó đang cày rank tự nhiên thầy gọi phát thì chả bối rối rồi lấy lí do cãi cùn,1
"whatever2859  lúc thầy giảng ko nghe thì có thể nói giảng lại, còn chơi game ko nghe thì lỗi là do bạn",1
arcticnix8841  nghe nhoá đoạn clip này đã bị cut hiện công an và  nó đã bị cut rồi và kho ai bt a bn này đang lm gì,0
"whatever2859  nếu chơi game thì lỗi là của bạn ấy, nhưng học bài trời mưa nghe ko rõ thì có thể kêu thầy cô giảng lại !",2
arcticnix8841  tại phone rồi còn cãi,1
whatever2859 nói thế mà ko hiểu,0
whatever2859  đúng bạn,0
"arcticnix8841  những cái đứa bảo nghe ko rõ thì sao ko bảo ngay từ đầu,mà lúc thầy gọi đến rồi mới kêu em nghe ko rõ,mik nói thật là học online như này 70 là ngồi chơi bà làm việc riêng",1
"attt3876  đang học trời mưa thì nghe ko rõ, lúc đầu ko có mưa nên nghe rõ",1
attt3876  90 ấy chứ,0
attt3876  đúng rồi lúc đầu nghe ko rõ bảo luôn chơi đến lúc gọi thì sự a sử ớ thầy bực mình vì chơi game trong lớp tức ko lm gì đc cắt clip lên phốt og thầy,1
"whatever2859  đúng rồi bạn ơi, bạn nói rất hợp lý, khổ thân ông thầy",0
arcticnix8841  ngáo,1
attt3876  hok bt ai ngáo à,0
arcticnix8841  bạn,0
attt3876  nói ko hiểu rồi bảo tui ngáo,1
"arcticnix8841  kệ nó đi bạn, chắc hút cần ngáo nên nói vậy rồi, mình ko nên cãi loại đấy",0
bị mưa to xâm nhập,0
lở nhà ko có tai phonl gòi sao,1
làm thầy làm j ý thức và đạo đức còn thua cả zang hồ,1
thầy gì đâu mà kì vậy,0
ông thầy có tâm  ghê luôn thầy mà đạo đức thì như cái gì ấy thầy mà không dạy học sinh nói chuyện lịch sự gì cat,0
cô giáo t vẫn giảng lại bình thường,1
đúng là og thầy ác độc,0
tui mà học thầy ni tui chửi đéo ngắt,0
đời là bể khổ,0
kiểu này cho ông thầy về làm nông dân đi,0
thầy giáo j mà ko có đạo đức,2
thấy giáo mà như trẻ  vậy trời,0
ông t đó ko yên với hs,0
có tri thức mà ko có đạo đức thì vứt,1
"giáo viên này vô đạo đức quá, tự nhiên đuổi ! người ta ko nghe đc thì có sao ! nhắc lại thôi ! ông nội này vô lí quá à nha",0
theo tôi thì cậu học sinh này cũng sai bởi vì đây là tình huống bất ngờ mà cậu còn quay đc trước lúc đó nữa thì theo tôi là cậu này cố ý gài ông thầy ( suy đoán cá nhân thôi nha ),0
"người có đức mà ko có tài thì làm j cũng khó
người có tài mà không có đức là người vô dụng
thầy quá là ảo?? rảnh vc, nói nghe ko rõ thì kick?? u là tr-?",0
ông thầy này không biết dạy thì nhờ  nhà trường đuổi,1
"là ai quay mà bạn, lúc cậu kia bị đuổi ra khỏi lớp làm sao quay được khúc sau??? cái này là clip dài ngta chỉ cắt khúc trên thôi.",0
trường tôi hs chịu vào học online là mừng lắm rồi,0
thay kì cuc,1
toi anh do quá,2
thầy giáo bị gì â,0
thầy giáo như vậy mà nhà trường nào thu nhận dậy trời,1
ông thầy dô duyên vô cớ đuổi người ta ra lớp,1
người gì sao khó chịu,1
mất dại,1
không thể nào học thầy như vậy!,0
nhà trường còn giữ ông thầy này lại thì trường chẳng còn chút uy tín nào,1
toi la hieu truong la ki luat thay giao do lien,1
nghỉ luôn đi học làm gì nữa,1
thằng thầy lên phòng hiệu trưởng lúc đó trời mưa xog r á mới lên nghồi ghế vào nè r định nói xog ông thầy hieuj trưởng nói j ông nói j tui nghe ko rõ thôi thôi cút về lm ăn xin đí,0
gặp teo nhá kéo cả lớp lên chào og thầy,1
thầy như thế này thì dạy sv hư hỏng láu cá bất trị,1
cai loai khong co tai ma khong duc thi vut,1
ông thầy chắc thấy cái tạo đống nick để tha cho ổng nè,0
đây là sinh viên đại học chứ không phải các lớp cấp 2 mà muốn học hay không học,0
khiemhoang9751  đúng rồi vì họ là sinh viên rất quan trọng đối với kiến thức,0
học online bằng laptop gaming,1
nó làm thầy giáo    thầy khùng rồi đi chỉ qua đi  ngành giáo dục phải quan tâm hơn,0
vô duyên thế nhở cs trí thức mà hk cs đạo đức,1
"có tài mà ko có đức thì ko nên dùng, đuổi việc ngay, con sâu làm rầu nồ canh",1
"không nghe thì thôi mắt mớ gì với đuổi học, đáng vô tù",0
thầy giáo có trí thức rồi nhưng ko có đạo đức thì dạy làm gì cho học sinh hỗn theo à,2
tư cách giáo viên để đâu,2
họ trả tiền để học chứ họ ko xin để học ok thấy giáo là phải có đạo đức,1
wao trường mà trên màn hình cho thấy gần cầu xa lộ hà nội nè mik có đi ngang qua vài lần khi đi mua đồ,1
"tôi cũng có con học online, lúc mạng yếu cô giáo nói không nghe gì hết thì cô lại nói con tôi không trả lời không tôn trọng cô thiếu văn hoá, đôi khi tôi suy nghỉ   thầy cô  giáo như vậy chắc lúc nào cũng cho là tất cả điều hoàn hảo hết hay sao",1
"đề nghị kỷ luật thằng thầy này ,cho về vườn nuôi heo nái , thật là thiếu nhân cách ,,,,",2
"toang ông thầy
xin vĩnh biệt cụ",1
ai muon thằng giang hồ này vào dạy vậy,0
ua thay day gi ci vay sao  khong ghi luon di,1
"người tức giận là người có nhiều đau khổ, chắc là ông thầy giáo bị vợ cắm sừng",0
đuoi thay giao vo van hoa,1
thằng thầy như này thì gặp tao thì tao đến tận nhà tao cho ăn kẹo đồng,1
ngay xua học 10 đua đậu 9 đua ngày nay học 10 đua hết 10 đua về chăn bì,1
thầy này chắc k học đạo đức lớp 1,1
"mất dạy phết,zs",0
"ngầu, ngầu thế, ngầu quá thầy ơi, thầy là nhất, thầy 10 điểm, thầy là siêu nhân hay quá thầy ạ 
















chán cái ý thức :((",2
nhà trường có uy tính à,1
"công có ý thức mà ko có đạo đức,  mai sau cháu của ông nó cũng như ông đó",0
đừng tưởng mình có đạo đức sống phải có tri thức,1
thằng này là ông nội rồi chứ thay giáo gì nữa,0
thầy mà ko có ý thức,1
thằng thầy dạy kì cục,1
trường của tui ai ko nghe thì nhắc lại ko thiếu một chữ còn cái này kì vậy,1
ổng cũng đâu nghe cm j đâu phải đuổi ổng khỏi lớp mới phải,1
hiệu trưởng trường giải quyết như nào đây. thầy có đạo nhưng ko có đức không xứng danh làm thầy của nhân loại,1
nói chuyện nghe ứa cái lỗ tai ghê á chắc lỗ tai ổng để trên trời,0
"mình là gv mà học sinh xin giảng lại là chuyện bình thường ,với giảng một lần thôi mà.
mắc mới gì mà kích học sinh ra khỏi lớp",0
ông thầy này đủi việc lựa thầy kiểu gì thấy ghét,0
vậy làm thầy chi,1
thay giáo mà giống như máy thang con đồ,1
"và đây là bab ending
bad ending: thầy bị đuổi việc và bị đuổi ra khỏi nhà",0
"thầy hiệu trưởng: sao anh đuổi nó !
thầy: tôi ko biết 
thầy hiệu trưởng: anh ngày mai sẽ bị đuổi việc
thầy: giải thích mọi chuyện
thầy hiệu trưởng:tôi ko nhận anh nữa!!! ko thì bảo nó đóng cửa!!!
thầy: xin thầy đừng đuổi tôi
thầy hiệu trưởng: ko bao giờ
cái kết  thầy bị đuổi việc",2
tôi mà có ông thầy như vậy. thì tôi chắt chắn là mẹ sẽ chuyển cho tôi học trường khác,1
thầy này láo,2
coi ma thay tuc,1
thầy giáo gì mà nói chuyện như bụi đời,0
ác quá,0
không có đao đuc thì day dô ai,1
yêu cầu đuôi việc gấp,2
đuoi viêc ngày.thầy giáo như vây đào tạo ra người như thế nào đây,1
đuoi viêc thầy giáo gấp,2
trời ơi á,1
anh đó chỉ ns giảng lại vì trời mưa to thôi lm thấy ghê,0
"loại này không đáng để chúng ta gọi là thầy,là giáo viên...loại chợ búa thì nên làm cv gì chợ búa thôi....làm cái nghề giao giảng đạo đức có vẻ không hợp lí",0
thầy gì kì vậy chứ thầy em còn đàng hoàng hơn haizz tội mấy anh cj học thầy khó quá tội mấy anh cj haizz,0
dù là clip có cắt bớt hay gì đó chăng nữa.thì cách cư xử của thầy cũng k xứng đáng để  gọi là đại diện cho ngành giáo dục.đạo đức và nhân phẩm của một giáo viên thầy đã đánh mất rồi. thật đáng tiếc!,0
vô duyên quá,0
thầy gì tào lao vậy !,1
"thầy nói thế tao ghi âm lại gửi cho hiệu trưởng, người lớn nhưng nghĩ sai thì tôi đây nhỏ cũng ko ngại đáp trả gắt lại đâu",1
cây cú rồi nha nảy giờ coi 2 cái video liên quan đến học rồi nha,1
thây giao k co đao đưc,1
trời trời làm thầy kiểu này chết luôn,0
học sinh bây jio ko như hồi xưa đầu so thầy so cô như cọp jio mà lao nhao là cho ăn cháo liền,2
song ma khong co dao duc,1
dap ong thay khong lam giao vien thi nghi,1
dạy học mà không có tâm,0
ko có đạo đức,1
sao mà ông thầy này.,0
dọa cho ra lớp tiếp lớp 2 cũng có phụ huynh cho đấu võ mồm lớp lớn là cho nghỉ việc ở đấy láo,1
"em không có thì phải làm sao ??? mẹ em không mua cho em đấy, thầy bảo mẹ em mua đi chứ em không biếc j đâu ắ",0
thầy này tui gặp  vậy tui đập iphone thầy,2
đúng là người ko có ý thức vậy đi làm thầy giáo,2
thầy như vậy thì dạy học sinh ngoan ngoãn sao được,1
thầy mất dạy,2
"sao lại đuổi chứ không có đạo đức gì hết,thầy phải làm gương cho học sinh mà",0
ỉ làm thầy mà bắt nạt học sinh sống như dấu ...,0
cháu mình học mà lỡ nghe k rõ hỏi lại ổng kêu tự kiếm đi bữa nào cũng hỏi với giọng nạt nộ.,1
xin cái facebook,1
người thầy thật là có đạo đức,2
"học sinh :em nghe ko rõ thầy có thể nói lại ko ạ!
ông thầy:ko nghe rỏ thì nghĩ học
học sinh : j vậy trời",2
"giáo viên náy quá mất dạy, làm nhục sinh viên,đuổi ngay ông ta không cho đứng lớp nữa,",0
là sinh viên v,2
hokbitbanoau3504  ông thầy nghĩ trong đầu :mẹ c,1
bản chất thật của giáo viên,2
tẩy chay ông thầy nầy đươc rồi.,0
ông thầy giáo gì đâu mà kì cục thiệt chứ,0
z mà cūg làm giáo viên nūa,0
an hoc co nhiu vo nc nhu giang ho .,1
dô diên,1
phải dậy hoặc đào tạo lại,0
tui là tui đấm ổng từ lâu rồi đó,0
"thầy giáo gì mà tự cao tự đại, ngày xưa ông còn đi học khi không hiểu hay nghe không rõ thì giáo viên có giảng lại cho ông không, chứ tôi là giáo viên giảng lại và hỏi rất chân tình. em hiểu chưa.",0
"thầy giáo : anh bị đuổi ra khỏi lớp
thầy hiệu trưởng : anh bị đuổi việc !
thầy giáo : để tôi giải thích cái đã
thầy hiệu trưởng : không nói nhiều bị đuổi việc!",1
nói chuyện như thế thì tri thức j nữa,1
quá bức xúc.mong công an xớm vào cuộc đều tra  đuổi việc hoặc kỉ luật thầy giáo này ngay.,2
"giáo dục là tri thức đánh bại sự dốt nát .
chỉ có những ngừoi có tâm, dành tất cả tình yêu chân thành của 1 ng thầy chân chính để dạy các em. người đó khó tìm ra khoảng 10 mới có.",2
người mà hk có đọa đức làm thầy giào làm chi.,0
"học sinh ko nghe rõ thì thông cảm cho học sinh, chứ đe doạ học sinh là sao, thầy giáo kiểu j z",2
đình chỉ việc thằng thầy giáo này ..,2
nay ai cũng lm giáo viên đc hết vậy. nc như giang hồ thì đi dạy đạo đức cho ai,0
sao lại vơ đũa cả nắm thế?????,1
cá nhân thôi,1
ra kiện lun sợ j ạ,0
vậy hiệu trưởng nói ổng ko nghe rõ thì đuổi việc đi,1
"tôi, tức giận, ông, thầy",1
"tôi đã, tức giận,",1
ai bảo mày lộ tai cút o,0
"thầy quá đáng dễ sợ
mình gặp là mình bóp cổ luôn á",0
chơi như vậy rồi ai chơi lại ?,0
ông neeyf mà gặp thằng hs đời solo với ông thầy bên kia thì....,0
có tài mà ko có đức thì vứt,1
người có trí thức chắc gì có đạo đức,1
"như tôi, tôi đấm cho mấy phát",0
its true that the shoveling teacher bumped into me and i cursed him for being a shovel that is both a dog and an animal,1
sao hỏi gì kì vậy,1
đuổi đi,1
vai ca ong thay,1
thầy gì kì quá,2
"thầy giáo mà như vậy k ăn đòn mới lạ. đấm cho nâu 2 con mắt thì cũng chả sợ gì pháp luật, có những việc phải giải quyết bằng nắm đấm",0
ong thay nay qua dang lam luon a troi gap toi la toi ko nhin duoc luon a sao anh ko can đam len,1
thầy bị ảo à,0
"dậy không được thì nghỉ đi, đạo đức để đâu zậy",1
thoi thoi nhà trg bới điêu đi chán mấy cái đạo đức giả của thầy cô lắn r,0
ông thầy bị gì rồi,0
"khai luôn lên hiệu trưởng , kỉ luật ông thầy này . có tài mà không có đức , vứt hết .",0
"ng này chỉ nên đc gọi là thằng, k đáng đc gọi là thầy",1
"tôi chưa nhìn thấy mặt, mắt, tai...của thầy ....khùng .",0
"học sinh lúc nào cũng bị thiệt thòi,ko công bằng,mong sở giáo dục quan tâm đến hs,sv",2
vậy rồi ông thầy giáo này còn dạy ko ta kiểu này cho nghỉ dạy lun chứ giáo viên gì hành xử ko giống bậc thầy,0
ông thầy mất nết quá đi,0
"những gì thầy nói là quá đúng, trước khi mình học mình phải có sự chuẩn bị trước, nếu ai cũng như em thì chắc ông thầy ông khỏi dạy luôn",0
thầy ác vãi thà méo có ông thầy này,0
thầy gì mà bức xúc quá,0
"chửi và đuổi như thế mà lúc sau bày đặt nói nhắc nhở nhắc nhở mà đuổi thế à, vô lí thế cx ns đc",0
vậy làm giảng viên  giáo viên chi ăn tiền của bố mẹ học sinh thì phải dạy cho đàng hoàng với mưa là do thời tiết chứ đâu phải do nam sinh đó muốn đâu là giảng viên giáo viên vậy thì nghỉ dạy đi để nền giáo dục nước nhà ko bị ảnh hưởng xấu,0
thay giao la cha me ma muon sao cung dc .,1
riêng thầy là ko bình thường thôi. hách dịch.,1
ờ máy dinh. gút chớp thầy. thầy là nhất thầy nhớ,2
đuổi hộ cái sinh cái địa chỉ,1
cô tui cx z mic tui hư mà bã đuổi tui ra khỏi phòng không cho vô phải qua hc nhờ nhà bạn bè,0
"27 nghe rõ rành rạnh mà ổng bảo k nghe, ổng cũng hơn gì anh hoàng đâu. ngta là sinh viên rồi mà làm thầy kiểu gì nói chuyện với ngta như nói chuyện với cấp 1",0
thằng này mà thầy giáo j trời.,0
"nếu tui là hiệu trưởng: anh nói cái gì thế, tui đuổi việc anh bây giờ,làm việc cho đàng hoàng zô
thầy: đc thôi
tui: nói to lên thg tró kia mày bị câm à
thầy: ơ thế mày bị điếc à
tui: mày ra cổng trường luôn tao đưa mày lương luôn ko cần phải làm nữa.đúng là thông minh mà ngu xuẩn rớt não",0
làm ăn kiểu này thì nghỉ mẹ đi em tôi ko nghe rõ bảo cô giảng lại vẫn giảng lại vẫn giảng lại cô còn tự bảo là ai ko nghe thấy để cô giảng lại cơ,1
nghe mà khó chịu thay,0
thay giao có ý thức. sử sự như thằng côn đồ,1
"người gig đau mà mất nết 
ta ko nghe rõ thì giảng lại cho ta nghe một lần hoi đau có mất cái gì đau mà chửi   người ta giữ vậy",0
quá thiếu đạo đức,0
có ông thầy này trong trường chắc chết ,0
ông thầy điên,0
ôg thầy chắc bị ngáo r lm thầy giáo thì phải bt tôn trọng nâng sinh viên lên hàng đầu chứ bt sinh viên khó khăn r mà như thế này thì đáng 100 đuổi việc,2
nga tất cả phụ huynh phải đê bạc lên cái hành vi này,1
hơn 3 phút rồi :,0
ý thức của thầy như đứa bạn tui vậy đó ý thức như cái quần què,1
nghĩ dịch lâu nên thầy quên,1
"thầy nói chuyên giống vô học quá, về nhà chăn trâu thì đúng nhe thầy.",2
tự nhiên nói em vậy !!! em nó nói thế thì nói em nó nhẹ nhàng chứ sao mà nói nghe nặng nề thế !,0
thầy giáo gì vậy trời. ai mà học cho nổi,0
người có kiến thức nhưng ko có đạo đức,1
thầy như này về vườn đi dạy gì tầm này,0
thầy giáo có trí thức chứ đéo có đạo đức,0
thầy môn gì cũng học mà có môn  đạo đức không chịu học,1
"thầy hiệu trưởng: mai tôi đuổi việc thầy 
ông thầy:có làm gì sai đâu
thầy hiệu trưởng:mưa to quá tui ko nghe rõ",2
chắc do thầy nghĩ môn đạo đức chỉ là môn phụ nên ko học,1
trả tiền nó dạy mà nó xạo l à,0
đạo đức để ở đâu,1
đạo đức nên giáo dục của vn đấy,0
"trẻ con ko biết phân biệt đúng sai chỉ nghe theo người lớn thôi
thầy là dạy hư học siinh",0
có tài mà không có đức,0
nếu là tôi í là tôi gọi thẳng cho nhà trường luôn,0
chửi thẳng mặt ổng luôn,0
thây qq j dã,1
lỡ ko có tai phone thì s,1
thầy hiệu trưởng kiểu: thôi thôi thầy hay lắm tôi cho thầy đi chơi vài thế kỷ,0
ông thầy ác quá,0
chỉ cần học lại cuốn đạo đức từ 1-12 là đc,1
thầy mà như vậy,0
em khuyên thầy 1 câu chân thành: nghĩ dạy đi là dừa,2
dung la ong thay ko co dao duc j ca,0
ôg này vừa thua số nè,1
"k có tư cách thì dạy ai hả thây? đầu tiên ngành giáo dục có câu. tiên học lễ hậu học văn. thầy k có lễ sao dạy học trò có lễ? có tài k có đức là kẻ vô dụng. nhà trường để 1 kẻ vô dụng dạy học sinh, thử hỏi thu tiền học phí sao đây?",1
tôi là giám đốc đó,0
thầy như vầy là phải đuổi việc thôi!!!!!!!!!,0
nền giáo dục chợ búa nên đào tạo thế đấy,0
ai có id phòng lày ko,1
thấy giao có trí thức  mà đạo đức như qq,1
thầy không có đạo đức,1
rồi ko giải quyết luôn nhà trường gì kì vậy,1
thangthaylaoqua,1
"người thầy này nói năng kì cục quá, . không biết tôn trọng mn, lại còn làm giáo viên nữa chứ. haiz, thầy giáo này vô lý quá",2
cho thầy nghỉ dạy lun đi.,0
"thay giao noi chuuen kieu di vay ,thay giao may chat muon an mai ne",1
thầy có não không,0
"ông thầy này có tính 
1. nóng nảy 
2. hách dịch
3. trịnh thượng 
đừng làm giáo viên hỏng nền giáo dục",1
ông thày ổng bị gì mà mưa thì phải nói từ từ với học sinh mà giải quyết chứ,0
eee hơi bứt công à nha khổ thân,1
ông thầy này mới bị vợ chửi nè,0
ông thầy này đuổi là vừa,0
?????????????????????????????? họ nói gì thế,1
kh nghe rõ củng đâu phải nh thế,0
giao viên sao lai goi hs la anh .ma tinh khi nong vây chăc lam anh chi gian hô thi hơp hơn .,0
xử lý ngay,1
thầy gì vậy trời.,2
làm giáo viên mà ko kìm chế đc thì dở r,0
thầy kiểu này nghỉ dạy cho r,0
thầy giáo j mà kì cục vậy,2
"thầy có tài mà không có đức thì bỏ , thầy gì đâu mà như cái db",0
mi khùng hả thằng thầy kia đuổi cổ liền,1
thầy có muốn đi dạy nữa ko,0
gặp tôi là tôi  là  tôi đá chết ổng r,0
cái clip này là em tức lắm em tức lắm rồi,0
thầy hiệu trưởng : từ mai anh được nghỉ dài hạn,0
thật là một thầy giáo thiếu đạo đức,2
"lớp tôi:thầycô ơi mạng em nó lagmưa to quá em không nghe rõ loa bên em bị hư, lỗi... mic thầy bị rè...... thầy giảng lại được không thầy?
nhưng mà thầy cô lớp tui không gắt nhưng thầy này",2
thầy giáo kiểu gì chẳng thông cảm người ta,0
thầy như vậy có xứng ko sao mà dạy cho sv,0
thây nhụy vây nên về vườn sớm đi,1
đúng là người có tri thức chắc gì có đạo đức,0
nghỉ đi đừng dạy nữa thầy nhá,1
"hiệu trưởng:tại sao anh lại nói hs như thế,mai lên phòng làm đơn nghỉ việc
thầy:tại sao ạ(kể hết mọi chuyện)
hiệu trưởng:ui thôi chết tôi ko nghe thấy j cả i am sorry
thầy:(t-t)",1
"thầy giáo đó:đuổi học sinh
hiệu trưởng:my turn",2
thầy giáo dạy như này là hỏng r,0
thầy z rồi đi dại làm j,0
"thằng này mà là giảng viên, là thầy giáo, làm nghề giáo dục đây đó hả????",0
chuẩn,1
u là trời trong lúc mà ổng chửi thì đã kịp giảng lại rồi,0
ông này mà được làm thầy giáo tui nể nghỉ đi đừng làm nữa trước sau cũng bị đuổi,0
người có học nhưng ko có đạo đức,1
tôi thà không học còn hơn học ông thầy đó,1
thầy giáo ko não,2
dạy ko đc thì nghĩ dạy luôn đi.,0
đúng là có tài nhưng ko có đức ,0
"lam thây nhưng chưa chăc co đao đưc, trí thưc......",1
"cô tui cung vây rôi, kê cho nghe ne: cô tôi luc ây co giơi thiêu chô nghi chư, nhưng cac ban cua tui no cư, bâm nhâp chư liên tuc, va tui no thâm chí con trò chuyên vơi nhau. cô tôi tưk qua nên bao: ai nhăn nưa cô mơi ra khoi nhom ngay!!!!, va cô day tiêp, nhưng có 1 thăng no tương ko đc nhăn chư đâu phai ko đc mo mic noi, va no noi: em cô.....
va cô đa la no tai tat xanh măt va cô đa đuôi no ra khoi nhom......",1
"tưởng tượng một nơi nào đó
 nơi mà bạn có thể tham gia một trường học lạc quan, một nhóm chơi game hoặc một nghệ thuật cộng đồng. nơi mà chỉ có bạn và một số bạn bè dành thời gian cho nhau. một nơi giúp bạn dễ dàng trò chuyện hàng ngày và gặp gỡ thường xuyên hơn.",0
5oo ae oi toi nha thang thay nay hoi tham no ti coi.thay giao deo co dao duc.,1
thầy giáo thiếu đạo đức,2
này thì đuổi học sinh h đuổi thẳng ông thầy,2
nếu có một sinh viên có ý thức học tập tốt như vậy thầy phải mừng vui vẻ giảng lại cho e ấy chứ! sao thầy lại có những lời lẽ và hành động như vậy? liệu thầy nghe lại đoạn ghi âm này thầy ngẫm xem thái độ và hành động của thầy đối với em sv này và cả lớp có đúng với một giảng viên trường đh không ạ?,2
ông thầy llllllllllllllll,0
ông thầy này chắc nhờ bên y tế cho vào bệnh viện tâm thần quá ko đầy đủ giác quan chắc ổng ông ko đầy đủ giác quan nên mới ko dám giảng lại nhiều lần sợ sai bị sv nói lên ban giám hiệu,0
thay nay chăc het muon song roi,1
thầy giáo này không biết dạy,2
ng đo phai la thay ko z trời,1
mắc mơ ...thầy mới nói :ko nghe rõ bước ra khỏi lớp thế thì thầy nói các em nói lại cho thầy....thầy nghe cũng đâu rõ thầy nói ko nghe rõ bước ra khỏi lớp vậy các sinh viên khác nói thầy ko nghe rõ thì thầy cũng phải bước ra khỏi lớp chứ,1
nhung nguoi dung lop nhu the nay ko du tu cach goi la thay .do chi la giang vien kiem song bang nghe cua ho thôi. dung hieu nhằm. thay la người co tu cach ko khac gi bac cha mẹ. con nhung nguoi nhu vay thi chua dc goi la thay dau do nha. chi la ke lam cong an luong thôi,0
hoc cang cao. tu cach xh cang mất. do la thuc trang cua may giang vien truong dai hoc,1
đề nghi các cấp xem lại vùng xanh sẽ đc đến trường và những ng như trên cần phải nói cho đi vào lòng ng chứ,0
"học online tùy hoàn cảnh chứ bắt buộc học hết sao được,gd khó khăn sao cho con học được",1
thấy giáo kiểu gì,0
ông thầy này xin ra khỏi trường  tôi kêu hiệu trưởng đuổi việc ngay đấy,1
ngoi thay gi ma ac giu vay,1
thầy vô lí vãi mưa là do thời tiết do gì người tao thầy ảo rồi,0
thầy giáo mà coi học sinh của mình như loại khác người thì không lên giảng dạy ảnh hưởng đạo đức cho thế hệ sau. mong chính quyền công khai xử lý vụ việc này,0
thầy gì đâu mà dữ như con cọp là tui tui còn không sợ nói chi mấy anh,0
"tôi thấy học sinh nói chuyện rất lễ phép, mà thái độ của thầy giáo bất cần vs sinh viên, cho dù như thế nào cũng ko nên xuất hiện cái thái độ cậy quyền như thế ở một giáo viên. mong muốn nhà nước sàng lọc những giáo viên không có đạo đức ra khỏi ngành",0
lơ như ko có tai nghe thì sao nhà ngheo làm gi có tiên mua,1
ông thầy này bị đuổi khỏi ngành giáo chưa.,1
quất cho ổng 1 câu : ba em bạn hiệu trưởng,0
ui là trời là thầy giáo đó hả ok có đạo đức thì bỏ nghề đi,1
toi thich ong thay nay qua cho toi gap de bat tai vai cai  an luong nha nuoc ma luong tam o dau vay neu kg co hoc sinh thi lieu co dung tren but giang hay kg,2
giờ thì vui rồi,1
"bó tay thây giáo, vây mà cůng đűőc làm thây giáo cő, cđm hãy bão vê các e sv",0
ông thầy bố láo,1
"chj tui cũng bị như vậy đó 
cứ học hok nghe rõ là bị 
đuỗi thôi bị liên tục luôn
tui thấy các thầy cô tuy có trí thức 
nhưng ko hề có đạo đức cứ một chút 
là đuổi thôi ko chịu nghe giải thích",0
"học sinh, sinh viên giờ nó giả ngơ đạo đức đó bạn. thực tế là vậy. và hiện thực là cả 2 bên đều có xấu và tốt.",2
"trên lí thuyết thì thuyết phục ấy
thực tế thì um.... hiểu r ấy",1
"thầy giáo mà ăn nói kì vậy, ko có tâm gì hết trơn à, đề nghị nhà trường làm việc lại với thầy giáo này đi",0
thầy hiệu trưởng đã xem,0
"haiz , ko bt ai cho ổng lm thầy nữa",2
cái trường nào mà cho ông thầy mất dạy vào,0
lỗi thầy giáo khùng vậy mà nhà trường còn bênh cho được . bao che thối nát tới thế là cùng,0
chắc ông thầy bị bay não rồi,0
thằng thầy giáo này láo,2
trời ơi,1
thây gi đâu ma giữ qua đi,1
mất đức rồi,0
có phải thầy giáo không trời,2
đi học cô bảo có ai hiểu hoặc ko nghe rõ thì để cô giảng lại còn đằng này thì đuổi lạ nhể,1
mang tiếng là thầy mà ko có đạo đức,0
thầy vô văn hoá h nhà ng ta k có tài nghe thì sao chắc gì đã dậy giỏi hay toàn dùng sách giải bài nào khó quá các em đợi thầy tí thấy check app giải đã 5p quay lại giải như thần,1
thay co dao dacko,1
người thầy mất dạy,2
thầy bị say riệu r bị ngáo đá đấy,0
"cho ông thầy nghĩ việc....,hs hay sv học kg hiểu thì giảng lại cho người ta chứ, còn người mà kg muốn học thì họ đâu cần nhờ giảng lại ....",0
"thầy là 1 ng thầy giáo để dạy cho các em hs có kiến thức ,ng thầy mà ko có kiên nhẫn thì sao mà dạy tốt đc cho các e ,cậu học trò bảo mưa to thì nhờ thầy giảng lại , thầy đuổi luôn ra khỏi phòng (thế đấy là thầy giáo ak)",2
ông thầy ba mẹ k dạy đò ông thầy mất dạy,0
ông thầy mất dạy,0
thầy ít kĩ quá,0
cs não mà ko có tâm,0
tội sv ghê,0
thây nay chăc hăn ko hoc đạo đưc đâu ha,2
loại này ko đáng làm thầy giáo,2
mình học online trời mưa to cô cho nghỉ tối ko mưa mới học.còn thầy này nghe ko rõ bị đuổi hết học cái gì nữa.,0
chỗ tui mưa lớn thầy nói nhẹ giảng lại ai như ông này,0
ma nghe ong noi ma tuc .,1
"thầy hiệu trưởng kiểu: anh cho tôi mượn chìa khoá phòng nghỉ của anh
ông thầy: đây ạ
ông thầy hiệu trưởng:rồi,về đi ko cần dạy nx đâu",0
ông này nghỉ dạy luôn đi,0
"thây ma không co đao đuc
ko co đao đuc 
ko co dao duc vô duyên",1
vậy mà làm thầy,0
ong thầy này bị gì đó dạy thì dạy bằng tấm lòng,0
cho ôg này nghỉ dich dài hạn nhá,0
nghe ông này nói mà buồn thay cho cả nghành giáo dục...đi dạy học mà quên mang theo não!!!,0
ko học đâu có chết,0
có tài mà ko có đức thì vứt đi,1
đúng rồi chuẩn không cần chỉnh,0
ủa có 1 người ko nghe dc thôi mà mắc gì lôi cả lớp vào rồi ko nghe dc rồi đuổi ra trờii,0
nếu tôi vào trường hợp anh này tôi sẽ nói: ông làm nghề thầy giáo để lm gì để dạy cho hs mà ông ko dạy dc thì nghỉ đi là vừa vậy thôi,0
ủa ngộ ghê ha mưa to ngta ko dc là đúng rồi ko giảng dc thì thôi ủa việc của thầy giáo là giảng bài cho hs mà thầy ko lm dc thì chịu thua,0
"cái thằng thầy  mất dịch, giận cá chém thớt",1
ông thầy này chắt có đủ tay chân miệng..... đúng là..... k,0
thà kêu trả bài mình kêu mưa to ko nghe thì ko nói học sinh đã cố gắng nhưng ko nghe dc xin giảng lại mà vậy thì chết rồi,0
ô nhục nghề giáo vn,1
"ủa ông này hay nhờ , lỡ ng ta ko có tai nghe thì sao , sao ông ko bt suy nghĩ tình huống đó đi , mà cậu đó ng ta nói năn vs ông đàng hoàn , mà ông nói v à ? , ông lm thầy hơi bị lâu r đế",0
"ông thầy này đi dạy mà del có đạo đức thì dạy học làm j 
tui khẳng định vs ông thầy giáo là dell có đạo đức thì dell cần dạy",0
tui mà là ph của thằng bé chắc tui kiện lên trường cho thất nghiệp luôn,0
có tài mà không có đức coi như là đồ bỏ đi,0
dạ ..em chúc mưng thầy . thầy về huu sớm nha thầy . k có tư cáchtrong nghành giáo dục,2
xem ra thầy  này là thầy dạy du côn à lm thầy giáo mà sao cách ăn ns và cách ứng xử tình huống tệ quá,0
ôi giời ôi,1
thầy giáo này yêu thích học sinh rồi mới vậy,2
ăn học vậy làm thầy giáo chi vậy a nhà a kô vợ con nhỏ a,1
tôi thì chửi ổng luôn,1
binh nhau hết ròi,1
có đúng là thầy k vay,0
học mà như vậy thì đuổi đầu ông thầy luôn đi,1
"trong khi sinh viên nói rất lịch sự, rõ ràng mà ông thầy lại như vậy, chả bt thông cảm cho sv j cả:((",0
"các bạn nên xem từ đầu đến cuỗi, thằng hs có khi éo tập trung bị thầy hỏi, thế là giả vờ trời mưa, thế cũng đáng bị kick",0
gặp tui nói : cc t nghỉ,1
ông thây mât dai,1
cho thầy này về hưu sớm là đúng,0
có tài mà không có đức quên câu bác hồ dạy quên hết rồi,0
lở nhà ta ko có phone.,1
học sinh giang hồ thì giờ có giáo viên giang hồ,2
ông thầy này quá mất dạy,0
tro co đây đu măt tai.nhưng ngươc lai thây ko co đu tai nên ko nghe gi,1
"thầy said : thầy hiệu trưởng ơi bên em đang karaoke em k nghe rõ thầy đọc lại đc k ạ
hiệu trưởng said : anh k nghe thì ra ngoài đi nghe chi người ta karaoke thì anh ra hát chung luôn đi họp chi",1
"đuổi thầy ra khỏi nghề giáo cho đi lươm ve chai, thầy nói trò kg nghe rõ trò nói thầy cũng kg nghe đuổi",2
thầy có tri thức mà không có đạo đức,1
đúng là trí thức và đao đức không được song hành,0
hiêu trưởng trường đuôi dum thây giao nay,1
"ngộ ghê ha ông thầy cs 102.
giờ dậy ko?",0
học thầy lộc fuho sướng gấp 10,2
ông thầy này chết chắc rồi,0
người thầy như thế này thì tốt nghĩ hưu về dạy mấy con vịt đi nó kg bt phản ánh đâu,0
thây giáo học cao qua nên quên đạo đức rôi,1
làm vậy ai dám học,1
khốn nạn vô văn hoá,1
sao nhà trường lại tuyển thầy giáo có kiến thức mà ko có đạo đực nghề nghiệp nhể,1
thầy gì mà ko có đạo đức,0
mỗi người phải có trách nhiệm với mình chứ thầy nói chuyện như vậy thì ai mà học nữa,0
ông thầy vô duyên quá,0
thầy giáo dạy tốt mà đạo đức như vậy đúng ác mà,0
xin vĩng bt cụ nhá,1
em nghĩ nên đuổi ông thầy này ra khỏi trường đi cho lành,1
làm giáo viên mà đạo đức bị cắn mất rồi hay sao,0
ông thầy kì cụt,2
chắc kiểu ông thầy này có kiến thức mà ko có đạo đức thì dạy học sinh ra hồn gì,0
"chơi j kì vậy trời thầy j đâu ko , má thầy giáo qq , thứ ko đạo đức j hết , vậy làm thầy làm j nữa , thứ ko đạo đức j hết",2
tri thức quá !  .,0
đã là thầy thì cho ra thầy. còn kg về quê chăn lợn...,2
lí do mưa to k hợp lí,0
thầy này chắc vừa bị bồ bỏ hay vợ bỏ đói đêm qua nên quạu với sinh viên như thế,2
thầy cứ tưởng mình là bố tướng ấy,2
có tài chửi chứ đâu có đức để dẫn dắt... tướng k giỏi thì nhanh bể trận thôi,0
vậy thầy mới nổi nha thầy,2
bởi vì thầy lo   sợ sv nghiện game nên  phải xử lý nghiêm khắc phải không nào ? a bn này cày rank bị thầy phát hiện lì đầu cai và cái kết là bị thầy xử nghiêm,0
thây mình khác hoàn toàn học môn ngữ văn trời mưa thầy con dành thời gian giảng lại nx cơ,0
cây cú,1
thầy mất dậy,1
ông này dạy online nên thầy hiệu trưởng ko thấy được trên trường thì...,1
"thầy hiệu trưởng said: thôi từ nay về sau anh nghỉ làm giáo viên đi nhé.
thầy đó said: tại video đó chưa rõ về vụ đó.
thầy hiệu trưởng said: thầy nói gì tôi nghe không rõ không chịu bữa nay nghỉ thì ngày mai nghỉ nhé.
thầy đó said: .......?....... .
đúng là những người thầy có trí thức mà không có đạo đức thì nên bị đuổi và tặng cho 1 cuốn sách đạo đức lớp 1 và từ từ lên lớp 12",0
"ủa bị khùng hay gì mà lại bắt hs ra ngoài mà còn phải nói tôi tên nữa, thầy ko hc lớp 1 đạo đức hả (cái này cái hơi quá lời ai thấy khó chịu thì em xl ạ)",0
cai loai thay nay ma vao lop toi a thi chi co len mang bi chui nhuc mat,1
thà giảng lại còn được,1
khốn nạnnnnnnn,1
kieu nay quai đuoi thoi,1
bo giao duc dau dua ong thay nay ve cay ruong gium,1
mình thấy bạn sinh viên đó nói năng lịch sự mà thầy sao thô lỗ quá,0
mang tiếng là thầy giáo mà lại vô đạo đức thế thì làm giáo viên làm gì ai thấy đúng bình luận nha,2
"giảng bài như vậy thì giảng làm con  gì 
tri thức chắc gì có đạo đức",1
người có học mà ko có đạo đức thì cần j làm thầy,1
thày này noi vay kg đc,1
cái ông thầy vô văn hoá v ):,1
người có tri thức mà không đạo đức mới là người bị liệt nhân cách không bình thường đó.,0
thây giao ma như vây đao đưc con hok co ma đoi day hoc sinh ngươi ta,1
thầy giáo dì kì dạ trời vậy làm thầy giáo chi trời,2
cái đồ thầy giáo mà vô đạo đức,0
tính cách siêu xấu,1
ông thầy mất đạo đức,1
"như lớp teo 
cả lũ rủ nhau out hết r
báo cô chủ nhiệm",1
"cô tui khi ko hiểu hay ko nghe rõ diều giảng bài lại, chứ cái ông thầy này thì ko biết nói sao",1
"ông thầy : đừng đuổi việc tôi
hiệu trưởng: mưa to quá tui nghe ko rõ mai anh nghỉ việc nha",0
thầy đó bị điên rồi,0
quá đáng! cái ông thầy này là tui ko chấp nhận đc. ko có ông thầy nào mà như ông này hết! thầy giáo gì mà ko có đạo đức gì hết á!,0
học trò học ngu hay ko là do thầy cô,2
thầy như vậy đui ra khỏi ngành đi,1
ông thầy này kì kục quá à,0
nên đình chỉ việc của người thầy này vì là một giáo viên lại có những lời nói vô đạo đức như vậy có tài mà không có đức thì cũng thất bại thôi,1
đoạn đầu kiểu gì học sinh cũng méc phụ huynh...méc song phụ huynh chửi thầy,1
cái ông thầy không đúng mày nói vậy,0
"tôi ủng hộ cho ông này về vườn, bởi vì nếu cứ tiếp tục tình trạng như thế này chắc học sinh nào cũng bị bệnh tâm lý cao à.",0
hiệu trưởng nhà trường luôn xin thông cảm khi mọi chuyện đều được phát hiện và như thế mới có mấy người giáo viên như trên đó dể hiểu mà,0
ăn mày có vỏ là đắt không thấy mất dạy này rồi trời mưa mà có gì đâu người ta không nghe rõ là đúng rồi làm gì dữ vậy,0
đề nghị trong chuyên ngành sư phạm nên có thêm cái môn đạo đức. và môn đạo đức nên có hệ số nhân 3.,1
ko có đạo đức,1
thầy thế này thì cho thầy về vườn luôn,2
con không có,0
"hiểu trưởng: để ngày mai trời mưa cho anh họp bằng điện thoại nhé!
ông thầy:ko ạ",0
"và sau đó trời mưa to ông thầy bảo 
ông thầy : hiểu trưởng ơi tôi ko nghe thấy 
hiểu trưởng: vậy không nghe thì nghỉ việc đi
                     hết",1
chuẩn quá chuồi uôi,0
"học online khó đủ bề, từ chuyện mạng lag, micro hỏng, cho đến chuyện thiết bị gặp trục trặc. mang tiếng tiên học lễ-hậu học văn (trước tiên phải học làm người sau đó mới học văn hóa) mà gv hành xử chả khác gì cha thiên hạ cả.",1
"thầy giáo này có tài ko có đức  , lời nói thầy nhẹ nhàng chầm ấm, nhưng cách đối nhân sử thế của thầy rất lạnh lùng thấy sợ",2
bổ túc đạo đức ngay và lun,0
ủg hộ bạn,0
giáo dục công dân,0
cho thâyg cái sách đạo đức giao dục công dân,1
cho khỏi dạy đi,0
quá đáng,0
có trí thức nhưng ko có đạo đức thì vứt,1
me thang that nay,1
ông thầy giáo nghỉ luôn đi,0
đề nghị nhà trường xem xét giải quyết thầy giáo lưu manh này,1
cái thầy mất dạy,0
thầy dữ quá,2
"sách đạo đức lớp 5 có dạy là : sống phải có tài , phải có đức có đức không có tài thì vô nghĩa có tài không có đức thì lại càng vô nghĩa nên nhớ cái câu  cao quý nào bằng nghề nhà giáo  hãy thể hiện sự cao quý đó và đừng làm nhục cái nghề mang tri thức đến cho học sinh .",1
rồi lại kiểm điểm thầy cô giáo đào tạo lớp trẻ mà vậy ak. ngữ văn 0 điểm.,1
thầy j mà kì v,0
wtf nó đầy đủ mà vẫn bị kick why,0
ông thầy như cái quần đùi,1
tương lai đất nước là đc thế hệ trẻ bây giờ nắm giữ bây giờ thể hệ trẻ không được giỏi thì lấy gì ??,0
"sĩ nhục cơ thể ngta un ý. 
bắt đọc theo câu ổng nói. ý sĩ nhục r còn gì nưa? vừa nhân phẩm, lẫn cơ thể. 
nói ngta cắt ghép. vậy nếu ổng k nói thì ai cắt vs ghép được?",1
thầy dạy đại học suewphạm làm vậy,1
toang. lại một người thầy về vườn,2
ông này người có tri thức giảng dạy nhưng cái cách nói cư xử thì xúc phạm đến nhân phẩm của sv và ko có đạo đức cái thứ ông này thì nên cho về vườn quốc cỏ là vừa.,1
mái ton mưa to tai nghe cũng ko nghe rõ nữa,1
thằng dc gọi là thầy này mới là thằng k đủ giác quan thì phải,0
"nghỉ thì nghỉ làm như ai củng muốn học vậy, biết có bao nhiêu cái trường để học cùng thì học lại có sao ;",1
og thay nay nghi day la vua r,1
"có tri thức nhưng ko có đạo đức thì vứt,đạo đức là nếp sống con người mà ko có thì đừng lên mặt mà dạy người ta",1
thầy này phải nhờ chính quyền xử ko đc dạy nữa,0
thầy giáo gì cư xử như người điên vậy,1
co tai ma khong co duc thi vut,1
tui ma la hieu truong tui cho og do ngủm luôn,0
có tài mà dell có đức,0
kiểu này thầy loại này dạy lại lớp 1 gì chắc thời nhỏ ko nghe cô nói đạo đức lúc lớp một.,1
thật sự tay đôi ngoài đường mẹ ko trượt phát nào.,0
loại giảng viên này cho ra thùng rác ở,0
thầy cằng,2
tông cô ông thây nay biên ra truong,1
đúng là cái loại vô ý thức,0
"nhắc lại một lần có gì đâu mà nói như vậy, vậy mà cũng làm thầy nữa",0
câm cây lên nha trương đôi đuôi viêc thây như ba cô dây anh văn cua mik ne,1
ông thầy này chắc trược lớp đạo đức hoặc ko có cty nào nhận mới vô trường này :(,1
"ổng tưởng ổng là thầy thì muốn nói cái gì thì nói  muốn làm cái gì thì làm 
thầy giáo mà ko có đức",2
ông thầy mắc dạy,0
"đã nói lên chữ thầy mà lại bảo là:mắc mớ gì tôi phải giảng lại cho cậu, mưa to thì lấy tai phone mà nghe nghe câu này tôi còn bức xúc chứ đừng nói anh kia!",0
ko cần biết ông thầy mất ý thức,1
thầy dô duyên thầy là học sinh tôi đuổi thầy,2
học đóng tiền chứ có phải học miễn phí đâu mà.nói kiểu đó,0
xin info ông thầy,1
thầy ko,2
thầy giáo không đao đức gì cả ông ta,0
thầy giáo kiểu vậy bị đuổi khỏi trường cũng đáng,1
thầy kì ko học sinh kêu nhắc lại thì nhắc đi,2
29 thầy ko nghe rõ thì ko biết lấy tai phon mà nghe àk chứ mắc mớ gì thầy đuổi em,1
giáo viên mà ăn nói chuyện như giang hồ con tôi mà gặp đúng thầy này chẳng thà cho về quê cày ruộng còn hơn học những thứ ông đổ vào đầu con mình toàn những thứ cặn bã không,0
thầy giáo có tài nhưng ko có đức,2
"hay là nhắc lại sợ mỏi mồm nên phê phán học sinh và đuổi khỏi lớp , thầy giáo gì mà bức xúc thế",0
ngươi kì  dạ,1
ngu ai biểu ko đeo tai nghe chi,0
ơ.. tội nghiệp sinh viên quá! sao mà không thầy dạy kì quá??,0
thầy j mà bất lịch sự quá vậy,0
thây kiêu nay đang bi ra lơp hơn,1
lưu manh đứng danh trí thức,1
tri thức mà thua dân chợ,0
"tôi học dở dang cũng vì loại giáo viên kiểu này , ngày 22 năm trước chưa có công nghệ lên tôi 15 tuổi lên chưa biết phản ánh",1
có tài mà không có đức,0
loại thầy giáo thiếu đạo đức nghề nghiệp cho nghỉ dạy đi.,0
mẹ người thầy ko biết đạo đức  tội anh quá,0
thầy bà gì loại đó,0
"có tri thức mà ko có đạo đức thì nghỉ đi, dạy học chi rồi chửi học sinh. cuối cùng là bị chửi, đáng đời. có cần học lại lớp 1 cho có đạo đức ko",1
troi the thi day hoc cai gi theo tao thi hoc chong tao ra khoi lop thay giao vo duc,1
"cha thay mat day; you are on fire mate , so rude. r u under stress sir",1
"ỷ có tri thức với nghĩa làm thầy nên muốn nói j nói muốn lm j lm hay j 
xin lỗi chứ tôi là anh sv n tôi sẽ ko im như anh mà tôi sx lên tiếng cái j chứ ngta đx nói rất lịch sự với tư cách là một sv chứ có nói với tư cách là ba má ông đou mà ông tứk như thế hả  anh ấy xin phép chứ đou có ra lệnh mà ông tỏ ra cái thái độ đó với anh sv ấy như v.
lm thầy kiểu đó ai mà tôn trọng",0
thay giáo nói chuyện không ra cai gì het noi nhu vay học sinh nào nể,1
hay lắm bằng thích mua. đầy tơ mà giờ lên mặt ta,1
jay thoi ha...thay giao ma cu xu jay day ai...đao đức?,1
tui mà có thầy giáo ntn tui chửi ổng luôn,0
người thầy này là thầy hiệu trưởng cho khỏi dạy luôn thấy này mất đạo đất càng nghe thầy nói càng tức á thầy này khỏi dạy luôn á tức,0
gv bgio có ng du côn như gh,1
ko đủ tư cách dạy,1
thầy vô duyên quá,0
ông giáo ơi hay là ông tự dạy lại mình đi chứ mưa ko nghe rõ đúng rồi  như tôi là ông thì tôi kêu hết mưa học,0
thay kt r,1
thay bi dien a,1
ko biết cả lớp có thấy bứt xúc ko nhỉ nhìn thầy đuổi nam sinh này đi cả lớp lúc đó không biết như nào,1
thây giao thiêu đao  đưc ai vo phuc mơi  hoc  thây  nay,0
cô tui giảng đi giảng lại 100 lần còn ko shao,1
"người thầy
 chưa có đạo đức",1
thầy điếc mịa r,2
"thầy kêu ko nghe sao thầy ko tự gắn cái tai phone zô đi,tự mik vả mik",1
ông thầy nầy phải đình chỉ 2 năm dạy,0
gặp mình thì mình nói lại rồi,1
thằng này bị làm sao ý,1
thầy như vậy nghĩ mẹ đi học làm j,1
mấy ông chủ trương tào lao học trên lớp  ở trường chưa thấy j học online được bao nhiêu thì không cho con tôi học thà cho ở lại lớp 1 năm đồ khủng,1
pay màu thầy lum,2
"không hiểu thì phải hỏi, nghe rõ chưa ?


dù em có hỏi tôi trăm ngàn lần thì tôi cũng sẽ trả lời hết


sao em không vênh tai ra mà nghe khi tôi giảng ?!??!?",1
tuui có ở đó luôn đọc rổ to cũng bị kick,0
thầy bị đuổi khỏi ngành chưa thầy,1
ui là trời em mong covi-19 qua mau để đi học học online chán lắm k nhiều chuyện đc buồn ghê lun á,0
loại ng kì cuucj,1
gặp ông thầy nà tui muốn chuyển trường,1
thầy tự vả,1
mừng là thầy mình ns là có gì ko hiểu thì hỏi cứ thoải mái ko như ôg thầy trong clip,2
mệt,0
có tài mà ko có đức,0
ko có đạo đức thì làm giáo viên làm gì,2
đóng cửa lại cho bớt ồn,0
người mang trí thức mà như vô học.,1
cho mih xin nhe,1
có ban nao co sdt thầy giao này kg,1
tui sử cho nó khỏi day luôn đi thầy giao day ma kg có tam,1
trong tình hình này thầy phải giúp đỡ sinh viên để cùng vượt qua khó khăn,2
thấy giao ở đâu vậy các phụ huynh,1
"ủa rồi làm thầy chi ba 
làm thầy hs ko biết thì chỉ dạy. đằng này hs ko nghe đc rồi thái độ hách dịch, trước khi làm thầy chắc chưa học gdcd đâu ha",2
giảng lại thì có cái gì đâu,1
"thầy gì láo thế , vãi chuối",0
dung roi thay chui qua dung gi đeo tập chung,1
"con tôi năm nay vao năm nhât ,vưa rôi hoc online ,môn cn ,em no chưa biêt nhiêu vê may tinh  ,thây noi ,thây hoi rôn râp con ko biêt chalơi  ra sao thây dí tai vao man hinh thâyvây con sơ phat khoc ,no bao ngay hoc đai hoc đâu tiên ma con sơ đên bi ám anh",1
ôg này dục mất lun đạo đức,0
ko có đức là kẻ vô dụng,0
"thầy cô như này giờ đầy, quen biết xin đc làm giảng viên, nóng nảy, ham tiền, đạo đức chán ko buồn nói.
nhà trường mà bao biện cho những trường hợp này thì đang tiếp tay cho nó ngày càng trầm trọng hơn",1
coi mà tức,0
má ông thầy mất dạyquas,0
giảng óc viên bảo đó chỉ là 1 đoạn ngắn thôi nha. nếu là nguyên cả tiết học thì nó còn sủa nhiều hơn nữa.,1
"đó là thầy của ba mẹ nói, còn thầy thực sự nó khác",0
đuổi cho ổng đi và cho vitamin đạo đức,0
giống thầy tôi rồi,1
thầy hiệu trưởng said: anh giỏi rồi khỏi dạy nữa về nhà ngủ đi ha,0
đúng ông thầy hãm,0
ông thầy thất cười quá,2
xin vĩnh biệt cụ vào đồn,1
thầy mà như vầy thì nghỉ dạy đi,0
thầy giáo này phải cho đi ra đường đứng ngoài mưa để nó biết mưa to hay nhỏ rồi nó có nghe dc hay ko,0
ông thầy matday,0
đạo đức tri thức đâu ông thầy kia,1
láo nháo thật. bất công cho các em,2
"thầy á,thầy dạy ko đc thì biến ra khỏi bộ giáo dục đi,cho người khác vô dạy",2
tội  quá vậy đi,0
người kh có tri thức thì nghèo,1
giọng ông rõ ràng vậy mà chưa chịu nhận lỗi.,1
gặp con hiệu trưởng nghe 1 phút 30 giây là ra khỏi trường cho về học lớp 1 lại khỏi học gì cả về phường vs tôi,1
ông nam sinh này có đeo tai nghe mà  trời mưa to quá thì làm sao mà quản được  ông thầy này vô lí vl  sau đó còn xúc phạm người ta này nọ,0
ủa j vậy học sinh nói giản bài nghe ko rõ cái chừng học sinh nói tên ra rồi có lỗ tai cái ổng nói nghe ko rõ thú vị thú vị,1
hết dịch ông học sinh kia kiểu,1
như vậy là rõ rồi cho nghỉ luôn đi thầy gì mà không chịu nhắc lại học sinh không nghe rõ mà,0
bố láo vừa thôi,1
bị cắt bớt đoạn trc j đó mk k ns nhưng cách thầy nè ns trong đoạn clip đăng tải đây là đã k xứng vs đạo đức nghề nghiệp rồi.,0
quá đúng,0
"hs vô tội, giáo viên vô số tội hc online là mạng chặc ổn định, tôi cx v
bật mic chậm do mạng lag cô toán cho thẳng 0 điểm tvt
mới vô hc mak v r",0
học online đã áp lực rồi mà thầy giáo như vậy,0
"ko có học sinh , sinh viên thì cái lũ giảng viên , giáo viên như cái thằng trong video đel có tiền ăn cơm nha
phải bik nâng niu miếng cơm của mình hiểu ko người giảng viên có kiến thức mà đel có đạo đức",1
thầy này kì vậy,1
nhìn mà tức,0
"thông minh, tài giỏi mà không có đạo đức thì cũng là đồ bỏ đi tui không muốn nói nặng lời nhưng cô tôi đã nói như vậy tôi luôn ghi nhớ dù là thầy cô dạy giỏi mà không có đ đ thì biết rồi đó",0
giáo viên đấy có tri thức có   học mà như vô học,1
"đạo đức vứt đâu rồi, lượm về đi!",0
ông thầy vô đạo đức,1
ông thầy vô trách nghiệm,1
u là trời lớp tui trời mưa ko nghe rõ thầy dạy tụi tui cho nghỉ sớm lun nè tiết sau học bù,0
tôi mà là hiệu trưởng thì tui đuổi thẳng thấy giáo lun ;,0
hs kg nghe dc thay giang duoi ra khoi lop ..con hs nao noi ma thay kg nghe cung ra khỏi lớp ồ ngồ ngộ nghe..có khi nào ông thầy này mất dạy luôn kg ta.,0
chỗ t lũ hs chả bh sợ thầy cô,2
ơ kìa thầy dạy kiểu gi thế,0
cả cái đạo đức nghề nghiệp còn ko có thì dạy ng khác cái j,1
ổng ác mà còn làm gv,1
thay giao day chac duoi viec di qua,1
"thầy thì phải có 3 đức tính: nhân phẩm, tri thức, đạo đức. còn cái thể loại thầy như người này thì không xứng đáng làm thầy nữa, nên từ chức đi là vừa",1
thật bố láo,1
thầy giáo mất dạy quá đỉnh luôn,0
cô em còn đồng ý giảng lại thật là ko cần làm thầy giáo,2
hoc sinh co hoc. thay giao nay mat day,1
mới nhắt mưa là mưa liền,0
thầy giáo là cái ngươi nói,2
th như ông nội ngt v,0
có tài mà ko có đức thì vô dụng,1
bố láo,1
ủa lần đầu thấy sv đi dạy học sinh luôn ấy,1
vc ngta dell nghe rõ thì kêu ngta học xong xem lại bản ghi,1
"giảng viên thiếu mô phạm . ngành giáo dục mà như vậy  , trách gì mà xã hội nhiều côn đồ .",0
thế là bị cả lớp ném đá rồi,0
ông thầy  troi  đánh,1
thầy xàm,2
50 ko hợp lí 50 hợp lí,1
thầy gì đâu mà la hoc sinh đến nổi như vậy hả tui mà là hiệu trưởng la tui cho ông nghỉ việc,0
tri thức thì có nhưng dell có cái đạo đức luôn á,1
thay nhu cai quan que nguoi day do,0
mất dạy,0
học sinh kìa nói mình tên gì đó ông thầy ko nghe thì ra đi cũng nói học sinh mà,1
im mồm,0
cỡ tui tui đập bể mồm ông thầy mất dạy đó,0
đuổi việc thầy luôn đi,1
"ủa rồi học sinh có hoàn cảnh khó khăn, mỗi cái điện thoại thôi đã là trở ngại lớn, lấy đâu ra tai phone cho thầy?! thầy chẳng biết thông cảm mà còn chửi bới. thầy thật không có sự tôn trọng người khác.",0
đạo đức tự kick ổng ra khỏi trường,1
với lại ko phải gia đình nào cũng xài wf chỉ sài 3g thôi ... nên bị yếu sống không nge đc rõ đâu,0
thầy ơi nhà thiết mưa ổn ao lắm không nghe được đâu thầy tại thầy ở nhà lầu không nghe cho học trò nhà nghèo ở nhà thiết mưa không nghe được,0
năm nay 27 tuổi rồi mà chưa từng gặp các trường hợp nào,1
"phải là thầy dạy tôi chắc tôi nói lại quá,quá đáng vl",0
ông thầy đáng ghét,0
ổng cx ko mở camera với nói còn bị dập kìa,1
đúng là,0
u là trời thầy gì kì vậy cho nhà trường đuổi thẳng luôn đi chứ dạy online kiểu này thà nghỉ còn hơn học,0
đúng người tri thức chắc gì đã có đạo đức,0
ông thầy này chắc là rất giỏi môngdcd đây,0
ông thầy này làm sợ quá cơ chửi phát cho đỡ sợ,0
"có cần khó vậy ko thầy ,thầy mới cãi nhau với vợ à",2
thầy hiệu trưởng: thầy này chỉ còn cái nịt thôi,1
ông đó làm biến dạy rồi kích chứ có j âu,0
dung la ong thay mat day,1
thầy bị ảo thật đấy,0
thầy phạm phải 10 đều cấm rồi,0
quá đáng,0
đuổi là đuổi thế nào,0
"sinh viên nói: thầy đuổi em, em méc má",2
ông thây ko có ý thức nhà trường nên đuổi giáo viên đó đi,1
"thầy này sao dậy học sinh được , nếu học sinh không hiểu cũng không dám nói mai mốt thi trượt rồi nói con người ta học dở .",1
đúng là ko có đức,0
"đuổi ông này đi nhớ tặng cho ông thầy này thêm cái bằng đạo đức cho ổng về học lại đạo đức rồi cho dạy tiếp, sinh viên bị tử kỉ là ông xong rồi đó, cái loại như ông thì sống làm gì nữa kết thúc cuộc đời đi trên đời này không có loại người như ông",0
làm giáo viên mà không có đạo đức,0
ông thầy thiểu năng,0
"ông này phải cho đi học lại tri thức mà không có đạo đức thì đừng dạy nữa ,người lớn mà nói như thế là chết rồi",0
tuy chỉ là lời nói nhưng nó gây tổn thương rất nhiều cho hs . ông thầy thi chang  thông cảm  cho hs cu ngoi  day sua,2
thầy nói giọng như giang hồ,2
thầy tuy có chữ nghĩa mà không có đạo đức vô đạo đức thì bỏ đi chỉ vây bẩn cho xh,1
bằng chứng này đã làm lộ bản chất thật của giáo viên,1
gặp em đình chỉ đuổi việc khỏi dạy,1
thầy có trí thức thật nhưng đạo đức thì ko có,1
thầy kiểu gì,0
tẩy chay ông này là dừa,0
mất dậy,1
mình cười ra nước mắt lun bạn ơi,0
tưởng thế nhưng ko phải thế,1
giáo viên có nhìu loại,2
ko nên vì một người ko ra gì mà đánh giá đám đông,0
lienhoaphongtruongthptnguy9758  thì bọn tui cux có bảo thầy cô như nào đâu,2
ông thầy quá đáng lắm,0
nên làm vườn di,0
đăng lên facebook ông thầy nổi khắp facebook,1
thay gi ma du day,1
cái thằng bị đuổi đó mà là con tui thì thầy thầy xác định thầy ngồi xe lăn luôn,0
học on thấy toàn chơi gem,1
làm xấu mặt nhà giáo quá trơi luôn á,0
ông thầy lèm dị cũng khg tránh khỏi luậ hoa quả đâu,1
"ông thầy buồn cười thật ? sinh viên kêu giảng lại vì lý do trời mưa là do tự nhiên mà có , chứ có phải lúc đéo nào muốn tạnh là được đâu? vấn đề là tai phone bị hỏng thì sao? lại bắt đi mua rồi vào nghe tiếp à ? ông thấy có vấn đề",0
mưa to nghe không rõ thì có cần đuổi dzậy k tr,1
sv còn hiền ko giám cãi... ngoài đường đi ông thầy chắc còn răng húp cháo,1
tới ổng người ta nói to thế mà k nghe. k biết giác quan thầy thế nào,0
thầy kìch học sinh ra khỏi lớp thì bộ giáo dục kích thầy ra khỏi ngành là quá là đúng rồi,0
cái đức bằng 10 cái tài lận ....,1
mẹ gv như thế tao tìm đc thì xác định,1
bat nat hoc  sinh vua thoi tuong la thay la co ma bat nat hoc sinh:yougotthis:,1
hình như hôm nay bệnh viện tâm thần thiếu 1 người thì phải :,0
cip hay ghê ông  này vô diên và vô văn hóa,1
29 ko biết thầy có sao ko chứ tôi nghe thấy mà,1
ác quá,0
"vậy có chả tiền lại cho người ta buổi học đó không,... vậy nênh đuổi luôn và liền ông tàu lao đó cho song ..con sâu làm sầu nuồi canh...",0
"thầy giáo: đuổi nam sinh kia ra khỏi lớp
thầy hiệu trưởng: bây h tui sẽ đuổi việc anh vì anh đuổi học sinh trong lúc dạy học.
ông thầy kia: anh bạn à...",2
gặp t là sv là ổng tới công chuyện vs t liền,0
ông thầy này đạo đức bỏ thùng rác rồi,1
thầy kiểu này thì vứt,1
đuổi ông thầy này ra khỏi trường luôn,1
thây như thê đuôi thăng cô,1
thầy sạo chơ mà,0
tức ông thầy,0
nhà thằng thầy nầy ở đâu mà do học thức vậy chúng mày day ăn tiền cho day không dâu mà mất dạy vậy,0
29 thầy k nghe j cả là k giống ng bth r,1
sao cả lớp ko đuổi thằng thầy này cho sớm,1
mịa nó con tôi cũng gặp tình trạng tương tự.vì sét nên tôi sợ lăm khi mưa to còn gắn tai phon,0
học sinh thì nói lễ phép còn ôg thầy như đùi bầu,1
thầy vô duyên quá trời quá đất luôn,0
cho mấy ông đó đi chăn bò đi do mất dạy,0
"bác hồ dạy rồi
có tài mà ko có đức mãi là kẻ vô dụng",0
ngày xưa học ko có tiện nghi gì cả cũng được làm quan làm tướng.bây giờ học cho cố vô cũng là thằng làm mướn,0
tao mà gặp cái thằng thầy đó  là nó sát định với tao,0
"coi chi duoc 1 phut, tui bam dung. tui khong muon mat thoi gian va buc tuc vi may thang da ca, lan dua, an noi mat day ma moi nguoi keu bang thay nay. da la thay, la phai truyen dat cho hoc sinh tat ca nhung kien thuc, dao duc va nhung dieu hay le phai moi dung. thang thay nay thi nguoc lai, chac mua bang va hoi lo moi duoc day. uong 1 phut cua tui qua......",1
hiệu trưởng trường tụi mình là nữ nha .,1
"bít là có hiệu trưởng nữ, nhưng bạn í nói ví dụ mak",1
"tyler pham hiệu trưởng của mình là nam hoặc nữ gì đó,chắc có nhiều thầy cô hiểu trưởng lắm!!!",0
"thangnguyen-tc6hn  uh, chắc dị",0
r đéo hiểu sao ổng làm được thầy giáo hay ghê luôn ák,0
"xin lõi cái là đc dại tiếp chứ ji ...ba việc này quá ven ,",0
thầy giáo gì kì ghê,0
( giác quan đầy đủ.)  đạo đức nghề nghiệp thì không . ngành giáo dục càng ngày càng tệ,1
em còn sách giáo dục công dân này,1
chắc thầy bị ngáo,0
"trước khi ngành nghề  nhà giáo, mong học làm người ! mong học làm người !",1
thây giao noi chuyên ko co tri thưc chut xiu nao goi la thây giao,1
giáo viên có mắt mui tai miệng mà lại bị khuyết tật.,0
ông thầy thật là mát dạy hihi v,0
thầy 4.0 nói một lần thôi ha không có dạy lại đâu ha.,0
"thầy mất đạo đức,ko đáng làm giáo viên,nghỉ luôn ik",2
thầy giáo bị payy acc zoom và bị hiệu trưởng nói a bị đi ra khỏi trường  thầy giáo khốn nạn,0
bố lão,1
xem full chx mà nói thế ?,0
ủa trời mưa thì dùng tai nghe cũng đâu có nghe rõ đâu,1
tao xem mà tao bực mình á,0
tôi cũng là giáo viên nhưng tôi chưa bao h dám nói đàn em thân yêu của mình như thế này bó tay,1
hoc sinh ma ko nghe duoc la co the nhac lai ma co j dau ma ma dau phai cu mang  ko sinh ma lai co hieu truong ma nghe duoc a chet voi ong bo lao no quen,1
thầy làm vậy là chết bọn em rồiiiii,2
dung la ong thay khon nan  tui ma la hieu truong la da duoi viec ong rui,1
mấy thành không muốn học thì làm theo như vậy,0
thay nay hoc cao wa nen nghi minh  gioi,1
thầy kiểu gì vậy trời,0
má ông mất dạy,0
giảng viên cũng nhiều tuổi chứ ít j đâu mà đọa đức để đâu 7  10 xem lại,0
từ nay a ko cần dạy nữa,0
"vâng 1 ông thầy tuyệt vời! trời ơi hs trả lời nhẹ nhàng, tình cảm z ó mà ổng đuổi ra, đi hc lại ko bt thì bảo ko nghe giảng bài, quái lạ",2
thầy gì mà vô lý,0
có kiens thức mà ko có đạo đức thì cũng như ko,1
"phải thông cảm cho học sinh chứ 

thầy giáo gì mà làm như vậy",0
"đuổi đi .t nghe bấy nhiêu  là  ức  rồi. 
ở đó mà 1 phần.",0
gặp ông thầy này ở ngoài thì tơi bời r kaka,1
tui nghe tiếng mưa rất to,0
nếu có giải ai là người thầy khó tính nhất thì giải này phải trao cho ông thầy này,1
thầy gì mà như vậy thua dân thất học....,0
"chắc ông này chưa nghe câu
1 chữ tâm bằng 3 chữ tài",0
tui de nghi duoi ong di khoi truong di,0
kiểu đó tao là hiệu trưởng thì tao cho đi hót,0
có thầy giáo kiểu này thôi thà nghỉ còn hơn,0
xàm sinh viên ko nghe gõ ko giảng lại og thầy xàm,2
ông thầy dạy học kiểu j ý,0
ổng đuổi còn hơn khỏi học chi cho mệt,0
hèn gì nó ghét nó ko vào học mà nó phá,0
thầy giáo. sao giống xã hôi đen vậy,1
ong do khung,0
thây giao ko co đao đưc thi lam thây giao đê lam gi,1
hừ,1
trường em mưa to cho nghĩ luôn :-),1
mắc dạy,0
thầy này mua bằng chắc luôn,1
trời ơi tr koi mà tức á ô thầy á trời,0
ông thầy xàm,0
thế thì dạy làm gì đây chời,1
ông tương ông la thây ma thinh la gi thi lam a,1
thầy quái vật !!!!,2
hahaha ko có đạo đức thì đi ngủ đi,1
"hỏi ổng ko có sv để dạy thì có lương ko?
tất nhiên là còn cái nịt nhá",1
xử lý thầy giáo này ngay,0
thời đại bây giờ người tài nhiều mà cái đạo đức con người thì ít đáng buồn,0
người ko có đạo đức ko nên tồn tại trên trái đất này,1
ơi,1
tin 3 phút mà video 4 phút,0
"mất dạy quá sức,, ngta k nghe thì đuổi,, đến lúc kêu ngta giới thiệu,, ổng cũng k nghe,, cũng bị đuổi. thứ j chứ thầy j tr,,",0
"những lời đó đc thốt ra từ lời của 1 người thầy đó hả,, nghề nhà giáo mang kiến thức đến cho học sinh mà nhân loại thường đề cao là nghề thiêng liêng đây sao. kiểu ông này mà dạy dổ đc ai,,",0
cái loai giång viên nói chuyên nhu thê này thì đáng đê sinh viên tăng vài cái đâm moi vua,1
thứ thầy nói chuyện mất dạy vậy thì cho thầy khỏi dạy luôn ha.,2
giang điên chư giang viên gi,1
thây chơi chư thây day gi...ăn lương ma lam như ăn chay vây.,1
xin lỗi nếu là em em có quay lại và rồi viết đơn xin học kì sao học lại môn với giáo viên khác tuyệt đối không hợp tác như vậy,1
"á à ông thầy này láo thật , mình mà là cái anh này chắc mình đếch thèm học lớp này luôn quá",0
thằng thầy này nc láo quá ta,0
mạng lag nó đá ra khỏi lớp bảo thiếu tôn trọng trong khi giảng đéo nghe ccj,1
"trường t ko hiểu thj hỏi ,càng hỏi nh thj càng dc thầy cô quý(hok hỏi á)",1
"ủa thầy giáo thỉu năg hay gì,lần sao nói chuyện lại nha ko bóp cổ â",1
lên kiện thầy giáo. ko nghe được trời mưa là đúng. mưa to thì giảng lại mất có vài phút chứ có sao,0
thầy giáo gì mà kì vậy đề nghị nhà trường kiểm điểm người thầy,1
ông này kiểu meme,0
ông thầy j kì vậy,1
nghe cứ như bọn tư bản,1
ông thầy ko có đạo đức,1
hc nhiều mà k có đạo đức thì cx vứt,1
"có tri thức 
nhưng đầu óc chứa shit",1
phải tối tôi chửi cmn luôn cần gì nó đuổi tôi cũng tự out,0
"thầy gì mất dạy , loại này gặp tôi hợp nè , dạy học chi vậy , dù trong clip có cắt bớt nhưng cách ứng xử của một người thầy như vậy rất hợp với tôi , không hợp với mấy e sinh viên đâu thầy",2
thầy giáo j kì vậy,2
"giống em ghê,trời mưa nên có vài bạn nghe ko rõ nhưng cô lại cho đợi khi nào đỡ mưa thì học tiếp",0
không có đạo đức,1
ông thầy này phải đưa ổng vô rừng sống,0
bảo vệ quyền lợi học sinh hay là mày,1
học sinh kiểu thầy ko dạy em cũng đéo cần,0
"nếu mà toyy có trong cái gr học online đó là toyy vô chửi thẳng cổ luôn giáo viên gì mà dậy học sinh kỉu đó ulatr,mưa to thì mưa to sinh viên ko nghe rõ thì mình giảng lại  mắt mớ gì mà đi kick sinh viên cơ chứ toyyy mà là học sinh của ông thầy đó là toyy out phòng luôn khỏi học ulatrtoyy mong ông thầy bị đuổi việc sớm luôn á người gì đâu mà kì cục vậy sức chịu đựng của con người có giới hạn chứtuy là toyy 2k2 nhỏ hơn ông thầy này toyy xem lúc đầu thì ko thấy gì là lạ coi tới khúc sau toyy thấy ông thầy matday lắm luôn átoyy mà gặp ổng là toyy kiện đúng là cái thứ ko có văn hóa văn minh mình là thầy mà phải thương yêu học sinh còn về giảng bài ai ko nghe thì giảng lại  lớp toyy lúc trước có nhiều bạn hoàn cảnh nghèo khó ko có mấy để học online mà giờ có mấy thì cũng mạng lag ko nghe đc gì ông nghĩ coi hoàn cảnh ba mẹ ông có giống vậy ko mình là người mà  mình có tri thức mà mình ko có đạo đức thì ch.ết đitoyy chưa bao giờ chửi người ta tới cái mứa ch.ết như thế này nếu mà trên đời này có người ko có tri thức mà lại có đạo đức thì mọi người mới tôn trong họ  còn ông thì bị sỉ nhục, thật nghiệp  rồi ông coi lúc đó hoàn cảnh nó ra sao nếu ông thấy video này  thấy luôn cái bình luận này thì mong ông học lại cách đạo đức điualtr toyy phải sửa lại nè nói lắp bắp thì người ta mạng lag,ko nhớ tự nhên cái kick hay vậy làm thầy gì đâu mà..",0
í thức đelll bằng một cục kít trôi trên sông,1
một pha nghịch ngu ko hề nhẹ của ông thầy,0
sinh viên này yêu cầu thầy giảng lại vời lời lẽ rất lịch sự và thành khẩn mà sao thầy lại xử sự rất ư là vô đạo đức thế nhỉ? thật đáng buồn!!!,0
thời nay dạy con người là phải kiếm thật nhiều tiền còn đạo đức truyền thống của tổ tiên thì ko dạy bởi thế cái thiên tai trên trái đất này cứ mãi xảy ra hoài,0
đung la thoi buoi 4.0 càng hoc nhieu cang mat day. thay giao bay gio chu k phai thay giao hoi xua,1
tui mà học với ông thầy này tui thứa tui chuyển trường khác luôn,0
thay cung nghi day luon đi,1
nghe như phím hài,1
thằng bố láo mà dậy học sinh vậy à,1
thay ghet thay ma tuong la cha cua minh ha gi do thay khong co dao duc su thay mat dai,1
thây giáo nhu thê thi hoc sinh nào mà hoc duoc,0
??? người thầy chẩu vãi,2
"ông thầy có tài ko có đức tốt nhất nên đuổi việc dùm cái, thứ ko có giáo dục vậy mà đi dạy người ta hay á",1
mọe ổng ỷ làm lớn ý mà muốn làm j làm,0
tại sao thầy giảng mỏi cơ hàm mà sv ko nghe nhưng mà chửi mắng đe dọa sv lại không thấy mỏi hàm mỏi miệng vậy,1
hic. học sinh hoàng đó... tội,0
"ông thầy này bị gì ấy
nghe ko rõ thì phải giảng lại chứ sao lại đuổi người khác ra khỏi phòng học",0
mé tao mà tiềm nhà nó tao cằm dao luôn,0
thấy gì đâu mà vô n,0
thầy vô đạo đức,1
"tât ca binh thương ,ông thây k binh thương",0
chỉ giảng lại thôi mà vậy,0
ông thầy tào lao,0
đúng,0
không nên tồn tại những giáo viên kiểu này không thể chấp nhận được,0
lỡ anh sinh viên ko có tai phone sao ?,1
làm thầy giáo kiểu gì v hả,1
ng co tri thuc chac gi co dao ly,1
câu truyện cảm động thầy giáo cho em học xin nghỉ học do trời mưa,2
"ông này có tài nà ko có đức,trời mưa ko nghe thì phải giảng lại chứ,ông thử đặt trường hợp đi",0
nguoi co tri thuoc chac gi dao duc da co,1
như vầy gọi là thầy giáo sao,1
bác hồ đã nói : người có tài mà không có      đức thì cũng vô dụng,1
ông thầy mất dại anh em thấy tôi nói đúng không,0
thầy này dạy cho bọn giăng hồ thì đúng hơn,2
tưởng thế là ngầu,0
thầy ko có đạo đức,2
chắc có thầy này mình lên tận nhà thầy kí cái đầu thấy quá,1
đúng,0
bg toàn là thầy giáo mất dạy,0
t nhìn mà t tức á,0
xã thải đi làm thầy mà ứng sữ dỡ quá,0
thế là toang ông thầy xin vĩnh biệt  thầyಡ  ʖ ಡ,0
ông này lm giáo viên như két éo cs đạo đức gì cả.lm ng như cái gì luôn,0
pov : học onl be like,1
dù ông thầy có trí thức như éo có đạo đức!!đúng là 1 người thầy tồi tệ,0
" mô phẹt con  chx bao h gặp trường hợp nào như trường hợp này.
làm ăn kiểu này chết ta r",0
xin phép gặp thằng thầy giáo này để quan hệ thể xác với vợ nó,0
thầy hồi đó trốn môn đạo đức ( gdcd) đi tán gái,1
thầy này hồi đi học nghỉ nhiều nên bỏ tiết đạo đức,1
thầy coa trí thức mà vậy gia đình giấu mặt,1
có trí thức mà không có đạo đức đòi dạy ai,0
tui mà là làm giáo viên lớp đó có ai không nghe thì tôi cũng giảng lại mà ông ác ghê,0
ngta nói chuyện nhẹ nhàng mà nói chuyện vs ngta như cha vậy,1
nên sa thải thầy này .,0
tuy cắt bớt nhưng những lời ông thầy này nói là thật có giả đâu.,0
làm thầy kiểu đó thì nghĩ đi,1
ông thầy dữ quá,2
có học cao mà ko có học đức thì dở rồi,1
vãi trưởng ??????????????,0
"tôi là ng văn a j đó có đủ miệng tai và giác quan như ng bth?????
chẳng hiểu ông thầy nghĩ j",1
đuổi thầy ra khỏi trường rồi tặng luôn quyển đạo đức lớp 1,1
cung phải cho học sinh một co ho chu,0
"cho thằng thầy đó nghĩ đi là vừa, loại đó ko xứng  đáng để dạy học cho học sinh ,ko có tư cách để gọi là thầy, dạy ăn lương làm như là dạy chùa.học sinh ko hiểu thì trách nhiệm là thầy phải giản lại, học sinh ko ge rõ thì giản lại, hay là dạy qua loa ai ko hiểu thì kệ trách nhiệm thầy đâu ,hây chỉ biết tới tháng lụm tiền",2
ông thầy này chả có đạo dúuc gì cả,0
cai loai vo van hoa,1
"tôi mà là ba của ông thầy đó,tôi nghe được,tôi đấy cho mấy phác",0
không sứng đáng làm thầy giáo,2
"thấy hs ko nghe giảng
giáo viên : rác rưởi chìm xuống dưới
học sinh : cặn bã nổi lên trên",1
mình nghĩ sinh viên nên dời nhà đến khu vực không có mưa thì hơn. kiến nghị: sa mạc,2
đại học sư phạm đó,1
tội anh đó,0
"thấy gì kỳ vậy, tui bực quá",0
"th do k xung dang keu bang thay , loai ng do bo giao duc phai duoi thag th do",1
má vậy cũng làm thầy giáo nữa,2
tôi ghét học,1
ông thầy bị thần kinh,0
"mat dậy  niêu một lần nhu vậy thì nhất học xinh, chứ ai làm vậy  ,day lấy tiền ma  ,ma như  day hoc luong ha",1
thầy thế này là ko đc. người có tri thức thế này là ko đc,0
cái loại giáo viên này cho vào squid lm nhân vật phụ đi cho nó lành,0
sẽ ảnh hưởng đến tâm lý học sinh rất là cao. thầy giáo làm như vậy là không đúng,0
ông láo,0
ong thay ko co dao duc,1
lưu manh giả danh trí thức.,1
kì dậy trời thầy giáo mà đạo đức kì dậy,2
thông cảm cho thầy! chắc bị áp lực mùa cô vi,0
thầy mời em nó ra khỏi lớp tôi mời thầy ra khỏi trường ha hiệu trưởng siad,1
ông là một thầy giáo mà ông ko làm tròn một thầy giáo thì tui nghỉ ông nên nghỉ cho đẹp trời mình là thầy giáo chứ ko phải thầy chửi,0
nhìu lúc cx bị oan lắm,0
cho nghĩ mẹ cho rồi day gì nữa,0
có tri thức nhưng ko có đạo đức,1
ông giáo này mới dap đá ak,0
đeo hiểu nổi ngah giáo dục,1
ổng này bố láo thật,1
má xàm lông thật chớ. pó tay thầy đời,0
"add lại nhưng kick ra cx sai, thầy như vậy đuổi đi cho r",1
có tài mà ko có đức là kẻ vô dụng,0
dậy ko được thì nghỉ dậy luôn đi bỏ nghề đi,1
ông thầy bị khùng hả mn,0
mắc ối áp lực lôi học sinh ra sĩ nhục à chửi lên đầu ngta ko,1
"weronajona7278  đọc kĩ bình luận , và hình mặc cười kèm theo phía sau trước khi sân nha bạn! mình chỉ bình luận vui thôi, vì đây không phải chổ để lên sân si hay phán xét một ai ,  nếu như mình không biết gì về họ, cảm ơn",1
phuongduong6428  bình luận vui mà icon hơi sai sai,1
đuổi r tặng sách đạo đức lớp 6 cho học lại đi,1
hình như các ông đi hơi xa rồi quay xe lại đi tui thấy thường mà chứ việc học sinh lươn lẹo giáo viên sao không đề cập biết sao được học sinh nghiêm túc thì ít mà quậy thì nhiều,1
gặp tao quạo chất chửi ông thầy lun làm thầy đâu phải làm ông nội đâu mưa nge ko rõ đuổi đầu bùi nge ko rõ cũng đuổi,0
"tôi không dám nói tất cả. chỉ một số thôi là chữ tâm thường gắn liền với tiền. mình đang là sinh viên văn lang k26. phải nói là thầy cô rất nhiệt tình. lúc dạy cứ hỏi thoải mái, nhất là khi phải học online, việc giảng viên giảng lại  thì càng khiến sinh viên hiểu bài hơn. có ai bắt giảng lại cả 1 buổi học đâu mà ông thầy trong video khó tính như v. hiệu quả của 1 buổi học đó là chất lượng chứ không phải là số lượng.",0
thâi giao cho đe,1
thầy mua bằng cấp là vậy đó,0
thầy giáo giảng bài cho học sinh mà t cứ tưởng là con j đang sủa,2
thầy giáo chắc gì có đạo đức .qúa stupid,2
đủi luôn đi giáo viên gì kì z,0
người gì mà ko có đạo đức,0
ông thầy có tri thức mà éo có đạo đức,1
"dù có cắt bớt hay kg thì chỉ nghe giọng thằng thầy nói nhiu đó đã đủ biết là người thế nào, thầy gì thứ này",1
ông thầy zô zuyên,0
"đúng là ông thầy quá đáng ,thông minh nhưng mà đạo đức không có , :(((",0
em chỉ bị kich ra vì ko chịu bật camera thui,1
chán thiệt học sinh khong hiểu thì dạy lợi chứ ý thức thầy vậy mong hiệu trưởng xử lí chứ vậy là không chấp nhận được.neu sự thật là vậy thì hiệu trưởng nên điều tra để sinh viên học được tốt hơn,2
ông thầy đó cho về hươu sớm là một vinh dự đó chứ mà tui mà học kiểu đó tui lên tui kiện ông thầy cho thế giới luôn đó,0
thầy giáo mất ý thức,2
thầy giáo kiểu:mé muốn làm lại cuộc đời bằng cách chỉ cần 5 phút giảng lại là còn công ăn việc làm với ko lên status rồi )),0
người thầy thì phải có đạo đức chứ cái ông này mất đạo đức rồi dạy học làm j nữa ông thầy về học đạo đức đi rồi đi dạy,0
dạo này toàn mưa mà headphone lại hư lên lúc học onl là kiểu nhìn hình bắt chữ lun :,0
là thầy giáo mà ko có tri thức ko có văn hóa mà cx dạy đc,0
"thầy không có tri thức,đạo đức",1
ko cần mưa to ko hiểu cũng hỏi thui,1
"đây đươc goi la đao đưc gia,  a ma la phu huynh cua chau thi thây săc đinh đi nha thây",1
vô li,1
thầy ơi thầy còn cái nịt nhá,2
thay loll,1
thầy kiểu này thì toang,1
"lơi noi chăng  mât tiên mua ma...
nơi thât nha đao đưc la do co săn trong môi con ngươi chư k phai co ăn hoc la co đao đưc đâu nhe!  ngươi nao trong mau ma k đu đao đưc  khi ho đươc hoc cao thi ho lai cao ngao khinh khi ngươi ngheo, yêu.",1
ông thầy ko có đạo đức,1
mik tưởng là mỗi thầy cô day là quay về quá trình dạy học sinh ra sao r đưa video đấy cho giáo viên chủ nhiệm nhỉ,2
được trả tiền mà dạy như thế,0
bức xúc quá :(,0
gặp tui chắc tui g.i.ế.t chớt ông thầy quá,0
có tài mà không có đức cũng như vứt đi,0
thầy mất dạy,2
trời ơi ôg thầy này có đạo đức hay ko vậy làm giáo viên kiểu gì vậy làm vậy thà khỏi làm giáo viên đi,2
đi ngủ thôi,0
2:28 nghe mà mn,0
hão thầy,2
hảo thầy,2
có ai là sv lúc đó đg học mà xem video này hog? hahaha,0
xúc fam sv,0
có phải thầy giáo ko chời,2
gặp tui là tui chữ ông thầy luôn chứ không có nhịn ổng đâu,0
cai ong thay nay la nguoi co tri thuc chu ko co cai dao duc lam vi tien chu ko phai dam me,1
"kiểu này cho ông ta đi về quê nhà là vừa ik chứ dạy kiểu này thì đố học sinh nào mà hiểu đc cái ông thầy, đồ vô lương tâm",0
đa số tui thấy mấy og thầy hồi đó tui học cũng như vậy rồi đánh học sinh luôn hên lúc đó ko có vật gây nguy hiểm ko thôi chết rồi,0
nghĩ di day lm gì,1
gặp tau  chắc tau lấy cái đầu ỗng,1
"thầy giáo : toang

học sinh 1 : một phen hú hồn con chồn còn nguyên

học sinh 2 : ????

học sinh khác : á đù ảo thật đấy",2
hmmm nếu là em thì em sẽ giải thích thêm 1 lầm nx r nếu ko đc thì em xẽ cãi lại và vâng vâng và mây mây....,1
đuổi ra r cho zô lại hết cả tinh thần để hc :((,0
gv như gì á,1
"đúng ngày hôm sau:
thầy hiệu trưởng: anh bị đuổi việc vì không có đạo đức trong việc dạy học sinh. tôi sẽ bảo người khác có đạo đức dạy, chứ không cần cái loại vô đạo đức như anh.
thầy giáo: ra về trong sự hối hận.",0
vãi thầy dữ rồi lại hiền lại,2
í tui từng học ở trung tâm tiếng anh đối diện trường đại học này nek,1
tron luon hoc di,1
hổm em cũng vậy mưa to mà thấy cũng giảng lại,1
"người có tri thức mà không có đạo đức thì cũng vô dụng, như không",1
em học noeline trời mưa mà cô ko kick,0
ủa thầy gì kì vậy,1
đó là lí do tại sao các anh em viết chậm mà viết không kịp không anh em nào dám hỏi thầy cô.,1
cho thầy ra khỏi trường,1
đã làm gv  mà còn như thế nghỉ luôn cho rồi  bị nhục đấy,0
làm u nhục nghề giáo viên,2
nếu là em là em nói : ông nghỉ gì mà đuổi tui hả ông là gì mà đuổi tui ông éo phải bố tui đừng hồng mà đuổi,0
em mà gặp ổng chửi chết mẹ ổng lun,0
"vãi cả thầy yangho,thầy ko có đạo đức thì hơn",2
ko có đạo đức đừng đi dạy học.đừng có lm xấu mặt giáo viên,1
thâỳ gì ko có đạo đức hả,1
cái ông thầy vô duyên,1
thầy hiệu trưởng said:a ko xứng đáng là một người thầy dạy cho hs,2
thây  day  qua  180p va  cai  kêt,1
"con người kiểu đó phải đuổi đi 
cho ông ta biết con người không có đạo đức",0
cho ông này chơi trò chơi con mực luôn.,0
đúng quá chuẩn luôn,0
quá xúc phạm sv còn bắt học sinh nói tên và đủ mắt tai và mũi như ng bt thế chắc ông coi học sinh ko phải ng bt,0
gặp kiểu này tui nghỉ học lun ở nhà cho sướng,0
nhà giáo mà nhân cách như vô giáo dục vậy,0
ông thầy mất dạy thế,0
"tước bằng dạy của ông thầy này 2 năm đi để cho ông ấy 1 bài học nhớ đời. xem mà thấy bức xúc quá, k thể chấp nhận loại ông thầy khốn nạn như thế đc.",0
đề nghị thầy nên học lại cách cư xử của mình lại thấy quá đáng,2
trg nào vậy mọi người,1
"gặp tui đi ra khỏi lớp  lun cho khỏe
nghỉ học cũng được",1
má ông thầy tui phải kêu bác đa tới xử lí thôi,0
gặp tao thầy đuổi ra chơi game cho ròiii,0
ủa lớp đã giữ được thầy cho nghỉ học,1
ui thầy gì mà mất dạy vậy,0
tui là tui nói chuyện vs ông thầy này xong rồi mới thoát,0
khầy giảng thì nhỏ nhưg khầy hỏi tên j tự nhiên nó to vãi cả nồi các bác ạ,1
"ủa thầy giáo gì kì vậy, đâu phải ai ai cũng có tai phone mà để lổ tai nghe đâu hả thầy",0
thầy dạy ko tận tình j cả bảo sao học sinh đéo muốn học,2
tôi: out khỏi lớp cùng bn,1
tội anh này quá,0
"thầy giáo quá đáng ,đả học trực tiến là quá với học sinh viên rồi mà còn thái độ như điên khùng",0
tui cũng vậy.. gặp  kiểu này tôi thà ở nhà chịu ngu chứ không đi học.,0
nhưng mấy đứa kia nó sợ đến mức phải nói theo ông thầy kêu lun à chịu r,0
master.....9176   đúng á,0
tindoan5798  thiệt lun á ở nhà cho sướng,0
làm ăn như gì ...,1
thầy giáo gì mà hung dữ còn đuổi học sinh ra khỏi lớp,1
thây vô diên,1
ông thầy như vậy dạy chó còn ko học thì dạy học sinh làm gì,1
mấy đứa học sinh còn hiền ghê,0
nếu mà bên thầy giáo cũng mưa như thế thì kích ông ra lun,0
tròi oi làm như ng ta là sv vậy á mà phải dạy có giác quan ?,0
nghề đi đôi với đức mà ông này ko có đức mà cũng vào nghề đc,0
nghề thì làm thầy giáo đi dạy đạo dạy lí cho hs mà cuối cùng đạo đức cũng ko có mà vẫn vào nghề đc,0
chắc ông thầy này dốt đạo đức lắm nhờ,0
nêu là tôi là a chàng đó thì tôi sẽ làm đơn báo cáo báo lên nhà trường và báo lên các những ng làm việc lớn hơn để cho ông này thôi việc,1
vô lý vãi,0
"ông thầy cho dậy học sinh tiu hết 
thầy nầy có dấu hiệu thần kinh",1
thầy kiểu j đấy,0
mình thông cảm cho thầy vì thầy dạy cái gì ấy chứ có phải dạy đạo đức đou! mà trời mưa thì mắc gì phải giảng cho ah sv thì mắc mớ gì người ta ko nghe đủi ga khủi lứp??? dzị thầy dạy làm gì dzợ???,0
tính ra lúc anh kia nói là tôi tên gì gì đó có gì gì đó theo lời ông thầy xong ổng bảo ko nghe chi ra khỏi lớp thế ổng có đủ giác quan ko ???,1
thầy đuổi học sinh xong thì chợt nhận ra học sinh mình vừa mới đuổi là con hiệu trưởng. !?,2
thay khgon nan vai,1
ko đầy đủ mắt mũi tay chân thì ổng kick ak?,1
là thầy mình phải ăn nói có văn hóa để các em tôn trọng mình,2
ông quay xe đến nỗi tui còn chx kịp đội mũ bảo hiểm,0
xin là xin vĩnh biệt thầy,1
thằng thầy giáo kì vãi,2
thầy giáo vô duyên,2
"top 10 thầy giáo xv nhất 
top 1:",1
thay gi ki vay troi,1
ông  thầy bi khùng quá hã,0
đuổi khỏi lớp thôi mà làm j quá v,0
thầy trời đánh  . ông đừng cậy ông là thầy giáo mà ông muốn có quyền gì thì sv phải chấp hành theo ý của ông nha . ông có biết đồng lương hàng tháng của ông là do cha mẹ của các em sv này trả cho ông ko ? trường mà có ít sv học thì mấy ông đi ra đường mà kiếm ăn nha,0
có não nhưng không có đức!!!!!,1
khi cái đạo đức bị chó cắn,0
"thời gian thầy thích thể hiện kêu các em chứng minh mình là người bình thường thì đã giảng lại được nấy lần rồi, đằng này....",0
"dù ai đúng ai sai trong vụ việc này, giọng điệu của thầy giáo rất cao ngạo, và coi thường người học. nhân phẩm kém, nhà trường cần kỷ luật chứ không phải nói cho qua",0
"chắc não mấy ông thầy này chỉ có tri thức chứ ý thức, đạo đức thì bay mẹ nó đi đâu rồi. đúng là có tài mà không có đức",0
làm fuho đi thầy ey,1
lần đầu thấy thầy giáo như thế luôn,1
thầy có đạo đức thế,1
gặp em là cho ăn đạo đức rồi,0
thầy mất dạy là có thật,0
không xứng đáng làm thầy giáo mưa to không nghe rõ thì phải giảng lại cho học sinh chứ lại mời học sinh ra khỏi lớp học,0
thầy bảo học nhanh lên tôi còn đi ngủ,1
làm thầy mày ko nên làm thế,1
đuổi khỏi lớp chỉ vì lí do mưa to quá ko nghe thì đó có phải làm quá ko,0
"toi thay ghe , bi diec ma di day hc .",1
(không có ý xúc phạm ai cả) thầy cô đau phải ai cũng là người cha người mẹ thứ 2 của chúng ta đâu,0
cai do ko co dao duc thi lam thay dao lam gi,0
"bh ổng họp mà ông thầy hiệu trưởng nói ổng nghe hong rõ , thì hiệu trưởng nói đủi ông lun",0
"ông này chắc best khó tính
hs ổng kiểu:sock quá tụi bây:))",0
thầy này đuổi việc chắc,2
"thằng này thầy giáo gì ma giáo thì đúng, có nhiều cách giải quyết mà đâu cần căng vậy. loại bày đình chỉ, kiểm điểm mới được. với trường hợp yêu cầu học sinh đọc rõ họ tên va noi tai mắt mũi họng bình thường, chẳng khác nao xúc phạm chàng sinh viên nghe. không rõ có bộ phân cơ thể bất thường. nếu người nhà tôi bị ông thầy làm xin lỗi nhà ông thầy đó sang nhất khu tai  cho chó ăn",0
j kì z ngta ko nghe thì giảng mưa lớn v gắn tai nghe ch chắc j nghe rõ là ng thầy mà nch vs hs kì thế.,0
nó ngồi học cho là hay lắm rồi.,0
có tri thức thì phải có đạo đức thì mới lm gv nhá,1
mất dạy,0
"xúc phạm sv vl. 
 tội cho anh",0
"nói thật thì đ tin 
ddd 
nhà trường bắt vào đúng giờ 
trễ 1p cút dd",1
ông thầy lụ đạn,0
sống làm j,0
"người thầy bất lịch sự quá rồi đó
tôi mà là ba ông tôi đuổi ổng ra khỏi nhà rồi đó",0
thực sự rất tức giận với ông thầy này,0
cho thầy zề hu sớm,0
"bây h dịch bùng phát khắp nơi,những hs cố gắng lắm mới có đc 1 cái máy tính bây h còn kêu họ đeo tai nghe  như vậy có khác nào đang nói họ nghèo",1
"người có tài mà không có đức là người vô dụng
người có đức mà không có tài làm gì cũng khó
làm thầy học viên xin, nhờ giảng lại cũng không giảng mà đuổi thì làm thầy làm gì ảnh hưởng đến nghành giáo dục nước nhà",0
đúng tri thức thì đáng tôn trọng nhưng đúng người đúng nhân cách,0
thầy gì khó tính quá,0
thầy j kì vậy,2
cái loại này nó mà hành sinh viên thì thôi rồi,0
hey đầy là thầy giáo đầu tiên mặt đạo đức và nhân cách khốn nạn như thế,1
nge mà muốn đấm nó á trời thầy gì kểu này,0
hoc online hay bi vay lam nhiu khi nghe ko rõ mà,1
"tôi nghĩ là thầy nên nghĩ đến hoàn cảnh học online hơn,mạng kém,xong không nghe thấy.nếu thầy ko nói thế có thể tôi nghĩ là sẽ có bạn bắt chước theo",0
đuổi ổng đi làm dậy học sinh nào học,1
mặt day kiểu tri thức,1
ủa thầy dậy mà được đậu à,0
nhất thầy rồi thầy là thứ nhất ko ai là chủ nhật lun í . thầy đâu j mà kì cục,0
tri thức thì có mà đạo đức thì không... xem như vứt,1
"thầy gì đâu mà vô tâm,không biết cái tâm để ở đâu",0
thằng thầy này cho nghỉ luôn,0
ông thầy này ko có tư cách làm giáo viên,2
bác đa:gặp ôg này tôi đã đấm cho mấy phát rồi,0
thầy ácccccccc,2
thầy gì kì vậy mất dạy,1
"sv là học sinh nhưng thầy giáo là ng lái đò giúp học sinh qua sông
nhưng ông này là người nhấn chìm sinh viên chết đuối",2
vs cả thầy giáo này dạy cho nó có,0
nên nếu bạn nào học ko hiểu thì nản lắm,1
đuổi việc và không cho là việc nữa,0
vậy chưa chắc ông thầy đã có đủ tay mũi miệng và các giác quan như ng bình thường,1
trường nào v vào cho 1 sao ae,1
trời ơi,1
"ông thầy vô duyên, kêu nhà trường đuổi việc ổng đi, người có tri thức mà ko có ý thức",1
theo luật là ông này sẽ phải đưa cho học sinh mỗi người 16 triệu vì tội xúc phạm ngt,0
"thế này thì đuổi việc luôn đi cho rồi, đạo đức còn không bằng đứa học mẫu giáo",1
thầy như thế mà củng làm thầy,0
"thầy hiệu trưởng: anh chính thức đuổi viêc
ông thầy: giải thích mọi chuyện
thầy hiệu trưởng: cái j tui nghe ko rõ.thui mai khỏi đi làm",1
"thầy giáo gì mà kì vậy
có đạo mà không có đức",0
thầy mất dạy thế !,0
dik me day ma vay day chi,1
thấy giáo đó hả cái đó là dân chợ búa mà dm nó,0
thay kieu nay ma len giang vien ha no lay tien mua bang hay sao chu thay giao kieu nay hoc sinh hoc cai gi ha,1
thầy giáo vô văn hóa,2
thang.nay.nao.chuye.sau.kho.nghe.vay,1
nghĩ luôn sợ cc j,0
thầy lầy,2
thầy phải hỏi học sinh chứ sao cứ nói là đuổi vậy ???,1
ko thể chấp nhận một ng thầy thế được,1
giống chửi ngt thuyết tật vậy đấy!,1
thầy này nói thế thì khỏi dạy,1
quá đúng,0
khanhphuongvua  buồn hả,0
uk thấy mà tức ấy nếu là tui tui nói thầy hiệu trưởng và ph rùi :((,0
quangthangtv2733  điên,1
mình hỏi nhe người ta giảng đi giảng lại mà ko nghe rõ lấy j ko tức?,1
honganh5765  nếu tức thì nhắn nhở hoặc lớn tiếng xíu tại sao phải đuổi khỏi lớp??,1
"honganh5765  tại trời mưa lớn wa ổng giảng ngta hk ngta rõ kiu giảng lại,mà đâu phải riêng mình a này hk nghe rõ đâu,lúc ổng kiu học sinh đọc cái j đó ổng cũng có nghe dk j âu s nói ngta dk",0
đúng là cái thứ gì ko,0
chau2705-c2h  này này người ta nói sao thì kệ ngt tự nhiên chửi ngt ???,1
honganh5765  rồi có chắc giảng đi giảng lại nhiều lần ko ? với lại trời mưa to đến cả người xem clip còn nghe mà không rõ là phải ? khi nào mà thầy giảng nhiều lần mà cố ý không tập trung nghe giảng thì mới nói chứ mà thậm chí học sinh không hiểu thì giảng lại th chứ mắc mớ gì phải đuổi ? bạn nói chuyện nghe thiếu hiểu biết vl,0
cảm ơn youtube,2
vỗ tay cho 1000 like,0
hợp lí bạn ei,0
khang-po4qo  thế tôi hỏi bạn nhe ko lẽ chỉ có cái ông sinh viên đó trời mưa to hả?,1
khang-po4qo  mắc mớ j tôi phải giảng cho cậu nhiều lầnnếu bạn ko phân biệt dc thì đừng có tự nhận mình đi học nhá,1
honganh5765  tùy người bạn ơi đâu phải những sinh viên đó sống chung nhà ? ủa mà bạn có hiểu vẫn đề ko ? bạn kia trờ mưa to quá và xin giảng lại để có thể nắm được bài bộ trời mưa là lỗi của bạn ấy à ? thích đi ngược dư luận tưởng thế là ngầu ? bộ có cái luật đéo cho học sinh được hỏi lại khi không nghe rõ lời giảng ? chúng ta đang online mà chắc chắn phải có những cái chuyện bất trắc ai lường trc được . còn bạn bảo là mấy sinh viên kia thì sao à bộ phải đợi trong lớp có 1 đứa bị thì mình mới đc nói cái vấn đề của mình lên ? hs thật sự muốn nghe để hiểu bài và đã xin phép giáo viên một cách đàng hoàng lễ phép nếu giáo viên ấy lười ko muốn giảng lại thì chỉ cần nói th chứ đâu cần phải kick hs ấy ra ngoài ??? rồi còn có 1 đoạn ổng kêu các hs đọc đầy đủ giác quan gì đấy có 1 bạn hs bị nói vấp cũng bị ổng kick ủa vậy hỏi bạn ai sai ?? nếu hs đó ko muốn học thì dù thời tiết ra sao hay có ồn ào cỡ nào nó cũng đách thèm hỏi lại đâu  hs đã tôn trọng giáo viên rồi mà giáo viên không tôn trọng lại ( làm ơn coi hết clip ra rồi hãy cổng cổ cãi cùn ),0
honganh5765  và bạn có thật sự hiểu cái nhiều lần ấy ko ? một lần là giảng bao nhiêu vậy ? rồi tôi hỏi bạn cái lúc bạn đi học thì bạn học kiểu gì ? học sinh không có quyền hỏi thầy cô giáo à phải trở thành robot à không được thắc mắc gì bài giảng à ? mà đây cũng là bài học mới không hiểu là phải mà còn gặp thêm trời mưa. cái quan trọng là hs ấy chỉ nhờ giáo viên giảng lại dùm vì nghe ko rõ chứ nó có làm cái gì quá đáng chưa mà tại sao phải kick nó ??,0
honganh5765  đến cả ngồi ở ngoài xem clip còn nghe cả tiếng mưa  xin lỗi đéo ai cũng có đủ điều kiện để mua cho mình 1 chiếc tai phone xịn cả ngay cả hiện tại tôi đang học online cũng ko có  mỗi lần trời mưa là phải cố dí sát tai vào loa để mà nghe cho rõ đây,0
đỉnh của chóp bạn e,1
"lethidamlethidam62  có thể lúc đầu em gì đó bị đuổi khỏi lớp thì có thể xem như video chỉ có một khúc sau, khúc đầu ko có quay lại. còn có thể hiểu được. đằng này em đấy bị đuổi rồi, thằng thầy này lại kêu cả lớp xưng hô gì giác quan đầy đủ gì gì ấy, bộ ông thiếu hay sao mà cần người ta đọc thần chú cho mọc lại , em khác nói nhỏ hay trời mưa gì đó thì cha thầy này lại giận cá chém thớt đuổi luôn. tôi mà là hiệu trưởng là cho thằng già này biến luôn khỏi dạy. thứ gì đâu ko.",0
"khang-po4qo  ừ, thằng cha này ko đáng làm giáo viên. cho về vườn đi, ở quê dịch bệnh đang thiếu người thu hoạch cây trồng gửi lên giúp cho mấy bác trên thành phố nè.",1
phuonganhnguyen4011  khùng tha,0
"đạo đã ko có, đức lại càng ko",1
"thầy chứ có phải phù thủy đâu ...người ta bỏ tiền cho con đi học ,mong con nên người, con cháu học thầy xong không biết nên con gì luôn??????",0
thằng thầy này không có đạo đức nói chuyện không chấp nhận được,1
ác hơn gà ác!!!buồn cho mấy em sinh viên! thương,0
t xem clip từ đầu r thầy này ngang ngược lắm,0
thầy ác vãi,0
"mé nó
-ông thầy này,không có đạo đức
đúng là đồ...",0
ong thay vo duyen,1
tốn time,1
"trên lớp nhiều lắm mà ko có ghi âm lại đc thôi ,h học online là lên sóng ngay.",0
làm mất hình tượng cho một trường đại học. một con sâu làm rầu nồi canh,1
thà là thầy giáo trường dở mà có đạo đức còn hơn thay giỏi mà đạo đức ko có,0
"người ta có ý thức học tập, muốn thầy giảng lại là may lắm rồi còn làm khó sinh viên người ta nữa",0
thầy giáo gì tư cách kì cục thầy chứ đâu phải cha mẹ mình ông thầy này dạy nhà trường cũng trả lương để ổng dạy vậy chừng nào mình ko nghe rõ 5 hay 6lan kêu ổng giảng lại thì ổng mới có quyền nói chứ,0
"thầy ơi
em xin tặng cho thầy cuốn đạo đức lớp 1 và gdcd lớp 6 để thầy về xem lại rồi hãy đi dạy nha thầy",2
tại sao lại đối sử sv như vậy,1
"chưa phản anh hết sự việc? giờ không biết ntn chỉ đơn giản giáo viên mà dùng ngôn từ vậy nói sinh viên, còn bắt người ta nói đủ tứ chi giác quan, đang phân biệt gì ở đây.",0
yêu cầu cho thằng thay giáo này nghĩ việc cho cái cho học sinh nhờ để ổng dạy hu các con,2
chán mấy ôg thầy bt gia cảnh thế dell nào suả nghe giọng kinh vãi )),0
tui mà mà có trong là tui éo vô tiết ông lập đơn báo cáo gửi hiệu trưởng cho nhanh lớp này hiền quá,0
chuân đo phat,1
e ơi gửi cho thầy đi sao e tặng mà thầy không thấy,0
tăng luôn gdcd lơp 7 va 8 đi,1
"lớp học con mình chủ yêu là các bé người miền nam và một phần người bắc mới học lớp 3,dạo này học online  mà thày dạy tiếng anh nói đặc giọng nghệ tĩnh đến người lớn có người nghe không hiểu nói gì con nit.",0
trời ơi dạy học sinh dậy đó ông có giác quang mà ông không có kiến thức làm thầy giáo chi á,0
quả này t đánh luôn,1
giảng giây  hay giảng viên,1
ông thầy giáo độc ác quá,2
ông thầy vô văn hóa,1
thầ  gì dô ý ưc thức vá dạ trời,1
"sau nhiều tháng cách ly, tâm lý thầy không còn vững nữa, đây là 1 trong những hậu quả sau cách ly",1
học chi đuổi bà ông thầy mẹ luôn đi học chi nửa trời đúng là ông thầy khốn nạn,0
"ông thầy khốn nạn vậy.
xúc phạm danh dự,nhân phẩm,của người khác.",1
thay ac on,1
ông thầy thấy ghét thiệt lun,0
"thầy: cái việc to hay không anh phải tự lấy cái tai phone anh để vô, chứ mắc mớ gì mưa to tôi phải giảng cho anh nhiều lần
học sinh: are you sure about that...
thầy hiệu trưởng: tôi cho thầy nghỉ dịch dài hạn.",0
ông thầy ăn cực,1
"ko cần biết clip dài hay clip ngắn, cắt hay ko cắt nhưng chỉ cần xem khúc đầu lời thầy giáo nói vs sinh viên như vậy là mất đạo đức người làm thầy oy ...",2
ông thầy còn thiếu ý thức hơn một nửa học sinh,1
th thầy đuổi sv hiệu trưởng đuổi th thầy,0
tài tâm tầm đức trí thức ghê,0
thầy gì thầy này ..cho nó vê vừơn đi ..thôi,0
"cho ông thầy này về vườn đi, nói kiểu như giang hô mà day gì",0
gút chóp,1
10đ hay,1
kb roblox ko bn ơi? 3,1
không thầy đố mày làm nên,0
quá hay,2
10đ,1
hainguyen-io6by   kb với mk ko tên là mkcan2,0
làm rơi cái thứ này rồi ngài ơi,0
"clip nó ngắn thật , may mà nó ngắn chứ clip dài xem muốn tát mặt cha đó chứ thầy đồ gì",0
"vãi, đã đuổi ông kia rồi, mà còn bắt kêu nói có mắt tai mũi miệng, nói ấp úng cái đuổi, vô lý vậy.",0
"đi mà xin lỗi em sinh viên kia đi, ở đó biện minh cũng chả ai nghe đâu",0
đăk lăk mới đuổi hàng loạt giáo viên vì bằng thpt giả ông này chắc cũng mua bằng thầy giáo gì nói cx như dân chợ búa,0
không xung đang la thây,1
"giảng viên gắt chết mịa, toàn hù dọa sinh viên, mà đứa nào mà dám chống cho rớt môn thi lại",0
gặp thầy như vậy thì nên nói lại thầy. người truyền dạy không có tâm thì phải nói,1
thầy giáo vô liêm sỉ vô đạo đức,1
"lưu manh giả danh trí thức, còn đở hơn trí thức lưu manh",1
thế thì nghỉ học hết lớp luôn! thầy giáo thật kì.,1
lúc trước có tin sinh viên chửi xúc phạm thầy bây giờ tới thầy đối sử ngược đãi với sinh viên xã hội bây giờ nhiều ảo quá,2
ông thầy.ác đọc quá,0
nguoi co tri thuc chac gi co dao duc,1
"nói v mà nghe được chắc
nói tui vậy là tới công chuyện à",0
thầy này chắc chắn trước đây kém môn đạo đức thì phải,1
nghỉ mà tức,0
nếu tui là hacker học online tui sẽ hack cho ổng bay ạc ;),0
à mà mình học online tiếng rè rè nghe mắc cười lắm :(),0
tặng cho thầy sách đạo đức lớp 1 đến lớp 5 và tặng sách gdcn từ lớp 6 đến lớp 12 ;))))))).à mà đuổi việc nữa ha,1
"thầy j vậy trời, ko đuổi thì ông thầy này thì thầy hiệu trưởng dỡ rồi , kick ngta đc chắc còn làm những chuyện khác đáng sợ hơn",2
"thầy củng có nhiều ông biến chất ,biến thái mắc dạy nữa,",1
đuổi thầy giáo ra khỏi nghành luôn đi,1
"học sinh thẳng tiến thoát khỏi học onl,đg nhờn vs sv",1
giao vien ma cung wsn tham nua sao troi,1
cho thay nay nghi day duoc roi,1
ông thầy giáo này đúng là ông không làm thì ông về nhà ngủ đi !,0
thầy này ko có đạo dức,1
thây cô giao bây gio dạy nhung loi le kho nghe kg co giao dục gi lam thây cô giao nhu vậy thua chan bo,1
thây cô giao bây gio giang bai 1 lân kg giang lân 2 la sao vậy,1
giữ kiến thức mày xài luôn đi thằng thầy giáo trong clip,1
cô hiệu trưởng mà biết đuổi ổng ra khỏi trường,1
thầy giáo vô tích sự,2
giáo viên kì cục vậy trời,2
doi thay giao di,1
ju do chi la mot doan ngan clip nhu do hien lenh tat ca mjh la thay jao chu dau phai may ba ban dam dau noi chien k ra j,1
thầy giáo mất dạy thật sự ra đúng như bác nói có tài mà không có đức,0
cái này mà  nhà trường  không  làm  rõ thì  không  ai  dám học nửa  đâu với  lại khi sử lý nhẹ ùi xong học sinh vô học những  học sinh đó sẽ bị đì đến không ngốc đầu  nổi luôn.với  lại mưa  không nghe rõ kêu giảng  lại mà đuổi và nói lời khó nghe với  học sinh trước  các bạn bè.họ sẽ nghĩ sao.,0
bởi  vậy  nước  mình  không  phát triển  hơn  các nước  khác là  nhờ có những  thầy cô giáo như  thế này  á mình là chứ mình  là đầu tàu  để dẫn đắt các học sinh đến tương lai  mà đâu thể làm những chuyện vậy  được.,0
vậy  những  đứa trẻ  không  may mắn mất 1 bộ phận trên người  ùi không  cho học hả quá đáng mà,0
"lại bao che nhau mà,",0
thầy cô kiểu gì mà  kì vậy  trùi người ta còn  muốn  cho học sinh mình hỏi  lại nữa  à kiểu này  phải sử lí mới được  ạ chứ đâu kêu con người  ta mở cam xong cái hỏi đủ tai chân  đủ các bộ phận mới  cho học  hả,0
"thầy mắt dậy, cho ghỉ việc luôn, tư cách này dậy ai",0
"thầy này đóng hài thôi, chứ thầy không ác ý gì cả. mình đã từng học thầy.",0
rồi xongchúc mừng anh đã được nổi tên và nổi tiếng,1
"giảng viên đại học sư phạm kỹ thuật cơ đấy, một trời nhân cách nha, đạo đức quá kém!",1
ông thầy quê vl (,1
"học làm mẹ gì,tài liệu đầy, tự học đi phụ thuộc vào mấy ông này làm mẹ gì cho mệt. tôi thề là tôi chưa bao giờ cần ai phải dạy bảo cả, trường đời sẽ dạy ta tất cả, con tôi hiện nay cũng vậy, tự học tự nghiên cứu là hay nhất.chẳng cần ai làm thầy làm cô đâu. về làm ruộng đi các thầy nhé.",0
cho thây giáo đó rồi thoi ngành đi mất đao đức va đi,0
"ra khỏi ngành là vừa rồi, ko có tư cách giảng dạy nữa đâu. cho dù có là gì đi nữa thì cách ứng xử giữa người với người mà dùng những từ ngữ đó thì chẳng khác nào đang tự tát vô mặt của mình",0
thầy hl vậy,2
muốn có tai phone là có liền sao? dạy lấy tiền hs mà nói chuyện vậy đó..có tri thức mà ko có đạo đức.,1
thăng thây giao bi bênh ah ..,1
loại thầy gì k biết,1
côn đồ,1
bác hồ dạy có đức phải có tài... có tài mà không có đức thì ....,0
xong kỳ này thầy về hưu thôi,0
hỏi chấm vãi thầy gì kì vậy ko nghe rõ giảng lại quá hỏi chấm,1
đánh cmn đi,1
co tri thức nhưng noi chuyện ngược  lại,1
ông mà gặp tui thì xác định,0
má cái ông thầy đó ko bik làm người chứ chi làm thầy nữa,0
yêu cầu đuổi dạy thầy giáo này,2
đề nghị bộ giáo dục kỹ luật thầy giáo hống hách vô đạo đức này..,1
thầy lương tháng rùi,1
cho ông này ra khỏi nghành giáo dục di,0
chỗ tôi thì khác,1
"cũng may mà có clip ghi lại, xưa cũng có nhiều thầy như v",1
ông thầy belike thế,0
giọng nói và ngữ điệu thì tụi học trò cũng biết máu mặt như nào rồi ạ,1
thầy ms có tí men hay sao í,1
gv thế mà cũng dạy đc,0
tẩy chay thắng cha thầy này đi,1
như vầy là không đc là học sinh đã tôn trọng thầy giáo thì thầy giáo cũng phải tôn trọng với học sinh chứ,2
thầy mất dạy,2
ông thầy bà điên hả o có đạo đức của thầy và trò,2
"nhà có nóc bằng thiết khi mưa to không thể nào nghe được, học sinh đã lễ phép xin thầy nói lại, dù trước đó có xảy ra việc gì thì 1 nhà sư phạm ko nên nói như vậy . . .",1
ông thầy vô cảm quá tào lao thật nhân cách như vậy dạy dc ai?dạy kiểu gì ko biết?ko có nhân cách tư cách làm thầy!,0
thầy cô lớp tui cũng thế mà,1
thầy giáo này rất quá đáng không có tư cách của người giáo viên . bắt hs lập lại câu nói của mình như kiểu chế giễu người bị bệnh làm theo ý mình,0
không xứng đáng làm trong ngành giáo thật xấu hổ khi có những người lái đò như vậy,1
thằg thầy này về vườn,2
gặp thằng thầy âm binh,2
đạo đức thầy như vậy làm giáo viên làm gì nghỉ mẹ đi ha .,2
thầy gì mà mất dạy dữ vậy,0
"thầy giáo sao mất dạy thế nhỉ, thời buổi khó khăn chung của cả nước mà, đề nghị đuổi việc đi, có lương tháng không có lương tâm mà, vô dụng",0
tưởng làm thầy thì thí làm gì thì làm  sao,1
troi oi thay giao vay ma kg xu ly ha,1
nam mô a di đa phât có trí thức ko bằng trí tuệ,1
đề nghị bộ giáo dục xử lý nghiêm,0
thầy giáo bố láo vậy,2
"thay nhu ...,dao duc thay giao o dau.duoi",1
thật sự là quá đáng lắm luôn,0
truong nao vay ban,1
cho dù ông giải thích đó la đoạn clip ngắn k như sự thật.thì những câu nói của thầy nói ra đâu giống một ngươi co tri thức học vấn.đã la giáo viên thi phải co trách nhiệm cho dù học sinh mình k phải đi chằng nữa thì thầy cũng nói sao để học sinh còn kính trọng.còn đừng có kiểu làm thầy giáo muốn đuổi học la đuổi ak ông thầy kia,0
thầy giáo như vậy loại bỏ khỏi ngành giáo dục.,1
ra ngoài đời thầy cô bh còn khốn nạn hơn nhìu...,1
thầy giáo có trí thức nhưng chắc gì có đạo đức,1
thầy giáo gi mà ăn nói vô duyên. nghe em sinh viên nói chuyện nhẹ nhàng dễ thương mà nghe ông thầy trả lời thấy ghét,2
thay âm binh,1
mẹ học trong lớp ko song bài đặc học online (rồi gặp học xinh ko có diện thoại cảm ứng học rồi sao),1
thầy j khốn nạn z,2
mất tiền học chứ không phải nhờ day đâu trời,0
ông này bị gì á ta nói mưa to thì giảng lại vô duyên,0
học sinh không biết chả lời nhỉ.hỏi thầy là thầy ơi thầy đã bị học sinh đấm và chém vào mặt bao giờ chưa ạ.chỗ em vừa có thằng như thầy bị băm mấy phát vào mặt rồi đó xem thầy bảo sao.,2
"trường mình luôn , cũng khoa lun, mình cũng từng học thầy này tuy trong lớp có khắt khe nhưng thầy rất có tâm, giảng hay nữa. thầy làm vậy chỉ để học sinh tập trung hơn, vì buổi học online nên mình nghĩ thầy cũng biết sinh viên sẽ xem lại video thôi. các bạn hiểu dùm thầy nhé. :",2
"phải tao, tao vô tao phá mẹ rồi",1
một túi tiền một túi đạo đức em lấy tiền chừa đạo đức cho thầ,1
thầy này nghỉ luôn đi dạy gì nữa,0
thầy giáo bị lag,2
trời ạ học kiểu này nghĩ học sướng hơn thầy giáo gì nói chuyện khó nghe,2
thầy giáo không đủ tư cách làm giảng viên,2
"thầy giáo mà như vậy thì đừng mong nhận đc sự tôn trọng từ học sinh, sinh viên.",2
thầy  gì  mà  nc nghe  cục súc như hoạch,0
thồn lầy.cốn lài.thò chắn.,1
thồn lầy .,1
cho xin sdt vào địa chỉ số nhà của thầy giáo có đạo đức quá,0
can phải luật gấp nếu cứ tiếp tục thầy giáo có thái độ như vậy không the chấp nhận được,1
thầy giáo gì đòi bóp cổ học sinh ? có tài ko có đức cũng là đồ bỏ thôi,1
bruh sv nói tên đầy đủ r mà ko nghe what thầy bị gì thế,0
ông thầy thấy ghét,1
ôi cái thằng thầy giáo! cái nghề này càng ngày càng xuống dóc,1
giáo viên bây giờ chỉ là một cái nghề để người ta người ta kiếm tiền thôi. đừng tưởng giáo viên là thanh cao. có tri thức mà đạo đức kém thì cũng chỉ là 1 đống rác thôi. nếu giáo viên ai cũng như vậy thì xã hội trẻ em ngày sau sẽ như thế nào?,0
thầy mất dạy,2
thay giao that hoc ua nha nuoc tra luong de day hoc ma co cai thai do nhu vay do cho ong nay nghi day di di hoc lam nhu di xin vay nc nghe k ua,1
cho về hưu sớm đi,0
tôi không cần biết đăng đủ clip hay không.tôi đang nghe và thấy ông thầy giáo này có những từ vô văn hóa. thầy giáo như thế không có đủ tư cách dạy người khác.dù đoạn clip có cắt bớt đi nữa nhưng những ngôn ngữ đó không thể chối cãi.nên cho thầy giáo này về vườn là vừa.,0
chửi sv như người khuyết tật ý,1
thầy như...................,2
ông thầy kì vậy,1
thầy giáo mới bị ny chia tay,0
trời ơi ác vậy,1
"thầy chắc đang táo bón, khó ở trong người vãi. đúng là khó ưa.",0
có tài mà k có đức. vứt,0
ông thầy bát nháo vl,2
ông thầy nầy phải là thầy ra khỏi trường mới phải thầy gì mà nói chuyện giang hồ vậy vậy thầy nên dạy những thằng giang hồ đi đừng làm thầy dạy trường nữa thầy mà day như vậy còn ai tôn sư học đạo nữa,0
tôn sư trọng đạo tui nghỉ thầy đúng là có lỗi nhưng tui là người ngoài cuộc nên ko có quyền mắn bỏ được,2
"mình thấy sự phản biện của phía thầy và nhà trường là sai. mình nghe rất rõ nhưng ổng vẩn bảo là ko nghe
tiếp nữa là cái giọng thầy nói ko phải là 1 ng thầy chuẩn mực đạo đức gì  
tiếp nữa là phản biện đoạn clip bịt cắt ghép nhưng cho dù ko cắt ghép thì ko lẽ nhưng lời nói đó của thầy ko phải do thày nói sao  cắt là cắt đi nhưng đoạn ko wuan trong để mn ko xem quá lâu
đừng nói những gì phản biện theo kiểu cắt ghép như vậy  vo trách nhiệm quá",0
thầy giáo này gặp tui cho ăn đá liền. thầy ba long.,2
làm thầy mà mất dạy,0
ông thầy kiểu tới tháng,0
"thầy phải thông cảm chứ
còn sinh viên học phải đóng tiền chớ có học chùa đâu mà thích đuổi thì đuổi",0
tg thầy giáo đó chắt hết dịch thì nó nhập viện,2
ong nay cho ve nghi lam vuon di co hoc thuc ma nhu vay thi sao hs co the hoc tot duoc,1
thầy giáo kiểu này thì khỏi học cho rồi...,2
gặp tao là tao ghép khá bảnh vào cho ổng nghe,0
nhình mà tức,0
tr ông này là thầy hả có mua bằng k vậy cha,1
cho a ve quê cấm câu luôn,1
tống cổ tk thầy lầy nài ra khỏi ngành giáo dục lun đi,0
"nghèo thì nó thế, chứ giàu thì cung phụng lắm",1
"đây là đạo đức của giảng viên  nhưng t cũng khảng định  kiểu gì cũng k0 sử lý giảng viên kia,còn sv kia chắc chắn bị gim chắc sẽ khó khăn mới thoát đc môn đấy  nếu giảng viên đó còn dậy",0
nếu có con tao thì thay này k yên được đâu nhé .,1
đúng rồi,0
khó khăn lắm mới học online mà gặp nhiều người như ông này thôi rớt lớp luôn,0
thầy làm gì căng dị,2
vậy mà nói cắt bớt thế cái câu học sinh này nói t k nghe rõ mời a ra khỏi lớp là j nhỉ hay bên thầy cũng đang mưa to nên rối loạn hết giác quan nhỉ,1
chịu ôg thầy,2
cho thầy giáo nầy về quê đi,2
"hồi xưa học xong ra trường học sinh lúc nào cũng nhớ về thầy cô, bây giờ học xong gặp thầy cô ngoài đường chẳng muốn chào coi như không biết, không có học sinh học thì họ chẳng có lương",1
thầy giáo giờ nó vậy.chia buồn cùng bạn,0
đag mưa đeo tai fone có sét bị đánh thì sao .....nhiều thầy giáo mà nc như con nít,0
cũng kì thị quá ha,0
"thầy giáo ăn nói giang hồ không có đạo đức thầy nên nghỉ đi ,không đủ tư cách đứng lớp ,",1
thầy giáo hwa chơi đá rồi quá đen cho hs,2
cho thầy khác dạy đi,0
"giáo viên đời này ít có tâm lắm.  không như thời tui.  mún học trò học mà ko chịu học  từ ngọt ngào,  dịu dàng,  năn nỉ nỉ đến chửi vì thương...",0
"con mình cũng mới học online tuần đầu tien bé học lớp 6 học đc 3 buổi đầu ok tới buổi thứ 4 hôm đó có 4 tiết 2 tiết đầu ko sao tới tiét của cô dạy khtn thì nghe cô nói rất nhỏ con mình mới giơ tay thưa cô em ko nghe rõ ,thay vì nói em xem lại máy của em xem có vấn đề gì ,bá ko nói bà nói cô nói ko ai nói cô nói bé em có vấn đề rồi đó qua tuần thứ 2 bà ko xưng cô với em mà bà nói bé kia này ko biét thì đừng có giơ tay bây giờ cho con đi học ,học chữ học làm người mà gặp mấy giáo vien thế này thì thà để con mù chữ ở nhà dậy con còn hơn",1
"thầy giáo mà nói sau khó nghe ,vậy dạy ai",0
thầy vậy cho nghỉ đi,1
thầy kì quá à,2
thầy à oai gì đâu thầy cái quần què gì đây thầy nên học lại từ nhẫn nại thay cho từ nhẫn tâm,0
người có trí thức thì có đạo đứa đạo đức của thấy này chỉ bằng một lớp mầm mà thôi,1
thầy giáo có trí thức mà đạo đức có lẽ bị rơi vãi.....,0
đâu phải là thầy cô rồi có quyền đuổi hs. tôi là phụ huynh hs của 2 con tôi.có khi tôi còn khen con tôi sao thầy cô nói gì mà sao ko nghe dc vậy . ko phải chỉ có trẻ con .mà thầy cô nên nhớ học onl là cả gd chứng kiến nhé,0
thầy gì mà ngang ngược như bọn trẻ trâu,0
đi học mà ai cũng ra trường đuoc làm ông làm cha như vậy cũng gáng mà học .,1
nghe giống cha ông cố nội chứ không phải thầy lầy ..,0
không có kiếm ăn gì được qua online   thì kiếm chuyện vậy mà ,1
"nhiệm vụ của thầy cô giáo là dạy học sinh, học sinh ko hiểu thì giảng lại chứ",2
cho thầy này nghĩ việc được rồi,2
gặp ngoài đánh luôn chứ kêu tao gọi là thầy à,0
làm thầy mà ko có đạo đức làm thầy làm j,2
"học online là của mấy ông đưa ra 
vói lại đống tiền để ông dạy chứ ko đi xin học 
thêm nũa là ông mức vậy thì cần gì nũa mà điều tra 
ko cho nghỉ việc tui gọi là trường đại học mất dạy
học sinh mất dạy đuổi vậy giáo viên mất dạy thì làm sao đuổi chứ để làm gì",0
thầy giáo mà nói chuyện kiểu này!thầy mới là người ra khỏi lớp,0
các thầy cô giáo loại kiểu này cần phải giáo dục lại đạo đức,2
"thầy lựu đạn nha thầy , thầy đi ngũ thì có, thầy mất dạy",2
giáo viên như thế này thì nói sao học trò ko tôn sư trọng đạo.người học họ cũng tốn nhiều tiền để trả công cho các ông mà...,1
duoi ong thay mat day,1
"không kỹ luật thấy giáo thì nghĩ học hết đi coi ai trả lương cho mà giảng bài nữa hk cần biết trọn vẹn clips như nào nhưng thầy giáo mà nói chuyện như vậy là không đạo đức, cách cư xử thô thiển, câu từ mang tính miệt thị thì đã không đủ trình để dạy cho thế hệ tương lai rồi.",0
nhận tiền phí của sinh viên chi rồi lm vậy có sinh viên ổng mới có tiền chứ,1
dù có cắt nhưng thật . ngôn ngữ có nhiều loại tại sao thầy giáo nói chuyện thiếu văn hóa như vậy . dù có vô lớp lại thì sao . anh là giáo viên rút lại lời nói khiếm nhã được ko . nhà trường nên khắc khe với giáo viên giờ thấy giáo viên xuống cấp quá .,2
"ở việt nam mình còn có quá nhiều thấy cô tưởng mình là người cần người ta kính nể và tôn trọng, nhưng bản thân mình phải thể hiện như thế nào để người ta tôn trọng, chỉ nhờ thầy nói lại một lần nữa cũng không chịu là sao? là cha thiên hạ?hai bên đổi chỗ thử xem? đặt mình vào vị trí của người ta đi cha ơi",0
"cả đám cùng out khỏi lớp coi sao, thầy mà làm như giang hồ",1
ông thầy mất dạy,0
thầy giáo tuy là kiến thức cao chưa hẵn có đạo đức nghề đâu.. không hiểu không cho hỏi vậy là sao.... ức chế quá mọi người ơi..xin cho cậu sinh viên kia một lời công bằng,1
cho thầy về vườn,2
đúng với câu nói tri thức ko đủ để hoàn thiện một con người.,0
"thầy gì trời đánh vậy trời. nhà trường có hình thức kỷ luật, buộc thôi việc đi.",1
vãi lúa,0
ra đường chặn nó lại đập nó,0
"thầy giáo dạy kiểu gì vậy , tôi tự ngồi học cùng con mình thấy cô, giáo thầy  thiện vị không công bằng kiểu có học vấn hành xử kém phẩm chất con người quá thừa người ít học cho thầy nghỉ về nhà đúng hơn không nghe thì phải hỏi lại là đúng",0
thầy giáo mất dạy,2
tôi ko thích kiểu này,1
may là thầy giáo hay là co hồn ha may,2
thầy như cái bi ấm,1
toi de nghi cho nghi day luon,2
cho non nghi day di do vo dao duc,0
đuổi việc ông thầy này và tặng kèm sách đạo đức lớp 1,1
thay giao day thu cung ma dua vo day người sao ma day dc,1
gâp ngây thầy giáo ko có cái tâm,2
ủa ông này thầy giáo đó hả đúng là người thành công có lối đi riêng,0
thầy giáo bị khùng kỉ luật thầy giáo cho khỏi dai.,2
tui mà gặp người thầy giống như vậy là tui báo với hiệu trưởng nhà trường phản ánh,1
thầy  giáo  đó  nha mọi người  nói  chuyện  kiểu  như  người ko học,1
"tôi cũng là một thầy giao nhưng tôi thật bất bình với tư cách, đạo đức của giảng viên này ... đuổi ra khỏi ngành ngay ...không xứng đáng nhận chữ thầy",1
gian ho ha .danh lon ko .do thay giao ko co day ma day ai dc .ra khoi nghah di,1
rủ nó ra ngoài solo luôn đi,0
học nhiều quá nên ngu dốt.,0
ông thầy tào lao,0
"thầy giáo hay bề trên vậy,cư xử hành động giống dân anh chị quá.sao được làm thầy hay vậy,k biết năng lực thầy cao siêu cỡ nào mà cách cư xử thái độ thầy đối với sinh viên ntn thì vứt....",2
cho nghỉ luôn học đạo đức lớp 1 lại là vừa,1
đuổi luôn thầy mà như côn đồ,0
thay giao do đe cho đi dai may con thu di thi đuoc do,0
nghành giáo dục đứng đầu mà thầy này làm mất nhân cách quá mất lòng tin cho.cả một thế hệ sinh viên,0
tìm nhà chém cạ nhà nó,1
thầy như sv,2
đu ma,1
"giảng viên mà ko có đạo đức ,đuổi việc ngay đi.",1
ko có đạo đức,1
thầy như vậy đánh cho một trận,2
thằng thầy này đuổi khẩn trương,1
hiệu trưởng của trường đuổi thầy này đi đc rồi đấy. thầy giáo mà vô tâm quá,0
cho thầy giáo về nhà chồng rau nuôi gà đi,2
ko làm vậy thì để cho mấy ông tướng nhiễu à nói chung thầy giáo cô giáo mà ko làm vậy thì sinh viên nó làm loạn,2
thang nay dau co hoc thuc hay sau do.cho no nghi di.,1
"sao mấy e k nói lại thầy k nghe là chuyện của thầy,,vậy thầy mat day , rồi ra khỏi lớp luôn đi",1
ông có phải thầy giáo kg,0
đề nghị sở giáo dục tphcm đuổi gấp thành phần mất dạy này không nói nhiều,0
thầy không có dạo dạy lam gì,0
pháp luật phải xử lý thật nghiêm để làm gương học sinh như trang giấy trắng thầy ko có đạo đức thì học sinh cũng bị nhiễm rất có hại cho thế hệ mai sau,1
mong  bộ giáo dục đào tạo vào cuộc kiểm tra và kĩ luật giáo viên này,2
về làm đòi nợ thuê đi a thầy,1
thầy giáo gì mất dạy vô cùng,0
cho hoi hôi đo thây co hoc môn  đao đưc không thây...chăc thây yêu môn đao đưc..hai la thây đa gia rôi quên hăn...nêu thây đa gia va quên rôi thi xin nghi hưu nhe thây,1
ông thầy chắc xấu mặc lắm,0
có tài mà đéo có đức,0
dạ em tặng thầy sách đạo đức lớp 1 rồi thầy đi ra khỏi lớp đi em tự học ko có thầy em chả chết đâu,1
ước gi ong nay nghi,1
"ông thầy này mà dạy trực tiếp chắc có nhiều tiêu cực lắm, ai lo đúc lót tiền mới được qua cho coi, còn không thì thi lại, giọng nói của thầy nghe hách dịch quá",0
"mấy bạn sinh viên quá nhát sợ phiền phức, tập thể yêu cầu nhà trường hủy lớp của ổng. mấy bạn trường khác có lớp của ổng cũng làm vậy coi ai dám mướn ổng nữa. cứ thấy giảng viên là như chuột sợ mèo. hồi đó lớp tôi cũng cho 1 ông giảng viên bay màu rồi",0
"bối cảnh cái quần què gì! thái độ, lời nói như thế chấp nhận được à?",1
thầy. giáo vì kì cục vậy  .,1
cho ông này về hưu sớm đi,0
cang xem cang thây tưc .cho thây nay nghi đi,0
cho thầy giáo đó về quế luôn,2
tui nghĩ là nên tặng ổng sách giáo dục công dân và nếu ổng bảo ko nghe thấy tiếng thì tặng ông vé đi kiểm tra tai và kèm thêm sách đạo đức lớp 1 để ông học lại,1
ong thay nay dai hoc xinh ma noi chuyen thua mot dua con nit cho ong ve que cam cau di,1
tổng cổ vê vườn,1
thầy dậy sao được,1
"thầy này phải cho rụng vài cái răng mới nói to đc
còn mấy ông kêu cắt clip ngắn ko phản ánh đủ.
chỉ thế đủ hiểu thầy là gì
thấy cúng àk",0
"không có tư cách làm thầy,làm thầy mà kém đạo đức vậy thì sao dạy người chỉ có hại người.",1
thay giao gi ky vay. sao bat sv noi chuyen ky vay. ..ng ta ko nghe ro de nghi noi ro lai thoi ma. boi vay mong het dich de cac em hoc lai bt chu hoc kieu nay kho cac em qua.,1
"cấm ông thầy giáo này làm ngành giáo viên suốt đời đi, tặng cho ổng nội quy của trường về điều luật thái độ của giáo viên với học sinh đi, giáo viên ở đâu mà mất đạo đức thế không biết?",2
người dạy thế hệ tương lai. và dạy tri thức cho nhân loại đây ư.,0
thầy giáo vì mà không đạo đức,0
ơh thì vui nek.. thầy gì.. thầy cây gậy.. mời thầy nghỉ dạy..,1
đąo đüc giā,1
nếu đoạn vedeo trên mạng ko đủ thuyết phục thì kêu trường công bố đọn vedeo đầy đủ là biết ai đúng ai sai thôi ko cần fai biện minh,1
thầy đểu,2
người vô chi thức hay j hay là thiểu năng,1
toan tro hê trên mang,1
như vậy mà dạy tao chắc tao chửi,0
phải kỉ luật thầy giáo này.. để làm gương,0
ông này mà thầy gi.,0
van hoa nam cay,1
thầy mất dạy,2
đuổi việc,1
ko cần kỉ luật,1
ôi thầy ơi . làm người đi thầy ơi . giống cún nhà e quá rồi . hở tí là nó sủa người ta,0
vl ông thầy,2
giáo viên nghề tôn kính bây giời thì thế này,0
mây chưa đi lây raitayxuông đây tao lây cho,1
ông thầy thiếu đạo đức,1
những lời thầy nói tôi đã có chứng cứ còn những lời thầy nói trước video yêu cầu thầy nói phải có chứng cứ chứ k thể nào nói k căn cứ ai tin sự thật trước mắt là z thầy có chứng cứ dì cứ dì cứ đưa lên biện mik chứ lời nói k chứng cứ k thể tin,0
rút kinh nghiệm cho  bộ giáo dục,0
"mấy ông học thế giới , nước ngoài khi học onlai  , trực tuyến  , mấy ông phải đặt trường hợp vào như mấy ông đói khổ  , không đủ đt,  laptop  , thì mấy ông học ở đâu",0
nhà tui nghèo làm gì có đủ điều kiện  giống mấy ông,1
thiếu đạo đức,1
"0:15 ngta hok nghe thì thầy đuổi ngta ra khỏi lớp, 26 còn thầy hok nghe thì thầy đuổi ngta ra khỏi lớp, ủa thầy nết như bãi rác dị",1
một thầy giáo mà không có đạo đức,0
thay.giao.nay.nen.cho.hoc.them.mon.dao.duc.nua,1
"thầy giáo này nên ra khỏi lớp không nên dạy nữa thì đứng hơn, là  giáo viên mà ăn nói khó ưa",0
thầy giáo này cho đi chống dịch thì được or trực chốt ok hơn,2
ủa alo thầy cô j kỳ v,2
thầy vậy còn ăn lương nhà nước ngon lắm đây,0
thầy đã chọn lộn nghành rồi thầy ơi,2
"da số mấy thằng giảng viên nói chuyện rất lao, là giảng viên tương dau ngon lắm nhưng ko biết rằng tri thức mà mình học được chỉ là một hạt bụi trong vũ trụ",0
vây tư tương and tac phong đao đưc giao viên năm ơ đâu ?! k yêu nghê and thây ap lưc khi lam nghê gv thi đưng tiêp tuc ep buôc ca nhân phai lam thây giao....nưa milano,1
ông thầy này kì cục ghê,0
htrc học sáng 6h45 xong tao ăn sáng thì bị kick mẹ luôn,1
đạo đức đâu rồi nhỉ. ? hình như là ở ,1
làm vì tiền là đây không có cái tâm,1
thầy giáo nói chuyện thua những người vô học,2
thay giáo ji mất dạy zu vay . o ngoài chắc phù mỏ quá bà mẹ tức thiet chứ,0
trước mặt phụ huynh thầy dám nói thế ko thầy làm thầy ăn nói để ý vào coi chừng vỡ mồm đấy,0
người thầy gì mà chưa học tiểu học vậy phải để đức cho con cháu với chớ,0
"nền giáo dục mà có người thầy như vậy sao? là thầy thì phải làm gương cho hoc sinh chứ,sao có thể nói và sử sự như vây",0
thay ji ngu jay.akia nen dam mua di mua tai fonda ma hoc .ko tien thi di an coup mua dien thoai ma hoc .,1
ông thây giao ki vây,1
đây là nền gd thời xhcn,0
rồi kể từ ngày ấy thầy đã đc về chuồng,2
"ông thầy dì zô duyên z tr 
hảnh diện hok thầy . thầy đc phốt r đó hãnh diện r ha",2
"mình k nằm trong trường hợp đó nên củng k phán xét ông thầy, nhưng xem hơi bức xúc vì chỉ xem dc đoạn ngắn",0
gây người học tự ái cần đuổi việc thày giáo gấp,1
thầy hâm,2
"đang thời điểm dịch covid mong là các thầy cô hỗ trợ các em trong mọi tình huống để các em hoàn thành giờ học. đoạn video có thể chưa phản ánh hết cách thức dạy học của thầy giáo nhưng cũng đã một phần nói lên sự thiếu tận tình của thầy với học sinh. đã rất khó khăn cho cả thầy và trò thì cả 2 cùng nỗ lực, chứ không thể đuổi các em ra khỏi lớp một cách thiếu tế nhị như vậy được.",2
ông thầy này ở trong rừng mới ra cho nên dậy hs nói chuyện như vậy  phải tố cáo mới duoc,0
đừng chửi thầy giáo mà xem mấy thằng học sinh,0
có xứng đc gọi là thầy ko,1
"thầy giáo đóng phim gia đình cục súc , chưa xả hết vai",1
lớp em hôm nay có một bạn bị đủi ra nhóm vì nói chuyện trong nhóm,1
co the nao di nua thi cung khong dc noi nhu vay .la thay giao ma noi chuyen nhu nguoi vo hoc vay .vay thi lam sau chung toi con tin vao nha truong de cho con di hoc .thay co day con chung toi bang nhung loi nhu the thi doi sau thanh nhu the nao day,1
thay khong co tam day .xin bo giao duc duoi ra khoi nganh giao duc di a,1
"học online mà còn vậy đấy, học trực tiếp thì sao nữa. đây cũng là một lý do giúp mọi người hiểu  vì sao hs phải đi học thêm rồi nhé. vấn nạn dạy thêm khiến bao gia đình nghèo khó không thể cho con tiếp tục học. vì đi học mà không học thêm thì không thể nào học nổi với các vị gv này.",0
thầy này chắc có giấy tt nên mọi người thông cảm nhé,2
ông này học từ trường cô hồn chợ búa ra nên có bằng cấp như vây mọi người thông cảm,1
"đưa ra hướng xử lý phù hợp
đuổi ông thầy thẳng tay ngay và luôn, chứ dạy học như thế thì dạy ai được nữa",0
đáng nhẽ chứ thầy phải đổi thành chữ thằng từ lâu rồi...,0
"vãi l thầy 
thôi tui nói các bác nghe 
sau này á có con chịu khó cho học đại học ở biên hòa chứ đừng lên tphcm bỏ 1 đống tiền mà giảng viên như l 
hiện tại cháu đang học cao đẳng sonadezi tuy tiền có chút cao nhưng xl giảng viên cực kì nhiệt tình giảng xong còn hỏi lại tụi có hiểu ko hiểu cứ lên hỏi thầy cô giảng viên còn nói tụi em nói sai cg đc đúng cg đc thầy ko ăn thịt tụi em đâu  vậy mới là giảng viên chứ chưa kể giảng viên tâm sự  tư vấn cho học sinh cơ  chứ méo phải như giảng viên mấy trường j j đó đã đóng tiền măc còn bị chửi",1
học với ông này dễ cải lộn,1
cho nó về vườn nuôi gà ra chợ bán ngay lập tức sẽ rất đắc khách,0
thứ này cũng làm giảng viên hả trời,1
đi tìm face,1
"hk biết sự việc như thế nào như nghe thắng thầy giáo này mở mồm là đủ hiểu loại gì rồi thiết nghĩ nhà trường mướn loại thấy như vậy, nên cho nghỉ dạy và tặng kèm sách đạo đức lớp 2 về học lại",0
"thầy giáo học lại môm đạo đức đi, hs nói chuyện đang hoàn mà thắng thầy giáo mất dạy, mong sở giáo dục lên tiếng",2
thầy giáo mà đạo đức còn thua đứa con nít lớp mầm rồi tưởng tượng coi rồi học sinh kia không có tai nghe thì sao,1
giáo viên mà ăn nói kiểu đó là thua,0
"thầy giáo này mà cũng được dạy hả, quá xem thường người khác, học sinh cũng có nhân quyền chứ. ỷ làm thầy muốn chà đạp ai cũng được hả, đồ thầy giáo thiếu đạo đức",0
thầy giáo bị sai chính tả,0
mayy dạy ăn t ien chu day giùm hả thằng thay giao,1
đi học đại học tốn bao nhiêu tiền mà gặp ông thầy không có đạo đức,1
cha thầy lây bố láo quá nhà trường thuê cha này dạy học làm quái gì đúng là kg đạo đức để nó day hs bệnh trầm cảm con tôi nuôi khổ cực nêu trúng cha nội này tôi thua đến cùng xem mà bức xúc thật cháu nó nói thật lễ phép vậy đuổi học cháu là thế nào de nghi nhà trường đuoi ong cha nội thầy này dùm,0
thầy giáo mà nói chuyện mất day. hèn gì bj học sinh đánh hoài ko bỏ tật,0
họ sinh thì đầy đủ nhưng thầy thì thiếu máu não thừa máu điên,1
thầy giáo dì vô đạo đức vậy. nghĩ dai mẹ cho rồi. thấy dì mà mắt dai vây,0
thầy giáo quá láo.gặp t là phụ huynh cho về làm vườn luôn,2
thầy chưa học môn đạo đức,1
giáo  vien vcl,2
đuổi việc thằng này luôn,1
ngta bỏ tiền học chứ có chùa đâu..trườg xem lại càg sớm,0
trường này không đuổi việc của giáo viên này thì ngôi trường này nghĩ làm nhà trường luôn đi. dù có cắt ngắn hay gì nhiêu đó thôi cũng đủ đuổi việc rồi .làm mất hình ảnh giáo viên trong mắt người khác,1
thầy gì cái thứ này,1
trời trời .con tôi mà học mà có thay giáo như vậy. chất tôi đánh nó chết,0
nghe ông thầy nói vậy mà nói cắt ghép ko rõ ràng cái gì ? thầy giáo gì mà đạo đức kiểu chợ đen tui ko phải sinh viên nghe mà còn thấy sợ luôn chứ nói gì với mấy em sinh viên .,0
ôi một người thầy mẩu mực tận tâm với nghề  cảm thấy buồn cho nền giáo dục,0
thầy giáo này không học môn đạo đức,1
"thầy giáo hay ma giáo đây thầy gì như du côn, côn đồ mất dạy vậy ko đáng tôn trọng để kêu 1 chữ thầy.",2
em này xin thầy nhắc lại do mưa lớn em không nghe rõ. mà thầy trả lời cái kiểu khó chấp nhận được.,1
cho thằng thầy này mất dạy luôn .,0
",thầy bà gì, thằng thợ dạy",1
"có cách nào để lấy đc full clip tiết học đó ko ta ? mà ổng giải thik kiểu giống như ổng là nạn nhân vậy , tôi thấy cho dù là full clip hay 1 đoạn cắt ngắn của clip đi nữa thì với việc 1 thầy giáo có cách ứng xử và lời nói như thế thì thử hỏi có chấp nhận đc ko ? chẳng lẽ ko chứng minh theo yêu cầu của thầy thì ko phải là ng mà là  học àk mà cần phải mở cam lên đưa thẳng mặt vô khung hình rồi nói cái câu ngớ ngẩn và quá đáng kia để chứng minh là ng à , còn 1 việc nữa là thầy cô lun dạy học sinh là phải bik có trách nhiệm với những việc mình làm và nhất là nếu đã sai thì phải bik nhận lỗi và sửa chữa lỗi lầm .v.v và mây mây , nhưng giờ chắc thầy cô đang thay đổi cách giáo dục thì phải đó là nếu đã sai thì phải nhìn nhận và suy nghĩ cách để....đổ cái sai cho ng khác à ?",0
thầy chơi quá liều à.!,2
ông này làm thầy giáo cũng hay chớ,1
"lam thây giao day hoc la lam thê day cho ngươi co kiên thưc đê ngươi ta lam ra cua cai vât chât, hoc sinh sinh viên cam ơn ngươi ta goi minh la thây vi tôn trong. con ông nay không biêt truyên đat gi cho hoc tro.",0
ông nay gioi ne. thây giao vui nha.,1
dug thay mat dại,1
nghỉ dạy đi.,0
quá xúc phạm nhân cách học sinh.,2
tui học ông này chết liền.,0
"coi chừng ai đó , chứ thầy giáo việt nam đâu có vậy",0
dịch covid làm thế giới này  đảo lộn rồi,1
thây giao này  là con cůa năm cam nè..,1
thay giao hay giang ho vay troi,1
ko co hoc sinh vay thay dai cho ai sinh vien tra tien luong cho thay do,2
làm thầy giáo như ông nội ta dậy,0
mới lụm ông thầy ngoài chợ về dạy đỡ,0
ở chỗ tui chỉ trời mưa thôi nghe tai phone phải mở to 90-100 thì mới tạm nghe ổn. chỉ 1 h nghe thôi ù tai dau tai rồi. thầy giáo như vậy phải đuổi việc,0
thầy giáo bất tài,2
đấm vỡ alo là có thật,0
thầy này ngày xưa kg đc học đạo đức.. rồi,2
giáo dục đinh hương xhcn,0
duoi og thay vo dao duk nay di .nc la bit nguoi ntn roi .nho hok sinh cac og moi co luog ma an .thay giao l.....,1
đây là đại ca giang hồ chứ không phải giảng viên yêu cầu nhà trường xem lại,0
nếu là con. tôi thì ko yên với tôi dau,1
"một tiếng thây cũng qua ,sa si với thăng này",1
cái này dạy học hay đi khám bệnh mà hỏi người ta ngộ vậy.,1
tôi không đồng ý,0
úi. trường này và đúng khoa này luôn con tui đang theo học.,0
cho thầy chuyển việc khác ngay lập tức đây là giáo mác chứ không phải giáo viên,0
thằng thì giáo nầy không được rồi,0
cuối cùng cũng chỉ nghe câu phê bình rồi rút kinh nghiệm thôi.muôn đời nghe chán,0
to cha thang nay ma la thay ah,1
đàn em của phùng xuân nhạ nó vậy mà.,0
ông thầy này chắc có bệnh cho ổng nghĩ là vừa vậy nhà người ta không có tai nghe thì nghe bằng gì cho học lại sách đao đức đi ngu về đạo đức mà làm thầy chi,0
"cho e xin lạy thầy , loại thầy như v nữa.về làm vườn, rồi học lại từ mầm non nha",2
nói gì thì nói mình là người gọi là thầy phải có tư cách đạo đức xã hội . nếu không muốn trò gọi là thầy thì nên đối sang nghề chuyên làm người khác tổn thương. tâm sao thì ngôn từ vậy.( cho nghỉ việc),0
"lúc trước mình đi học toàn ngủ gục. thầy trưởng khoa phải chọi phấn vô đầu để tỉnh ngủ 
nhưng chưa bao giờ bị đối xử như thế này",1
thua thầy lộc....,2
thầy này chắc gần mất giạy,2
trường lại đi bênh vực thầy rồi,1
thầy có mong muốn qua lớp thầy lộc fuho ko ạ...?,2
"thang thay giao mat day  ,toang roi ve nha di thao giay nha ong noi.",1
làm vậy là đúng,0
"thầy giáo này giang hồ nhỉ, không kiên nhẫn thì giảng dạy cái gì? học nhiều quá nên nói chuyện càng không biết tôn trọng hs,đừng quên cha mẹ họ làm cực khổ để đóng tiền phí mướn thầy giảng cho con họ đấy",1
ong thay nay bi dien tan dung hoc ong thay dien nay nua,1
đuôi ra lúc học là đã quá rùi.thay gì còn bắt tất cả noi mình có đủ chứ.thầy day như l người ta vậy,0
chuyện này hết sức bình thường tại các lớp lúc offline. chẳng qua sinh viên vì điểm số mà nhịn nhục.,1
nếu tôi là bố thằng bé bị đuổi khỏi lớp tôi sẽ đến gặp thầy và dạy thầy thế nào cho giống dân anh chị,1
"bỏ tiền ra học mà, giáo viên cũng chỉ kiếm tiền từ học sinh thôi. học sinh ko hề đi xin xỏ gì hết , vậy tại sao giáo viên lại tỏ ra thái độ trịch thượng vậy.",1
sinh viên này yêu cầu thầy giảng lại vời lời lẽ rất lịch sự và thành khẩn mà sao thầy lại xử sự rất ư là vô đạo đức thế nhỉ? thật đáng buồn!!!,0
may bi khung ha thay dai,1
nói vậy cũng có bằng chứng chỉ dạy học nữa sao,1
thầy giáo hay giang hồ vậy cạn lời,2
thấy giáo này thiếu nhẫn cách nhận phẩm rồi,1
giận mất khôn... câu nói này vẫn đúng muon thuở,0
xuc pham hoc sinh năng nê thây nghi dich ơ nha lâu qua bi trâm cam rôi,1
"tóm lại thầy ở trường nào, để mà né, học phí đóng cũng cao mà học vầy uổng công ba mẹ cần lao cho con ăn học!",0
"thầy giáo mà ăn nói như vậy thì thuộc cái loại đầu trộm đuôi cướp, lưu manh chợ búa rồi.chớ người đứng lớp thì không ai có thể ích kỷ và ăn nói như kẻ thất học vô đạo đức như vậy",1
ko làm mà đòi có ăn,0
kể ra ông thầy ổng nói sinh viên cho đã rồi đuổi khỏi lớp rồi cho vô có nghĩa j ?,1
hợp lý,0
" lannguyenthi-rk4gk nói câu chả liên quan j lun. hs trả tiền là để tiếp thu kiến thức, thầy cô cũng đc hưởng? thế thì cả 2 đều có lợi mà chứ đâu ra ko lm mà đòi có ăn?",0
thg thầy này phải gọi là hết cứu,0
 lannguyenthi-rk4gk đi học đóng tiền chứ học chùa éo đâu mà nói vậy?,1
"xin thầy giảng lại là chăm và siêng lắm rồi mà đối xử tệ ha,về vườn là chắc chắn rồi ko nói gì nhiều",0
mong nha truong chuc suc nhung nguoi thay nhu vay ra khoi su mon dum mot cai cho ien nha loi nuoc 0 ke,1
đồ thầy giáo mà không có học đạo đức từ trong bụng mẹ lúc mới sinh ra,0
học online bất cặp đủ thứ mà gặp thầy giáo có tâm quá.thôi thầy qua sở vệ sinh làm là hợp lý.,0
thôi dừng học kiếm thay khác mà học thu thay khung ma hoc lam gì cho hao hoi,1
mình cũng đã từng đi học .nhưng thầy giáo không có đạo đức như thế này mới thấy,1
cho ông ấy về nhà cho rồi.,0
thầy giáo gì đạo đức kém thế..đuổi ngay và luôn chứ giải thích với biện minh gì nữa.nghe nhiu đủ hiểu rồi khỏi xác minh!,0
coi nghe mà qa bức xúc,0
thay gi ma mat day qua,1
thay gi ma măt,1
"khúc sau nghe mà gai thiệt đúng quá mất dạy, đề nghị đuổi luôn đi!",0
thay như vậy nên ra khỏi nghe giáo chu học sinh bây giờ ma gặp phải thay giao như trên lo học trò nó không kem chế nó đi từ tội nghiệp no,0
thầy giáo này cho về vườn là được thầy giáo không có đạo đức,2
hoc giab mat con k hiu o do on lik nge met sai cui bab lay gi hoc,1
"clip ko full nhưng cách nói với sinh viên vậy ai chấp nhận được. thầy hiệu trưởng nên cho ông thầy này kiểm điểm. sinh viên đóng tiền học, nghe ko rõ thì nói các e ráng nghe giúp tôi. hành xử như giang hồ, cho về vườn là vừa",2
về ăn cám đi thấy ơi,1
thay tao lao,1
mad rồi,0
tui mà gặp ông này thì tui tui đi méc mẹ,0
một ngàn thầy chỉ có một thằng này thôi các bạn ạ. tôi là gv đây,1
mưa ko nghe rõ là bt ko lẻ ông mưa cả lớp nói ông ko nghe ông kick hết à,0
thay mat em de day roi,1
tôi đề nghị đuổi giáo viên nay khỏi ngành. cần phải khai trừ những cái loại này ngay,1
"đi về cuốc đất là  vừa, thầy gì không có  đạo đức, ăn nói thua con nít...",0
bốn năm đh sao chịu nổi đây trời...bó tay. áp lực từ học onlai,1
vậy mong thầy giáo trả lại tiền đóng học phí cho học sinh ngay đi thầy giáo mat day không có đạo đức gì cả,2
"vô văn hoá ,vô đạo đức",1
thầy giáo này mất dạy quá,0
thầy giáo này mất dạy rồi mà nhà truong vẫn cho đây là sao,0
nhờ có thầy giáo như vầy mà sinh viên ra trường làm giang hồ nhiều á,2
thầy giáo mà dạy học ko có đạo đức.cho con theo học càng thiêm hư.đề nghị cho thầy nghĩ làm nghề gì nhanh gọn lẹ.khỏi làm thầy.thầy cô dạy học cần sực khiên nhẫn dạy học mới nên người.,2
ông thầy bị chậm mạch,0
thầy này coi về sớm đi,1
thây gì chăng bò,1
nhiều lí do,1
đuổi ổng luôn đi,0
tiền ông thầy đó ăn. ổng lãnh là do học phí của các học sinh đóng vào thôi. và đúng nghĩa thì ổng chỉ là người làm thuê và chúng ta là người trả tiền. vậy mà ổng tưởng mình là ông nội ngta hay chủ tich j mà lên mặt. để làm đc nguoi thay giáo tức nhiên là ổng đã đc đào tạo chuyên môn cx như là đạo đức trc khi vào nghành. mà những j tôi thấy ở đây thì hoàn toàn ko có 2 thứ đó,0
hài,1
thầy này cá biệt hay vẫn còn những thành phần tương tự,1
khùng hả,1
chuẩn,1
nếu như t nghĩ chưa chắc ông thầy yên,1
pogger9925  khùng chỗ nào?,1
diemdiep7721  nếu ông thầy đó dạy kiểu vậy ko thành giang hồ đâu chỉ học dốt đi thôi,0
"pogger9925  sao khùng, bộ ủng hộ ông thầy đó hả",1
"tiềnracingboysatriafi150  nhanh trí mở bác đa
gặp tôi tôi đắm mấy phát
và mở mic nói thầy ơi em quay lại rồi nhá xong rồi mở tiến bịp
còn đúng cái nịt còn đúng cái nịt lun",0
rikakigaming711  cái đó thì nói như trẻ con nó cười mình,0
rikakigaming711  mình nói thật hù nó thì nó mới sợ,0
pogger9925  sv bị đuổi học gây tâm lý ức chế dẫn đến ghét và chặn đường đánh ông thầy đó xong nghỉ học lun thế là thành giang hồ..,0
miyou1617  chưa chắc đánh ông thầy sao thành giang hồ đc,1
miyou1617  chỉ bị đuổi ra khỏi lớp thôi rồi ông hiệu trưởng có nói là cho bạn kia vô lại rồi,0
miyou1617  với lại chuyện êm xuống rồi bạn đừng có nói là thành giang hồ,0
miyou1617  bạn nghĩ sinh viên đại học dễ thành giang hồ lắm hả đừng coi xong rồi bị ảo,0
"pogger9925  m nghĩ là b đang ảo thì đúng hơn, m chỉ giải thích ý của người cmt kia thôi còn vấn đề ông thầy hay bạn sv đó m chả qt đâu b",0
"pogger9925  m cũng biết ý b ấy là nói chung và nói quá theo kiểu nửa thật nửa đùa đó b, còn b thì là người đang làm quá sự việc lên đó",0
miyou1617  đúng rồi!,0
"nếu như tui có 1 ông thầy giáo như vậy là mẹ tui chửi ổng từ lâu 
vì người ta xin đàng hoàng mà ổng còn đuổi ra",0
quá chuẩn,0
thay co bao phai luon thanh that may noi that thi bi chui nhu vay this ai dam noi that nua,1
đúngggg,1
pogger9925  không làm giang hồ thì phụ hồ nha,1
"hoanhtho9665 tui cươi tui chêt, sao co nhưng ngươi hai thê nhơ",1
"tinh tình ông thầy đó y chân mẹ tôi lúc khi là em tôi ,tôi đã quay video để báo với cô của em tôi để mẹ tôi hết bị vậy nhìn có khác gì đang hướng nó đến cái ác đâu",0
pogger9925  dốt mới thành giang hồ,0
pogger9925  dốt thì mới thành giang hồ,1
bachroblox2k887  chưa chắc,1
pogger9925 để tôi vẽ ra luôn nhé dốt ko nhận thức đc đâu là đúng đâu là sai làm giang hồ,0
pogger9925  logic của một con choá,0
bachroblox2k887  giang hồ dốt éo sợ chỉ sợ giang có văn hoá,1
pogger9925  trẻ trâu,0
pogger9925  ông thầy đáng ghét,0
thần này cho chăn bò chứ dạy sv chi vậy .tốn tiền nuôi mấy thần mất dạy.,0
thầy giáo dạy thiếu đạo đức,2
học xong ra trường thầy vs em thân hơn anh em. thầy này dễ ra ăn lol lắm,2
đoqn ngắn cũng thấy y thức của thg thầy đó,1
lương y như từ mẫu. thầy giáo như mẹ hiền.,1
xin tên và đĩa chỉ thấy giao đó ă,1
dừa học song 17h r luôn á cô ơiiiii,1
duoi thay giao nay di cho ong ngi dai luon,1
gặp tui mà gặp thầy như vầy tui dẹp luôn nghỉ học luôn cho rồi ( học chỉ làm bẩn nhân cách,0
thầy này chưa học tiểu học,1
"có 2 đoạn, đoạn 1 là ổng đuổi sv kia rồi dạy lại, đoạn thứ 2 là trong lúc dạy có sv khác bảo không nhớ trong lúc dạy nên ổng mới nói bóp cổ rồi kêu bật cam lên",0
xác minh gì hay chưa phản ánh đúng gì! a là thầy cũng là người lớn thì trước tiên cái đạo đức nhà giáo a đặt lên trên hết.  tiên học lễ hậu học văn câu đúc kết bao nhiêu đời nay. a là thầy mà chữ lễ a đã không xong a không xứng từ thầy. ko fai t suy đoán 1 phía chỉ việc a trả lời và cho học sinh ra khỏi lớp là đủ thấy a như thế nào rồi. người ta dạy tiềm học sinh hỏi lại thầy là rất mừng. a thì cư xử như vậy!  dù ai đúng sai thì có họ mới hiểu. nhưng trước mắt là cư xử của ông thầy là đã không được rồi!,0
thầy giáo gì mất đạo đức rứa mi,0
duoi viec thay giao nay di,1
gặp ở nước ngoài thầy giáo nay khỏi day học luôn .thay giao khung,1
"đề nghị nhà trường chấn chỉnh lại tư cách đạo đức của ông thầy này, nói chuyện như vậy mà cũng làm thầy được sao ?",1
thầy kiểu này phí tiền học bao năm,1
cam thấy thầy có gì đó biến thái trong cách nói chuyện,1
nếu  ma không  đuôi  có thang khon  nan  thay giao  vo dao duc  thì  dep  me cái  trường  đi  cho ma,1
hình như học sinh học google meet đúng ko,1
thầy giáo này không bình thường rồi .cho thầy giáo này nghĩ dạy luôn đi.,2
pó tay cho thằng thầy.,0
tui nghe nói người học càng cao thì nói chuyện càng có văn hóa.ông này là giảng viên đh mà nói chuyện như  dân chợ búa.,1
tao nghi cai bang thay giao cua no qua,1
cho về nuôi heo đi,0
"ông này nói vậy thì lần sau học. ý hù dọa, kì sau rớt đóng tiền học lại.",1
"nghe không rõ là chuyện bình thường, nếu không có mưa mạng lúc vô lúc không nữa.. thầy giáo phải có tâm và có tầm chứ. (quá bức súc)  với thầy giáo này.",0
thay lol..,1
đề nghị sở giáo dục xem lại tư cách của thầy giáo này và nên chuyển nghề cho thầy hạp với khả năng của thầy.,0
thầy ra đi hành nghề đòi nơk thuê đi thầy. nghề này luôn cần những người như thầy đó. đồ côn đồ chọn nhầm nghề.,0
tôi chỉ muốn gào lên  thầy giáo khốn nạn  !,0
"vì đa số học sinh, sv sợ gv đánh rớt mình nên để gv ức hiếp , dạy nói trên trời dưới đất hs, sv cũng câm nín .",1
"thầy giáo sao phải  khùng bố  học trò như thế, làm thế học sinh sẽ sợ mình chăng?",0
thầy giáo này đúng mất dạy luôn á,0
đuổi nhanh,1
"một lời nói ra khó mà rút lại. nên cẩn trọng trong từng cư chỉ, lời nói, hành động của bản thân. không thôi miệng nói thân chịu vạ lây.",0
thây giáo  vô đao đức,1
nghĩ lâu quá không biết làm thầy . giang hồ,2
nếu năm nay học không được thì sang năm học chứ học online khó học lắm hầu như tất cả hs đều như vậy chứ bgd cho học vầy chẳng tiếp thu được,1
"nhà nước ta và bộ giáo dục cung biết nước ta là nước đang phát triển còn khó khăn, làm như gd nào cũng có điều kiện khả năng cho con ăn học, có nhiều nơi điện còn chưa có vậy mà bộ giáo dục bắt học onlike cho bằng được đúng quá khổ! chưa học thì học việt nam ta là màu mè nhất",0
cho thag cho thay nghj viec tag them cho no 1 quyen gjao duc cong dan lop 1 de cho no o nha hoc cho nho doi h,0
ua.ko co tai nghe thi sao.đi mua dc ko .met,1
k có đạo đức giáo dục .....tẩy chay đi,0
má thấy khó ưa vậy nghỉ dậy đi thầy ơi,1
ông thầy này quá đáng thật thầy đang trao dồi kiến thức cho sinh viên hay trao cục xúc cho sinh viên vậy tiếp tục để thầy dạy như thế này nữa chắc tương lai đi đâu cũng thấy toàn cục xúc,2
"thầy về vườn được rồi, chúc mừng thầy,",2
ông thầy mà đọc hết bình luận chắc bỏ nghề dạy học luôn quá.,0
thầy này gần nhà tao là vui lắm hả.. thầy hay giang hồ vậy,1
đúng là giang hồ mà cho làm thầy giáo bị nhầm,0
thầy giáo đag chơi đồ hơi ngáo tý sv thôg cảm,2
"hoi ly do tai sao nen giao duc vn khong tien bo duoc,can dieu tra lam ro de cho tat ca nguoi dan ca nuoc hieu dc su viec ntn de sau nay ho con su lua chon ve truong va thay  cho com em minh theo duoi chuyen hoc.",1
"xin loi cac a e cong dong, thang thay nay nhu vay ma con de cho no đứng lop day nua à, nha truong nay phai xem lai, neu con de cho thang thay nay con đưng lop day, thai do gay gat nhu vay hoc sinh nao tiep thu bai duoc , bi ap luc wa sao tiep thu duoc, xin loi cac a e nhe khi toi keu ong nay  thang thay",1
thầy giáo dạy không có tâm nên kĩ luật để phụ huynh an tâm,0
chất thầy tốt nghiệp siêu phạm ko.học môn đạo đức..,1
thái độ như thế này mà làm thầy giáo à,0
"thầy giải thích như z ai tin ???
khi 1 hs nói ko hiểu hay ko nghe thì thầy là thầy phải có trách nhiệm dạy lại chứ học onl nó đã khó hiểu hơn ở lớp rồi",0
thần  nay mất  đao  đức  .dung cho no day,0
loại thầy này đuổi za khỏi ngành ngay va luôn thầy hay thằng,1
xin hãy bảo vệ sinh viên chúng tôi,1
"mong ban giám hiệu nhà trường vào cuộc thôi.chứ thầy giáo gì ,làm thầy mà k có đạo đức.thế làm sao mà dạy.",0
toi biet thang thay giao nay roi,1
nghe mùi có người sắp bị đuổi việc,1
"ông thầy mất dạy nhất việt nam là đây 
tôi thật sự phẩn nộ !",0
thầy mất dạy,2
thay ko co dao duc day ai dc,0
cho ông nghi.lun di,0
xem video này nhớ lại hồi xưa đi học toàn học những ông thầy lưu manh.,0
ông thầy đó nghỉ luôm đi chứ dạy làm gì nữa,0
hi.giám làm ko giám ciu,1
nếu kg xứ ly dieu tra rõ ràng để xử lý thì mất hết long tin voi ngành giao duc.nếu thật sự có chuyện thế này thì thế hệ con em chung ta sẽ ra sao khi tiếp xúc với  ngành dao duc như vậy.mong các ngành chúc nang dieu tra xứ ly rõ rang,1
thầy giáo tồi,2
giang viên gi mât day qua vây!!,1
thầy giáo nc...nghe mà k có đạo đức nghề nghiệp.,0
học online ngày nào mạng yếu coi như xong,1
thầy giáo o đạo đức  sở giáo dục đuổi ra khỏi ngành giáo dục đi..,0
căng thẳng tí đôi bên thôi k nên làm quá,0
trò hề..,0
nói mẹ j. canh đi đường dạy cho thầy bài học. và mời thầy uống cafe roi cho nghe lai đoan clip. hoi thay noi z chuẩn chưa. dám trả lời mới lạ,2
"cho thây vê quê, nhương chô cho ngươi khac co tâm co đưc hơn",0
thầy mẹ gì . thầy bắt ma thì được,2
đuổi việc thằng thầy giáo này mới đúng,2
giang hồ đi day học,1
lưu manh côn đồ chứ thầy gì loại này  ! ngành giáo dục mấy năm gần đây nhiều lưu manh giả danh thầy cô quá  ! không biết thế hệ tương lai sẽ ra sao nếu cứ được gặp các thầy cô giáo loại này  !,2
thầy như ông nội nhà người ta. đây như ông nội chợ cầu muối chứ thầy gì.,0
cho ong thây giáo dó nghỉ dạy học nge bà con a chi thầy cho,0
thầy giáo mà ăn nói vậy đuổi khỏi ngành giáo dục luôn đi,0
đề nghị bộ giáo dục vào cuộc,0
đề nghị chính quyền xem lại đạo đức của ông thầy này ...nghe mà mất dạy như kẻ  bụi đời,0
m có người còn kg có điều kiện  học.,1
thầy này nên về học lại và cho anh ta về chạy xe ôm ..thầy gioá ăn nói giống ăn cướp và bụi đời .nghe mà tức .,1
29 anh này tui k nghe gì cả đi ra khỏi lớp. vậy đáng lẽ thầy mới là người xác định lại tai nghe của mình,1
tốn tiền để ghe thầy chửi,1
"nên đuổi ông thầy nầy ra khỏi lớp thay vì đuổi học sinh, sinh viên. đề nghị ngành giáo dục nhân đại nạn covis làm lộ diện những con người vô lương tâm như ông này,  đào thải để ngành gd có những vị thầy cô đạo đức yêu nghề. trong thời điểm hiện tại chúng ta không thiếu nhân sự như lúc đất nước mới giải phóng. cá nhân ông nầy cũng nên tự xin ra khỏi ngành, bởi vì trong mắt học sinh, sv ông không còn là vị thầy đáng kính, đừng trách hs, sv không tôn sư trọng đạo.",0
thầy mất - dạy,2
khong sưng dại hoc,1
thầy  như vay thi lam gi co tro giỏi dc..,1
ở canada nè hôm tuyên thệ vào quốc tịch online cũng khó nghe chứ đâu có dễ nghe đâu...,1
cũng phải thông cảm cho thầy vì có lẽ thiết bị không đúng chuẩn mà một lần nhiều người học chứ đâu phải một hai người... học trò chứ đâu phải ông nội... tôi ủng hộ thầy giáo... cứ chiều mấy thằng hs quá nó muốn lên làm thầy luôn,0
"ô thầy này sao mất dạy quá vậy trời. cho  nghỉ dạy luôn đi, đồ tâm thần mà cũng đi dạy là sao? hs k nghe rõ nên mới yêu cầu giảng lại chứ e nó nghe rõ sao yêu cầu chi. tôi cũng là gv nghe mà bức xúc",0
ừ đúng rồi hợp lý,0
"bạn sv này còn chịu khó học
chứ t là t muốn ngủ rồi",0
diwhiwkiwjiw  tui là vừa ngủ vừa học luôn sợ j,0
diwhiwkiwjiw  chỉ sợ ng nhà la thôi,0
không lẻ qua nhà ổng rống vô lỗ tai ổng mới chịu hay sao ấy,1
uoa9232  róng ổng mới nghe,1
ông thầy giáo gì vậy,0
"ông hiểu trưởng : giờ tôi đuổi việc a nha, loại thầy như a k xứng để dạy học sinh",1
đây là giáo viên ư?,2
thằng thầy giáo mất hết phẩm chất của một người thầy,2
thầy này k phải học. thầy bảo đi ngủ là đúng rồi.,0
bắt nó cũng phải nói như vật trên mạng. yêu cầu các s.v k học tiết do ng này dạy.tẩy chay ngay và luôn .,0
học onl đã khó khăn vs mấy bạn trẻ rồi. gập thời của tôi 10 năm trước mà như thế ông thầy này chắc chắn bị ăn đá xanh.,0
"thầy giáo mà bắt sinh viên phải nói câu đủ mắt mũi miệng, thì thầy giáo đó vứt sọt rác đi chứ. bên kia mưa to nghe rõ v mà, ông thầy này có đáng làm thầy giáo hay không, hay làm cho sinh viên nãn thêm. ông đó biết nói câu tôi k nghe rõ mà nói vậy thì thua rồi. thế nào cũng bị đì cho coi",0
học  vẹt đi còn hơn .,1
dạy thì phải giảng chứ kg giảng được thì nghỉ đi nhé .thầy giáo quá láo đã khổ rồi mà còn làm cho người ta khổ nữa .nghỉ dạy đi cho khỏe nhé thầy ơi .,0
vậy ko đủ đạo đức để đi dạy...,1
thái độ đó mà thầy giáo gì nói chuyện như người thất học dậy,0
cho tao cai địa chi cua cai thang thay giao do di tai sao co lip nay ma ko co địa chi thằng do de cho no 1tran,0
cười ỉa,2
thầy giáo này quá đáng,2
"thời buổi này học là tự thân các bác ạ,  đến trường rủi ro cao lắm.",0
cần phải có chế tài xử phạt hành vi của thầy giáo này,1
"không chê ai, nhưng một bộ phận thầy cô bây giờ không có tâm với học sinh.họ chỉ vì cái lợi ích riêng của mình để làm đủ mọi chuyện ngoài cái tâm của một người thầy.sinh viên, học sinh bỏ học là điều rất dễ hiểu.một ngày nào đó nhà nước không chấn chỉnh thì có lẽ chỉ còn người có tiền mới ở lại học, còn người nghèo chắc sẽ bỏ học hết.một thời quan thầy thầy của pháp mà",2
trường học sao lại có thổ phỉ dậy các e học sinh đáng buồn có thầy như vậy,1
"thầy hiệu trưởng:a nói xem tại sao a lại làm v
thầy:chả lời
thầy hiệu trưởng:cái j tui nghe ko rõ ra khỏi đây nhá",1
em ấy xin thầy nghe tình cảm thể mà.,0
"thây hiêu trương kêu ông anh noi cho tui nghe câu em ko nghe ro ik
ông thây:em ko nghe ro
hiêu trương:em ko nghe ro thi ra khoi trương ko cân day hoc nx",1
sai r nha học sinh đăng video này phải xin lỗi lại thầy giáo đấy thầy giáo chả bị sao,1
thinhltgaming262  cmt vui thôi đừng nghiêm túc thế a bạn,1
thinhltgaming262  thằng học sinh đó ghét ông thầy cho nên mới đăng đó,0
mất dạy,0
chaybegx  chắc ông thầy nghỉ dạy,0
ông thầy này đúng là người mất dạy.,0
quocbaocao6925  mất dạy thiệt á,0
sieunhanxanh4208  nghỉ đâu nhà trường bắt học sinh này xin lỗi lại thầy giáo ấy chứ,1
thinhltgaming262  ok,1
ly nhạt vc ! thông cảm mình học kém môn chính tả hiệu hay hiểu thì cũng là hiễu,1
ly nhạt vc ! là ông không hieu,0
ly nhạt vc !,1
longle-yv1bo  lô,1
nếu đó là mình thì mình chưởi thẳng mặt ông thầy,0
thiennhantruong143,1
ôg thầy said : tôi sai cho tôi đi lại,1
loại ông thầy này là phải đuổi việc liền không dạy nữa,0
like 665 ko đẹp like thêm cái cho đẹp,2
loc_bt_mua_nak5485  tks luôn,0
ông này cũng đi chân lạnh toát rồi thằng học sinh ko cần phải xin lỗi gì mà ông thầy còn phải xin lỗi ngược lại,0
đã đúng lại còn nói to,0
đỉnh,1
thầy giáo nay cho đi học lại lớp 1 và đạo đức là vừa,2
hang này bị điện giật khung chu thầy giáo gì tuyển những hang như vậy làm hư con người ta sa thải nó đi.,1
thầy này chắc không đủ để dạy sinh viên rồi.phải chấn chỉnh lại tác phong ngôn ngữ khi dạy sinh viên.cần phải xác minh lại kẻo ảnh hưởng đến nhà trường và sinh viên,0
thầy giáo gì không có một miếng đạo đức gì hết vậy,1
ủa bình thg thầy kêu ko bt thì kêu thầy giảng lại dc mak,2
cẫu đầu trãm...hết,1
loại thầy này đạy cho học sinh vậy . thì bảo sao đạo đức khi ra trường học sinh sinh viên ko bằng máy thằng thất học ngoại chợ. thầy này đạo đức còn thua xa máy thằng trẻ trâu xâm mình,1
ong thay  nay co an hoc ma noi chuyen voi  hoc sinh vo hoc va luu dan  qua biet ong  thay o ngoai cho ong an dap qua....,1
cho ong thay nghi di la vua.da la thay ma khong co tam thi con lam thay de day ai day,0
thầy giáo mà ko có học thức..,2
tôi thấy thầy giáo này tâm trạng ko đc bình thường cho thầy về hưu sớm đi ạ .,2
ông thầy nói chuyện nghe mất dạy thật,0
thang thay nay an noi mat day qua de nghi bo gia duc xem lai ma xu ly thich dang.t.hang thay no noi chuyen nhu vay voi ba ma no quen roi,0
ông thầy giáo này thê nào thê,0
ai ủng hộ cho ông này về vườn thì lên tiếng cho học sinh đi ạ,0
sinh viên hiền . sinh viên thời mình kiểu đó nó đập cho khỏi đi dạy luôn . thà nghĩ học cho 1 trận nhừ tử ông thầy giáo,2
"học online sẽ có vài bất cập. thầy trò cùng cố gắng cùng nhau khắc phục. trò nên đeo tai nghe, thầy cũng phải làm sao cho sv tiếp thu được bài giảng. sv có đóng học phí mà.",0
giờ thầy giáo hong hách nhiều quá,2
thầy giáo kiểu này học sinh nó ko học thì thầy dạy ai đi bốc phần bo đi,2
thấy giáo kk cười ỉa,2
nếu trời mưa to ko nghe rõ thì đâu cần phải đuổi thẳng ra khỏi lớp online nhỉ? ông này đáng bị k.o ra khỏi trường thì hơn,1
là tui tui đấm vào mặt og rồi nhìn cách nói của og thấy ghét,0
"letrungnghia9202  biết là ổng làm ko đúng, nhưng bạn có cần phải nói quá vậy ko?  phải sử dụng nấm đấm để giải quyết hả?",0
thầy vậy ai học thầy gì kì cục,1
tui đồng ý....,0
tui cũng vậy,1
"e đi xa quáa , e đi xa anh qáaaa",0
concainit837  tôi đồng ý với ý kiến của bạn,1
ae thông cảm ông này mới đi từ bệnh viện tâm thần ra !,0
loại này là phải cho bay màu,0
minhanhtran2629  chuẩn,1
"nghe thầy nói mà búc xúc thật,nghe giọng thì có vẻ ngọt ngào đấy chứ,đúng là có học mà ko có đức,",0
jayden10125  ừ đấm vì lời nói ko giải quyết được thì nấm đấm giải quyêtd,1
"theo như mik bt theo điều luật thứ bao nhiêu 
học sinh có quyền đc nói giao viên của mik giảng lại khi không nghe rõ",1
letrungnghia9202  ok,1
jayden10125  gặp tao là tao xiên luôn,1
rất hợp lí,0
"co ong thay day noi chuyen da doi nua, thay hoi : e hieu k?  da, e k hieu thay giang lai giup e, zay ma ong thay keu day ma k hieu thoi nghi luon cho roi",0
gặp tui là tui đấm cho cái,0
r x lên trường ns cho ổng nghỉ việc luôn md riết quen,0
minhanhtran2629  trời đang mưa to . nhưng thằng thầy giáo lại nghe rõ vợ nó đang đc anh thợ sửa ông nước cho đánh vần à a ớ,0
ko ai dơ tay!,0
concainit837  đúng rồi!!,0
"heartblood2106  bên tui đang mưa đây nè, vì miền bắc sắp đón gió lạnh....",1
ông này về nghỉ đi há. tôi nghe ông nói không lọt tai đấy,0
ông này đừng gọi là thầy mà hãy gọi là k.o có đạo đức nha mn,1
học sinh ko nên nói mà kêu quay cho thầy hiệu trưởng,0
concainit837  bao che nhau cả thôi bạn ko đuổi đc ông ý đâu ai mà đăng clip là ăn đủ luôn,0
không thầy đố mày làm nên,0
về quê đi ông thầy.,1
"1 like vì ý kiến này của bác, nếu có nút triệu like tôi sẵn sàng nhấn thay vì chỉ nhất 1 like",1
"bn tui trả lời sai ko bt sao bị ông thầy kích lun tức á, ko thấy giao viên nào như vậy",1
tôi là người dân quê....quá bức xúc với cách hành xử của ông này...đây phài thầy...đây là lời của kẻ vô học và vô tâm...tội nghiêp mấy đứa nhỏ,0
em ủng hộ,1
đề nghị thầy hiệu trưởng kể từ lúc này cho thầy ra khỏi trường khỏi biện minh gì cả,1
"học sinh,sinh viên đi học là để trâu dồi kiến thức mà thầy giáo thế này là thôi",0
letrungnghia9202   đúng tui đồng tình,0
đuổi việc,1
đuổi thầy,2
đuổi thầy,2
thầy nên đi làm nghề khác đi,1
thầy không đủ trình,1
tớ ủng hộ ông thầy về quê làm vườn,1
thong cam ong thay bi tam than voi diec nen cac ban thong cam,1
ông thầy không có đạo đức,0
minhanhtran2629  chuan day ban,1
letrungnghia9202  ko nên,1
concainit837  hiệu trưởng vậy bỏ m cái trường đi bạn ơi làm hiệu trưởng chi ko biết suy nghĩ hở cái đuổi khỏi trường,1
letrungnghia9202  dù gì thầy cũng lớn tuổi hơn bn mà bn nói thế ngta sẽ nói là ng ko có đạo đức đấy,0
ừ cho ngồi trong nhà đá ( nhà tù ),1
duongphan2629  nói vậy là sao,1
speedlovedc  nói chuyện ko có đạo đức,1
thanhphuongbui7574  xin vào đầu bạn hả hài,1
quanhuy5395  ò,1
quanhuy5395  tui đùa tý mà bạn nói tui vậy đấy,0
quanhuy5395  rồi rồi bạn là nhất,0
quanhuy5395  tui nghĩ bạn cũng là 1 người nói chuyện không có đạo đức,0
quanhuy5395  tui khuyên bạn là đừng nên đánh giá người khác như vậy,1
quanhuy5395  giờ tui nói vậy đó bạn chấp nhận đc ko,1
speedlovedc  sao bạn biết chỉ cách mình với làm sao biết người khác là nhất,1
quanhuy5395  ôi thôi bạn đừng đánh trống lãng,1
quanhuy5395  tui không phải là 1 người thích gây sự,0
quanhuy5395  nhưng do bạn nói tui trước nên tui cũng phải nói lại,0
"quanhuy5395  thôi vậy là đc rồi, tui không muốn làm lớn chuyện lên đâu. do tui thấy ông thầy làm vậy với học sinh nên tui đã rất bức xúc và nói ra những lời lẻ không hay nên mong bạn thông cảm",0
ông thầy phải bị đuổi ra khỏi trường,1
minhanhtran2629  đúng đó,0
trời mưa to quá thì giảng lại làm gì phải đuổi thằng nhỉ ra,0
 còn cái nịt tui đồng ý với bạn,0
thầy gi ma khó vậy trời,2
minhanhtran2629  đúng,0
ông thầy lớp tôi cũng hãm nhưng chưa đến mức như ông này,1
tôi,1
thanhphuongbui7574  gặp phải mink là mink tán cho bay màu luôn mink mới hắc hóa xong,0
thaocindyofficial5745  đúng vậy á cô giáo văn lớp mink chỉ ko thuộc bài thôi là nằm ra đất lĩnh 10 đến 20 gậy,1
florentino6788  lúc mà học oline cô kêu bật came để chụp màn hình gửi cho nhà trường mà cô lẩm bẩm chụp kiểu j ý nhỉ  quê chữ ê kéo dài,1
nghe hết phim chưa,1
"thầy thế này mà đi dạy, nói chuyện nghe quạo thiệt sự",0
minhdangnek  xem hết chz,0
ông này pay khỏi trường chưa vậy mn ?,1
gửi cái clip này cho hiệu trưởng. bộ giáo dục. dẹp cái bằng ông thầy này.,0
"minhanhtran2629  thật, thế mà chả hiểu sao nhà trg vẫn để cho ổng dậy. có mỗi cái việc ko nghe rõ nhờ giảng lại mà cx căng.xong r nhỡ lúc sau hỏi xong ko trl đc thì lại bảo là ko tập trung, mình cx gặp phải trg hợp này r nên mình hiểu ( có điều là ko bị kick).",0
letrungnghia9202  rồi og kiểu sợ quá cơ,0
speedlovedc  hảo,1
bạn tôi trời mưa to bảo cô giảng lại luôn,1
"thầy giáo mà vậy là tui cho về vườn rồi , ông này ổng bị bệnh rảnh quá xong bị khùng rồi . tốt nhất là nên cho về vườn sớm đi .",0
tui mà là hiệu trưởng là xin mời cút ngay và luôn .,0
ông thầy kiểu gì mà kì cục mà nhìn thấy đấm vào mặt mấy phát rồi,0
jayden10125  tui kill ổng,0
anh họ mình càng lên học cao thì càng gặp mây thây giáo kiểu này,1
đi theo thầy lộc đi phụ hồ đi,1
nếu là tui đuổi việc og này,0
ủng hộ !!!!!!!,1
jayden10125  ừ,1
đại học chứ cao đẳng là ổng xong r,0
"letrungnghia9202  phải đó
dù là hs nhưng cx là con ng",0
"jayden10125  mik bt nhưng hs cx là ng mà
mik ko cs ý chửi bạn nhưng ôg thầy quá khắt khe rồi",0
letrungnghia9202  rồi đấm đi tao báo cảnh sát,0
mua to thi giang lai cho sv chu ko nen duoi ra khoi l,1
đuổi đi,1
ông này cho về vườn lun,0
"đừng vì 1 đoạn clip mà đánh giá nhân phẩm người ta chứ . ông thầy làm giảng viên ít cũng phải hàm thạc sĩ , 1 nhân tài vùi học hơn 20 năm . làm việc tốt hơn 20 năm không bằng 1 phút bốc đồng . ổng cũng chả chửi bới , đe dọa hay xúc phạm gì ai cả . ổng chỉ hăng say giảng dạy và chợt nhận ra mình nãy giờ đang diễn vai hề cho học sinh xem .lòng tự trọng bị xúc phạm , nhất thời nóng giận . học sinh có thể phản ánh nhà trường , giáo viên tiếp thu và sửa sai .  sao mọi  không đón nhận sự việc 1 cách bao dung và văn minh nhỉ!!.",2
thế thì tốt cho ông ấy tự nhiên châu đủ tuổi mà đã có lương hưu,0
ong đosai mà con binh,0
thầy gì khó tính khó ở quá,0
thầy này chắc phải bị sa thải nghề nhà giáo có lẽ là đuổi mẹ việc ông thầy này các bác trai ạ.,0
 thanhphuongbui7574,1
"trời ơi! ko nghe thì giảng lại có mất gì đâu ông bà ta cũng từng nói rồi  :lời nói không mất tiền mua, lựa lời mà nói cho vừa lòng nhau chứ mắc mớ gì nói ngta r kick ra khỏi lớp.t mà gặp v là t out luôn khỏi cần ổng nói mn  thấy đúng ko",0
meomiucuteuvu cho anh hỏi giùm tỉnh thừa thiên huế thuộc vùng duyên hải nam trung bộ hau bắc trung bộ em? thanks em nhìu!,1
tvfm_dhh thk như quái vật,1
 letrungnghia9202 mà đang học online mà đâu chắc biết nhà ổng đâu tội cái màn hình nữa,0
vẫn còn vườn để về á?????,0
"letrungnghia9202  tr xời đấm thử tao xem,đc mới lạ à",0
thầy này bị đuổi là vừa .,0
 jayden10125  xh là vậy đó,1
như tui là tui tự rời luôn chứ học j nữa,0
ông thầy vô lý cực,0
um đóng học phí để học mà chửi như đúng r,0
loan kim col li co lọt tiếng việt hộ,1
"năm đóng cả bộn tiền không cái này cũng cái kia chốt thế này cho nhanh ko có học sinh , thầy cô mất dạy",1
thien3856  co li là có lí,0
anhba19283  thấy phần dịch ra từ chi chi tưởng tiếng nc ngoài,0
dạy để tiếp thu ko hiểu ko rõ hỏi or nếu ko giảng lại vì một số lí do nào đó cũng có thể nói sv học wa ytb cũng đc mà,0
bảo trò nên đeo tai nghe nhưng chắc gì trò đã có tai nghe để đeo với lại cái việc mà trò hỏi giảng lại bài nó là việc tốt chứ có gì đâu mà phải làm vậy,0
dọa hay nhắc nhở cho vô lại cái gì ko quan trọng cư xử vậy là ko đúng nội việc kick cả 2 nick ra kia đã là ko đc rồi còn bắt các sinh viên khác nói :tôi là ng văn a... có đầy đủ các giác quanlà thấy xúc phạm sinh viên rồi bộ họ khoing phải người hay gì mà bắt nói như vậy,0
ông thây cho,0
đơ mơ... vây cung xưng thây giao??? vây trên lơp kêu gian lai chăc no băt đưng lên doc trươc lơp qa???,0
ko đủ tư cách làm thầy,1
"là thầy người ta có ăn học hơn, hơn cái bằng cấp và văn hoá mới dạy cho con người ta. có lữa mới có khói, người thầy thật sự dễ mến thì không người trò nào, dù quậy phá củng không nói xấu bôi nhọ thầy mình",2
học sinh nói chuyện lễ phép ngược lại thầy giáo nói chuyện như một thằng vô học,1
coi chừng thằng xe ôm đó. thầy giáo cha mẹ nó cho ăn học đàng hoàng mà. đâu có ăn nói mất dậy như vậy.,0
thầy mất dạy quá,0
"ai trả lương cho mấy thằng thầy hóng hách nầy vậy ,thầy nầy gần mất dạy",2
thầy mà nc gì kì vậy.,0
"đủ mắt, tai, miệng nhưng não bị khiếm khuyết (đó là thầy giáo)",0
"uổng thay đàn khải tay trâu à,anh nói tôi không hiểu và không nghe đươc vậy ai là trâu ,con cháu của tôi cũng đang học nhưng chất lương mạng kém vậy tín sao,tại nghèo mua máy kém chất lương,ôi cảnh đời",1
ông thầy mất dạy,0
đuôi  thăng  cô  ông  thây  không  co  đao  đưc  nghê nghiêp  giao  viên,1
đuổi việc ông thầy đó đi,0
phân biệt sv ko thể chấp nhận,0
"thời bây giờ thầy cô kiểu gì ko hiểu nổi,chủ yếu lãnh lương thôi,đạo đức xuống cấp....",0
khỏi đi giảng viên như vậy dạy đc ai chứ giảng viên như vậy để làm ô uế ngành giáo dục thôi,0
thầy giáo bố đời,2
"người thầy này không đủ nhân cách và đạo đức của một người thầy, thầy nên làm công việc khác đi không phù hợp với nghề nhà giáo đâu. đúng là đáng buồn.",0
nguoi ta hoc dong tien dau phai hoc mieng phi dau ma thai do nhu vay ko co sv thi thay giao lam sau nhi,1
em là tân sinh viên mà xem clip này áp lực thật sự!!!,0
thầy giáo dở hơi,2
thôi đi về làm vườn đi thay ơi,1
nghe mà tức quá,0
mong nhà trường kỷ luật thầy này,1
thầy gì kỳ vậy   khg có đạo đức làm thầy làm gì,1
thằng thầy láu cá nhất năm  dịch quá thằng thầy lên cơn  đề nghị bộ giáo dục cho nó về hưu sớm,0
tui noi thiet cho hoc lui lai 1 nam dau co bi gi  phai thong cam cho cac em chu. co khi kg co tai phon nua  bay gio ai mo cua de mua. tuong ai cung giau sao. dep me nua di.,0
gặp tao lên mưa gió j tao tới nhà ổng  xúc liền,0
thầy ăn nói như chợ búa,1
từ tuổi thầy giáo này nó nói chuyện có một kiểu bố láo bố lếu,1
nhận lương nhà nước mà dậy như vậy,1
thầy giáo vô đạo đức,2
nếu  thầy giáo  này  như  thế  kg  nên  dạy  học  sinh học  trên  onlai nữa kg  xứng đáng  một  nhà  giáo  tôi  nghe  tiếng  nói  của  ông  thầy  giáo  tôi rất  bức  xúc,0
làm thầy giáo mà kg có tâm đứt,0
"trời ơi coi mà muốn khai trừ thằng thầy này ra khỏi trần gian này ghê. thầy giáo đó hả trời? sở giáo dục, bộ giáo dục còn tồn tại không trời? thằng này mà còn dạy hoc tui cho con tui mù chữ luôn chứ học chi nữa.",0
thầy ở đâu vậy mạng yểu rồi sao thầy nghĩ day đi thầy 0 có  tâm 0 đạo đức,1
hên cho thằng thầy này anh nghĩ học sớm,1
hcmute mà tưởng hcmut luôn á,0
thế bây giờ bạn thấy sinh viên có ra dáng vẻ học k? lớp mà lơ đảng thì gv cux lơ lun chứ giảng j nổi,1
thằng thầy này bị ngáo quyền lực.,0
"cho nghỉ học là thầy mất dạy thế thôi. nhờ học sinh, sinh viên thầy mới có cái nhét vào mồm đó.",0
dạy học mà không có tiền nên mới vậy  gặp tao xin thầy cái địa chỉ,1
người ko đủ các giác quan chắc chắn sẽ ko gặp thầy khùng rồi,2
phụ huynh đóng tiền để cho con mình học chứ o phải để ông thày giáo đuổi ra o cho học tiền dùng trả lương cho thầy thì thầy làm đúng chức năng đi,0
còn để người này dạy cho sinh viên thì đảm bảo thế hệ sao này sẽ phát ngôn như vậy thì còn dạy ai ko xứng gọi là giảng viên đại học,1
thầy giáo giang hồ,2
thầy mất dạy,2
vây thây nghi day đi em nghi hoc,1
day kh duoc thi nghy may de tao day cho,1
"thầy giáo zì kì cục cẹo vậy.
mày chứ thầy gì",2
khách hàng là thượng đế !,0
trời...ông thầy này cho nghỉ dạy đi,0
thầy dạy đạo đức mà ko có chút đạo đức,0
cho thay giao ve nha nghy luon di,1
"thầy giáo kiểu gì kỳ vậy trời, ăn nói khó nghe.",0
không có luong tâm người thầy. tôi cũng là  giáo viên (3 doi) mà trong nhà tôi không có ai doi với học  sinh như vậy. cho dù em ấy có lo ra cứ giằng lại rồi khuyến cáo sau.. lý đâu nói từ ngữ khó nghe như thế. . cho dù clip đã bị cắt ghép đi nữa nhưng với 1 nam sinh đủ lớn như vậy là quá đáng.. mùa này mưa gió mà đường truyền noi này khác nói kia khác. học bình thường đã khó học online đau phải lúc nào cũng nghe rõ.. thầy giáo nên kiểm điểm ngôn từ của chính mình ....,0
thầy gì nc nghe thấy sợ. tui không hocz mà nghe ám ảnh quá. tâm lý nào học nổi,0
thầy giáo mà làm giọng ông nội vậy,0
ôi thầy gì kỳ vậy. thầy về hưu sơm đi thầy ơi,2
"cháu mình cũng vậy đang học thì ko nghe hỏi, bị kích ra ngoài luôn k cho học",1
thầy giáo mà kg có tình ng.,0
thay giao ky vay,1
thương học sinh này quá,2
"duoi thang ra khoi nghanh lap tuc,giao vien ma thai do thi thua roi.",1
thay giao nay 0 co dao duc,1
thầy giáo đấy nha .có khát dang hồ đâu trợi,2
tôi ma có con ko cho hoc thây đo luôn..,0
thầy giáo đối với em sinh không thể chấp nhận được cần phải,0
thầy mo rồi !!! chonongr về luôn cho rồi !!!,0
à để thầy lấy dây kinh nghiệm ra rút ạ,1
thầy nói chuyện với  học nghe thấy nghét,1
thầy giáo còn mất dạy như vậy làm sao dạy được học sinh,1
thầy giáo mà tui tưởng người vô học chứ,2
"thằng thầy  giáo chết dịch.
bộ giáo dục phải xem xét lại những giáo viên như thế này.",0
thầy giáo mà coi thường và mạt thi sinh viên như vậy thì còn dạy ai được nữa. nên cho nghỉ dạy luôn vì không có tư cách đứng trên bục giảng.,0
ông nầy có dẫn đề rồi,0
cạn lời với thầy này luôn,1
thoi rồi giáo mác thoi thay giao khôn nạn bởi vậy thay giáo hoặc co giáo ra khỏi cổng bị đập là phải,0
là nhà giáo phải có tài và đức nếu có tài mà không có đức thì cũng như ko,0
chia sẻ cho chính phủ nhà nước ak chứ kiểu như vậy là k đc rồi..nhà nước chính phủ đã đưa ra việc nầy mà  ..,0
nghe ma bức xúc vậy troi,1
thầy giáo giảng ko nghe.học sinh yêu cầu thầy giảng lại.mà ăn nói với học trò kì vậy .hồi nhỏ thầy ngu thầy dốt mới đi học.còn e cũn vậy.thầy giáo mất dạy vậy mà dạy ai,2
cho ông thầy về quê cắm câu,2
nguoi thay ko nen lam thay ma nen ra cho hay phu ho thi hop hon,1
trời thầy ác vậy,2
tôi có con học ngành này lớp này ...thì cho con ngi ...ko cho thầy này dạy nữa,0
dịch bệnh đã khổ  rồi  . giờ  gặp  ông thầy  này  lại thêm khổ,0
giữa nhà trường và thầy giáo ăn chia không đồng đều nên thầy bấc mãn,2
ôi cái thằng thầy,1
cho thấy mất dai luôn .con em học đa khó khăn con gặp thầy giáo cho nữa .,0
nghe mà lôn ruột,0
"thầy giáo là một giáo viên mang trên mình sứ mệnh giáo dục. là nền tảng quan trọng nhất để giáo dục nhân cách con người. là nền tảng văn hóa nước nhà của một quốc gia. là người truyền tải kiến thức cho học trò. là người phải làm gương về ứng xử lễ nghĩa và đạo đức, nhân cách của một nghề mà được cả một quốc gia tôn vinh lên bậc cao quý nhất, đáng được tôn trọng nhất và đặt cho ngôn xưng cao nhất là thầy. là người làm sứ mệnh 100 năm trồng người cho đất nước. một khi đã lựa chọn nghề cao quý này thì hãy nghĩ đến việc. dù cuộc đời mình k sống đến 100 tuổi, dù còn đang trên bục giảng hay đã về hưu. thì cũng hãy sống gương mẫu, cống hiến giáo dục văn hóa, văn minh hết cả cuộc đời mình cho ngành giáo dục nói riêng và nhân cách của một con người nói chung. chứ k phải làm thầy, làm cô là có quyền lực trong lớp với học trò của mình, rồi lợi dụng quyền hạn áp đặt học trò của mình theo tư tưởng cá nhân k vừa ý là phát ngôn nặng nề, xúc phạm rồi cắt tiết, trục học trò ra khỏi lớp với lý do k hợp lý như vậy. đã k biết mới học, đã k hiểu mới hỏi, đã k nghe rõ phải hỏi lại. chứ k hỏi mốt làm sai thì bảo là tại sao trò k biết, k nghe rõ mà k hỏi tôi giảng lại ,để bây giờ trò sai, trò dốt, tôi dạy mang tiếng thầy dạy dở. rồi thầy khó khăn, xúc phạm ảnh hưởng đến tâm lý học trò, làm sao mai mốt các trò dám hỏi. nó ngậm mồm, nó dốt là tại thầy thất trách, thầy k có hiểu rõ phẩm chất của ngành nghề mình đã chọn. đã vậy đâu ra kiểu tôi nói a k nghe thì tôi cho a nghỉ tiết, rồi trục trò ra khỏi lớp mất học. vậy lúc trò nói thầy nghe k rõ là lỗi của thầy, chứ phải lỗi của trò đâu, mà thầy cũng trục trò đó ra khỏi lớp. vậy nên ngành giáo dục phải rèn luyện những người đã lựa chọn nghề này, thì hãy giáo dục kỹ lưỡng tư tưởng, phẩm chất, nhân cách của một con người bắt đầu sẽ vào ngành trồng người đúng nghĩa và xứng đáng với sứ mệnh của mình để được tôn quý. chứ ngành giáo dục đừng vì một con sâu mà làm rầu cả nồi canh. mà làm cho những măng non sau này mất dáng mọc thẳng đứng của nó, chỉ vì một loại chất vun bón độc hại k tốt cho cây, mà hư hại cả rừng cây sau này. hãy thẳng tay loại bỏ những con sâu, những chất độc hại cho cây ra khỏi ngành giáo dục là điều nên làm nhất. để chúng ta có một rừng cây tốt, giúp ít cho nước nhà.",0
chúc mừng thầy được nghỉ dịch dài hạn.,1
"thầy giáo gì nói chuyện nghe bức xúc vậy trời,má",0
thây giao thai đô kiêu gi vây rât mong bô giao duc co hương xư ly đung đăng giait toa bưc xuc cua phu huynh,1
thay măt dich .nghi viec di,1
cho thây cach ăn noi cua ông thây nay day ko co cam tinh vơi hoc sinh chut nao cho ông ây vê chăn vịt đi,0
thay j mà an nói coc can quá bo nghề di làm giang hồ di chắc dang giận vo con o nha nên do len dầu hoc sinh,0
sau tiết học này cũng mời ông ra khỏi trường,1
có đâu og thầy bảo là clip chỉ ghi lại 1 đoạn ngắn thôi nên ko phản ánh hết sự việc og thầy bảo là cho anh kia vô lại lớp rồi mà,0
thầy giáo vớ vẫn cho nghĩ đi,2
nếu đó là thật thì cho này thây này về dạy chó đi,0
ong thay nay khoi can phai day nua dau ...cho ong ve que cam cau di,1
rồi lỡ em tên nguyễn văn a e bị tật cái tai phải dị là em bị đuổi hả thầy. giảng viên đh mà nói chuyện thua mấy chú xe ôm.,0
"ko ngờ đạo đức nhà giáo lại xuống cấp trầm trọng đến thế ,loại người này giữ lại trường chỉ làm bại hoại đất nước mà thôi",0
"thử hỏi em nào cũng nghe không rỏ, ông thầy giảng lại nổi không? đó là chưa kể cháy giáo án. nên xem bài trước khi học online. note chổ nào không hiểu hỏi lại sau. thậm chí hỏi lại bạn, xem lại sách. hs phải cố gắng thôi....",0
thầy giáo dạy học ko có tâm gì hết học on lai người ta vẫn đóng tiền mà...,1
"đấy!!!! giờ trà vinh đang mưa to thế là không biết hư cái gì mà giờ mất tín hiệu thế là con em tui ngồi ngó  chứ làm gì dc, tui không hiểu ai kiến nghị cái vụ học trên tivi này",0
làm  vo con chú thấy giao làm gi,1
"thầy giáo này xúc phạm nhân phẩm của các em , thầy này là loại j vậy",2
ông thầy này bị covit rồi điên rồi,0
"cơ thê ngươi đâu chi co mắt,tai.thây co muôn xem tât không, cho xem luôn.",0
"thầy giáo này,cho khỏi ngành nghề đi... cho dù hok có mưa, giản hok nge rõ,xinh giản lại, thì cũng phải giản. đó là trách nhiệm của người thầy cô...",0
nghỉ dạy học đi thầy ơi,1
"tới khi sv nói thì thầy nói anh này nói tôi không nghe j cả đi ra khỏi lớp , thầy mà gấc gao quá nghĩ day đi",0
trường đại học sư phạm kỹ thuật tp hcm. thầy ở yên trong trường đó đừng đi trường khác nha thầy. khổ cho sinh viên tụi em. đã ko hiểu bài mak gặp thầy thì nợ môn chắt rồi.,1
thằng thầy giáo này nó chán sống rồi,0
thầy gì mà thiếu văn hóa vậy .,0
thằng thầy này nó dạy thêm ăn tiền học phí quen rồi bây giờ dạy online nên nó bực mình vậy mà. thôi cho nó về vườn đi là vừa. làm nghề mô phạm mà không có tâm.,0
gv đh sư phạm..... mà phát ngôn phi sư phạm!? kỹ năng sư phạm quá kém!?,1
ví dụ không hiểu vẩn có thể hỏi lại mà hú chi trời mưa to lấy gì nghe thầy vậy sao học sinh học được....,1
bắt  học  sinh  nói  đủ  giác  quan  có  khác  gì  đang  xúc  pham  học  sinh,1
ng như z ma cug làm thầy giáo dạy nữa ak .tác phong k tốt đạo đức k có . z ma cug jk lm thầy,2
thầy như thế này loại,1
nam mô a di đà phật.xin môn đạo đức năng cao.thầy cô khó thì trò mới nên . nhưng thầy cô cột tính .dữ thì sẽ làm cho học sinh bị bệnh trầm cảm . áp lực . và tánh sẽ dữ không kiềm chế được cảm xúc của bản thân.,2
nghe mà bức xúc quá,0
cho ông thầy này đi giải cá sấu đi trời mưa cá sấu nó nghe rõ lắm,0
"làm thầy chi ,ra vỉa hè bán lạc xon cho rồi .tâm không có sao làm thầy ,dù bảo đoạn ghi âm không đủ nhưng đủ để biết tấm lòng thầy đem  phá lấu được rồi.dạy học trò không hiểu thầy vui không. ? xin lại lời thầy nói sai sao? vậy lời trò nói thầy không nghe đúng sao? nếu nhà trường còn cho thầy đứng lớp tâm lý học trò ít nhiều bị xao nhãng bất phục khó tiếp thu (ở đây vì ngoại cảnh mưa ồn nên nghe không rõ lời thầy,nếu vì lý do gì khác,phản ứng cùng thái độ thầy còn thể nào nữa)",0
"thầy này nên đuổi ra khỏi ngành giáo dục, ko kiểm điểm.",1
"thầy giáo vô đạo đức ,
thương các cháu quá",2
thầy không ra thầy thì trò cũng không ra trò .  chỉ có bấy nhiêu mà cũng không đủ bao dung vị tha thì làm thầy sao được . tội nghiệp cho thế hệ sau này.,0
"nghe thầy nói chuyện y như thứ vô học, vô đạo đức.",1
cho học sinh nghi vậy sao học sinh kg cho thầy mất dạy luôn học thầy như vay sao nay ra truong cung kg lam được j đâu ma hoc lam j,1
thay giao gi vay,1
thầy giáo này nên nghỉ dạy đi,0
tôi thấy thầy nầy cũng k nên làm thầy nữa .  học k hiểu phải hỏi mà hỏi thì k cho .  mà đuổi .,1
"thày vô đạo đức ,nói chuyện k có tư chất thầy giáo , chắc k học nghiệp vụ sư phạm.",1
cho thằng này nghĩ đi nó ko đủ tư cách làm thầy giáo,0
cách nói chuyện kg khác gì dân côn đồ.,1
"thầy giáo gì tầm này,khinh người quá,đạo đức nghề nghiệp bị chó cắng mất rồi hả thầy,thầy đi về chạy xe ôm hay chăn vịt là vừa,tầm này mà đào tạo ra được nhân tài cho đất nước thì mới gọi là chuyện lạ à nhen,hèn chi đại học việt nam thì chỉ có học đại cho xong thôi chứ chất lượng cũng bằng 0.",0
hoc on lai kieu nay nghi me no di rac roi con toi bi nghien dt vi cai toi onlai,1
mời ngài giảng viên  học lại môn đạo đức đi nha . coi mà tức á,1
ko có tay phons lấy cái con... gì nghe hả thầy.,1
thầy vậy,2
nhờ nói lạy người thầy giáo đó học thêm môn đạo đức lạy nhé chua đủ trình độ giáo viên đâu,2
chăc tui nghi hoc khi xem clip nay,0
ong thay gi ma tao lao qua,1
thầy này dạy vậy ai còn cho con e học nữa sau nó giống ông chết,0
"có đủ miệng và tai, đủ giác quan... nhưng không đủ ý thức và tư cách..., vậy đấy.",1
may thang nay chu yeu kiem tien chu day hoc cho ai,1
làm giáo viên mà k có nhân phẩm,2
may bua nay o day troi mua khung khiep thay oi. dich benh nay sinh vien kho lam thay oi. mong thay nghi lai ma mem mong nhe nhang cho sinh vien va cho ca thay nua,1
đạo đức ko có mà đòi đi dạy,0
"kiến thức có đấy, cao đấy. mà suy nghĩ và chuẩn mực của một giảng viên thấp quá
dù như thế nào cũng không thể hành xử như thế được. luật sư bào chữa cũng bó tay ca này",0
không đủ từ cách làm thầy ! học  sinh đi học nộp học phí nuôi thầy mà thầy không biết   sao hiệu trươrmg trươfng đó phải có yếu kiến,1
phải kỉ luật nặng giáo viên như vậy....ko có đạo đức,0
thầy giáo chất á,2
rút thẻ ngành cho ra khỏi ngành giáo dục đi bộ giáo dục ơi.,0
cho thằng thầy đó nghi dạy luôn đi,0
thầy giáo gì mà kỳ cục học sinh học phải đóng tiền đàng hoàng thầy giáo mà cọc cằn quá thì cho về chăn trâu đi để không làm ảnh hưởng đến học sinh,2
học với thầy như vậy học làm cho gì cho mệt,0
"điều tra gì chi cho mất thời gian , điều là sự lấp liếm bao che , cuối cùng là viết kiểm điểm và rút kinh nghiệm",0
nang luc day hoc toi dau  thi chua biet.chu noi ve dao duc nha giao.dao duc    cua mot nguoi thay. thi thang nay qua te hai roi.,1
xàm,0
ông thây măc dai nhât năm ne,1
thằng thầy giáo này xứng đáng gọi là thằng loại đầu gấu vậy mà đi giảng dạy,1
cũng đúng,0
cho thầy này nghĩ dậy. vì nhiều sv. nghèo. máy móc cũ kỹ nên. sẽ đem. lại sự. bất lợi. về. vấn đề. trồng  người. cho. nghĩ dạy,1
1 chữ cung là thầy nửa chữ cung là thầy ( thầy ăn hok mà nói với hok xinh như vây xao,0
yêu cầu cho tg đó nghỉ k đủ tư cách làm giáo viên,2
thầy giao không có đạo đức thầy nghĩ dạy về bán rau là vừa rồi,2
xem mà tức,0
trời dịch bịnh nên mới như vậy chứ.  ... thầy giáo gài vậy kg đúng,0
trời mưa kg nghe rõ mà đuổi thầy phát ngôn sai phụ huynh đâu đồng tình lên tiếng đi,0
thầy nói kỳ quá kg được,2
thầy này chắc hồi trước học đại nên k học dc bài đạo đức của ngành đạo đức nhất,1
thay vo van.cho thay ngi luon đi. giang lai cho cac e nge cang tốt chu sao.,1
thầy này vô dạo dức,1
thây giáo đao đưc không có nói chuyên vs hoc sinh không đoàng hoàng thì đưng bao giơ làm nghê thây giáo nưa day hoc cho hoc sinh mà chưi hoc sinh thì làm các hoc sinh hoc đươc.,2
"học on lai đâu phải mọi thứ điều ổ, tuỳ vào hoàn cảnh của từng em học sinh,nhà nghèo, (nhà thấp nhá tôn ngồi kế bên nói vô lỗ tay chưa nghe được rõ huống chi, gặp phải trường học máy học kém, mạng kém, sao thầy k thông cảm và khuyên khích động viện nhưng lại dùng lời thô bạo cứng ngắt để áp đảo lên các em.dù cho đoạn video k đầy đủ nhưng lời lẻ của thầy đối với các em học sinh cũng đủ để cho mọi  người hiều được vô đạo đức của thầy rồi",1
thây giáo đi ăn cươp chư đưng làm nghê thây giáo nưa lưu manh quá.,0
"thây giao  gi ma như,,,,,,,,,,,,,,,, ,",1
thây giáo mà day hoc sinh như vây gióng côn đô quá nghi me đi làm thây giáo chi vây.,0
gặp tối thì thầy sưng mỏ ngày hôm sau,2
thay giao day hoc bang cai tam .hay day hoc de tra no lanh luong .neu thay cam thay ban than mih kg du tu cach de day thi ngi day di .ban than thay da thieu dao duc thieu trach nhiem thi dau du tu cach de day cho the he hs sv .da ro rang nhu vay roi con xac minh gi nua .cho og thay giao nay ve chan vit di,1
thầy này bị đột biến rồi,0
"thử gặp ở lớp thiệt thì xác định  . 
1 là ra ngoài bị đập 
2 là học sinh nghĩ tiết hết báo cáo lên nhà trường 
3 là gặp mấy bạn cứng cứng là khẩu nghiệp ổng rồi",0
"thằng thầy giáo không có nhân cách của một nhà giáo thì không nên cho nó dạy nữa, nó mà còn dạy nữa có ngày bị đánh bể đầu luôn",0
coi mà ức chế thiệt,0
giáo viên mỗi năm lên học 1 lớp đạo đức sống thì tốt hơn khi truyền đạt giảng dạy,1
"thầy giáo  đây hả trời, thầy giáo hây là thầy láo.",2
thầy giáo qúa đáng,2
thang thay chu dau phai o thay,1
"học sinh: em tên nguyễn v a, có mắt mũi -tai miệng bình thường_
ông thầy: anh này nói tui k nghe gì cả, đi ra khỏi lớp.. hài vãi",1
không xứng để mọi người gọi là thầy,1
thầy  khôn  nan,2
đuổi ông thầy này đi học online da khó khăn rồi mà gặp ông thây kiểu này thì ton luôn,0
thầy nay may ko day con tôi chư mà day con tôi đối sự với học sinh như vạy tối ko để yên cho thầy đâu.ko đủ tư cách làm thầy người ta.mong ngành giáo dục xem xét lại khi cấp bằng cho nhẫn người ko có đạo đức,0
"giảng viên j đâu mà khó mà khó 1 cách kì cục.
kỷ luật nặng thầy giáo đó cho rồi.
ko có lý do j để làm căng j hết.",0
ong noi thay khon nan thiet chu thoi buoi kho khan gap ong thay k co dao duc nua kho luon,1
tức là ông thầy cũng giống học sinh ;,1
nobbytotem5608   chuẩn -,1
ổng được không nghe mà sinh viên không được không nghe,0
đuổi luôn đell cần kỉ luật,0
tôi thấy thầy giáo này quá đáng.,2
"thây giáo xúc phạm đến sinh viên quá đáng !  trời mưa to  mà nghe tai  phone sẽ bi sét đánh không kịp cấp cứu , nguy hiểm tính mạng.  thầy này không có kỹ năng sống  va hiểu biết về điện và sóng điện internet, và người tất cả đều mang điện  dễ cháy nổ  khi trời mưa dong sấm sét, hãy cân thận  vì tôi đã chứng kiến vụ  này khi trời mưa to  sấm sét mà sử dụng internet người đó bị tai nạn văng ra khỏi bàn vi tính làm việc đến 3m!",0
nhà trường chắc nói rút kinh nghiệm ha,1
thầy giáo kiểu này thì dạy kiểu gì. thầy giáo mất dạy. phải loại trừ những ông bà nhà giáo kiểu này thì xh mới thông được,0
loai nay nay kg cân phai hoc...đê nghi so giao duc cho ngưoi nay nghi day hoc..ra cho ban ca,1
bh dịch bệnh học online đv là đã tốt lắm rồi lại còn gắt,0
thây giao bi khung,1
thằng giáo này ở đâu vậy?,1
"tạm đình chỉ công tác giảng dạy, dạy online bị ảnh hưởng nhiều yếu tố như công nghệ, môi trường xung quanh.....",1
"thôi đi mấy ông lúc mấy ông bực mình cũng nói bậy ba vậy, thời buổi dịch bệnh cũng phải biết tìm cách tốt nhất để học chứ.nha báo đúng là ghê gớm dùng viết để kiếm ăn bằng cách cha dap người khác.",0
co phai mua bằng ko vậy ko đạo đức,1
"xem cái này hơi bất xúc nhưng thầy giáo vẫn bị đăng lên mạng và bị người ta phản ánh, ko biết thầy còn thay đổi nữa ko, chứ trong đầu thầy ấy đạo đức đi đâu xa mất tiêu rồi",0
thầy là tấm gương của học trò mong thầy là tấm gương tốt cho học trò noi theo.,2
thang thay tao lao,1
thầy  bố láo,1
12 năm đi học. đố mọi người 1 cộng 1 nhân 2 bằng bao nhiêu. ai trả lời đúng thì học. còn ko thì nghĩ để ko lãng phí,1
học biết chữ biết nhân chia cộng trừ. rồi nghĩ ra đời sớm sau này 60 đến 70 phần trăm các bạn dc làm chủ. bỏ thời gian 12 năm. bạn di hoc năm 13. hỏi lại chắc j bạn nhớ,2
trời ơi tui quá bức xúc vì có rất nhiều cháu đang học online đang mưa bão mà .,0
học nhiều vô ra đời chỉ làm công.,1
bởi vậy vậy sao con cháu chúng ta có học thức dao đức được nhờ mấy người này mà ra,0
thây đâu bui,1
cai thu hoc nhiu nhung dao duc no con thua ca mot nguoi vo hoc cai loai nay la can ba xa hoi cho de,0
mạng chắt bình thường hoài hả. không mất mạng hả..mạng ko yếu hả..hên mày ko dạy cháu tao..,1
cho nó nghỉ bà luôn đi,0
xã hội thời nay không cần những thằng thầy khốn nạn như vậy!  cần mạnh tay với hắn để làm gương cho tầng lớp sau này!,0
thầy giáo nghe ko rõ sao ko đuổi thầy giáo ra ngoài,2
"giảng viên đại học? giáo sư, tiến sĩ, ...giờ toàn thứ gì đâu. nhân cách, phẩm chất đạo đức thì không có. nản! ",1
nền giáo dục càng ngày càng đi xuống là nhờ mấy thầy cô như vậy nè không xứng đáng làm thầy vậy về nuôi bò đi,1
"giáo viên mà quá thô lỗ, trịnh thượng, không mang tính giáo dục, chỉ xem qua những trao đổi ngắn đã thấy rõ rồi, bao biện thêm chỉ thể hiện sự hèn hạ nữa mà thôi. nghĩ mình là thầy có quyền kiêu ngạo vậy sao hả ông thợ nói!?!",0
á đù thầy gì kiểu này cho nó ngủ ở nhà đi,0
thày kiểu này thì ở nhà ngủ đi nhé,0
học hành kiểu nhãm nhí,1
thấy lâu nên xin bảo vợ vào xem thử thì bị chửi,1
thầy cô nay mất dạy lắm. bé mới vào lớp 1 dẫn con vào trường dịch bệnh nên cho phụ huynh đứng ngoài. cháu vào trường 1 mình không chỉ dẫn cho nó chỉ vào nộp 1 tờ giấy ghi số điện thoại cha mẹ là ra về. mà không hướng dẫn cháu bắt nó cầm dù đứng đợi dưới mưa,0
ông thầy này ko sức đáng  làm thầy. ông ta xoá hình bóng của bậc giáo viên đáng kính của bao thế hệ. đã từng ngồi trên ghế nhà trường. người thầy ko có tâm cũng ko có đức. chỉ dạy con người đạo đức xuống cấp thui.  nếu như có em nào đó học theo tính cách của thầy này,1
online trật ra hết hoi trực tiếp còn như thế nào nghe tiếp sao không ngược lại như thầy đã làm trước với học sinh,1
nghi dich lâu  qua rôi thây nay chăc bi ngao rôi,1
học sinh nghe ko rõ thì phải giảng lại. làm thầy giáo ăn nói vô ý thức thì đừng làm giáo viên. mong bộ giáo dục và đào tạo tịch thu bằng giáo viên này ko thôi sẽ làm mất tương lai của các e học sinh.,2
đây là hậu quả của việc thầy giáo tới tháng đèn đỏ mà phải dạy online..thầy giáo cục súc vãi chưởng vậy mấy em..kakakkaka,0
da day hoc o nha day co gi dau khon nan voi hoc sinh vay moi chiu,1
v cũng nghĩ ra,1
con lai may ong noi ba noi dich kho lam nhieu khi khong tien mua gao do an gio hoc thieu du thu dung ac dum nua,0
"sao 1 người làm bên mảng giáo dục lại có thể phát ngôn như bọn giang hồ vậy ạh. k biết clip cắt ghép thế nào, nhưng thật sự nghe giọng điệu nói của thầy k biết khích lệ học sinh tí nào",2
nick ổng tên j v mọi người . tui cho ông đi lun cuộc đời này,0
nghe úc  chế,1
bị đình chỉ cho vừa,0
ngta ko nghe rõ thì nói sao cho ngta hiểu chứ kỳ vậy,1
thầy vô duyên kỳ vậy,1
dạy hoc như vậy lở gặp ngay những người ko đủ điền kiện thì ai dám học nũa,1
thằng này mà dạy con tôi tôi cho nó pik cái cảnh ... cho khỏi dạy lun,0
sinh vien mua bao khong nghe ro thay giao duoi em con may em noi thay giao khong nghe ro thi tong co di thay nhung vay ai ma cho day an noi mat dao duc,1
vay thi thay cung gioi thieu giong vay luon di,1
thay giao co bi khun khong ma keu nguoi ta noi vay,1
"sinh viên lấy tiền để học phẩm chất tính cách tốt đẹp từ thầy cô nhưng đã sai mong ,thầy chuyển ngành khác",2
thầy này không đuổi ra khỏi nghành hơi phí...,1
giậy kiểu hết ngày lãnh lương,1
sv nói. ông thầy cũng đâu nghe rõ đâu cũng đuổi sv ra luôn vãi ông thầy.,0
tai sao lai có người thầy nói giọng côn đồ nhu thế vỏi học sinh.thày nghỉ dây đi được rồi đáy,1
thầy bây giờ mới làm ngang chức gọi là thầy.mà đã đối xử với học sinh như vậy .mọi người vào xem nhé .thầy này có bằng học trường nào ra mà như vậy .nếu dậy con chúng ta mai sau cũng gióng thầy thì xã hội này ko biết đi về đâu......,0
bắt học trò nói tôi là ng v a có đủ tai mắt là ng bình thường ....  ý nói hs ko nghe thầy nói là không có tai . vậy sao lúc hs  nói thì thầy trả lời  anh này nói tôi ko nghe gì cả mời ra... vậy có phải là thầy cũng đâu là không có tai mắt thầy ko bình  thường ..thầy điên đuổi thầy khùng ra,0
trời ! nghành giáo dục vn hết nhân tài rồi hay sao mà đưa một thằng ( chăn bò ) lên dạy học vậy trời,1
thu xem thay tra loi sao day,1
cái này là xúc phạm nhân phẩm người khác. có quyền kiện ra tòa,0
thằng thầy cà chớn,2
ổng có quyên nghe không rõ nhưng hs thì không.ông thầy này cho về quê chăn bò đi chứ dạy gì?,0
"chac thay giao nayla thien ly nhan ,hay than phong nhi  nen kg ai biet ma",1
lam thay nhu vay thi nghi me di dau phai ai cung co dieu kien ma hoc may lâ thay phai co gan chu hoc qua mang  thi phai thong cam chuc chu may la thay o dau truong nao duoi luon tay chay luon di da hoc qua mang cung phai thong cam cho hoc sinh chu nhu nay bien me mai di,1
học sinh nge ko rõ thì mất học..còn thầy muốn kiếm chuyện thì cho mất dạy.,2
thấy ong ánh chưa hẳn là vàng. thấy đang hoàng chưa hẳn là từ tế,1
"bỏ tiền nuôi nó còn bị nó chươi , bọn vô ơn",1
thầy giáo. mà thiếu giáo dục. nghành nhà giáo bây giờ mà tưởng đâu giang hồ không à,0
chac het mua dich nay chac thay ve nha ban vit luon wa,1
làm thầy mà chưa học môn đạo đức,1
làm trộn hồ được ko thầy ơi!!!????,2
thầy ngáo quá nhiệm vụ của thầy phải giảng cho học sinh đến khi nào hiểu mới đúng chứ thầy không có đạo đức,0
thầy giáo mà thế này không xứng đáng. đề nghị cho thầy nghỉ dạy vì có dấu hiệu tâm thần.,0
làm thầy mất dạy thì đi dạy ai,0
một con xâu mà làm xấu cả một nền tảng giáo dục của nước nhà,0
"đây cũng là lý do tại sao sự tôn trọng cho thầy cô không còn nữa, không phải là thầy cô thì được quyền xúc phạm hoc sinh, đây là môi trường giáo dục, nên phải hành xử có giáo dục",0
mời thầy out luôn đi ạ,1
"đề nghị . ngành giáo dục trục xuất giáo viên này ra khỏi ngành , một giáo viên như thế làm hư hoại cả một thế hệ trẻ",0
thay giáo dục cho dễ vi,0
thay oi vê chăn bo thôi,1
thồn lầy !,1
thồn lầy !,1
tu bao chua,1
"lam thay ma khong co duc,nen ky luat va cho nghi day luon.",0
cho nay nghi dai di,0
"ngành giáo dục kg cần những thứ như z,mong cơ quan vào cuộc và có biện pháp thoả đáng",1
"làm gì mà căng vậy! sự việc đơn giản mà đi quá xa, thế thì ko nên làm trong ngành gd. tiên trách kỷ, hậu trách nhân! tui cũng học online mà môn nào gv tạo được hứng thú là bò sát vào cái ipad, há mồm, tay viết, tai nghe như sấm truyền!!!",0
"cat ghep lip cai gi ma cat ghep , lip do ro tung cau van ong chui nhu vay ma con noi la cat ghep",1
"toi ko bao gio cho con toi hoc mot nguoi thay nhu vay , va cung ko cho con em hoc ngoi truong dai hoc nhu vay ,tay chay ngoi truong do ngay lap tuc",1
thầy này đạo đức kém quá ( không có hậu),0
thằng này kém đạo đức thầy j,1
giang viên gi ma cư xư như ngươi khg co văn hoa ăn noi bố láo qua .đề nghị hiêu trường xem xet lai tư cach cua giang viên đi nhe.,1
ong thay nay bi duoi chu kg phai hoc tro.nha nha. thay nay khung,1
thây giao noi chuyên gương con đô. hoc tra tiên chu ông đâu day không đâu,0
nên đuôi thây nay ra khoi nganh giao.,1
thầy này xẻo cho chó ăn đi,0
thay gi ki kuc,1
"thầy đi bệnh viện biên hoà đi thầy , ko biết còn chỗ ko ? nhưng nếu đặt chỗ trước thì ok",1
thầy mà là giáo viên ở nhật thì thầy mất dậy luôn rồi đó !,0
đuổi luôn loại thầy giáo như vậy ra khỏi ngành,1
"thầy có đủ các giác quan nhưng mẹ thầy lúc mang thai quên tạo cho thầy 1cái não,hoặc lúc thầy học th quên học môn đạo đức nha,nói chung thằng thầy này mất dại quá",2
đa la thay giao ma con mât day,1
chiến này thần thầy này đi học môn phụ hồ của thầy lộc rồi,1
thay gì mà ăn nói nghe muốn cho con nghĩ luôn  vậy do,0
để tôi nói cho thầy biết hồi xưa thơ thầy còn học sinh nếu mà giáo viên của thầy nói như vậy thầy có bực không nghĩ cô biết gần hai tháng nay khỏe thấy mẹ bây giờ dạy mới có một ngày mà bực bội bức xúc học sinh nó không hiểu kiến thức nó còn bực bội gấp 10 lần thầy nói cho thầy biết thời buổi bây giờ chứ không phải như ngày xưa muốn cái gì tới nhà thầy làm cho rõ thiệt luôn cái loại này đình chỉ công tác không cho dạy nữa thầy mà không có lương tâm mất dạy dạy học sinh mai mốt nó noi gương theo thị xã hội này ai cũng mất dạy giống thầy,0
chúc mừng thầy đây là bửa dạy cuối cùng của thầy nha,1
khổ thân hs.áp lưc đủ điều,0
thầy giáo không có lương tâm nghề nghiệp. mời thầy ra khỏi ngành đi.,1
nha than thay giao nay o dau vay moi ng,1
tui đảm bảo nha og thầy đó mà bt hs nào quay video đăng lên chắc og hận lắm á,0
thầy giáo gì kì vậy sao trường lại cho ông này làm giáo viên chứ cho dạy chắc ngày nào mà mưa là bị đuổi ra khỏi lớp à vậy dạy làm gì nữa nghỉ m luôn đi,0
t là phụ huynh học sinh là ông thầy này mệt rồi đó,0
"bao che cho ông thầy la cái chắc rồi , sợ ảnh hưởng xấu cho trường chứ gì nên nói video khong đủ",0
cho hỏi thầy giáo tên đức hải phải ko ạ ? thầy vẫn còn dạy à,2
lam ho sach si di thay oi,1
thầy này day ở đâu vậy,1
cho thầy giáo về vườn đi,2
"tên này nên chuyển nghề đi, làm xấu hổ cho nghành giáo dục và nên đuổi nó luôn, xấu hổ quá đi",0
học sinh giỏi hay yếu 1 phần là do cách dạy của thầy cô tự nhiên chửi thằng nhỏ 1 cách vô cớ vậy. thằng nhỏ ham học nó lấy cam đảm để hỏi ông.ko thấy tự hào vì có trò ham học thôi còn tự tay cắt dứt thế hệ. tôi coi cái này quá bức xúc. ngày xưa tôi ham chơi chả bao giờ học bài gì cả biết hay ko tôi cũng ko dám hỏi vậy mà thầy tôi tới từng bàn thành viên giảng đi giảng lại nhưng chưa từng trách mắng chỉ gọi tôi lên bảng làm bài tập nhiều hơn thôi. lâu lâu thì bao cả lớp đi ăn dù lương mình có ít . nhưng ko bao giờ tạo khoảng cách với bất cứ thành viên nào trong lớp. tới thi thì điểm số môn thầy ko ai dưới điểm 6 mà lớp thuộc dạng yếu trung bình. thầy tôi mới xứng đáng làm thầy. gặp ông thầy trên clip chắc tôi ở lại lớp hoặc nghĩ học rồi. cám ơn định mệnh sắp đặt để em và cả lớp làm học trò của thầy  . nếu thầy có đọc được dòng chat của em thì: em đậu vô trường đại học rồi thầy ơi ((: kĩ sư ô tô tương lai nha thầy,2
đề nghị tặng cho ông thầy này một cuốn sách đạo đức nha,1
giáo viên hây gian ho vậy trời chi nghĩ việt đi cho đang,0
covid làm cho người ta bị nhiều vấn đề thần kinh hết rồi,0
"ông thầy này giống như pháp mỹ đô hộ vậy còn học sinh thì như nô lệ ấy ko nói theo thì bị bắn, nghe mà thấy tức",1
thầy đó thì cho mất dạy luôn để làm gì,0
"đề nghị cho ổng mất dạy luôn đi, chứ thầy giáo gì tầm này.",0
"nganh giáo duc hiên nay bân lăm _ thây cô có tâm , có tầm chỉ còn đếm đầu ngón tay thôi .",1
"thầy dạy trường nào ?  tôi ko dám cho con tôi học ! thầy quá coi thường và rẻ rúng sv , tội sv quá ! học online đã cực lắm rồi !",0
thầy  mà  nhưng  vay bo tay  luôn,0
thay giao gi ma khung wa troi.,1
dạo này ko lên lớp phát đề cương kiếm thêm dc nên thầy hơi quạo,1
thằng đó mà thầy mày gì. mày học thầy này sao này mày cũng giống z đó,0
"thằng này mà dạy được ai, trong khi nó mất dạy",0
"nhà trường nên nhớ  học online các sv có đóng tiền đầy đủ nha, chứ không phải học chùa mà muốn nói gì thì nói.",1
toi bo tien ra cho con toi di hoc ma gap phai ong thay nhu vay thi hoi nha truong se su li nhu the nao day,1
nghe mới có nhiu đó thôi thấy bức súc với ông thầy òi.,0
thầy  giáo  dạy mà có  tính  ông  hoàng bà  chúa như  thế  cho dạy  học sinh làm  gì,0
thay giao gi ma noi chuyen giong giang ho qua troi,1
câu xin các nhà giáo giảng viên dạy học ăn lương phải có từ tâm một chút sao lại tàn nhẫn nói những câu làm cho con em mình bị tôn thương như vậy chưa kể mùa dịch này khó khăn chồng chất khó khăn biết bao sv phải bỏ việc học  vì cơm áo gạo tiền.nhung em được đến lớp gia đình phải vay mượn nợ nần chồng chất chỉ mong cơn em mình có được cái chữ để thay đổi  số phận.rat nhiều nhiều hoàn cảnh khổ lắm những ai sinh ra trông nhung gam lua là sẽ không hiểu hết đâu... xem líp mà thấy đau quá mong rằng nhà giáo giảng viên hãy đem đức của mình vì lợi ích trăm năm trồng người,0
"chị nói đúng mình đã đi qua thời học sinh, sinh viên và đã chứng kiến rõ nhiều cảnh lắm rồi ! từ cái thời còn dùng điện thoại trắng đen",0
đuổi hết trò rồi thì thầy cũng ...mất dạy!,0
thầy giáo cô giáo bây giờ rất là ko có lương tâm đâu học thêm thì phải đóng học phí 3 tháng 1 lần học ko kịp bài hay như thế nào thì sẽ có những lời lẽ nghe ko hay hoặc những hành động tổn thương học sinh mà ko nghĩ cảm xúc của các em tôi chỉ nói 1 số người chứ ko nói chung thầy cô bây giờ trình độ thì kém nhân cách cách thì không chỉ biết kiếm tiền ko đạo đức,2
tôi cũng không nghe rõ ông giảng viên này nói gì nên đuổi ông giảng viên này luôn cho rồi,0
thay cho chu thay giáo gi loài nay,1
tôi đề nghị bộ giáo dục cho thấy giáo này ra khỏi nghành.thầy giáo này không có lương tâm nghề nghiệp.. nói chuyện với học sinh như kẻ gian hồ,0
học sinh có đóng học phí ... còn thầy thì có luong mà ... có thể hs do mưa ko nghe đc hoac do hs chưa hiểu vẫn có thể hỏi lại ... trước khi kết thúc bài giảng ..thường gv hỏi có e nào chưa hiểu bài ko .... còn gv này thì ngược lại ... thấy thầy này khó chịu và lạ quá ...,1
ko xứng đáng làm thầy,1
tui kg đồng ý cách dạy của ông thầy này ạ,0
thay nay tho thien vay. day keu gi vay .co an hoc ma cach cu xu mat day.,1
hoc online on lit gi.con tôi hoc 2 ngay tren đt con măt đo trach.tôi ko cho hoc nưa.vôt thi vôt chư hoc kêu nay sơm muôn 2 con măt bi mu luôn,0
đề nghị bộ giáo dục và đào tạo xử lý nghiêm giáo viên này,0
chất fai đuổi thầy quá thầy,2
"day học kiểu này biểu sao không xảy ra bạo lực học đường??? là một thầy giáo mình phải làm gương, để cho cái tâm các em được tốt chứ, đâu phải dạy bằng cách này để cho chúng nó nổi điên lên, rồi xảy ra bạo lực đối với thầy??????... bộ giáo dục và đào tạo nghĩ sao hả?.....",0
nghề giáo viên mà như vậy hả trời.,0
kick khỏi ngành đi,1
"cai thang giao vien nay , yeu cau nha truong duoi no ra khoi truong .",1
thầy mã,2
mong sau phụ huynh cân nhất cho con em vào trường đại học,1
cho t về vườn trồng rau muống,2
thay giao noi chuyen thua mot than khong an hoc,1
co ai biet sdt của thầy lộc ko????cho thầy nay vì sao clip nay thầy 9 thức thất nghiep nha mấy đứa.,1
thay giao tao lao tong co di la vua,1
ong thay thieu trach nhiem,1
"trường sư phạm kỹ thuật mà để loại giáo viên có nhân phẩm như vậy dạy học sinh ??? rồi các e sau này ra trường đào tạo thế hệ trẻ sẽ như thế nào, rồi con em chúng ta sẽ ra sao ???",0
"an noi nhu con do ,bo lao ,hong hach mat nhan tinh , mat dao duc , mat tinh nguoi , the hien ta day la og troi ha? dung nghi la thay la cha thien ha ... muon lam gi lam. chi can thieu suy nghi ho do la bi xa hoi xem nhu phe lieu ...",0
xh bây giờ nhiều giáo sỷ tiến sư quá. chắc đệ tử hồ ngọc đại va bùi hiền,0
sao vây  cháu thầy,1
"thầy giáo mà có thái độ như vậy thì đổi nghề đi, lên sóng mà bảo sv nói vậy đó, nếu hỏng có đủ các giác quan thì cũng hỏng có tới phiên thầy dạy đâu ha, kì cục",1
cha mę em đâu,1
thấy như mấy thằng bà trơn,1
giảng viên vì kỳ vậy. chảnh quá,0
"anh mang tiếng làm thầy mà nhân cách k có thì sao dạy học trò, đâu phải ai cũng đủ điều kiện để học online đâu, trời mưa to mà đường truyền chưa chắc ổn định thì sao nghe rõ ràng tiếng nói. nếu anh cảm thấy dạy k đc thì xin nghỉ việc luôn đi, chứ làm thầy mà xúc phạm học trò và giống gã giang hồ thì ai dám học",0
"tôicó đủ và có một cánh tay rất khỏe , đầu tay có một nắm đấm nữa- thưa thầy!",1
nhờ dạy onlin nên mới phát hiện ra nhũng người thầy như thế này đây.... nản,1
ở trường đai học nào chả vậy hồi xưa đi học mấy ông thầy ngày nào chả hù sinh viên .đen khi đi làm mới thấy .ông xao ke .giao sư mà chưa từng làm công ty .nói chuyên không thực tế. bởi học xong đai học tiếng anh nữa chứ không biết .đen khi ra nước ngoài mới biết nói .dùng học ở việt nam cho có chât lượng không có .không tự nói lên .phải nhìn nét mặt thây bói chuyên .cái cách giao dục hăm doạ này nên bỏ .lăp camera giám sát lớp học để kiểm tra các vị sẽ thấy đây học thật cùi băp,0
thằng thầy này dạy môn điện nên mọi người thông cảm đi. bị điện giật nên giờ k dc bình thường.....,1
tôi là thày giáo tôi có đủ tứ chi như tôi thiếu não ạ,0
thầy rằng.,2
ông giang viên này..nghe có vẻ quan liêu quá..yêu câu cơ quan chức năng vao cuộc,0
ko thấy ngạc nhiên.  đeo mẹ giao vỉen thời nay. 10 nguoi  có den 4 người.  mat day. hạch dịch như thế rồi.  chung tỏa ngành giáo dục đạo đức. đang xuống cấp nghiêm trọng. có cả giáo viên đến sinh nhật con nhac học sinh ve  bao với phụ huynh mai là sinh nhật thay,2
"có trò mới có thầy, đuổi  trò thầy dạy ai, định ăn không lương nhà nước a.",0
"trường nầy cách đây 10 năm  có dc 02 . võ văn ngân , không biết hôm nay còn đúng đc ấy không , một giảng đường khá nổi tiếng có từ trước năm 1975 vậy mà đào tạo giảng viên có lối ăn nói với sv như thế , thật là đáng tiếc...?",0
"thử hỏi thằng thầy giáo nầy nó ăn cơm của ai vậy... mà dùng những lời của kẻ thất học, với học sinh..",2
a đù thiên đường xã hội chủ nghĩa vc thấy giáo đẳng cấp quá nhà nước cấp cho một bằng chăn bò,0
ko trò cũng đố thầy làm nên,2
"mình có thằng bạn dạy cùng trường nói thầy là người có tâm, dạy giỏi nhưng ngiêm khắc vs sinh viên. bình thường dạy tại lớp thầy vẫn vậy. sv ko tập trung thầy vẫn đuổi khỏi lớp 5 10p rồi gọi vào. tuy mình ko học thầy nhưng cũng có học 1 thầy khác giống vậy cùng trường, thầy thồi, thầy vẫn đuổi khỏi lớp những bạn ko tập trung vì sẽ làm phiền bạn khác nhưng ko ai ghét thầy. đây chỉ là vì thầy chưa quen với hình thức mới thôi. vs video cũng ko đầy đủ. vì 10p sau thầy đã gọi bạn đó vào lớp. ko phải biện hộ nhưng đây là sự thật. mình ko muốn thấy 1 thầy giáo có tâm bị chửi vì 1 nửa sự thật. mình tên huân. kdd khoá 2004 spkt.",1
ông thầy mất dạy !,0
thấy giao của năm đây rồi nghỉ hưu sớm nhé thầy,1
không đức không tài mà làm thầy gì đổi nghề đi .,0
thầy rất có tâm với sinh viên ( nhẫn tâm ),2
xin cái địa chỉ của thầy để em cho thầy mất dạy luôn,0
thầy nầy bộ giáo dục cho nghỉ được là dừa em báo cáo bộ giáo dục thành phố,0
làm thầy mà kô có đạo đức . ôg ta củng từng là học sih còn j,0
cho thoi việc đi.,0
ai biết thằng thầy này tên gì dạy trường nào ở đâu...,0
thầy giáo vậy hả trời .,2
thằng thầy tào lao láo cá...,1
hihi. thì thầy mời sv ra khỏi lớp ....bây giờ bgd mời thầy ra khỏi nghành cho đi học lại đạo đức lớp 1 đi là vừa,1
nhà  trường  phải  giải  quyết  hợp  lý  .thầy  còn boi nho hoc sinh.tới  khi cháu  noi thì  noi không  nge,1
cháu  không nge được  người  ta đã  nói  nhỏ  nhẹ rất  rõ  ràng.,1
làm thầy là phải có tình yêu thương và niềm tin với học trò. nếu không có được điều đó chuyện gì cũng có thể xảy ra. lúc đó ngụy biện chẳng đêm lại điều tốt đẹp!,2
ông này k đủ tư cách để làm thầy? nên loại bỏ khỏi ngành đỡ ảnh hưởng đến ngành giáo dục,0
dậy hoc giống  bi bắt đi  tù  vậy,1
con tui cũng  học nhưng  thầy đâu co nói  chuyện vô học  như  vậy,1
thầy giáo kiểu gì vậy trời vậy làm sao yên tâm cho con hoc onlai hả trời thầy cô dai hoc trò không nghe phải giảng lại chứ,0
"cho ong thay nay nghi day luon di chu day hoc ma nhu vay thi lam anh huong den cac thay co khac,dong y kg cong dong mang?",1
ai trong đời cũng có cái sai mà cứ tưởng mình đúng. mong mọi người thông cảm.để cho thầy một con đường thầy còn đi học lại nghiệp vụ sư phạm và đạo đức nữa mọi người ạ,0
"s k xưng tao luôn cho dễ nghe thằng thầy, giáo viên nc như du côn vậy, t cho con cháu t dốt chứ giáo viên vậy t k cho học",2
sao chọn nghề này chi vậy anh ..ko gọi bằng thầy được,1
"nếu đúng như clip, tôi nghĩ đuổi cổ thầy giáo này. chọn nghề làm thầy mà quá láo toét!",0
thây giao nây ko co đao đuc.loi le nhu vây ko nên lam thây giao đê lam kho hoc tro.tuy tui ko hoc nhung nghe tiêng noi cua thây la tui nhân ra tu cach cua thây giao nây nhu thê nao.ko đu tu cach đê day hoc sinh vi nhân cach cua thây ko co.vô hoc thuc qua thât vong khi nghe loi le nhu vây,1
yêu cầu bộ giáo dục đình chỉ vĩnh viễn thầy giáo này.ko có tư cách làm thầy.,2
troi oi ong thay gi ko co tam vay dich roi ma chan that ong thay giao gi vay,1
"yêu cầu bộ giáo dục tống cổ ông thầy này ra khỏi nghề, dạy mà k có tâm thì làm gì có tư cách dạy nữa, tuổi trẻ là tương lai của đất nước, thầy làm như vậy là đất nước mất hết tuong lai",0
bực rồi đấy nhá,0
"làm thầy như vậy thì bộ giáo dục cho thầy  nghĩ hưu sớm dùm cho học sinh nhờ,làm thầy phải có tâm chứ như ông này làm sao làm thầy đc trời,ông ấy ở nhà mà có máy ton thử xem ông ấy có nghe đc không ,người có thầy có tâm ghê",0
đuổi thẳng cổ thầy giáo gì loại này,0
đang mua dich nay y thây giao nay la tro cân thây hơn công an nên vao cuôc xư ly lam vo vu viêc trên đê mât long phu huynh hoc sinh,1
"đung la thây ,bo tay .",1
nếu đúng như vậy. tui yêu cầu ông này không nên làm thầy nữa,0
"lời nói của thầy giáo đã nói lên sự thật, sai là sai. thầy thì phải ra thầy, đạo đức chuẩn mực cần phải có. không nghe nhờ nhắc lại có gì là sai , thầy phải có tâm mới xứng là thầy.",0
thầy giáo mà nói chuyện như vô học...mất dạy thiệt chứ,0
lam thay giao ma mo khau nghe khong co hoc thuc chuc nao,1
"này gọi là thằng chứ sao gọi bằng thầy được. may mà học online có recording nên con được mọi người trong cộng đồng biết và bênh vực, chứ học offline thì  nó đì sinh viên ra bã có ai biết được.
trường nên cho gv này nghỉ đi cải tạo rồi hẳn cho quay lại lớp.",0
giáo dục cần trí và đức . dạy trí thức dạy đạo đức . kiểu này làm thầy giáo sao được . đề nghị bộ giáo dục xem lại các quảng lý của mình . đã có rất nhiều bê bói rồi,0
làm công tác giáo dục mà hành động vô giáo dục,0
đừng tưởng học cao là có đạo đức,1
ko cần những người thày giáo thiếu tôn trọng và đạo đức,2
ông thầy mất nết đáng bị kỷ luật,0
cho thầy này nghỉ dạy luôn,0
thầy k có tâm thì day làm gi,1
gap tao tới nhà thằng thay đập no trận,1
lúc nào cũng câu: clip chỉ quay 1 phần nên ko phản ánh hết sự việc... mắc cười nhỉ,1
ông thầy phải uống vitamin đạo đức,1
ông thầy này chuẩn bị về quê chăn  trâu đi. giảng viên mà nói chuyện như vô học ấy,1
thầy cái đb gì cái loại này. nghiêm khắc không ra nghiem khắc. thầy thất nghiệp đầy kia kìa. nhiều người muôn thay cái chỗ ấy lắm.,1
thầy ơi là thầy .,2
mọi người giúp đỡ chia sẽ cho thầy sáng nhất đi mọi người. nghĩ sao bắt sinh viên nói câu đó. rồi mấy e bị khiếm khuyết rồi ko lẽ ko cho học. người thầy giáo này hình như kỳ thị người khuyết tật. gia đình nào có người khuyết tật mới cảm thấy tổn thương thế nào. cùng nhau chia sẽ để nhà trường có câu trả lời chính đáng và vì đàn e chúng ta sau này nếu ảnh hưởng đạo đức của người này.,2
không có học sinh thì thầy dạy cho ai.thầy này gặp tao. tao chửi cho.,2
thế bạn có nhờ giáo viên nhắc lại ko,2
nguyendinhsuachuadienlanh3751  ủa là bạn đang bênh ông thầy đó làm đúng à mà nói z,0
belina2971  đâu,1
nguyendinhsuachuadienlanh3751  mình cứ nghĩ là bạn nói ông thầy đó đúng chứ. xin lỗi đã hiểu lầm,0
nguyendinhsuachuadienlanh3751  có lms ???,1
nguyendinhsuachuadienlanh3751  hỏi lại là chuyện bình thường nha bạn..tui học được thầy cô giáo dạy luôn... không hiểu thì hỏi không nghe rõ cũng vậy...khi hỏi thì thầy cô giảng lại thôi... mà hỏi nhiều lần thì thầy cô đến và chỉ cho người không hiểu luôn .. không bị gì cả,1
mưa to quá cho nên ko nghe rõ mà vẫn đáp thầy,0
pasydk9022  thầy giáo mà như vậy . bức xúc quá,0
 pasydk9022 tại thầy chửi to quá?,0
" pasydk9022 thì sao? dù n có nói dóc đi nữa thì làm thầy giáo phải giải quyết văn minh, lịch sự. nói chuyện như đầu đường xó chợ thế kia thì ngta chưởi là đúng.",1
" pasydk9022 ko biết  thì đừng nói,bớt trẻ trâu",1
 pasydk9022 nhà thg kia mưa to chứ thg kia đou bị diết vs dou nch khuyết tật như m,0
nguyendinhsuachuadienlanh3751 m nói chuyện như những đứa trẻ mới ra đời,1
"xem recording lại là được rồi, lúc nào cũng biện minh là chỉ 1 đoạn ngắn không phản ánh sự việc",0
"bản chất tinh vi ,quen thói quát nạt học sinh ở lớp .giờ lộ rõ bản chất ,cộng ngu muội mới phát ngôn bừa bãi trên mạng .để mọi người thấy ta hay,ta giỏi",1
thay cho chet,0
ngan ma lam thay lam the a,1
"thầy cũng có giác quan đầy đủ, nhưng đều bị hỏng.",1
thầy gì tâm hồn ác như covid vậy trời ? ko có tâm thì ko xứng đáng hành nghề nhà giáo,1
cho thầy ngi day,2
sinh viên mà nó nghỉ thì ông di móc bọc mà sống nhé,0
"thầy lầy chứ thầy gì, tiền thì ông tự kiếm đi chứ mắc mớ gì kêu người ta đóng tiền?",1
cho dù giang hồ họ cũng kg có bất nhân như ông thầy này.buồn cho 1 xã hội.,0
"giáo viên ăn lương thì phải làm tròn trách nhiệm, gioảng bài học sinh chưa hiểu thì có yêu cầu gioảng lại, học sinh học phụ huynh đóng tiền theo quy định, vụ này phụ huynh có quyền kiện người thầy vô đạo đức kia, tôi xem mà thấy thất vọng, nếu tôi là phụ huynh của em học sinh kia tôi sẻ kiện thầy giáo đã vô trách nhiệm khi dạy học, phát ngôn vô đạo đức",1
đây mà là thầy giáo a  trời ơi,0
thầy giáo khùng đâu phải sinh nào cũng có máy tốt vv,2
"thầy gì phát ngôn quá vô trách nhiệm và mất đạo đức, cho nghĩ là vừa nếu để tiếp tục thì sẽ ảnh hưởng nghề giáo và học tập của học sinh, nhất là thời điểm dịch bệnh phải học online này",2
thầy giáo này nên đuổi ra khỏi nghành .,1
thầy không thích môn đạo đức,1
"thay day ma ko co tam,sv ko nghe thi nhac lai mua to ma thay.muôn kêu bang thay hay bang thang.",1
cái loại này làm thầy chỉ làm làm hỏng thế hệ trẻ của đất nước. làm láo báo cáo thì hay,1
"làm nghề này thì ảnh hưởng nhiều bởi điều kiện ngoài thầy giáo: mưa ồn, mất mạng,.... chứ thầy.",0
có ăn có học có bằng có  nghề mà làm nghề giáo viên nữa mà cái nết với giáo dục nuốt cũng k trôi thôi nghĩ mẹ ik làm giáo viên dạy giang hồ ấy,0
"thằng này mà gọi bằng thầy cái gì.???
thầy là cái tiếng cao cả chứ đâu phải nhỏ mọn như ông này mà phải gọi bằng thầy.",0
"thực ra anh cái anh mà chúng ta thường gọi bằng thầy này thực tế là một một anh bán kiến thức lấy tiền mà thôi. nếu không có người mua thì anh cũng đói thôi! anh xưng là thầy vậy anh có sửa được cái máy tính nếu nó hư không? cái bàn gãy chân anh có sửa được không, hay lại phải nhờ bác thợ mộc? nghịch lý của xã hội là vậy, và người được tôn vinh thì lạm dụng. để thấy anh thầy này là nhờ xã hội văn minh có thiết bị công nghệ nên mới thấy được một anh, chứ thực ra loại này bây giờ nhiều lắm!",1
thầy giáo ăn nói mất dạy,2
đuổi ông này mới đúng nghe cái giọng là hiểu,0
người cầm sào chỉ lỗi mà như vậy hèn j việt nam! càng ngày càng đi xg,1
trường đuổi thầy đi chứ để thầy đuổi học sinh là toang,2
"thầy mất dạy chứ dạy dỗ chi cái tầm này nữa, tụi học trò học online chưa đủ khổ , dịch chưa đủ khổ hả thầy",1
bản thân thầy ăn nói mất dạy vậy mà dạy ai.,0
"thầy giáo gì kỳ vậy trời , thầy mua bằng hả thầy .",2
"thầy mất dạy ,chỉ tội cho các em học sinh ,",2
không xứng đáng làm thầy,1
thầy giáo nói chuyện nge mà mít lòng tùm lum người hết thầy giáo nói mà ko biết lựa lời cho về nhà mà dậy con ông đi ông nội,0
thầy gì loại này,0
thầy phản động,0
thầy qua kém thế mà cũng là thầy,0
thầy giáo này ko có tâm .thầy phải biêt mạng của nc ta rất phot phet,0
"thầy giáo này quên học môn đạo đức, thầy cũng lật mặt nhanh lắm, à thầy quên lương của thầy là nhờ tiền học của sinh viên đó",2
thầy này hồi xưa học môn đạo đức bị thầy đuổi nên h ko có đạo đức nè,1
người thầy như này thì về chăn bò làm ruộng là vừa rồi ha ! người xưa có câu muốn biết phải hỏi muốn giỏi phải học mà đúng k mọi người,0
"neu dung thuc su nhu vay thi ong thay nay het biet noi sao nua !,nha truong dau roi ?,de nghi len tieng .",1
thay giao noi vay ma thay. chu,1
ten thay giao nay nen bi duoi khoi nganh giao duc .,1
ko có mắt mũi miệng ko cho học hả trời coi tức,0
"chắc giận cá chém thớt đây mà. tội bạn sv quá. thông cảm đi moin người ơi, hôm nay vợ không nấu cơm rồi.",0
thầy giáo nầy thấy rỏ kg có đạo đức,2
"noi thât thây day cho cac e cai chư, đưa đên cho cac e kiên thưc đê sau nay cac em bươc vao đơi thi hay day nhưng điêu hay le phai,  nêu thây ko co nhưng tô chât đo thi thây hay tư nghi day hoc đi, trong măt cua moi ngươi thây đa ko con tôn tai.",0
thầy  nó là thầy hả đạo đức nằm ơ đâu mới thấy lần đầu,2
thằng thầy này láo quá vậy,0
đã là 1 người thầy mà đạo đức và nhân cách ko có mà là thầy cái gì. phụ huynh đóng tiền cho nhà trường chứ đâu phải không đóng tiền đâu. ko đủ tư cách làm thầy giáo.,0
de nghi sở giáo dục đào tạo sa thải những thầy giáo kém đạo đức này,2
thầy tào lao,2
thầy kiểu này có nên để trong ngành giáo dục ko,0
"thầy giống cái máy quá.à không thua cái máy nữa,cái máy nó còn chịu replay.còn ông thầy này không bằng cái máy chứ nói gì tình người hay tình thầy trò.",1
"thầy với chả cổ , 4.0 dạo này toàn thầy cô âm binh đék như ngày xưa đâu , con tao mà học bị kêu phát ngôn theo kiểu khứa trong clip tìm đến nhà đấm vào mồm",0
"thay giao kieu do thi cho thoi viec la vua ,chac thay giao do ko co hoc  roi ,con co di hoc chac thay giao do  cung hoc ngu nhat lop ,cho nen moi co nhung cau noi thieu te nhi va thong cam",0
thầy đi học đạo đức lại đi nha,1
tư cách làm người chưa đủ thì sao đủ tư cách giảng dạy người khác đây . thế nào là  tôi có đủ giác quan nghe xúc phạm thật sự,1
cho nó mât daiy la vưa,0
thầy như thế này chỉ thương sinh viên thôi.học chỉ lo sợ đủ thứ.ko có tâm lý để học,0
trường thật ô nhục khi có người thầy ko chút đạo đức.loại này đuổi,1
"thấy con cat vì dâu, nói chuyện mất dạy, ở trường giảng bài không hiểu thì thấy phải giảng lại chứ,",0
tôi chán  cảnh bao che ...qua wen thuộc,1
rồi biết rồi đó thầy chuẩn bị đi học lại lớp giáo dục rồi về dạy tiếp thầy nha,0
thầy lầy ẩn núp,2
"như vậy là xúc fam sv, thầy giáo này thật sự khốn nạn",0
giáo viên gì mất dạy quá có xứng đáng làm thầy ko,2
thầy học cao chi ? rồi thầy ăn nói mất dại vậy thầy ? em nghĩ thầy nên mượn sách đạo đức của mấy em lớp một để rèn lại cái nhân cách của thầy . tri thức nhưng thiếu đạo đức thì cũng chẳng ai  tôn sư trọng đạo  với thầy đâu ak,2
học online rất áp lực kèm thầy giáo thiếu tâm kém đạo đức thì tại sao lại đứng lớp được,1
ông này là thầy giáo hay là côn đồ vậy,2
đúng rồi chi nữa.,0
ông thầy này chắc bị nhiễm covit19 nên chán sống.,0
giang vien quan que gi kieu do ha.cho ông do ngi me di,0
"ông thầy này cho về hưu là vừa, ông thầy này giống như dân xã hội đen",0
thầy.giáo.mà.nói.chuyên.không.gióng.thầy.giáo.chúc.nào,2
làm thầy như cha. mình phải dạy cho đàng hoàng dạy cho có nề nếp lịch sự văn minh. có đâu làm thầy mà ăn nói chuyện vô duyên như vậy. thôi chuyển nghề  đi không nên làm thầy giáo này nữa,0
gv của sư phạm kỹ thuật j mà kỳ z tr,1
trum bao bô đâp 1 trân thây me,1
"thầy gì mà kg có cái tâm huyết về nghề nghiệp mà thầy đã chọn 
đuổi khỏi nghành thầy này",0
"thầy thì cũng có thầy this thầy that, còn ông thầy trong clip thì xin lỗi nhé tư cách đạo đức của thầy như cái đách họ",2
"thay vì giảng nó ok tiết học suôn sẻ
còn làm như này càng mất thời gian",1
"thầy giáo gì mà không có đạo đức, vậy mà cũng làm nghề mô phạm. lg xứng đáng làm nghề giáo đâu ạ. xin nghành giáo dục tẩy chay thầy giáo nầy đi ạ.",0
thầy bà ăn nói mất dậy,1
đúng,0
bạn nói quá đúng,0
"phải tôi tôi đấm cho mấy nhát, cay thế nhờ",0
chuẩn luôn,1
gặp tôi trong lớp đó tôi chửi thẳng mặt lun chứ đùa trong lớp mà gặp vậy là tui đấm ko tha,0
có học thức mà ko bt cách nói chuyện,1
thì giờ mình nói lại cho sv hiểu chứ lấy cái lý do gì mà đuổi sv ra khỏi lớp,0
chúng ta đã học văn hóa rồi đúng không mọi người làm thầy cô chúng ta phải thông cảm cho sv chứ không phải mình là thầy thích làm gì thì làm đâu mong nhà trường xem xét lại chú đó ạ mình cũng không có ý gì đâu mình chỉ bảo ai là thầy cô mà xem video và đọc bình luật thì chúng con mong cô thầy không lên đối xử với các em sv thế ạ . con thấy tội cho mấy em lắm ạ,0
không thầy đố mày làm nên,0
có ai nghĩ rằng có giáo viên này ngoài ông thầy này không?,0
pepsi-thingon  có,1
honganh5765  thằng này ko xứng đáng gọi là thầy,1
tẩy chay ông này đi,0
honganh5765  học thầy ko tày học bạn,2
ừ,1
honganh5765  khong may do thay lam nen,1
chuẩn,1
đúng tất cả điều đúng,0
honganh5765  học thầy ko tày học bạn,2
imver_love_nata  thề tui gặp được ông này tui gọi thẳng nhà trường đuổi luôn,1
sv bằng sinh viên,2
hèn gì thay vì sv coi trường học là ngôi nhà thứ 2 lại nhà tù thứ 2,1
cũng xúc phạm người điếc,0
sân chơi này la của thầy va thay co quyen,1
"giáo viên dạy học mà ăn nói như lưu manh đầu đường xó chợ đạo đức tồi tệ vậy tôi mong lãnh đạo cấp cao trừng trị thật nghiêm để răng đe các giáo viên khác, đạo đức còn thua 1 thằng bán vé số",1
thầy giáo mất dạy quá tr hk bt có bị khùng hk nữa,0
"quá bức xúc ,vì thầy giáo thiếu đạo đức này, đây mà thầy sao",0
"co nhưng ngươi du thiêu tât ca nhưng cai đâu thi binh thương, con thây ko biêt co gioi ko nhưng thiêu cai tâm, ma cai tâm băt nguôn tư cai đâu, ma trong đâu co bô oc. ma bô oc ko đu đê suy nghi ra cai tâm thi đưng nên lam thây",0
"này là tụi em cần thầy chứ thầy không cần tụi em nè, mình đã từng bị thầy cô như vậy, sợ khiếp",0
"tội sinh viên trai mùa dịch học online còn giảng hành , đóng tiền học chi cho phí thà  rớt môn",1
thầy ơi thầy đúng là thầy tôi lạy thầy luôn cha sinh mẹ đẻ mới có người thầy như vậy,2
thầy ko có đạo đức. ko có lòng nhân từ,2
thầy có đủ mắt tai mũi miệng thì mời thầy khỏi bục giảng nhà trường nhé,1
thay giao noi chuyen vo y thuc,1
chắc mất việc,0
"hoc trưc tuyên rât bât tiên cho moi câp hoc , môi 1 tiêt 45p , giao viên giang bai cung không đu va thơi gian đê hoc sinh, sinh viên chep bai không kip khi nhưng môn hoc phai ghi chep  ( 1,2,3 ...đai hoc)chư không riêng gi 1 hoc sinh, sinh viên  nao  . mong nha nươc sơm cho moi hoc sinh, sinh viên mau chong đươc đên trương",2
cho ra khỏi ngành,1
hôm sau thấy acc dạy ổng bay thì úi zời ui,2
phản giáo dục,0
ko có đạo đức nghề nghiệp,1
gặp mấy ông thầy hách dịch này. nói thật ngồi ko còn khó chịu nói gì đến tâm trạng để học,0
"thây giáo nhu giang hô,vê vuon đi chăn gà ...",0
chưa xứng làm thầy,1
thầy giáo gì mà nc nghe mất văn hóa quá vậy. . nghỉ liền kg cần học nửa,0
"loại giáo viên này, đuổi khỏi ngành",1
cho về quê cắm câu đi,1
nghĩ sao cho mấy ông này làm thầy giáo vậy trời,0
thầy này nó mún nghỉ hưu sớm,0
luc nho thay quen hoc mon dao duc,1
they giao day nhu cay hoc sinh ngu luon,0
"thầy giáo cần xem lại ,s viên học hỏi như vậy mà thầy đã cho ra khỏi tiết học hơi quá",2
cùng có lý mưa to ko nghe đc thí có giảng lại cũng kì nge đc vậy thì ảnh hưởng nhuều người nhưng thầy giáo cũng ngủ nói ko đc hay,1
thẩy bị nhũn não.,0
nó thầy giáo này ở đâu ae,2
"chắc đêm qua thầy bị cô nhắc nhở ,nên hôm nay thầy phải trút đổ lên trò",0
dạy dị dạy chi vậy,0
thầy giáo mất dạy đuổi việc,2
ông thầy láo vãi nếu tôi là con của hiệu trưởng tôi không đuổi lun ông thầy,0
"nghe mún jiêt thây la có thât.nghe jiong ma nghét
cho nghi vc luôn",1
trường cũ mình đây mà. sáng nhất mọi mặt báo rồi,1
thay giao kieu nay thi cho ve hu som di nha,1
loại này ko xử..hỏng hết cả thế hệ,1
"thầy như ông nội vậy trời, gặp đúng ông biến thái",0
cái này thầy dậy chùa hay tốn phí vậy các các anh chị,2
thoi xua thay giao day tan tinh hoc sinh deu kinh trong thoi nay thay giao day an noi lao xuoc vay hoi sao hoc sinh don duong danh giao vien nhu vay o nha buon ban moi dung loi noi lao ca that hoc nghe lai loi noi cua thay co lot vao tay phu huynh cach day nhu vay khong,1
thầy giáo thiếu đạo đức này nên cho ra khỏi ngành.,0
hello cho nguoi thay giao dien ra khoi truong di thay giao nhu ten  con do,1
là 1 người thầy thi phải mẫu mực chứ . xem mà tức cho mấy em học sinh sinh viên !,0
thấy dì như quỷ vậy,1
cho ông thầy đó nghĩ dạy được rùi đó,0
thầy đi đòi nợ thuê được đó...,0
cụ thầy này quên học môn đạo đức chắc luôn nè,1
xác minh làm do...sư ly hòa nhã vì đây không chỉ đơn giản.,1
ông  nay  ma  lam  thây  gi chư. côn đô.,0
thầy giáo giang hồ. ăn nói như vậy mà là thầy. ở vn có thể quá nhiều thầy giáo mất dạy.,2
nếu sinh viên nghèo không có computer đầy đủ vật dụng để lên lớp online thì phải làm sao ....?.?,1
"ông thầy không có đạo đức 
đã đang trong mùa dịch mà còn khắt khe vs hs, sv
ổng ko xứng đáng lm gv",0
giao vien day sinh vien gioi thi thay duoc tieng thom. con giao vien nay muon co tieng thui . dung la giao vien khong co dao duc va thong cam voi sinh vien . yeu cau bo van hoa giao duc kiem diem va sa thai nguoi giao vien nay.dung la con sau lam rau noi canh.,1
gặp mình thì nghỉ việc nhé,1
"thằng thầy này vô đạo đức, loại này mà dạy ai nên người được",0
bo tay  rôi  ông  thầy,0
cho ong thay nay sang mat ra luon,0
qua chuan,1
"thầy giáo mà ứng xử như loại vô học,hi vọng ngành giáo dục sẽ được sớm thanh trừng để ngành sư phạm được sạch và không tồn tại những thành phần xấu như thế này",0
thầy giáo như thế này ko xứng đáng làm thầy cho ông nghi việc luôn di,0
thầy gì mà mất dại vậy. nhà thằng thầy ở đâu vậy,0
yêu câu đưa hinh anh cua ông thây nay lên,0
nếu tui ma co con rm hic trường này mà kg dưới  ong này ra khỏi trường là tui kg co con tui học trường này  và trước khi tui cho con tui nghĩ  trường này  thì trước tiền tui làm... gi chat moi nguoi hieu ro rồi đó  chứ kg phai ra di 1 cách im lang vay dau mong nha trường dưới ong thay giao khon kỉp này di kg bi anh huong đạnh tiếng nha trường noi rieng va van hoa noi chung,1
cu vay mà các me các cha cu cho con hoc roi được gi ha,2
thầy giáo gì không đạo đức sao day con,0
trách ong thay này mua bàng cấp  chu co qua trường lớp gi dau va  da di học và làm thay người khác hay học sinh lớp 1 đã học đạo đức roi . và học  ở lại keu nay nha trường và thay giao khoe  vay con noi chuyen keu fo nua,1
tư cách vay ma van lam ben giao đức được nữa ak bo nja tryic het nguoi roi hay sao va nha truog những người  thay tốt và đừng cách la thay bi chet het roi hay sao ra ma dua tháng đầu đường xá cho vào làm thay giao vay,1
thầy giáo dạy học kiểu giang hồ,2
hs nói thì bảo ko nghe rõ. .mà ổng ns hs ko có quyền đó hả. mà coi thường hs vãi ra. phản ánh nhiêu vào cho ông này lần sau ko dám,0
cách  thay giao noi chuyen nghe ma thay ghet và thay buc,1
đã học online thấy rất khó rồi sinh viên khó nghe hay là khó giảng thì giáo viên cũng phải nhiệt tình mà giảng lại cho học sinh hay sinh viên nghe đi chứ có ai chửi mắng mình đâu người ta chỉ hỏi lại thôi chứ có gì đâu cộc cằn khó chịu tiếp quen vậy cũng đi dạy được hả. người nghĩ đây là giáo viên kia nha con đúng là gia đình đéo ko văn hóa,0
bức súc quá,0
cái thứ nầy cũng làm thầy gáo nữa hả,1
nền giáo dục thối nát từ mấy năm trước. chưa kể học xong về nuôi bò. vậy đủ hiểu,1
nói vậy.rồi thằng thầy này vẫn còn dạy bình thường à,1
"đạo hạnh không có , không có tư cách dạy người ta.",1
cho thầy giáo này nghỉ dạy học luôn đi để làm gương thằng này là bọn giang hồ chứ thầy giáo gì mà kỳ vậy,0
"thầy có khác, đúng là thầy",2
ông thầy giáo nổi bậc nhất rồi,0
"thằng đó mà cx đi dạy được thì cx chịu thằng thầy vô đạo đức , ngta nghe không rõ xin giảng lại mà đuổi ngta.
chán thằng giáo viên đó.",0
thầy j mà ngang tàng giữ .,1
"đừng nghĩ học cao hiểu rộng là người sủ lý tốt. người ta chỉ học hết lớp 3,mà biết cách sử lý tốt hơn",1
thầy này dạy. tốt nghiệp thành thất nghiệp hết.,1
nghi huu som di ong thay,1
cũng cái loại nói trên đầu người khác.ngán ngẫm loài này,1
bây giờ tuyển su pham  thầy cô k cần đao đức nữa ui,2
ai bị thầy chửi đuổi thì ráng đợi đến 20 tháng 11 mua tặng thầy bịch mắm tôm ăn cho thơm mồm bớt chửi.,0
"học sinh thì có đủ giác quan, còn thầy không biết à nha.",1
thầy giáo âm binh,2
mất đi lương tâm ngành giáo,0
thầy giáo ! giảng viên ! nhớ ghê !,2
ông thầy khó ưa,0
sv học là đang đóng góp tiền cho thầy có lương đấy thầy ạ.lương tâm thầy ở đâu.nghe giọng thầy như vọng từ âm phủ,2
ông thầy khuyết tật đạo đức.,1
giang ho ha may ? thay cho,0
đủi việc đi chứ cho dạy làm gì nữa.,0
thầy giáo nói chuyện mất cảm tình,2
xử chứ không phải sử. sử là lịch sử còn nói về hành động là xử nhé. tiếng việt cực hay đừng nên đánh mất bản bản sắc như ông phó giáo sư phát minh lại tiếng việt.,0
thằng thợ dạy chứ thầy bà gì,0
thầy qq,2
"tin 3 ơi ,tui hóng clip tiếp theo nhà trg xử lý thằng giang hồ thợ dạy này thế nào",0
thang nay ma thay giao cai gi de nghi nha truong cho thang nay nghi ngay thay giao gi ma an noi bo lao,1
"vì thằng thầy này mà truong spkt td mất uy tín ,đuổi nó về chăn bò đi",0
sở gd và ban giám hiệu nhà truong mà bao che cho thằng này dạy tiếp thì hỏng hết sv ngành spkt thủ đức,1
"tội em sv chắc buồn và quê với bạn bè lắm ,thg thầy mất dạy",0
"trời sinh ra là giang hồ chợ búa ,nhưng cha mẹ ép làm thầy nên tau nc vậy đó ,ko chịu thì biến nhe",2
"người có tài mà không có đức,là người vô dụng quả không sai!!!",0
"thầy này đang rung rồi, bị đuổi là nhẹ , uổng bao nhiêu năm học hành, chỉ vì tính cách hóng hách mà mất dạy luôn",0
"nếu thật sự là thầy thì phải có tâm, không tận tâm dạy thì nên nghỉ  đi nha thầy",0
thầy giáo  trong trường sư phạm mà phát ngôn như dân chợ búa. bị bóc phốt oy còn biện minh!,1
ở việt nam thiếu gì thầy cô như vậy,1
"kiến thức có thừa , mà nghèo nàn đạo đức nghề nghiệp",1
thầy ơi sao không hiểu mạng mưa lớn nó bị ảnh hưởng mà thầy,0
"thầy mà hách dịch quá, đuổi cổ thầy là hợp lý. tội sinh viên quá.",0
đưa cái mặt ổng lên trên mạng xã hội cho người ta thấy cái bản mặt của ổng,1
"dù sự việc chưa rõ nhưng cách nói chuyện của thầy vậy là không có được rồi. khi thầy nói câu nói đủ giác quan thầy cũng bị vấp do lời thầy thốt ra đó thôi. vâng thầy đủ ngủ quan nhưng thầy thiếu tâm- thiếu trí. mưa ầm ầm nghe tai phone sao nghe rõ. 
1 là hoàn toàn ko rõ vì sẽ bị choái
2 nguy hiểm nếu như mưa to có kèm theo sấm sét 
lạy thầy ăn gì con cúng nhớ là tháng bảy gọi về dưới hết rồi sao thầy còn lại vãng nơi đây.",0
"đủi thằng cha dạy học này đi, thầy giáo có ăn học mà ăn nói kiểu đó",0
cho ông thầy này nghĩ luôn đi,0
chắc khj con mjnh vào đaj học dặn nó đừng vào trường spkt này học sợ nó học xog bj nhjem quên bà nó đạo đức laj mệt cho mình,0
ông thầy đừng chối biện .nghe tiếng nói là biết người ko có tâm rồi  .ông thầy vô đạo đức thì làm gì truyền bá được đều tốt đẹp chứ,2
tôi tên nguyễn văn a có mắt tay mũi miệng nhưng có đạo đức . còn thầy cần nên học lại rồi đó ko cần đi dạy nữa mà nghĩ dạy là ...,0
nóng quá mất khôn đó thầy...,0
thầy này ở dau vậy mới người,1
"giáo viên nói chuyện bố láo phải kiểm điểm hay cho ổng thôi việc cho rồi, giáo viên có ăn có học nói chuyện như thằng giang hồ.",1
them 1 ong thay nay dich benh ong bj khung roi phu huynh oi,1
thay giao gio co thiu dau.k pai thoi chien tranh o campuchia.thay giao gio du ma.k day dc de nghi bo giao duc khai tru thay giao nay di,1
"đuổi thẳng thằng giáo viên đó làm ông nội người ta hay sao, gv kiêu làm gì phải làm theo hay sao là sinh viên có tự trọng cả mà, đây mạng xã hội nữa.",0
thầy giáo có học như thần vô học yêu cầu bộ giáo dục vào cuộc sử lý,2
thấy giáo bây giờ toàn là đồ mắt dai,0
"cho ông này nghỉ , tặng kèm cái định chỉ cho đủ bộ",0
"tôi yêu  cầu  bộ giáo dục  vào cuộc điều tra thầy giáo này ngay và kỷ luật đạo đức kém và tước bằng dạy học của thầy giáo này vĩnh viễn ,và răng đe làm tấm gương cho thầy cô giáo khác làm tấm gương ,để cho phụ huynh học sinh an tâm gửi gắm học tập tốt của học sinh .",2
thầy làm thế hơi quá,0
mưa to thì sóng cũng kém mà,1
thầy kiểu này áp lực quá,0
trò mong thầy giảng lại mà thầy đuổi sv ngay thế thì thầy mấy dạy luôn rồi,2
"thầy nên nhắc nhở thôi,làm gì mà căng vậy",0
ông đuôi ngta cho lẹ để ông ngủ cho ngon ma chứ dạy gì ma kỳ cục,0
kêu ngta out xong giờ bảo doạ thế tí add vào lại nghe mùi biết xạo tró r. ông hiệu trưởng bao che mới kh xử phạt,0
nhắc nhở cái gề.sv nó nói vậy thì thầy nhâc cái gì.thầy mà nói chuyện kiểu giang hồ.sv nói chuyện dạ thưa đàng hoàng đã sai còn cố gắng,0
ông thầy này hattrick thật ảm yêu cầu nhà trường đuổi gấp,1
xã hội phức tạp là do có những người thầy như thế này. dạy hư cả một thế mà nhà trường còn bao che.,0
"đã là 1 giảng sư,1 nhà mô phạm mà ăn nói vô giáo dục vô học thì làm dạy dỗ được ai. ông nên về học lại  môn giáo dục công dân",0
móa mày mà còn không nghe mà .,0
thày này giống cô anh văn ở hà nội trước đây. đây là sân của thầy và luật do thầy đề ra,1
ông thầy này chắc không có học môn đạo đức,1
tại thày thấy quyền mình tổ quá các trò,2
thay giao nay cho ve di chang trau,1
cho ông thầy này lên bàn cho rồi,0
thay giao .ma cu su nhu vay ma cung cho dai hoc sinh,1
"cho dù ko đầy đủ video nhưng học sinh ko làm gì sai mà chửi, cho dù là nữa câu cũng ko đúng huống chi cái video bị cắt này",0
thầy giáo gi kỳ vậy.. ng ta thường nói tiên học lê hâu học văn. mà thây giáo.kỳ quá.làm ô quế trong ngành nhà giáo quá...vô lương tâm quá...,0
cho thanh  này  về  chan   đi,1
thây ba no,1
giáo cá,1
phải xác minh lại chứ thầy giáo kiểu này là kg có đạo đức nghề nghiệp cần phải về quê cắm câu,0
thằng thầy  này nó ăn cái gì vậy trời,1
học online nhiều khó khăn lắm!,1
thy tao lao ve huu luon di cha da la thay ma sao kho khan qua vay xam,1
"gặp tôi, chửi cho đỡ tức rồi đi ngủ cho lành",0
kĩ luật thầy đó liền,0
thầy mắc bệnh sao giống các nghệ sĩ và nguyễn phương hằng rồi trò ơi,0
ong thay nay khong co nghiep vu su pham cho ong ay nghi di  boi bac nghanh giao duc  thay  giao gi nhu  con do,1
nhà trường còn lượn leo bao che,1
thay ma noi vay . con thua nguoi nd,1
bục mình nhỉ nó nói là thế thì em trai kia ko phải con người ak???,1
chắc ko xin giấy phép để ra đường mua đồ về hít được đó mà.tới cử ngáo wá rồi,0
ông này làm thầy giáo k xứng đáng với từ thầy làm thầy kiểu này chết r,0
"thầy giáo mà cư xử như giang hồ. thầy này chắc k học qua môn sư phạm, đạo đức kém.",2
ko thể chấp nhận dc thầy giáo như vậy.,1
đau phải ai cũng sẵn đau,0
chem then thay cho do lien,0
loại thầy này cho nghỉ luôn đi,0
thời  dịch  cũng  có nóng  tính  nữa  hả trời ?? hơi  bi  ác .,1
cho ông này đi đi. thầy vầy sao mà dại người được.,0
thây nay ma cho dây lam di cho vê nha nghi đi,0
"vậy mà em sv đầu tiên nói theo yêu cầu của thầy mà thầy ko nghe rõ kìa? vậy thầy ko đủ tai, miệng như người bình thường",1
thầy giáo như giang hồ đe dọa như v thì làm s sv học dc bị tâm lý,0
thầy mà như con quỷ thế này thì học sinh nào muốn học. đuổi khỏi ngành giáo dục cho trong sạch ngành.,0
mịa thầy lll llll llll lll mịa mịa sao có thầy ta?,1
dm ông này thua biết ông là ai đưa lên cdm cho ông thấy cái cảnh,0
cho ông thầy này này học lại môn đạo đức với các bé mẫu giáo là dừu,2
"thời buổi bỏ tiền để đi học thầy giáo ăn lương từ phụ huyhn học sinh , mà ăn nói nghe láo ghê .",0
vậy mà cũng là giáo viên được sao,0
thầy này bị tâm thần rồi cho nó đi chữa đi,0
dẹp ông thầy này cho rồi,0
dao duc cua nguoi thay nay o dau duoi cho ra khoi  nganh noi da roi xl rut kih ngiem nay no thiet ngi 1 mot thay co dao duc thi mih gian bay hoc sih mih kg hiu thi gian lai co dau nọi chyen thua nguoi kg an hoc,1
"dù có việc gì , đã là giảng viên lại còn khoa sư phạm thì lời nói cũng như tác phong trái với sư phạm.",1
thầy mất dạy,2
lậm quyền  nếu không có bằng chứng như thế này thì nói cất bớt nay kia aiz  lại che dậy ,1
ông này có phải là thầy không...? tại sao thầy giáo mà có những lời lẽ khó nghe như vậy.,0
nói gì thì nói làm z là ko được rồi làm thầy mà không có tâm muốn chửi là chửi muốn nói gì là nói,0
cái loại thầy giáo này có được mấy chữ là tỏ thái độ ngạo mạng cho qua ở chung với tq,0
đã gọi thầy giáo mà thiếu đạo đức..... học sinh nói tế nhị vậy mà thầy giáo lại cố chấp..... đề nghị nhà trường kiểm điểm cho thầy sáng mắt ra...... nhiều khi do mạng yếu cũng không nghe rõ.... vậy mà nỡ lòng nào lại đuổi học sinh......,0
cho ông thầy này về chăn gà cho hóc sinh được nhờ,2
thầy giáo nói chuyện thiếu văn hóa thế này làm sao mà đủ tư cách lên lớp giản dạy các e chứ.mấy đưa k hiểu bài thì dạy nó lại có chết chóc gì đâu mà nặng lời với mấy đứa,0
thầy giáo ngáo đá,2
"ko có học trò online ông thầy này ăn gì đây
đuổi tháng tay để xem ông sẽ ăn gì",0
vậy mà bắt con người ta học online,1
không thể chấp nhận được.,1
trường mong thông cảm để toàn thầy cô vô đức dậy trò sau này đất nước sẽ ra sao???,1
"học sinh ra khỏi lớp,cho thầy mất dạy luôn",1
"xin bô giao duc đuôi ông thây nay gâp,",1
tôi ghét nhất cô thầy giáo mà chửi như dân mất dạy cho nó đi phụ hồ đi ăn học làm thầy cô giáo người ta mà nói chuyện giống như kẻ chợ trời ơi à,0
cho thầy nghỉ hưu sớm. về làm giamg hồ chợ  là ok,0
"thầy giáo khôn nạn thật , đó là những kẻ phàm phu tục tử , đuổi nó ra khỏi ngành giáo dục đi , độ biến thái",0
cho than nay len thot ca nha,1
k co hoc sinh may ông lay tiền đâu mà sống. thầy giáo con hơn giang hồ. đề nghị phong giáo dục cho thay đi kham vi đau ông ta co van đề.,0
học sinh này tên nguyễn văn cha . phụ huynh em này gửi đơn đến phòng giáo dục và ban giám hiệu nhà trường cho thằng này nghĩ dạy đi,1
"thầy giáo cũng khủng bố học sinh, nên cho nó nghỉ dạy đi. học online xem mà bức xúc",0
hoc sinh k hiểu thì giản dạy cho mấy đứa làm gì nói chuyện kì zay,0
lam thay thi tot nhung dao duc thi dot nhu bo,1
theo tôi trình độ càng cao văn hóa càng kém . là dành cho og thầy này.mat mặt ngành giáo dục ảnh hưởng đến các đồng nghiệp khác.,0
nên kỉ luật và đình chỉ ông thầy này không nên để làm gì. dịch bệnh học online đã khó tiếp thu bài mà còn gặp cách cư xử không ra gì của ông thầy này như đang hành hạ học sinh. giáo dục và đào tạo nên xem xét và đình chỉ thậm chí đuổi việc của nhưng ông thầy có hành vi giống thế.,0
ông thầy này vui nè ảnh hưởng đến thầy cô giáo khác rồi,1
thầy gì mà mất dạy.,0
chắc vợ hoặc người yêu cấm sừng ổng mà người đó bị khuyết tật nên ổng thù.,0
cho thầy nghĩ học luôn đi mua con sắm chớp láo toét học thầy nay chắc yếm than luôn.,0
"thang cha thay nay ko biet co hoc đen noi đen chon hay ko, ong ko ton trong hoc sinh, thi tui đay cung ko can ton trong ong, nen hoc lai sach đao đuc đi nhe cha noi, thay ji mat day vay.nay la cho thay.",1
"thầy giáo vô lương tâm. thời buổi khó khăn còn học trò ngoan muốn học để cho thầy dạy  là thầy phải mừng chứ , thầy là người miền nào mà nói chữ. ( mắc mớ ) nghe qua câu này biết thầy là dân miền trung phải không ? . chứ người miền nam  chúng tôi được làm  thầy  giáo thì phải có đức hạnh  lắm .. nhớ nhé . bất cứ nghề nghiệp nào mà được tôn vinh là thầy thì phải có đức độ nhé . hơn nữa là nghề   ( gõ đầu trẻ  )  mà thầy quên mất câu  tiên học lễ . hậu học văn  rồi sao ?  nghe , thấy , mà buồn cho xã hội xuống cấp trầm trọng . thầy giáo gì mà không có lương tâm  nghề nghiệp chút nào hết vậy ! ",0
ông thầy này bị thần kinh hả,0
k biết thầy còn đủ giác quan k ta....,1
k hiểu ông thầy này ai cấp cái bằng giáo viên cho ổng nữa,0
gặp t đấm vào mặt nó r,0
thầy đó hả tui nghe mà tưởng là người khog biết chữ vô học chứ .đề nghị thằng thầy nầy học lớp 1 lại đi,0
ông thầy này cho về quê cắt cỏ bo di,1
cho nghi day thây mât day,1
thằng này mà thầy gì.,0
roi loan nhan cach,1
nhiều thầy cô đạo đức còn không có,1
thầy giáo dạy đại học mà nói chuyện có  văn hóa ghê,0
m.  an tien dau phai day o. mat day,1
thầy đã quyết định đổi nghề,0
chán thầy giáo này quá. ko biết yêu thương và giúp đỡ các em học sinh trong giờ học khi trời mưa to các em học   không nghe rõ vậy mà ko tâm lý và giảng dạy các em theo một trình tự tốt đẹp nhất,2
chỉ có vậy mà cũng đuổi học. thầy gì mà nói chuyện vô học,1
hoc sinh khong co lay gi thay day,1
"thầy giáo gì mà nói chuyện lao vậy nè? chắc phải đi học lại lớp 1, kèm  sách đao đức đi nè?day học trò mà nói chuyện như vậy ak!???.... cái thằng thầy mât dây?",1
hoc tra tien ma lam vay hoc chi,1
tôi cũng làm thầy nhưng là thầy giáo còn thầy trong clip ko biết là thầy ji,2
nhà trường đang dạy thu phí đó chứ đâu có sinh viên nào học mà không đóng học phí đâu,0
"thằng này là thầy giáo mà sao như giang hồ,hăm dọa học sinh ..",0
thay giao gi an noi nhu dui duc.,1
cho thay nay nghi đi day kieu gi vây,0
thằng chứ không phải là thầy,0
cho em số điện thoại của thầy đc không ạ,1
thây kho qua r thây ơi!,1
thầy giáo giờ sau hỗ báo qúa,2
yêu cầu bộ giáo dục và đào tạo xem xét lại cách cư xử của ông thầy này thấy ổng như bị tâm thần v.,0
"thầy này là thầy bà
thầy mà không thông cảm  cho hs, sv thì vứt",2
truong oi la mot giang vien ma nhu vay thi cho thay o kg uong ca phe cho roi,1
con tui sv đang học online thấy mà chán,0
thầy này là thầy muốn lên trang đầu,1
"thầy giáo, hay ma giáo ngáo đá , đạo đức trí thức văn minh , chắc thầy chưa có học, xúc phạm học trò như đang nguyền rủa học sinh có tai mắt mũi miệng , bị câm đui điếc , thấy thầy không được khỏe , vậy thì nghĩ hưu non luôn cho khỏe",2
"có thể giảng lại theo cách tóm tắt cũng được mà, làm giáo viên mà khó khăn quá thì nghỉ cho rồi",0
nhiều thầy cô nên cho nghỉ dạy đi,0
vậy cho ô nghỉ dậy luôn cho ô ngủ luôn,0
không là người bình thường thì là người thực vật hả thầy,1
thầy ca chon,2
"clip đã đc cắt? có clip đầy đủ chi lấy ý kến sinh viên, đừng đe dọa tui cho em rớt học phần này xem sinh viên nói gì rồi kết luận.",0
học cái này có nhiều cái bực mình với thầy cô con mình mày hư tai phon và xài mạng ké mà bà cô kêu ai thoát ra thoát vô cô ko cho vô mẹ nó chứ mạng nó yếu thì sao mà ko chập choạng dc,0
"nghe từ câu nói, cách nói, âm giọng phát ra đáng khinh bỉ là một thằng hơn là kính trọng một người thầy giảng viên. lại một con sâu làm hoen ố nhà giáo cao quí.",2
t.  a. o.  dạy online là phụ. t.  chơi online là chính. mấy đứa đừng làm t.  khó sử. t. chửi thề à.,0
cho dù nhắc nhỡ thì thầy cũng phải nói chuyện như thế nào cho đúng với phẩm chất người thầy giáo chứ không phải ăn nói như người không ăn học,0
đâu đuong xo cho chu thay giao gi. thay giao đau hanh su nhu côn đô vay. day online no an k dc no hanh su nhu vay đo.,1
sao em nay ko nói em đủ mắt tay chân giống thầy,1
đuổi dạy luôn ông thầy cho trong nước á.,0
ông thầy bị điên hả trời.,1
chac ong thay không co não,0
đây đâu phải là thầy,0
thầy giáo này thì sao mà dậy được thầy giáo không có đạo đức tội mấy đứa học sinh,0
ông này nên đuổi thẳng cổ đi,0
ai cũng có đủ giác quan riêng thầy giáo thiếu não để điều khiển giác quan miệng của thầy đó thầy.trước khi dạy nên gắn cái não vô kiểm tra miệng hoạt động đúng chưa cái nào nên nói cái nào ko rồi lên lớp dạy.mà tốt nhất nghỉ luôn đi có tư cách đâu mà đứng lớp giảng dạy,0
thầy mà ăn nói như vậy đó .mất dạy hơn luôn dạy con người ta học cũng tốn tiền làm như dạy giùm không tiền vậy,0
đay là khóa thí sinh tthi lại nhìu đay,1
một người thầy có những lời nói không chuẩn  đối với sinh viên của mình không chấp nhận được quá thất vọng,2
thầy giáo bị mát điện cũng day được,1
thay nay an noi nhu vo hoc vay.,1
thầy nói chuyện không có đạo đức gì hết,1
s không đi làm giang hồ đi làm thầy làm j chứ,0
"thầy giáo mà ăn nói như vậy, thì không xứng đáng gọi là thầy giáo, thua rồi,",2
làm thầy nói chuyện giống con nít dạy học sinh.... tôi cũng là thầy đây.... thầy dạy khiêu vũ....dạy chừng nào biết đi vũ trường thì ok,1
thầy giáo nói chuyện kiểu gì z trời......âm binh dữ z,2
thầy mất dậy,1
"mình cũng là giảng viên, nhưng thật sự mình không đồng tình với cách xử lý như vậy của bạn, hy vọng bạn cần tự xem xét lại để không làm hoen ố đi hình ảnh cao quý của một nhà giáo nha bạn.",0
thay mặt đầy,1
"giáo viên mà ăn nói như vậy sao, đầy đủ giác quan là thế nào giáo viên có dùng những ngôn từ quá đáng không????",0
ôi chữ thầy ! đạo đức nghề nghiệp ông này nên xem xét tư cách !!!! thầy chắc đi làm nghề ....???,0
làm thầy là phải dìu dắt học sinh cho tới nơi tới chốn... thầy nầy là thầy làm biếng.chỉ biết tới tháng lãnh lương là xong... thầy tào lao xí muội.. thiếu gì....,2
dù là cắt bớt vẫn là k phù hợp.thầy cô mà nói chuyện con thua bọn vô văn hóa,0
"mấy ông thầy này chỉ có đào tạo ở trường làng quá. trong môi trường đào tạo nước ngoài ko có giảng viên nào mà nói với sinh viên như vậy. đem cái bằng thạc sỹ, tiến sỹ của ông thầy này đem qua nước ngoài chỉ có hốt rác",0
ko đuổi  thầy  .tui cho con nghĩ  học.  chứ  thầy  mất  day quá,2
xúc phạm sinh viên khuyết tật.,2
thầy ơi là thầy thời buổi này thầy có việc làm mà sao ko trân trọng vậy ????? đừng để biến chất chứ,1
"hoc sinh noi ông co nghe đâu,  thây gi ca chơn vây,  sao ma day hoc sinh",1
thầy giáo o có tâm. nhà giáo ăn nói như gian hồ. cho nghỉ là vừa,0
học sinh nhịn nhục để học đi vì đóng tiền rồi,1
"trời ơi học online thầy giáo nói chuyện vậy sao.tôi là 1 phụ huynh tôi kô bằng lòng cách thầy giáo nói chuyện như vậy ., học online trời mưa lớn vậy sao mà nghe , kô hiểu nhờ thầy giảng lại  ,và cách nói chuyện của 1 giảng viên vậy là kô được",1
"ngắn nhưng thực tế , báo tuôi tre vs thanh niên lên thì minh vào pm lun",1
thằng thầy mất dai,1
học tt đến khổ giờ toàn quốc đều học nên hay nghẽn mạng bài hiện lên chậm hs chưa nhìn thấy chữ chưa đọc cô giáo thì cứ giục nhặng lên đọc đi.hôm nào mưa đường truyền kém thì mạng nghe k rõ hay bị out ra nữa.bị out ra nhiều lần  xin vào lại cô giáo cứ cáu gắt mù lên rùi có hôm kệ k cho vào vì hs mà bị out ra nhiều là máy cô cũng bị đơ.haizz biết bao giờ mới hết học online mệt cả thầy và trò.mà khổ nhất là bắt đầu lên lớp 1 chữ nghĩa chưa thông mà học tt khéo mù chữ mất,0
đây là thầy hay là thằng đây . có sinh viên thì thằng mới có lương mà  đớp   chứ thằng ơi . thằng tưởng mình là  trời  hay sao thằng .,1
ông thầy dạy kiểu này ra trường sẽ là trùm giang hồ.,0
ong thay nay het dich di ve hot phan bo di la vua.,1
cai noai thay nay bo tay...,1
ngày xưa thầy chưa học môn đua xe ý lộn đạo đức,1
bó tay với thầy này luôn,0
ở vũng tàu thì xác định là mắm tôm đầy nhà,1
thay giao bi j vay troi,1
thầy giáo thứ đó đuổi cho nghĩ luôn đi,2
"do mạng 1 so sv yeu nen k nghe rõ ,hoac thiet bi dt , lap top k xịn ... sao thay làm căng thế thay",1
sao trường ko đuổi thầy kia vậy ! nói là đoạn clip đã bị cắt nhưng ai biết thầy đó nói có đúng hay ko ! để như vậy chắc có ngày đang học bị đuổi luôn là toang yêu cầu nhà trường làm rõ chứ lỡ để như vậy oài ai mà học cho nổi,0
thằng này gọi thầy là các e  gọi nhầm rôi ..vì thằng này nó dc đào tạo từ hầm cầu thằng này phải gạt tên nó khỏi danh sách gv giảng dạy,1
thằng này mà thầy cái gì,0
"thầy giáo ăn nói thế là đủ hiểu đạo đức của thầy rồi. thầy giáo cho tháo giày, để giáo chức cho dức cháo, cho thầy không (mất )dạy và không ( vô) lương ",2
ô mưa to mạng kém thầy gì kỳ vậy giảng bài cũng tiết kiệm lời .thầy ơi là thầy ôi thầy ơi là thầy,2
thầy giáo nói chuyện mất dạy quá,2
thầy ko có tâm .,2
muốn kg ảnh hưởng đến trường hội đồng trường nên kỷ luật treo ổng 3 tháng làm gương,1
người ta không nghe thì mình giảng lại hoặc nếu ko thì bảo học xong sẽ giảng lại chứ mắc mớ gì nói như vậy làm thầy gì kì vậy làm thầy mà đuổi học sinh dù khúc sau có đưa  sinh viên đó vào đi nữa thì thầy xứng đáng bị kỉ luật rồi,2
"dich nay  no ko lam thay giao dc nua roi ,no se di thao giay",1
" jessicabui5069 ẩn dụ còn sâu hơn cả lòng đại dương, hiểu j chết liền ;-;, may mà có bn dịch giúp, thanks",0
e nghĩ cho thầy giáo nghĩ huu sớm đi ạ.giao viên mà ăn nói như ng thất học... làm nhục nhà giáo việt nam,0
"thầy giáo gì, thua một người vô học thầy ơi",2
thầy giáo kiểu này là thầy đại,0
là thấy giáo hay là gì z trời,2
nhà trường nhận học phí của sinh viên mỗi năm biết bao nhiêu là tiền mà sao lại mướn ông thầy xả hội đen để dạy như vậy,1
nó dạy ăn tiền chứ ko phải vì đạo đức,0
cái miệng thầy thui quá thầy mât day,2
haizzzzz... thời buổi gì vậy trời...tiên học lễ hậu học văn... là đây sao.....,1
thầy giáo mà mất dạy quá,0
lao nay ko nên lam giao viên,1
có thầy như vậy học để làm ji...,1
thầy à cđcm nhà thầy,2
thầy này mất dạy được rồi đấy,0
nhà trường vẫn bênh vực thầy đó ư,1
may mà có camera ghi âm hết chối cải,1
"yêu cầu bộ giáo dục , tẩy chay thầy giáo, làm thầy mà như ông nội , zậy",2
nhà trường đuổi ông thầy ngang ngược này mới đúng á. chứ thầy giáo đuổi học sinh là sao,0
đuổi ngay thầy giáo này đi,1
"ko phải cứ học cao là văn hóa cao nhá, nhân cách đã đi theo từ nhỏ",0
cái thứ đạo đức giả,1
quang le,1
quang le,1
thay do ma lam thấy giao cái đeo gi,1
ko biết thầy có nhu cầu học giáo dục công dân hok ạ,2
"thầy ơi thầy, cho e nói cái này nha thầy, thầy nói chuyện e nghe không phải đạo đức của 1 người thầy, bất lịch sự, cái j mà tôi còn đủ tay chân mắt mũi, nói chung là thầy nói chuyện ( mất dạy ) quá nha thầy ,",0
trường nay nên đóng cửa luôn chứ k phải riêng ông thầy.không có đạo đức thì mở trường làm về giáo dục làm gì.k thể nào 1 mình thằng thầy này chịu trách nhiệm đuoc,0
thanh tra coi lại dùm. nhiều thằng nó chửi nhiều hơn là day đó nhà . cám ơn,0
tư cách nhà giáo còn thấp hơn điểm hóa lớp 10 của tôi nữa.,1
thầy tào lao,2
chac thay bi cach ly vo lau roi day,1
cho thằng thầy giáo này mất dạy luôn..,0
thay giao nhu day thi duoi luon di chu hoc sinh ma nang loi nhu vay thi lam thay giao cai gi nua,1
thấy giáo gì mà nghe thấy là đã noi điên lên rồi thầy giáo mà ăn nói như vậy sao,0
thằng thầy này gặp ở ngoài thì no đoàn,1
bình thường dạy còn k xông huống j online.,1
thầy mất dạy rồi,0
thầy giáo đây sao mất dại  quá,0
thầy giáo này cũng bị quả báo,1
thay giáo kieu gì vậy hoc onlain làm con cat gì,0
thầy giáo về ăn cực đi thầy cho,2
ông thầy này mất dạy thật,0
thầy giáo quá đáng,2
dịch bệnh buộc phải học onl rồi mà thầy giáo còn hành sử như vậy nếu lỡ học trên lớp chất thầy giáo này an thịt học xinh hết wa,1
la thay giao sao đao đuc k co vay hieu truong dau k cho nghi dau lun di,1
hiệu trưởng đuổi mày,0
đuôi.,1
thầy gì mà ko có một tí tình cảm,0
"thầy đang tra tấn tinh thần của sinh viên,  thầy này có vấn đề về tâm thần",2
"thầy ơi  ,,,,, uổng cho thầy kiếp này làm người",2
học cái củ cải,1
ông thầy bị ngáo hay j v,1
học sinh nói không nghe rõ thì chỉnh tiếng lại cho học sinh dễ nghe dễ hiểu là được rồi chứ làm sao đuổi học sinh ra khỏi lớp là rất phản cảm không thể chấp nhận được thầy giáo dạy học online này,0
"dich benh dan kho kg co an luon ma giờ con day them lay tien nua kia ,",0
thằng này nó bán hàng rong chứ giáo viên gì tầm này,0
"thầy giáo mất dậy ,,,,uổng cho thầy có kiến thức",2
ông thầy này có dấu hiệu tâm thần. tội các con quá.,0
du loi co cat bot hai khong thi ong thay do cung sai vi ong la thay ma an noi vo van hoa lam sao ma dai ng khac,1
nếu tui ở trong trường hợp bạn này chỉ cần xuống chỉ thị 15 là tới nhà liền,1
"thầy giáo gì mà thô quá ,ko có tâm nghề nghiệp gì cả",0
khai trừ ông thầy ra khỏi nghành,1
"nhung loi nhu vay ma cung co the thot ra duoc tu mieng cua mot nguoi duoc goi la thay giao sao????
nhin cung du thay ro cac hoc sinh truoc webcam. co can phai yeu cau qua dang nhu trong clip ko???
tuong lai dat nuoc viet nam roi se the nao khi cac nam nu sinh vien duoc nhung nguoi thay giao nay day bao.????? t h u a!!!",1
thầy  giáo  gì  mà  vô  duyên  quá.,0
vụ này t làm dc.nổ dia chỉ thày giáo di cho nằm viện vài lần là ngoan ah,0
biết facbook ông nội này không độp liền,0
thầy giáo vô lương tâm xong mùa dịch này ông về vườn chăn vịt đi ông,0
thấy giáo này thiếu chuyên môn của nhà giáo,1
khủng bố tinh thần sinh viên chứ dạy gì,0
cho đi làm hồ,0
"tui cũng có con học online, ko phải ai cũng có điều kiện phòng óc đầy đủ",1
thầy có học nhưng vô giáo dục,2
thầy mắt dại,0
thời buổi bây giờ thầy khốn nạn nhiều hơn đàng hoàng,2
"thầy giáo gì mà mất dại quá vậy trời ,",0
giáo viên mà nói như vậy thì làm giáo viên dạy học làm gì,2
mong  sở giáo dục  đuổi  thầy  giáo này  k đủ tư cách  giảng  dạy cho  học sinh...mong phụ  huynh  đừng  cho con e học thầy này k có tư cách dạy...,2
mog bên phòg bộ giáo dục lm tới va cho thằg thầy này..ra khỏi giảg đườg,0
cho ra khỏi ngành luôn,0
thằng thầy giáo mắt day,2
mong bo giao duc duoi thay giao luon di chu day kieu do ai ma hoc thay giao ma tuong giang ho chu,1
thầy này dạy cho co,0
hoc sinh khong duoc hoc thi thay hay hot cuc vo ma an nghe thay,1
"đạo đức thầy giáo bây giờ mất hết rồi mn . có phụ huynh nào gặp trường hợp còn mình như vậy ko nếu cho con đi học thêm làm đúng bài , kết quả thì điểm cao , còn ko đi học thêm hoặc học người khác cũng làm đúng kết quả nhưng lại sai vì ko đúng trình tự thầy cô dạy .",2
thầy mới hút cần xong hả gì á,1
thây ki vây tr,1
thầy giáo gì mà giống cô đồ quá vậy trời,0
thầy  này  mua  bằng.,1
thầy giáo cô giáo giờ tao coi như mấy thằng bán chữ. tao mua chứ ko coi trọng tụi nó... tụi nó sống vì tiền.,0
lưu manh giả danh trí thức,1
thời nay lắm người muốn nổi tiếng ngay cả với những người tri thức.,0
yêu cầu cho ông thầy này đi học lại.,2
thầy gì mà kỳ quá,0
cho thầy giáo chuyển nghề luôn học càng cao ăn nói càng ngu,0
thầy gì tầm này nhỡ,0
trời ơi thầy cô giáo giờ vô đạo đức vậy đó khổ ghê,2
xem mà ức chế lắm ln ak trời,0
thây giao ma noi chuyên như thê sao,1
"vụ việc này thầy sai rồi thầy ơi. nhiều khi nhiều thiết bị học online không đảm bảo chất lượng, hoặc đường truyền mạng không được tốt cũng có thể gây ra lỗi nhé. đáng lẽ thầy phải thông cảm chứ sao lại hành động như vậy. bó tay thầy này rồi",0
cho ong gjao vjen do vo tu dj...,0
thầy giáo này ko bình thường chứ nói học sinh ko bình thường... thầy này chắc có hơi mem rượu rồi...,2
nhà trường sao mà cho cái loại thay giáo như dậy mà đi dậy con e chúng ta dc sao,0
khi sinh ra là giang hồ mà gia đình bắt làm thầy giáo. không biết đây là thầy giáo hay côn đồ nữa.,2
"ko nghe rò chứ phải ko chịu học đâu mà nhắc nhở , ông thầy vs nhà trường biện minh , cách ăn nói z mà làm đc thầy giáo",0
no dâp da bi san . thong cam,1
trời ơi thay giáo đây sao,1
thay giao chat vua dâp da bi san da thong cam,1
mất dạy..,0
"thằng thầy giáo : tao đang chăn bò ngoài đồng , tự nhiên kêu tao vô dạy học.... vậy mới cay chứ",1
đề nghị nhà trường coi lại đạo đức giáo viên nếu được thì đuổi luôn dùm,1
vo van hoa,1
so giao duc dau.het giap vien roi sau de thay giao do gian  vay,1
cho ông ta ra dạy trường quốc tế  luôn đi để thế giới biết đằng cấp ông ấy,0
nhà trường ko nuốn mất uy tín thì đuổi thầy giáo là xong.,2
buồn hết nấc cho thầy giáo quá .,0
cho thầy nghĩ dạy luôn đi,0
phải cho thầy này học lại đạo đước chứ k là các sv khác còn mệt dài dài,0
cho ông thầy giáo này về vườn đi,0
phải cho thầy này học lại đạo đước chứ k là các sv khác còn mệt dài dài,0
loai thay giao nay k co chut tu cach la thay giao ma nhu con do y,1
thầy nay nghĩ được rồi,2
"thầy mất nết thật , tốt nhất thầy cũng nên ra khỏi lớp",1
hồi học cấp ba có nhiều thầy cô còn làm gắt hơn vậy nữa nhưng ra lớp học cái đồ thầy trò lại bá vai nhau,2
hay chuẩn,1
"một chữ cũng là thầy, nữa chữ cũng là thầy, nữ chửa cũng là......thấy. ý thế chứ gì.",0
nguyenhuunguyen  no,1
"nguyenhuunguyen  hồi đó thầy la để cho mình lo học, ít nhất là còn quan tâm sâu sát cái gì ra cái đấy chứ không phài kiểu cảm tính bố đời này",0
chắc không thầy này xem phim ông thầy bá đạo rồi nhiễm luôn,0
người nhà t thì t tìm tới nhà,1
thầy này không có tâm.cac thầy cô phải biết rằng rất nhiều cha mẹ đang ngồi bên xem con học đó,0
thầy muốn về hươu,2
giọng điệu không còn đúng nghĩa chữ thầy nữa rồi. đáng buồn.,0
thông cảm thầy ngày đầu tiên vô mau giáo ko may trường cháy cô giáo chết rồi,2
ôi nhà thằng thầy giáo này nó ở đâu vậy???,2
thay giao gi ma giang ho vay cho no nghi day luon di,1
"có tài mà đức k bằng sv
làm thầy nv thì dạy dc ai
mất dạy!",0
hiệu trưởng trường này đâu,1
me nó nghe mà thấy ghét thât ..làm thầy giao mà như vây ha,0
vẫn hoa của 1 giao viên mà nói chuyện thế ak,1
thầy là cha là mẹ thầy bảo phải dạ phải thưa ... cắt ghép hay ko phải điều tra à chỉ nghe qua thôi biết nhân cách ra sao rồi em mà có con thà cho nghỉ học đi phụ hồ còn hơn cho học lớp thầy ...,0
thằng thầy giáo mất day,2
cai nay  thây....bây....zôi...thây giao vô đao đưc,1
chuyển qua lớp thầy lộc gấp,1
"ý thức một người thầycô, thời đại giờ ai cũng mún mình đc làm thầy... dạy thì như tờ hó đái",2
"khứa thầy này thuộc loại thầy lầy, nếu còn loại này đào tạo lớp trẻ tương lai sẽ cho ra cả thế hệ nguy hiểm cho xã hội.",0
giáo viên giống vên giáo,2
tui thấy là mắc mớ gì mà để cho ông  thầy này day vậy...haizz,0
"thay.giao.thieu.đao.đuc.lam.sao.h.s..hoc.đuoc.đang.bi.khien.trach.hieu.truong,phai.ky.luat.nguoi.khac.moi.noi.guong.",1
"buồn cho ngành sp lại có những người gv thiếu nhân phẩm đạo đức ,còn đâu người đưa đò đẽ các em về bến đỗ.",0
rất buồn .khi nghe được cái clip nầy con mình cũng đang là sinh viên năm 3 nhưng kg biết có gặp trường hợp vậy kg thương cho các con .đôi khi mạng yếu các em kg rõ hỏi lại cũng mong thầy cô trả lời để các em hiểu .có gì mà phải nặng như thế ảnh hưởng đến tâm lý các em.,0
cách nc là biết ông thầy chả có đạo đức của 1 người thầy giáo . thiết nghĩ nên kỹ luật người này thật nặng hay buộc ra khỏi ngành giáo dục .,2
"thầy không muốn dạy thì cho thầy nghỉ luôn đi,nhà giáo thì phải hơn học sinh ở điểm biết cư xữ.",2
thay ma nhu vay duoi duoi ngay ve nha rua bat cho vo,1
thay giao an noi mat day....coi thuong sinh vien,1
thay gi kinh di vay thang thay.giao nay no bi roi loan nhan cach.  yeu cau so giao duc vao cuoc  duoi thang thay nay  ra khoi nghanh giao duc.  cho ralam condomoi dung nghe cua no,1
"sinh viên có những gia đình phải vây mượn tiền, để có tiền thuê thầy dạy! người thầy được thuê quá đáng! không có sinh viên làm gì có tiền nuôi gia đình, tuy là công thầy cũng lớn, nhưng cũng đừng phủ phàn những đồng tiền mồ hôi nước mắt của gia đình sinh viên bỏ ra để thầy nuôi gia đình! nếu thầy không cần sinh viên thì thầy cần gì phải đi dạy để nói nặng nhẹ sinh viên đã bỏ tiền ra mong có kiến thức để sống có ích cho đời!",2
ở đời có những thằng thầy ngồi nhầm chỗ,1
từ chức hay cho tờ kiểm điểm la vừa,1
"ông thầy tao lao.
nói chuyên vô văn hóa không sứng đáng làm thầy",1
"thầy giáo ơi, chắc thầy quên mình đang dạy khg phải chỉ ở trên lớp mà trên mạng xh. cách nói của thầy sao giống bọn ...",1
cần tây chay những giáo viên như vậy....,1
như  vậy tốt nhất là cho thầy này nghỉ dạy đi là vừa,0
co bi cat clip hay khong  chua biet  nhung loi noi va su yeu cau cua giang vien nay khong the chap nhan duoc.,1
thầy này thì đuổi luôn,1
ghe giọng nói là thấy không có cảm tình rồi,0
ủa học ko mất tiền học chùa hả mọi người,1
thằng thợ giảng này gây thù chút oán cho nhiều vào rồi sẽ ân hận,0
đuổi thằng thầy đc rồi,2
đuôi thầy giáo này luôn đi khỏi làm chức vụ giáo viên làm thầy giáo mà ăn nói vậy có giáo viên như vậy thôi chẳng thà khỏi học luôn đi tốt  nghiệp hết  rồi,1
"chắc ông này là giang hồ vào trường ,",0
"chất bộ giáo dục , sử lý thầy giáo này , chứ thầy kiểu gì vậy,",0
nếu không có các cháu sinh viên học thì làm sao thầy có lương để mà sống đây  mông thầy có tâm một chúc,2
còn biện hộ.....nhà trường nên bóp cổ thầy như thầy từng bóp cổ sv....từng lời từng chữ của thầy nhục mạ sv...tóm lại cho nghĩ dạy vì thầy wa thiéu đạo đức...,0
nhiều giảng viên họ kêu ngạo lắm . mình đi học trường này rồi mình quen chuyện này lắm .,0
"ông thầy này đi học lại gdcd đi ,chu đê ông thầy này dạy là anh hưởng tới trường do",0
đao đức để cho chó  rồi,0
ông thầy nói chuyện vậy mà đi dạy học sinh gì trời,0
nghĩ dịch lâu qa thay bị khùng,0
thay giao kiểu nay thi chui,1
nghe cách nói thì biết thằng thầy này cũng phách lối  lắm nè,1
thầy giáo nói khó nghe quá,2
k dạo đức nha giáo,1
thầy giao trời đánh,1
ông thầy này  bị bịnh rồi hé,0
cho ong thay nay nghe viec la vua,1
ông thầy này ko có nhân cách của 1 giảng viên,1
không chấp nhận được cái ông giáo này thời cô vít mà học sinh cũng thiệt thòi cho ông giáo nghỉ luôn,0
sao lại có loài này !? hết phong toả tôi sẽ đến  lậy  thằng thầy .,1
học chứ đâu phải đang huấn luyện thú rạp xiếc!,0
hjhj bạn này nói rất chính xác cảm ơn bạn nè ,0
"thực ra các thầy trên đại học dạy lấy danh thôi, họ toàn làm công trình này nọ",1
chúc ;-;,1
"ở nước nào đó còn được chọn giờ học, chọn giáo viên học...giáo viên cũng phải cạnh tranh nhau để dạy tốt hơn mới có việc",2
leedo1985  hình như là mỹ và anh thì phải!!!,1
làm nghề thầy giáo là phải nói chuyện có đạo đức học sinh mấy ne,0
ông thầy này ổng tưởng ổng có kiến thức thâm sâu lắm nhưng ông quên là sinh viên đóng tiền để nuôi ông.,1
"đóng tiền để học chứ có phải quỳ lại xin xỏ gì đâu mà phải dùng ngôn từ để miệt thị người ta như vậy , chán thầy ;(",0
gặp tui mà giống thx học sinh mắt mưa là tui nghĩ học lâu rồi ở đó mà hk với ông thầy hk có đạo đức,0
thăng  thây mat dai  ngai  xưa không  hoc đưc cân nhưng nha co chưc quyên lam ro sư diêt sư li nghiêm,1
thầy giáo như vậy thật không xứng đáng giảng dạy.,0
"lời lẽ lưu manh chứ ko được như giang hồ nữa, nói chi là thầy giáo.
 dạy dùm cũng  ko làm vậy ,vô lương tâm phí đạo đức",0
hình như học sinh ở trường đoá bị khuyết tật nhiều lắm. nên thầy giáo mới yêu cầu e nào đủ tai chân mắt miệng mới dạy đc hay sao đó,0
những loại này mà còn giảng dạy thì không biết thế hệ trẻ nó sẽ ra sao,0
người bị đuổi là cái ông thầy này .,0
"thầy giáo kiểu gì vậy , khó khăn quá thì đừng làm giáo viên nữa",2
mưa to quá hoc sinh k nghe thầy giáo giảng bài bi đuổi hoc vậy trời k mưa các phu huynh kêu to thầy giáo đó có còn được dạy k ?,2
vay cung lam thay duoc ha troi,1
thầy vừa bị bồ đá thông cảm,1
"lớp  học  online  con tôi  học  cô giáo  bị  văng  ra khỏi hoài  ,bài  giảng 45 phút  thì  cô  văng  hai  lần  mất 30 phút  ,còn  15 phút  học  cái  gì  ,",1
quá đảng mong nhà trường sử năng,0
thầy ăn nói như ..má thầy quá ác,2
hoc olie đã khổ cho mấy e.gio gap ong thầy nay nữa.thi sao may e hoc dc.mong xu nghiem thay nay,1
"kiểu nói vậy mà là nhà mô phạm à,mô phật mới thấy",0
thay giao như vay duoi cho mẹ về nhà đi,1
thầy mất dạy rồi,0
"trước khi học làm thầy, hãy học môn tâm lý",1
"thầy giáo thật quá đáng .sinh viên vì trời mưa to nên không nghe rõ ..
 bị thầy đuổi ra khỏi lớp online .còn ngược lại ,học sinh trả lời theo yêu cầu của thầy ,thầy không nghe rõ thì ai sẽ đuổi thầy ra khỏi trường ???? .thầy giáo trong clip này thật quá đáng thương .( chắc thầy cũng bị khuyết tật về tai,mũi miệng, mắt  nên mới có yêu cầu sinh viên phải xác nhận lại tai mũi mắt miệng để chứng minh là một con người bình thường .khi đã có 1 em trả lời và chứng minh rằng mình là người bình thường thì..thầy lại không nghe rõ ,chứng minh tai thầy cô khiếm khuyết và...thầy là người không được bình thường ,thật đáng thương cho thầy..",2
"sao bữa nay , càng ngày càng có nhiều giáo viên mất dậy thế nhỉ",1
"nhà trường hãy cho thầy giáo này nghỉ việc một năm, để ở nhà học lại",1
thầy nói nghe kỳ quá,0
trường đh spkt thuộc trường top ở tp hcm mà  cách nói của giảng viên  như thế này thì tôi cũng chịu.,1
đuôi thầy giáo ra hàng ngũ thầy giáo,2
troi mua t cung co nghe đc gì đâu,1
thầy này cho đi học lại mẫu giáo,2
thay giao  thieu đao đuc nghe nghiep noi chuyen rat kho nghe bun xin it ky tung loi noi,1
thầy ở nhà bị vợ chửi nên khùng,0
"thầy giáo này cho chuyển ngành đi là vừa , để vậy làm xấu cho các giao viên khác , nhục nhã !",2
ông thầy dạy dỗ trời đánh,0
rồi sẽ còn hàng ngàn chuyện liên quan đến việc học online khi học sinh phổ thông học từ tuần sau.,1
"đúng là phải bảo vệ quyền lợi của sinh viên. rất ảnh hưởng đến tâm lý các bạn sinh viên. đề nghị nhà trường có hướng xử lý để hạn chế các thầy, cô giáo làm áp lực căng thẳng với sinh viên.",2
ông thầy này ổng còn bị điếc hơn học sinh đó nữa,0
nhờ có thầy mà học sinh ra trường thất nghiệp hết. cảm ơn thầy..,2
thay nay ma hoc truc tiep trong truong chac bi thay danh luon .y vay ma con hung hang .nha truong cho thay nay ngi di .doi su nhu giang ho,1
thầy giáo này khinh miệt người khiếm khuyết,2
cái câu sát minh tai mũi họng quả thật rất quá đáng.nhưng chỉ cần câu xin lỗi là được rồi đừng làm lớn cũng khổ cho em đó,0
vưa long tui lăm  noi hay lăm ban oi,1
gặp tui ko mở mic nói thẳng cho thì thôi ở đó mà em tên nguyễn văn a,0
quyvu9687  thầy xử hơi nghiêm và vi phạm qrt của mn đề nghị thầy chỉ nhắc nhở và ko nói như thế nx thôi,1
nhưng may măn đa co thây lôc fuho giup cac em,1
sinh viên  nay  co  hoc  hơn  thây  đo  nhen  đô  mât  dây,2
loiien7916  ông điên thiệt đúng y như cái tên của ônglợi thì ko có nhưng điên thì chỉ có ông thoi,1
loiien7916  bạn ơi đừng chửi vậy chứ,0
"miku5248  uh, tui đang học thầy lộc nè",1
nhờ thầy mà sinh viên ngửi thấy mùi xi măng,2
troi mua to sinh vien ko nghe ro .thay phai nhiet tiinh hon moi dung,1
 miku5248  nói hơi quá rồi cậu ạ cái gì mà fuho cơ,0
mulletlanhat  đúng mò,0
mận,1
"thằng thầy giáo này
thầy giáo dạy vậy thì học sinh cũng ăn nói giống thầy",2
bị đuổi thì cất tập làm game thôi,1
ông này thật quá đáng. cho nghỉ dạy luôn đi,0
thầy này cho kỹ luật là vừa,2
tôi là giảng viên tôi kg có đạo đức như người bình thường. tôi là thằng mất dạy,1
em chào thầy . thầy thiểu não ?,2
như  vậy   cũng   làm   thầy   thấy  may ăn  nói   như   vậy  không   có  văn   hoá   cũng   dung giản    đi   hoc   thêm   đi   chưa.   làm  thầy   được   đâu,1
bố thiên hạ thật. ng ta ko nghe hỏi nhẹ nhàng đuổi khỏi lớp. đến lúc sv nói ai cũng nghe mà nó đéo nghe nó cũng cho ng ta out khỏi lớp. nó cũng đéo có tai mắt như người bình thường mà dạy ai...,0
thầy này họ quá tên đáng đúng  ko? thật quá đáng mà,0
ả,1
"thầy ji kiểu này  đuổi cho khỏi dạy,",0
trường  đuổi thầy thì có,1
trò giỏi thì thầy tài. trò dở thì thầy tồi.,2
xu su y nhu sut vay,1
chuyển nghề đi cho đơ nhục thầy.,0
"bản tính giang hồ , nhưng bố mẹ bắt làm thầy giáo , quá mất dạy",2
cho  thầy  về  hu non  đi  chứ  mất  đạo  đức  rồi,0
ủa thầy giáo chứ đâu phải ba má tụi tui mà ra quyền nói tụi tui ông ko có quyền dạy học sinh viên kiểu đó vô duyên vậy ông đuổi ng ta như hiệu trưởng v chơi kì vậy làm xong định chuyển nghề giang hồ hả,0
là một nhà giáo mà ăn nói kiểu gì vậy ? không thể chấp nhận được.!,0
đo khong fai la thay,1
trc khi làm trận game ghi âm lại những gì ống đã làm với tôi để sao này có bằng chứng tại sao đang học bỏ đi chơi game,1
phụ huynh và học sinh cùng nhà nước ta chi tata tiền cho các thầy cô giáo goday con người ta thế đấy ông thầy giáo này để nghị nhà nước hãy phế truất càng sớm càng tốt,0
"thấy và nghe ông thầy này, thì tôi nghiệp cho ông thầy tôi",1
học sinh nói thầy nghe k rõ mà ổng kêu ng ta nghe rõ vậy ổng có đủ giác quan k như ng bình thg k,1
thang nay dung lam tieu nha giao roi,1
thay giao j noi chuyen vo duyen qua troi...,1
xin lỗi thầy nhé ... thầy là giảng viên .. giáo viên 1 trường mà k có tâm k có đạo đức nhà giáo ... hồi lúc trước thầy đi học  dám chắc thầy học ngu lắm ... nên nghe cách nói chuyện của thầy thua mấy người chăn trâu bò ở vùng dân tộc thiểu số nữa đó thầy ... tôi quê ở cần thơ nè ... thầy chăn trâu .. . nghe đoạn ghi âm thấy thương mấy em sv ... chọn nhằm thầy chăn trâu ..,2
thầy giáo này biết lắng nghe. đừng hóng hách nữa vì hoc online đã khó tiếp thu rồi và kế bên còn có phụ huynh nữa,1
"moi doc binh luan la ca men luon dung la ong thay qua mat day va thieu dao duc thua roi thay oi mon dao duc con nguoi la dung dau nha thay can thay di hoc lai mon
 




d",1
thằng này mà cũng cho dạy người khác hả,0
ô thầy mất dạy còn thua kẻ thất học,0
đừng gọi là thầy nghe xấu hổ quá gọi là thằng thì đúng bản chất của nó hơn thằng này không xứng đáng gọi bằng thầy,1
chắc thầy hiệu trưởng đuổi thầy giáo đó quá,2
đuổi hết luôn đi hết dịch kiếm bò mà chăn.,0
cảnh sát 113 thầy thầy,2
"toi de nghi bo giao dut dui ong thay nghay,thu thay ,y quen,bien lien ,nghay,,ngap toi ,len toi noi cho ong thay ,nay",1
đề nghị đuổi thầy giáo..,2
cho hỏi mấy người có biết tên của ông thầy đó không ạ,0
thầy giáo làm như ông nội ngưởi ta có mình ổng biết dạy học vô đạo đức,1
đuôi khoi nghanh giao duc không đu tư cach đê dây sinh viên tiên sinh viên đong đây đu không đươc đên trương đa thiêt thoi lăm rôi,1
giấy  viên như  cha mẹ  mà  bây  giờ  có  những  gv   như  thế   con e  học  sinh  sẽ  k học  tốt,1
xã hội bây giờ không thiếu thầy giáo như vậy,0
xong rồi thầy mất dạy luôn,0
thằng thầy này phải xem lại,0
thầy giáo ăn nói như chợ búa .bến xe vậy trời.,2
"dù thế nào đi nữa, cách ứng xử như vậy không xứng làm thầy giáo!",1
nguoi ta không co tien mua tay nghe cung la,1
có xứng danh thầy giáo kg ăn nói thì lỗ mãn ủa học onlien cũng đóng tiền mà dịch mới học như vậy mà còn bao nhiêu hs sv còn kg đủ điều kiện để học onlien kìa thầy ơi trước tiên phải dạy chính bản thân mình đi thì mới có được sự kính trọng của học trò thật buồn cho nghành giáo,0
giảng viên về lấy gương soi học lại nhân cách đi cũng từ sinh viên đi lên nha cách cư xử thua mấy đứa thất học nữa hay là giảng viên mua bằng giả để bước chân vào trường đại học sư phạm kỹ thuật đe nghị cho thôi việc giảng viên nầy đi,1
thầy cà chớn,2
trình độ của thầy có bằng tạo không mà lau thế,0
thầy nói chuyện như chan bo,1
thang thay giao nay no mua bang roi duoi no ra khoi truong do ko co tam ma day cai gi,1
mua to nguoi ta không thây cung đuoi,1
có mắt có tay còn có cu nữa nhé,0
thầy này phải học lại môn đạo đức,1
thay giao mat day roi cac em oi .minh cg la gian vien thuong may em khg het,1
xong chuyến này thằng thầy này cpi xin vô lớp của lộc phụ hồ đi mà làm phụ hồ đi.,1
"mùa dịch tai nghe hư mua ở đâu, thầy trợn",1
thế này mới lòi cái thói mắng chửi con em chúng ta. một giáo viên  môn văn cũng bị gì âm đoạn chửi học sinh nghe mà phẫn nộ.,0
đuổi thầy chứ o đuổi hs,2
lớn thì gọi là giáo dục công dân nhé,1
thay qq j vay ma thay,1
xã hội cs thầy cũng như vậy hỏi sao không,1
có nói như vậy làm thầy nghĩ dại ra rừng chơi với chuộc đi,1
thầy giáo âm binh.noi chuyện vô viên mà cũng làm thầy giáo mới ghê.,2
người có hoc thức ms thiếu đao đức wua nhà trường nên đổ cổ thầy này đi để thầy này làm mát đao đức nhà giáo,1
kỉ luật là xong chứ có gì đâu,0
ông thầy bố lai,1
thầy mới là người phải nghĩ đi,0
đuổi thì nghỉ.thầy bố láo quá,2
yêu câu nganh giao duc vao cuôc.lam thây ma vô hoc thi day ai.hoc cung đăng tiên trương chêt me chư may co day ko đâu.gian lai cho chau môt chut co cưc băng cha me ngươi ta lam lu dâm mưa dai năng kiêm tiên đăng hoc phi cho con ko.đung la thây co hoc nhưng so ra thây con thua môt ngươi thiêu năng binh thương nưa.,1
cho nghĩ dậy đi là vừa thái độ nói chuyện nghe chả lột cái lỗ tai,0
thằng thầy mât day,1
thôi đừng dạy nữa thầy giáo mà như bố đời,0
thằng đàn bà đi làm thầy,1
thầy bị khùn hay điên,2
thầy giáo này thuộc thể loại gì chứ không thể dạy học được. ở ngoài cho một trận.,0
thằng này mà thầy gì trời,0
thày như bùi,1
"giảng viên này tên gì vậy mn,thái độ dạy sao hách dịch vậy chứ,chắc muốn làm ông hoàng bà chúa sao,người có trí thức sao ăn nói kỳ cục vậy ,nên xử lý nghiêm làm gương",1
"đuổi ông hiệu trưởng vì đã mướn những ông thầy vô nhân cách, ông thầy như vậy sẽ làm hỏng nhân cách của những thé hệ tương lai",1
về quê tháo giày nha,1
thây giáo nói chuyên mât day . cho ông thây này vê hüu söm di .,0
thầy dạy người mà nói lời o nghe được,0
cho thầy mất dạy luôn đi thầy .k có học trò thầy đói thúi mồm đí thầy nha .mình cũng có con đi học .nhưng nói thật minh k tôn trong giáo viên mấy .vì mấy mẹ hành con minh và các con khác .nói chung  là hành hoc sinh,2
thầy kỳ cục vậy,1
thay  mat dai  .duoi di dung cho dai nua ...khon nan  ..,1
khỏi cần phải coi kỹ thứ này nguy hiểm,1
chọn sai nghề rồi thầy ơi,0
"chẵng có đạo đức của một nhà giáo ,",1
nghe ko rõ giảng lại ... thầy vì khó thế,1
thằng nầy làm thầy thì xh nầy hư là phải,1
loại thầy này nay kg dậy kèm kg có tiền ( bi đien mà,1
"mang danh hiệu là giáo viên dạy học mà lại không có học môn đạo đức thì nghỉ dạy đi nha em, làm ảnh hưởng tới ngành giáo dục nha em.",1
loại thầy j thế này hả tròi,1
"ông thầy âm binh,",0
xin lỗi nhưng thằng này làm thầy giáo nhà ở đâu vậy...,1
thầy giáo nầy tên gì và ở đâu vậy  ?,2
"sau khi làm rõ vụ việc nếu thầy giáo này thật sự như thế thì nên chuyển ngành cho thầy này đi, làm gì cũng phải có tâm chứ đừng nói là làm thầy",0
hihi hom bua co thang e tui hoc,1
bởi vậy học online là chỉ có dốt học vì có được học đâu toàn là bị đuổi kích nick ko thì làm sao có kiến thức,1
làm thầy tưởng làm ông nội,2
"thầy giáo này k bt có trí thức k , vậy cũng làm thầy trời",1
"thầy này nên sang lớp thầy huấn học lại môn gdcd nhé  cho thầy 9,5 điểm .",2
tao chui duoc tai tao dot thieu hoc thi mat day binh thuong thoi con thay co hoc ma hoc cai quan gi vay,1
thua,1
gv dạy điện tử chắc bị điện chập hơi nhiều,1
giọng này y hệt của m.c lê anh quá,0
thầy gì,2
thầy gì mà khùng điên rồ vậy . học sinh không nghe thấy gì hỏi lại thì phải giảng lại chứ .đừng nghĩ mình là to . không có thầy này sẽ có thầy khác nghe.,0
cắt bớt hay k chưa cần nói đến. nhưng những từ ngữ mà từ miệng thầy nói ra thì thầy nên thôi việc đc rồi. thầy k đủ tư cách đạo đức để dạy nửa,0
thầy giáo như vậy nên nghỉ day đừng giảng bài nữa thầy ơiii. nhà trường nên có biện pháp với thầy này,1
phải loại trừ ô. thầy giang hồ này,0
trường đại học mà có giáo viên kiểu này hèn gì đạo đức của  giới trẻ bây giờ xuống cấp trầm trọng,0
ca cần vào cuộc,0
"tai sao ô giang sv nghe ko ro thi ô đuôi ra, con sv noi ô nghe ko ro sao ô ko tư đi ra ma lai đuôi sv ? thây giao khung!",1
"mày làm thầy mà mầy phát ngôn với học sinh như vậy ,thì mày con đáng để đứng lớp ko vậy,có học sinh để mày dạy học thì mày mới có lương nha mậy,ko lẻ phụ huynh bọn tao đóng học rồi mày muốn dạy như thế nào là quyền của mày hả mậy,nghe mà tức",1
thây giao gi  giông như  mây  thăng  chân  nó vây,1
thầy giáo đấy.. ghê thật chứ!,0
thang thay giao nay no moi choi đap đa đo ae oi,1
nói cho mà biết thầy giáo giỏi ngoài đời không thiếu nhé ko có đạo đức thì đuổi,2
muốn nghe từ hai phía xem thầy giải thích như thế nào,0
nghe thầy nói muốn đuổi thầy ra khỏi trường nói với trò cáu gắt giọng k có cảm tình k nhẹ nhàng thật lố bịch,2
thầy giáo vô học,2
"biện minh đó chỉ là đoạn ngắn ko đúng với sự việc. kể cả ngắn hay dài thì 1 chữ cũng là thầy nửa chữ cũng là thầy, 1 chữ cũng là nói nửa chữ cũng là nói, cái loại này mở mồm mà k biết nghĩ, xấu mặt nền giáo dục nước nhà.",0
"móa.thây giáo mât day,cho hoc môn đạo đưc lai đi",1
day hoc ăn tiên găp tao la nay loang,1
"tôi cũng là gv đây.vì tình hình dịch,tôi tổ chức dạy trực tuyến cho các em.đặc trưng mưa miền tây rất lớn.buổi nào đang dạy mà trời sấm chớp,mưa to là tôi chủ động xin ý bgh nghỉ buổi dạy đó và tổ chức vào buổi tối cho các em.thầy này là giảng viên tầm cỡ đh mà ứng xử quá thiếu tác phong,thiếu tình người và không thấu tình đạt lý.nản..",0
may phai thay giao ko th c. ho,1
khác nao nói seo học sinh kia o có tai mặc mũi,1
đại học mà như thế này thì cấp 1 học sao trời cho dù thế nào học online  cũng thấy là k hiệu quả rồi,0
"dịch bệnh mà thầy làm như thế này là toan rồi , đuổi cổ đi phần chất người thầy ko có",0
thầy gì mà nơi giáo dục mà nous chuyên y như chốn giang hồ váy? phải trừng tri con người này kg xứng đáng gọi là thầy,0
học sinh sai thì đuổi học thầy giáo sai thì kiểm điểm câu chuyện muôn thuở,2
co 1clip thông chôt tư xưng la giang viên. minh ko hiêu đôi tương nay muôn thê hiên gi. nhưng nay xem clip cua giang viên nay minh mơi hiêu nhưng human nay muôn chưng to tinh khôn nan cua loai man ri giang viên co thưa. hay đơi đây.,0
"thầy giáo nc với hs mà dùng từ mắc mớ,là ko đc rồi,nghe nặng đó. thầy giáo mà dạy kiểu đó,e ko nghe rõ,e đi ngủ ah. ngồi rõ cái mặt,trời ơi,còn bắt hs  nói ra những câu như là ko phải còn là con người hay sao. ông thầy này phải kỉ luật thôi.",0
a thầy giáo đâu tru nhà em học sinh ấy nuôi trâu cai nhiều lắm đó thầy a đến le lên thầy em.mienphithaydo,2
đuôi ông hiệu trưởng gấp,0
thầy giáo gì tư cách thối nát vậy? xin hỏi bộ giáo dục nghỉ sao về thái độ của vị giảng viên này,1
thầy giáo gì lưu manh vậy,1
"thầy này mà có giấy đình chỉ công tác của bộ giáo dục và đào tạo thì đi đời nghỉ làm thầy luôn , tôi cá chắc luôn",0
"thầy giáo không có tâm , đuổi",2
sv chứ thầy giáo gì..dạy ăn tiền chứ dạy không lương hả trời.,0
ông thầy này khó khăn,0
thăng thây giao nay thê nao cung ăn đon.,1
sao thầy lại làm vậy khi học sinh yêu cầu chính đáng.,1
da thua thay . thay cung chi la 1 thang lam thue huong luong cua nhung hoc sinh nghe thay,1
"thầy giáo hay bố láo .
ra đường mà nói cái kiểu nấy thì chỉ ăn no đòn .",1
có đáng làm thầy không mọi người.,1
chắc nó bị điện giật rồi.,0
"tội e quá, tôi không biết trước đó như thế nào nhưng bị thầy đáp trả như vậy làm ảnh hưởng đến tâm lí của e",0
thằng này mà làm thầy giáo thì nền giáo dục đi về đâu,0
de nghi thay giao nay hoc lai mon đạo đức lớp 1 nha.,1
thầy giáo mà độc đoán và hành xử y như con do,0
thầy gíao mất dạy,2
trình độ chưa nói lên được ý thức và văn hóa của 1 người,1
nên đuổi thằng thầy giáo nầy trước.,2
các bạn có tin là đc vào k . mình thì tin chứ . chắc lại ép học sinh nhận là đc cho vô lớp hahaha,2
đúng là học online,0
thằng thấy giáo này quá đáng. đạo đức nghề giáo đâu.đạo đức con người với con người đâu,0
chăc rút kinh nghiệm thôi bạn ơi,0
thăng nay mưa to đeo nge thây gi ma thây chưi lai ghi âm ro thê. nên đuôi hoc sinh nay,1
"vietnamesemechanical7732  bn nói có lí đấy. nhưng cuối cùng thầy vẫn là người sai. vì s , vì thái độ bn. và lời nói có tính xúc phạm.",0
phattruong2585  trường tẩy trắng rồi,1
vietnamesemechanical7732  này người khác trog lớp quay lại chứ cái bn ns bị kick ra rồi thì lm gì còn đoạn sau ns bắt đọc tên,0
"vietnamesemechanical7732  cái này hình như là cái ghi hình lại mà
với ban đầu tiếng mic của nam sinh nghe tiếng mưa rành rành",1
"vietnamesemechanical7732  ghi âm chỉ người nói. trong khi chỗ thầy qá yên tĩnh k mưa thiết bị đầu thu tốt thì ghi âm nghe rõ là chuyện bt, cũn như chỗ og sv kia mưa nghe lào xào nói chả câu nào rõ vành đâu, bạn đặt câu hỏi lú thế",1
thầy giáo ko có đạo đức,2
vietnamesemechanical7732  sao im re rồi ?,1
"vietnamesemechanical7732  bạn có vấn đề về âm thanh hả bạn trong video người ta bảo rằng sau khi nam sinh í bị đuổi ra ngoài thì có một học sinh trong lớp bức xúc nên đã ghi âm lại đoạn video để up lên mạng xã hội ấy hiểu không bạn. mai mốt trước khi trả lời hãy nghe hết câu hỏi trước khi trả lời nhe bạn 
rút kinh nghiệm đi bạn ơi",0
"ban noi rât đung. thây ma co tư cach hach dich cưa quyên như vây se anh hương rât lơn đên tâm ly cua cac em sinh viên. rôi đây nhưng giơ hoc sau nay cua cac em vơi thây se không tranh khoi cam giac năng nê, ap lưc, không thoai mai, thi cac em tiêp thu bai kiêu gi đây! chưa kê qua viêc nay, thây lên lơp chi đê day cho co ma thôi.",0
em cx bị như anh sv này,1
"đúng rồi. có trình độ, có kiến thức chuyên môn là một chuyện. còn có đạo đức, có văn hóa tư cách hay ko là chuyện khác",1
sinh viên đông loat yêu câu nha trương  không cho ông nay đưng lơp nay nưa. se la môt bai hoc cho ông nay. cân phai tôn trong nhau. thơi tôi đi hoc thây giao ma không tương tac tôt va thưc hiên tôt viêc giang day la sinh viên ca lơp yêu câu thay giao viên môn đo ngay,1
thầy ơi !!!!? não  với lỗ tai  thầy bị hư rồi... em mời thầy ra khỏi phòng học online ạ....,2
đề nghị nha truong duoi cai thang thay giao nay nghi đi.,1
thầy giáo gì mất dạy vậy,2
có làm phu huynh thất vọng với cách ứng xử này. bởi kg có sự lựa chọn nào !?!,0
thằng thầy giáo này cho nó về nghĩ đi chứ thầy như vậy thì thiếu đạo đức rồi,2
"thây,giao như thê vê qe di",1
thầy bậy rồi ...,2
trả lời kiểu này chỉ có thầy lộc phụ hồ thôi,1
thằng thầy này ở đâu mà mất dạy quá vậy,0
trời tâm đức thầy đâu rồi,2
thầy gì cái loại ấy,0
thây giao trương đai hoc sư pham ky thuât con em minh nên tranh trương nay nhe,0
thay giao that hoc ma con di day sv,1
"ông thầy này có biết bs giờ này họ còn vật vã ngày đêm để cứu bệnh nhân ko, ông sướng quá sinh bệnh hả đồ ông thầy độc ác",0
thầy giáo này cho về quê chan vịt mới vừa,2
hiệu trưởng trường đâu...có nge k...đuổi cmn đi cho rồi,0
thay giao nay ve chan de la vua,1
"thầy gì vô duyên cho ông ra khỏi nghanh thì có , thầy ích kĩ khốn kiếp !bởi vậy có giáo dục chưa chắc có văn hoá, đi học cũng đóng tiền nghe thầy ơi! ủa thầy cũng khg nghe sao?  
giảng viên đại học đó à! nói chuyện giống dân chợ trời quá!",1
thầy  này cũng gọi là thầy  sao,1
"thầy mà dữ như thế hỏi rằng học sinh biết học ai , goi thầy giáo như mẹ hiền mà",2
"vấn đề là kêu từng sinh viên khẳng định tên gì? có đủ tai, mắt...người bình thường đã đủ tố lên bản chất sự việc thầy ko ra gì? dù clip ko thể hiện hết đi nữa chỉ là biện minh ko thể chấp nhận.",0
thầy giáo như qq nói chuyện thua mấy bà hàng tôm hàng cá ngoài chợ vậy mà để cho dạy học được hay,2
vậy là ổng cũng bi diet,1
"không lẽ do dịch bệnh kéo dài khiến gần đây không ít kẻ lớn xác luôn mất kiểm soát trước bàn dân thiên hạ khi lên sóng.  gươm rút ra còn cất lại được, lời nói đã phát ra khỏi miệng thì không thể",0
"thầy dạy khg có tâm.khg có học sinh thầy lấy ai để dạy. đã nói là mưa to khg nghe rõ, đã vậy chưa kể mấy hôm nay mạng chập chờn. thầy rờ trán coi có bị sốt khg.",0
"cai loai nay tong co no ra khoi truong đi thay cai kieu gi vay.,.",1
chào ôg thầy học thiếu môn đạo đức !!! nghe mà muốn ói vì tư cách thầy giáo !,1
"ông thầy này ko có con hả ,thầy đối xử với trò sao nay mai con ông như vậy đó ông thầy biết chưa đồ độc ác",1
ông thầy này nghĩ ổng là ai mà vênh mặt lên trên mạng.tại bị dịch nên chính phủ mới ra chỉ thị học qua online.chứ bình thường ai mà cần ổng dạy trên mạng.có 1 chút đóng góp mà cũng bố láo.vậy làm sao trồng người đây thằng thầy,0
ng có  trí  thức  nói  chuyện  có  khác,1
"thằg thầy đánh trời đéo có tâm,đừng làm thầy nữa mà làm đầy tớ mới đúg bản chất của mk.",0
ông thầy này ko có tâm cho ổng nghỉ day là vua,0
nên nhớ trước khi học làm thầy giáo thì phải học cách làm người đã .,2
tôi tên nguyễn văn a gì đó có đủ miệng và giác quan như người bình thường bắt đầu !xúc phạm đến nhân phẩm của từng sinh viên,1
thay giao gi ki vay,1
chuyện thầy cô giáo chửi học sinh là chuyện bình thường vẫn diễn ra như cơm bữa,1
thằng này cũng làm thầy được à,1
thầy hay thằng,2
ăn nói y như bà cc nữa rùi,1
làm gái cũng vào bình luận chuyện của sinh viên... chán..,1
giáo viên mà ăn nói như kẻ bụi đời chợ lớn zậy ạ.,0
võ khánh .a,1
chienchien3637  b này nói chuyện có duyên ger.,1
"nguyenthinhung4406  cô cũng vậy thôi, ăn nói kém duyên .",1
e đeo trơ  thinh  thây  co  hiêu  kg  .?tôn thương.,1
thầy kiến thức cao hơn thì nên sử xự văn minh hơn. có thể nói học sinh hãy xem lại video sau hoặc tra cứu thêm sách sau.,2
nguyenthinhung4406  so sánh khập khiển vậy ? cháu hl14 hay e dvh vậy nhung ? âm binh biết dùng dt ah ? còn biết viết chữ nữa ... ghê ta,1
trungvoinh7409   so sánh trung võ đình âm binh cô hồn vs tuyền 2 cc âm binh cô hồn là m đó cô hồn âm binh biết dùng dt đó,1
trungvoinh7409  nói đúng quá bạn ơi.,0
"epgailien695  người ta kêu nói chuyện như bà cuồn cuộn ý nói chuyện y như bà hằng ấy bạn ạ 
h biệt danh của bà hằng là bà cuồn cuộn viết tắt là cc 
vậy đấy",1
"trungvoinh7409   người ta ko đúng bạn cũng chả khá gì đâu bạn 
bao nhiêu cách dùng từ sao bạn lại chọn từ ngữ kì thế 
nói người sao ko biết coi lại mình bạn",0
"duytantruong5285  uhm, mình cũng thấy vậy. sr mọi người vì dùng từ ngữ hơi quá",1
gv mà ăn nói như gì:),0
 chienchien3637 làm chim chiền chiện cx vào bình luận chuyện của sinh viên....chán..,1
ăn nói mất dại ko coi ai ra gì . đâu phải thầy là có quyền muốn nói gì thì nói đâu bạn,0
ngt đi học k phải đi vô nghe những lời nói xúc phạm ok chưa bị chẩn đầu xe đập cho mai r ở đó xúc phạm ngt,1
ông thầy này vừa phải thôi nhé! quá độc ác,0
tôi nguyễn văn a.có đầy đủ mắt mũi miệng và tai. giác quan như người bình thường....thật là vãi chưởng,0
thây giao kiêu gi vây trơi,1
thầy là nhất,2
thầy quá đáng vậy,2
loại thầy này cho nghỉ việc luôn đi chứ để làm gì để sấu hổ nghành giáo dục nước ta,0
"kêu gọi tôn sư trọng đạo vậy cái đạo của  ống sưnày có đáng được tôn ?? vã lại sv học cũng phải đóng tiền, giảng viên dạy cũng có lãnh lương mà. đâu có cái gì xài chùa đâu!",1
đuôi ông la ok nhât,1
"thầy giáo mà khó khăn quá  học sinh, sinh viên sao chịu đựng nổi",2
thì đuổi a làm rối thôi. những bạn còn lại làm gì thầy,0
có tài mà k có đức thì vứt,1
ẻm tên tiền tù tội bị mù tai  nghe rõ cuộc đời lạc lối gặp được thầy,0
"đuôi ông thây nay khoi trương mau,vi không tư cach đao đưc",0
"thay ten gi vay
cho giang ho s",1
dạy mà chán quá thì nghỉ đi  cho khỏe,0
cho dù là cắt bớt đi nữa thì cái người phát ngôn ra những câu nói đó không xứng làm thầy của người khác.,0
thầy giáo hay giang hồ.chắc băng thầy giáo đi mua rồi,2
ác quỷ đội lốt thầy ! thương các em,2
thây nay la thây đao du rôi,1
đó là cách sỷ nhục,0
thầy giáo hây côn đồ cần loại bỏ đề nghị bộ giáo dục khai trừ những giáo viên kg đạođức thiếu trách nhiệm cua thầy giáo,2
thinhkhang6216  dù biết thầy sai .nhưng đó chỉ là một  đoạn của clip thôi thầy đã cho em vô học lúc đó luôn.xem xét thôi chứ đuổi thì hơi quá,0
"sai từ lời nói và hành động, không liên quan gì tới cắt ghép cả.",0
có bằng nhưng ko có lương tâm,1
"con tôi đi học là do bat  buoc  phải học như thế chứ thật chẳng hề tu  nguyên  . đi học chứ ko phải tôi  pham  , thay  giao  mà vậy hả,  đang bắt  nat  và sĩ  nhuc học sinh  của mình,  có xung  đang  là người  gieo mầm hay ko . ko biết ai là người  vô  học,  chắc ko có đủ  giac  quan thì sẽ là kẻ thất học.",0
rất buồn khi thấy clip này . thầy giáo ăn nói như nhà vua nói là phải nghe phải làm .,0
giống mấy lớp dạy bán hàng đa cấp,1
minh noi minh xl khong phai minh voi dua ca nam co thay giao bay gio hoc cang vao nc doi su can mat day,1
ông thầy mất dạy ko dạy thì thôi còn nói thằng đuổi hs,0
minh co cai chuon bo ko ai coi .keu thay len đay hot phan bo di.,0
"de nnghi duoi thay giao nay lap tuc ,vo van hoa,",1
thầy lựu đạn,2
thằng thầy giáo học lại môn đạo đức,2
hồi đó giờ thầy ko co day onlike nên nay đươc day làm ra vẻ chúc vây mà,0
cho ông thầy này lên hết trang mạng cho ổng sáng nhất đêm nay lun,0
.xin thầy đấy ... hãy trả lại cho 2 chữ  :  thầy giáo .  được quay về ...đúng vị trí  của nó .,2
"thầy giáo gì mà nói chuyện nghe mất cảm tình, về nhà nui heo đi",0
"thầy giáo nầy bị giãng cách lâu quá,thần kinh bấn loạn rồi,,,",0
a cái đoạn clip này là của thằng thầy mất dạy này mà.  làm gì có cắt ghép ở đây  . đúng là bao biện và bao che cho nhau  .,0
"trơi trơi
mưa nghe kg ro thăng thây nao ma kho vây lam thây hay lam trum xa hôi đo vây ha trơi tư ai nong chưa",1
thay oi thay ma giang cho e kieu do la măt that bâm xanh lien,1
thầy giáo phát ngôn phải có chừng mực,2
như z mà cũng làm thầy giáo k biết day ai ah.nghe mà tức ah,0
thằng thầy nha bạn nó không xứng với danh từ mà bạn dành cho đâu,0
manle8517  tại thấy ổng cũng lớn tuổi nên gọi là ông thôi,1
trẩu quá b ơi,0
lớn mà nhân cách ko đáng để tôn trong thì kiêu bằng thằng chứ sao,1
"manle8517  thầy không đủ khả năng sư phạm, tâm tầm tài quá kém

ngành giáo dục có những thành phần, quá ngu ngốc",0
xin cho xem mặt anh thầy này đi.....có ai có hình anh thầy này không....quăng lên chuồng sư tử....đớp....,1
"mọi người ơi! ông thầy này bị đuổi ra khỏi nghành chưa vậy,ko biết ổng có xem clip này chưa ta.",1
 manle8517 ừm,1
" vuongtruonghaianglop3a175 ảnh hưởng bà gì đến ổng đâu. như h bạn biết ổng là ai k? mà biết thì bạn làm gì ổng? báo công an à. ổng sợ quá cơ. nên ổng cứ thản nhiên làm đấy, ổng đi dạy như vậy bao năm rồi chứ phải lần đầu đâu. cũng chả ai làm gì dc ổng. bộ giáo dục thèm quan tâm lắm, chừng nào căng dữ lắm thì may ra chứ 100 clip, 1 ngàn câu chưởi trên mxh cũng vô nghĩa thoi",0
bây h học sinh có sai. là một người thầy thì cũng dừng có ăn nói như vậy,1
"đích  thân là thầy giáo mà mở lời nói vậy , mưa to quá mắt mớ gì mưa to quá  tôi phải giản hai lần . đề nghị cho thầy này về vườn đừng để  người này  đứng lớp  . còn người  này có con đi học không. dù có cắt bớt, những lời nói của người gọi là thầy cũng khó chấp nhận .",0
hành dong lời nói kieu học sinh kiếm tra tai mat là hành dong si nhục người khác. là hành dong cua ke ko co dao dức ko chấp nhận o ngành su phẩm dược.,1
"thầy covic mà bạn yêu cầu quá đáng, phải nói là em giống thầy i như covic",0
"thời này đúng là phải vậy trò cũng nên nghe những lời thật lòng như vậy chứ  bấy lâu cứ ru ngủ  học sinh thì sau đi đâu cũng khó, thích thầy như vậy",0
thây nay chăc vê hưu sơm,0
"1 nền giáo dục súc vật thì sẽ đào tạo ra cái gì,bộ trưởng giáo dục kim sơn tưởng thế nào hóa ra cũng rác",0
có tiền học được tri thức mà kg học được đạo đức.,1
tội nghiệp nam sinh viên đó quá,0
trời ơi lời lẽ sao khó nghe vậy.,1
học vị cao chưa chắc học thức tốt,1
thầy giao vi du côn v thi sao dạy hoc sinh nên ngươi tôt...,1
gặp e là e mở lên đố thầy giám xem đó ! cần thêm một điện thoại quay lại !,0
thầy quỷ,2
đuổi việc thầy giáo rồi tặng kèm sách đạo đức lớp 1 đi ạ !,1
de nghi moi lớp dieu có camera giám sát de nhà trường kiểm tra de ko con nhưng hành vi xấu cho xã hội.,1
còn tao mà học đúng thang thầy này là cho nghĩ luôn chứ nó có đạo đức đâu mà day ngta thầy cho,0
"cach noi chuyên cua thây giao nay la thua,nêu như nha thiêt hay nha la thi sao, chư thây nay thi bo thung rat đi",1
lên cho okng thày này nghỉ việc,1
vậy mong các cháu sau này rút kinh nghiệm nghe tai phone ko bị ảnh hưởng đôi bên mất thời gian,0
chính xác,1
vậy thì mày zô đó mà học.hay con mày cũng được.,0
"đừng nói là sinh viên, kể cả ra đi làm bạn gặp ông sếp nc với bạn thì bạn có chịu được ko,  nghĩ ai cũng ko có tự trọng giống bạn à, con ng chứ có phải giống gì đâu mà k có tự trọng. huống hồ gì đây là môi trường giáo dục, thầy k làm gương thì sao trò phục, hay ra trường xong trò học thầy lại khôn nhà dại chợ.",0
chuẩn,1
đưa sách cho nó dơ sách giáo dục bạn ạ,0
chuẩn không cần chỉnh,1
bạn nói quá hay triệu lai cho bạn  thầy giáo nói mất dạy thì làm sao dạy cho trẻ nhỏ đều tốt đẹp được,2
học như thế này mốt làm giang hồ,1
bạn nói chuẩn luôn á,1
nam mô a di đà phật,0
lạy thầy,2
thầy có cần việc làm mới ko .về lấy tiền góp cho tiu đi . dùng làm thầy giáo nữa . thầy giáo nói chuyện như vậy . đi bán vé số nói zay là mo mao zoi,2
bạn nói hay quá,2
đúng còn hơn nữa hả gì,0
chuẩn,1
đúng luôn,0
thêm sách lóp 6 nữa,1
đúng. chk bạn này lên,0
đưa cho nó luôn gdcd lớp 6 bảo ôn lại trung học đi,1
lightblade đúng quá luôn bạn ơi.,0
sợ rằng nó lấy sách nó chùi đít. chẳng biết thằng thầy đó có tài không nhưng mà tôi thấy nó không có đức rồi đó. cho nó nghĩ việc là vừa.,0
lĩnh khương huỳnh chuẩn ko cần chỉnh luôn,1
đúng,0
chuẩn,1
đưa cho nó sách giáo dục công dân lơp 1 hay mẫu giáo á ổng cung chưa học mẫu giáo nên ko học lơp 1 kk,1
"người ta ko có đạo đức thì học sẽ có , còn ông thầy này học bao nhiêu cũng chả có đạo đức đâu",1
azme478  ba mẹ ổng đâu có dậy ổng đạo đưc nên học cung dôt lun,0
triệu like,1
mn ơi,1
mn nhớ từ thiện cho ổng sách đạo đức nha,1
ko cs dạy hay s á,1
hmm ko có sách dự cho thầy nhá,2
quá hay,2
chuẩn luôn bạn ơi good new nice,1
quá đúng,0
đúng rồi,0
chuẩn lun rồi đó,0
vs thêm cuốn gdcd lớp 6 nữa bạn à,1
học luôn mẫu giáo,1
chuẩn nha,1
mời ông về mầm non học nha!,1
xin vĩnh biệt cụ,1
"nói đúng lắm bạn,cho zừa ông đó",0
đúng,0
hanamei6240  thật giống việc bố mẹ dạy con cái đấy nếu con cái họ sai thì phải tìm hiểu nguyên nhân vì sao nó sai và đưa ra bài học để rút kinh nghiệm thì con mik sẽ hiểu là à thế này mới đúng thế này là sai thế này là trái thế này là phải việc dạy học cũng tương tự thôi học sinh ko hiểu chỗ nào thầy cô cần giải thích nhẹ nhàng để cho học sinh hiểu ra vấn đề chứ đằng này quát ầm ầm đấy ai mà hiểu được,0
bạn nói siêu siêu siêu đúng luôn,0
đúng,0
mình có ý kiến lên trường của thằng thầy này trên fb thì bị bọn nó chặn fb thì bạn hiểu tư cách cái trường này nó ntn,1
cái lùm mía,1
dung la dao duc lam thay,1
tặng kèm sách đạo đức lớp 1 cũ của tui cho ổng đc ko,1
minhlong_388  ê chắc năm sau đến ngày 2011 thì bảo ổng là đừng hỏi tại sao sv ko tặng hoa cho ổng mà tặng sách đạo đức lớp 1,1
quảng ninh thuộc vùng đồng bằng sông hồng là đúng hay sai ạ?,1
giáo dục công dân nữa,0
oh my chúa!!,1
"hay, very good, phải tặng thầy đắc nhân tâm nx mới đủ",2
"đúng, đúng, hợp lí",0
thầy như vậy hỏi sao xã hội đi lên được. mục nát từ giáo dục,1
học  đả mệt rồi còn gặp ông thầy nầy chắc học sinh khổ  và mệt luôn,0
"học sinh o nghe kêu thầy nói lại thì thầy bắt bẻ đòi đuổi, còn thầy o nghe rõ thì ai đuổi",2
còn nhà mình học lớp 2 khi vào học các bạn ồn ào nghe kg được cô dạy  con kêu quá trời,0
"thầy giáo gì chợ búa quá vậy không giảng lại thì thôi,chớ sao xúc phạm hết từng đó học sinh,đuổi thầy giang hồ nay ra khỏi trường
 đi",0
cho nghi day vinh vien va tuoc bang cap cua nhung thay giao nhu vay.,1
thây giao mât dai qua chăc lây băng ơ đai hoc đông đô qua,0
tội lại ông thầy gian hồ,0
thẩy mất dậy,1
thầy giáo thời nay ko có tính người. thời của dong tiền lên ngôi.,2
hết cán bộ ngu dốt giờ giáo viên không có đạo đức không biết những mầm non của đất nước sao này sẽ đi về đâu,0
sợ học đại học quá anh em ạ :(((,0
"toang hiệu trưởng đuổi là chắc thể loại này dạy ai nên thân được,,thôi về câu cá đi con",0
học sinh nói thế ông còn ko nghe muốn chi là học sinh,0
nhờ covid ma trong xã hội việt nam moi nhìn rõ mặt tất cả những người co học thức la nnhu the nao,1
thầy giáo nói chuyện giống giang hồ quá... đại dịch người ta đã khô quá rồi còn không thông cảm cho các em...,0
thầy giáo bị dịch. mất dạy rồi.,0
ông này bị khùng rồi...cho vô bệnh viện biên hòa đi..đi dạy học tội cho sinh viên.. người ta rất bình thường... chứ không như ông này,0
chụp hình cái mặt thầy giáo lên facebook cho cđm xem?,0
nên kỷ luật  giáo viên,2
phụ huynh nhiều khi thấy sinh viên bỏ học thì họ chỉ trách sinh viên còn giảng viên ra sao họ có biết đâu .,1
"hs học ông này chắc căng thẳng sợ hải lắm ,hở tí là đuổi ra khỏi lớp",0
cái này thì hỏi hiệu trưởng trường nk,1
chế độ cs thầy giáo là vậy đó,1
phải chi học sinh lì lợm thì mình hông nói nha! như em này tập trung vào học chỉ là mưa to hông nghe thầy giảng mà thầy lại lên tiếng khó sử. thầy làm vậy thật nhục cho nhà trường.,1
nếu thật sự mà thầy giáo phát ngôn như vậy với học sinh sinh viên thì đuổi thầy này ra khỏi ngành được rồi. giang hồ núp bóng thầy giáo.,2
học tại lớp chưa chắc đã ổn.còn bài đặc học onlai các kiểu.xàm xí,1
loại này mà làm thầy,0
thầy chuyển nghề đc rồi,0
"cho ổng nghĩ luon đi. mọe thầy mất dậy, thầy đi làm ko có tụi sv lấy chó gì ăn. luong của mấu ông là tiền học phí đóng đó mấy cha.",0
vậy là thầy giáo vì chứ ông trùm giang hồ thì dug hơn,2
thầy nói chuyện mất dạy,0
bó tay cho thằng thầy này,0
"lẽ ra trình độ càng cao thì văn hoá càng cao nhưng ông thầy này lại ko như vậy. làm thầy trước hết là tấm gương cho học sinh về đạo đức, văn hoá.",2
thầy giáo này chắc là thiếu môn đạo đức trong giảng đường,2
thấy giáo gì wa mất dạy vậy trời. .cũng mai là mới đầu năm học. chứ học cả năm thì học sau nổi với thằng này. .,1
"giống mc giảng viên lê anh rồi, nổi tiếng ha, đừng chối nữa",1
cũng may là học có trả phí đó chứ ko trả phí là no coi sv như thú  ! mà đoạn clips rỏ vậy có cắt ghép gì cũng ko có thầy nào nói như thế,0
"làm thầy mà nói chuyện bố láo vậy, thầy giáo hay ông cố nội vậy, ko biết tại sao bên ngành giáo dục lại cho thằng này nó đứng lớp dạy người khác vậy",1
loại thày này hơi mất dạy,1
thấy bố láo. láo toét. thầy trường nào kỷ luật ngay và liền đi,1
giảng đường hay ra đường  ???,1
dạy mà cọc quá thì nghỉ mắc j đuổi hs.....,0
"thay giáo kiểu này day học trò sẽ hok mất ,",0
chuẩn luôn,1
ông nầy muốn thể hiện  quyền lực  làm  thầy  đó mà ! ông nầy là  giáo gian  !,0
"có clip ghi âm rỏ ràng rồi ,nếu gì nửa bn",1
đuổi thẳng thầy giáo đó đi chứ để làm gì,0
quyền lực à nực cười này thì quyền lực này  chát chát chát,1
giảng viên như giang hồ,1
"trinh đô ko cao đâu ban ơi,văn hoa thi lai ko",1
nguyenhimnh7454  thanh niên trẻ trâu phát biểu,0
"ông bà xưa nói :  không thầy đố mày làm nên  cho thấy sự tôn sư trọng đạo như thế nào ? thầy giáo mà như thằng này thì đuổi thẳng cổ ra khỏi nghành giáo dục, đừng để mất hình tượng người thầy giáo.",0
"trình độ học vấn cao, chứ chưa chắc văn hóa cao",1
ông thầy này mua bằng để được làm giáo viên chứ ngày xưa ông ta đâu có học đâu,0
"thầy chơi đá quá liều nên tới tiết dạy mà đá vẫn chưa tan hết nên vậy đó  vẫn còn hơi bị ngáo, đang nghĩ là giảng bài ở khu chợ cá.",0
thầy giáo này có đạo đức đâu mà thiếu hả bạn,0
thầy này cái gì cũng có. mà đạo đức og ko có...,1
coi chừng thằng thầy giáo nầy ngáo đá.,1
"huynguyen-vv8si  học viên ko nghe rõ đc tiếng thầy giảng, bị look khỏi tiết học, khi bắt học viên chứng thực rằng, mình có mắt, mũi ,tai lành lặn, để nghe dc tiếng thầy giảng bài. thì thầy ko nghe được tiếng của học viên nói, chứng tỏ tai thầy có vấn đề. và cuối cùng bạn học viên cũng bị đuổi. ông thầy đạt danh tiếng nhất đầu năm học của mùa covid",1
"các bạn thông cảm,giáo viên ngày quá  nay thừa đạo đức mà.người khiêm tốn còn chẳng ăn ai vậy mà có giáo viên phát biểu tôi dạy từ đứa ko biết gì cũng đỗ cấp 2,3",0
thay mat day.. chứ thầy gì...,0
hồi xưa ko có môn đạo đức bạn ơi. thời ông thần này học ko có môn đạo đức.,1
thây giáo mất đạo đức nhà  trường xem lại thái độ của thây giáo lơn,1
cắt  bớt chứ không có thêm còn lời nói không văn hóa của thầy giáo là có thật,0
thầy giáo này dạy kiểu gì vậy.?,0
thầy kiêu trò đi ngủ vậy thầy sin giải nghệ đi thầy kg có tâm đức,2
"ông này không phải thầy. ý thức làm thầy không có. chắc vì ổng có đầy đủ giác quan mà kêu học sinh   nêu đầy đủ giác quan. học trên lớp nhiều lúc, tiếp thu còn không kịp nói gì học qua online. không nghe hỏi lại còn bị mắng. bó tay",0
thầy phải thế,0
thầy phải thế,0
thầy phải thế,0
thầy giáo gì mà mất dạy quá,0
"câu đầu nói đúng, mưa to quá thì không nên vào học làm gì, vì nếu vậy kêu giảng lại thì lại mất time kiến thức của học sinh khác.
còn câu sau là không đúng tác phong giáo viên, nói chuyện kiểu như vậy với học sinh, giáo viên kiểu gì vậy, mưa to đeo tai nghe còn không nghe được do mưa to, chứ có con mẹ gì đâu mà nói chuyện kiểu đó, khúc sau lại càng k đúng hơn, bắt học sinh nói chuyện như vậy như mình, thật đúng là nên đá đít ông thầy này đi, chứ dạy vậy là chết r
đã học online còn khó khăn mà toàn gặp giáo viên kiểu vậy là chết hết học sinh rồi.",0
thầy kiểu như này thì toang rồi...  đuổi ổng mới đúng,0
học nhiều mà còn thiếu thì gọi là thiếu học.thằng thầy tào lao.,1
thây gì mà lạ quá nghĩ đi,0
thầy làm như ông nội người ta,0
"không nên để ông thầy này làm nghề thầy giáo, nên chọn nghề khác thích hợp hơn, may là thầy này đối với hs này biết lên tiếng nói cho mọi người, chứ nhận cái lớp cho trẻ nhỏ thì thôi không biết xảy ra gì nữa, không có tình",0
thầy gì không có tâm mưa to em nó không nghe rõ nói lại có mất thời gian nhiêu đâu,0
tình yêu thương của thầy giáo này chắc đi du lịch rồi,2
26 ổng còn ko nge ngt nói mà đòi lm má thiên hạ,0
thầy này nghỉ dạy đc r ák.,0
"thầy giáo có quá dư tư cách đường phố,chắc vì giảng viên này do cách ly nên kg mua đc hero nè !",0
bậy rồi làm bố thiên hạ mới đúng nha bạn trân,0
thằng  thầy giáo  này  mua bằng  đó  bạn,0
thibichngocnguyen8420  mik nhầm hoyy mà,0
baotran-ox9pt  hihi có j đâu dù sao cmt của bạn rất hài rùi,1
chả bi vk cấm túc hay sao mag máu dồn tại não đó..,1
thôi toang,0
thay lao that,1
"loại này ko phải giảng viên,giang hồ thì đúng hơn.giảng dạy mà đe dọa sinh viên còn được bảo kê nữa đấy",0
thầy giáo này chuyển ngành được rồi  nè.,2
thầy xong đợt này có nghề mới chuyển sang làm giang hồ..))),0
thay giao mat day,1
thằng này đúng là kg bình thường,0
"may ong lanh dao co thay ko, thay giao day one lay do, qua dot dich nay con nguoi ta dot het, muc tieu kep",1
thầy giáo gì mà  cọc như quỷ,0
trường đuổi thầy đi chứ để thầy đuổi học sinh là toang,2
người có tri thức chắc gì có đạo đức.,1
thầy giáo thật là ráo m ác,2
thay giao nay o dau vay. giao vien ma noi chuyen nhu vay .tot nhat k nen cho nhung giao vien nhu vay giang day,1
thay giao vo duyen,1
mình đoán là gv bộ môn,1
thầy giáo nay chắc mới bị vợ chửi,0
thầy giáo quá đáng trời mưa học sinh nghe ko rõ phải thông cảm cho học sinh chứ còn đuổi người ta là sao,0
đầu,1
cái này là thằng chứ không phải thầy,0
nó đánh bờm đầu,1
ra đường nó chém chết tại chỗ,1
bạn nói chính xác thấy giáo côn đồ,1
thằng thầy này rất ác .bán kiến thức vớ vẩn,1
"không đáng làm thầy , thầy gì mà kỳ vậy ?",0
"ông thầy này không xứng đứng trên bục giảng,  nên cho ra khỏi ngành vì tâm ác độc em sv nhờ giảng lại thôi  mà ông xúc phạm cả lớp.",0
thấy này ko có đường sống ở giang hồ đầu,1
cho ổng học lại đạo đức lớp 1 với cho vào danh sách đen là được rồi,0
nói hay quá,2
hay nhất trong ngày,2
lienbich7648  thông cảm tại hôm nay thầy chơi hơi quá liều,0
ổ làm giang hồ k có thàng đại ca nào nhận nó. mà nó có làm đại ca đi nữa củng méo có thàng lính nào đâu.,0
"có nghỉ dạy mà xin vào học lớp học lộc fuho,hỏi coi ổng đủ tay,chân,mắt,mũi ko",1
đạo đức con người phải đi đầu thì mới dạy học người khác đc,1
vì thế các em hs thường có tâm lí ko dám hỏi lại bài với gv,1
giang hồ mõm,1
chuẩn ko phải chỉnh,1
yeunghethuatvaamnhaccotruyen,1
ủa mà học bỏ tiền chứ đâu phải miễn phí....??? mắc mới gì thằng thầy này đuổi??? thầy bà gì lạ nhỉ??,0
có vậy mà cũg lm khó. v mà lm giáo viên dc s,0
đuổi 1 mình thầy thì còn giữ lại được cả 100 sinh viên...còn giữ lại 1 mình thầy thì...mất toi 100 sinh viên....đuổi học sinh riết không còn ai học cả....,2
thầy tiến sĩ đó nha,1
"vantunghuynh853   
đúg là có thầy khó thầy dễ. nhưng mà ngta khó là do mình làm sai gì đó hơi trầm trọg, ngta làm khó cho mình k sai nữa. 
chứ làm khó kiểu này là k đc.",0
đuổi hết một cái là lớp trống ko luôn,1
chính xác,1
làm thầy giáo thì chưa chắc đã có tri thức,1
quá chuẩn luôn,0
thấm vc,0
dc làm thấy tưỡng mình làm tướng.dc học tri thức nên covid nên quên các bạn thông cảm,1
nói quá hay,2
cũng đúng đấy.,0
van hoa nam coi,1
chinh sac,1
chinh xac100 luôn,0
t toàn ngủ với chơi game  học làm gì,0
quá chuẩn,0
thầy giáo kì cục,2
chính xác ông thầy này không có đạo đức,0
đúng,0
quá chuẩn,0
tán hành bờ ro,1
ns sai r đúng là k cs đức thật nhưng ns chuyện v chắc gì đã cs tri thức,0
chắc gì ông này cs tri thức ns chuyện kiểu này đã quá rõ,0
thầy mắc dịch có não nhưng không có đức,1
cuongo8899  đúng,0
thà là có đạo đức còn hơn có tri thức mà không có đạo đức,1
hay lắm hảo huynh đệ,1
thầy này vấ vẩn,2
chín sác,1
đúng đúng này hợp lí,0
shen tn chuẩn ko cần chỉnh,1
đr,1
nó đó,0
qua chinh xac luôn,0
người có tiền mua ô tô chắc gì mua được đạo đức.,1
xuất xắc,0
câu nói hay đấy,2
quá đúng bạn ạ nói quá đúng ko sai chỗ nào,0
đúng,0
có tri thức mà ko có đức ,1
cho like đê quá đúng,0
đúng r,0
uk bn này đúng nè,1
mình có đạo đức nhưng ko có tri thức   đùa thôi,1
bỏ quên tiết đạo đức r,1
cái này bạn nói đúng này,0
đúng,0
"đúng rồi, có tài mà không có đức thì cũng như không",0
quá đúng,0
nói chuẩn mà còn nói to:,1
tui đồng ý,0
ông thầy này nên đi  làm giang hồ thì hơn,1
hộp lí,1
ừ,1
hợp lí,1
nói đúng luôn,0
đúng r,0
sống thiếu đạo đức thì sống làm j nhỉ mn,1
tùy vài người,1
đúng,0
"người ta sống tuy có tri thức nhưng nếu coi nó như một cục thịt lười biếng thì chắc chắn hậu quả sẽ như trên. thầy chủ trì ở trên đáng bị lên án vì không tôn trọng ý kiến của sinh viên, mà còn dùng quyền lực để bắt bẻ các sinh viên khác tuân theo luật nhân quả của mình.",2
"ko, người vừa có kiến thức vừa có đạo đức mới gọi là người có tri thức, chứ chỉ có kiến thức mà ko có đạo đức thì ko gọi là có tri thức",1
phong hulk chuẩn bạn,1
ý thức như ruồi,1
đúng,0
bạn nói rất đúng,0
đúng đúng,0
quá chính sác,0
quá chính xác,0
chuẩn cách nói chuyện của ổng kiểu khó chịu vl,1
nguyenthituyetanh5717  kk,1
chuẩn ko cần chỉnh,1
thầy thì thầu chứ ngoài đời là bik ăn đấm,0
"nếu tôi thì thì chửi ổng cái đồ điên, nên học lại đạo đức đi khỏi làm thầy luôn đi",1
có đạo đức khó gấp trăm nghìn lần có tri thức bạn ơi. nếu đủ lớn thì bạn xem lại xem mình nói đúng k.,0
chuẩn,1
bác hồ nói rồi có trí thức mà ko có đạo đức thì như không,1
chuẩn nuôn,1
đúng,0
quá chuẩn,0
đúng thầy cái kiểu chi kì ko dạy đc thì cút,0
đuổi việc ông luôn,0
đúng vậy!,0
đúng,0
nói đúng r,0
quá đr cho 1 like,0
đúng,0
nphuy6757  khung à?,1
đúng,0
cũng đúng,0
quá đúng,0
mỗi người phải có tránh nhiệm chứ thầy nói chuyện như vậy thì ai học nữa,0
thầy giáo dạy như vậy thì nghĩ day đi,1
chuẩn b ơi,1
đúng rồi,0
chuẩn,1
chuẩn ko cần chỉnh,1
đúng rồi đó bạn,0
đúng,0
hay quá nhờ,0
"đúng , chuẩn không cần chỉnh luôn",0
chính xác,1
mây ông thây giao gây găt la vi dê qua sao ma hoc kiêu vê ko lam bai tâp vê nha thây bo qua thê dê qua cơ,1
đúng,0
đúng,0
quá chuẩn luôn,0
chuẩn,1
nhà tao ko có tai nghe,1
hợp lý,0
ko có chi thức chắc ngày xưa đõ đc đại học,0
đúng tuyệt vời,1
người việt mà !!!!! haizzza,0
minhdien6228  học làm j lớn lên làm thứ rác rưỡi của xh,1
quá đúng,0
chính xác,1
không thầy đố mày làm nên,0
chuẩn chuẩn,1
hôn lão vừa phải thôi mưa to không nghe,0
iq vậy ghê,0
chuẩn ko cần chỉnh,1
levy7233  xứng đáng đuổi ko:,1
levy7233  chắc chắn:_,0
phong hulk  t cx nghĩ v,1
hay đấy,1
người đạo đức cần có tri thức,1
ông thầy tui gặp chắc chắn xử ổng,2
chuan cmnr,1
bức xúc quá,0
quá chuẩn,0
hs kêu ko nghe rõ thì giảng lại chứ mắc j kick nó ra. chơi v là chết hs r. nếu như có hiệu trưởng ở đây là bấm nút biếnnnnnn cho ổng cút ra khỏi trường khỏi dạy luôn,0
chuẩn,1
đúng á,0
quá đúng luôn,0
quá đúng luôn,0
"bác nói chính xác: người có tri thức chắc gì đã có đạo đức, người có đạo đức mới đúng là những người có tri thức. tiên học lễ hậu học văn mà, lễ ko có thì văn ko cần học.",1
hợp lý uwu,0
đúng!!!!!,0
đúng 100,0
nphuy6757   chính xác chứ không phải là chính sác,0
đúng này :,0
chuẩn ko cần chỉnh,1
cái câu này nên treo giữa cổng trường,1
chuẩn không cần chỉnh,1
chuẩn không cần chỉnh,1
mình bị gặp thầy như này r,0
nói hay quá anh ơi,2
chuẩn,1
đúng luôn . ông này ko nên đc làm thầy,0
đúng,0
ê hello đâu cx gặp nè,1
honganh5765   ik học thầy lộc phu hô,2
quá hợp lí bạn ơi,0
chính xác,1
thầy mang nỗi khổ của cuộc sống vào bài giảng và trút lên những sinh viên của mình!,2
minhdien6228  ko học thì sao làm đc cho đời:,1
"camquyt2272  úi sời,nhiều nguyên nhân,bọn nó sống thiếu đạo đức nhưng bọn nó kiểu ném đá giấu tay hoặc mua chuột mấy thằng vớ vẩn thì bọn thiếu đạo đức đấy ăn quả báo nhưng vẫn sống tốt",1
ủng hộ,1
thanhathutaoplscomehome3136  chuẩn,1
đúng,0
đúng quá chuẩn,0
đúng,0
đù,1
thầy giáo chưa có đạo đức rồi,1
đúng chính xác,0
quá. chuẩn luôn,0
đúng đúng,0
"ko hăn la vây đâu
cung tuy ngươi thôi ak",0
đúng luôn,0
ông thầy:người có đức chắc gì có tri thức,1
đúng rồi e ạ,0
đúng,0
chuẩn,1
chuẩn,1
"làm thầy phải có ýe thức chứ nói như vậy dậy đó ,  tui mà là hiệu trưởng là tui đổi ông đi rồi ko có việc xin lỗi ko có lần sao đâu , mình là thầy dáo là có trách nhiệm dạy hc sinh chứa đâu mà nói như vậy.",0
đúng r,0
quá chuẩn,0
hợp lí,1
đúng rồi,0
chính xác,1
đúng đúng có tri thức mà không đạo đức thì cũng bỏ thui,0
nói câu rất hay,1
đúng,0
chuan luon ban ey,1
bạn nói hay quá,2
tui là hs tui nghe ong nói mà đỡ tức,0
hợp lý quá hợp lý,0
bạn ơi quá đúng,0
"noi sai roi ,cai loai thay giao nay lam gi co tri t",1
có tài mà không có đức,0
quá chuẩn lun,0
thầy có đủ miệng mắt tai như ng bt mà đạo đức của thầy chả bt,0
đúng,0
giảng lại cho ngta nghe một câu thôi mà làm j quát ầm lên r lại đuổi ra khỏi lớp nx r lại yêu cầu mấy người kia nói này nói kia đồ chả có tri thức tí nào,0
đúng đấy người đâu mà ko hiểu bt,0
phi le hoang đúng,0
money3844  thôi mà thông cảm đi dạy học cũng mệt áp lực.vv... mà,0
đúng chuẩn tuyệt vời,1
đúng hay hay,1
đúng,0
đúng luôn,0
nếu gặp tui là tui đấm cho mấy nhát,0
đúng,0
quá đúng,0
chuẩn luôn,1
có trí thức mà không có nhân phẩm,0
đúng rồi,0
đúng,0
đúng luôn,0
"chính xác
thầy giáo ko có đạo đức",2
quá chuẩn,0
"nghe bn ns thấy ghét r nx tai iphone của ngta hư hay ko có, ôg thầy vô duyên ko có trí thức mất mớ j đủi hs",1
trường hợp này có tài mà ko có đức,1
đúng  ω,0
thầy bị gì ấy,0
"học với thầy này có khi qua lớp cũng nên, làm thầy giáo thì biết nhiều hơn học sinh nhưng học sinh có đạo đức nhưng thầy thì không biết có hay không!",2
đồng ý,1
hay đấy,1
chuẩn,1
chính xác,1
chuẩn ko cần chỉnh,1
đúng r bn ơi,0
quá hợp lí luôn,0
đúng,0
đúng rồi!,0
đúng vậy,0
"ta nói tiên học lễ hậu học văn , ông này chắc học cho cố dô rồi quên luôn câu này",0
quá hay!,2
chuẩn,1
phong hulk  nhưng ngày xưa giang hồ chỉ ko có học thôi chứ toàn người có đức,0
đúng cmnr,0
thật,0
trường đuổi lun đi ,1
đúng vậy cô giáo mink có tri thức nhưng ko có đạo đức lúc mink có để thử tờ 1000đ ở chân bàn cô và có nhờ 1 bạn nhìn giúp ai ngờ  cô nhặt xong giả vờ lấy đt :  nghèo nàn thật nghèo nàn ,1
còn nhiều tội hơn nữa mink chưa kể,1
mink thì lúc đó học ở trường thì mink có cố tình ko làm văn để cô đánh ai ngờ lằn chân thâm tím cả chân,1
quá chuẩn,0
thấm :(,0
đúng r bn,0
chuẩn luôn,1
very true,1
nói chuẩn không cần chỉnh,1
thấy giáo kiểu này thì đuổi việc ngay chứ sao nữa,1
chính xác luôn,0
chuẩn  ông thầy này tưởng mình làm  mưa làm gió trong lớp mà lại chửi học sinh thậm tệ tới vây,1
chắc gì đã có tri thức nữa ấy chứ. nhiều giáo viên chạy nghề mà.,0
chuẩn,1
ừ,1
chuẩn luôn bạn ơi,1
đúng rồi,0
hợp lí,1
đúng,0
chính xác,1
thầy này ngày xưa tự tin iq cao quá nên bỏ môn đạo đức đấy mà thiếu kém đạo đức như này thì ko đủ tư cách làm thầy tốt nhất để bọn học sinh dạy lại đạo đức cho lúc đấy thầy mới biết quê học đạo đức trước rồi mới học tri thức nha thầy đó mới là một đảng viên,2
"tưởng mình là giáo viên mà dám nói như vậy,bn nói đúng lắm",0
đúg rồi,0
không sai,0
"có thi ms đc vô dạy bạn , may ra nhân phẩm được trúng đề",1
đúng,0
nhà trường sẽ kiểm tra những người muốn vào nghề giáo viên nên bạn nói sai,2
đr,1
đúng 100 luôn,0
subscribe ê ê ê,1
đúng,0
chắc là có tri thức ko?,1
hợp lí,1
tuỳ người thôi chứ đâu phải i cùng vậy?,0
đúng đúng,0
quá chuẩn,0
chuẩn ko cần chỉnh,1
"bro,đây là câu nói đi vào lịch sử đấy philehoang",0
"đúng đúng, có đức mà không có tài là vô dụng còn có tài mà không có đức là nguy hiểm!",0
hay lắm b ơi,1
thấm quá bạn ơi,0
xuất xắc,0
vần hay,1
rất đúng có lý,0
 dogmemenhung...nolalam3612 nói ngu còn mạng miệng thì dạy dạy đoàn hoàn ko dễ ko khó dạy cho đúg phận làm thầy chí dạy mà chữi mà đuỗi ai coi ra gì nx?,0
" hongnguyen-y5f tôi chỉ nói đa số trường hợp hiện nay thôi.nếu thầy chỉ dạy để cho học sinh kiến thức thì bài tập là cái chứng minh cho thầy giáo bt là học sinh đó hiểu bài chứ ko phải dạy xog r ko quan tâm ai hiểu,ko hiểu.
nếu bạn giỏi để nhắn tin dạo như thế thì tôi mời bạn làm thầy tôi luôn cho lẹ?ok!",0
chan chan phai cho ong nay khong xin dc viec j het,1
giỏi mà ko có đạo đức  hitler,0
hãy nhớ khi đi thi gdcd thường thì 90 là đạo đức giả,0
đúng,0
đúng vậy,0
1 chữ tâm bằng 3 chữ tài,0
thầy hiệu trưởng: tôi yêu cầu đuổi việc ông thầy này,2
cái này goi là tha(ng chu không thê? go.i là thây,0
thịnh14-đẹpzai  good là sao,1
diemle2095  hay đó cha,1
tui đang hc thầy nhưng thầy nài hiền lắm còn cho mng ún nước chung luôn và cho xem máy tính chung luonn,0
linhday9502 thầy của bn vui tính thế .-.,1
chuộtbùn  hehe ai pit dou tự nhiên đc học chung vs thầy đó,1
tui là tui chửi luôn,0
10 điểm ko có nhưng,1
"người có trí thức chưa chắc có văn hóa. mời thầy đi học lớp ứng xử. thái độ khi mời hs ra khỏi lớp, ông ta còn hành xử với các hs còn lại bắt hs khác xưng tên, có đủ miệng và tai giác quan như 1 người bình thường ôi xứng đáng được gọi là thầy ư ???",1
chắc gì đã có tri thức bạn ơi,0
có tài nhưng không cks đức,1
ôi hayyyyyyyyyyyyyy,1
..không đâu ..tối qua vợ bỏ đói nên hnay soắn tới não ...,1
cách nc của thầy giáo cũng ko ra gì ạ.,1
cách nc của thầy hằn học ko phải tư cách  ng làm gdục,1
