Comment,Label
cảm ơn thầy,
học từ vựng bài 1 xong học ngữ pháp luôn à thầy,
thầy có dạy online không ạ,
thầy ơi em muốn mua bộ sách trọn bộ cho người mới bắt đầu ạ,
em muốn đăng ký khóa học ạ,
"thầy à, em đã đạt n4 kì thi tháng 122024 rồi ạ, em cảm ơn thầy nhiều",
"thầy ơi , em đã học xong 2 bảng chữ cái hiragana và katakani thì tiếp theo nên học giáo trình minna no nihongo hay là học kanji kèm từ vựng trước a.",
bài 1 dễ qué,
bài một xem anime là hiểu lọt lòng hết,
có bán sách n5 theo bài giảng không thầy,
thầy ơi mình học từ vựng bài 1 xong rồi tới ngữ pháp bài 1 luôn hả thâỳ,
thầy dạy hay quá . sau bài tổng kết lại cho mọi ng dễ hiểu,
cho em hỏi. mình có lớp học online không ạ,
sao không dạy từ vựng chung luôn ạ,
thầy cho em hỏi học n5 là giờ xem video từ vựng (chị trà)  và ngữ pháp (thầy)  riêng phải không thầy.,
thầy tiệp dạy rất dễ hiểu luôn . không chỉ dạy kiến thức tận tâm mà còn tạo động lực để tụi em cố gắng nữa . chúc thầy và đội ngũ minato ngày càng phát triển ạ,
series này thầy dạy bản mới hay cũ của minnano nihongo ạ?,
"lần đầu tiên em coi thầy dạy miẽn phí là dễ hiểu cuốn luốn ý. em học n5 rùi mà không vào đầu được cái gì , không biết gì luôn học đi học lại chán không muốn học nũa . đến hnay nghe thầy dạy mà lại chịu nghe tù đầu luôn . dễ hiểu dã man . em cũng muốn học thầy lắm mà em vùa đi làm tối về chăm con nhỏ . chỉ rảnh tù 10h khuya . nên chỉ coi video như này thôi. nếu thầy có dạy kèm và có phuong pháp học ntn đối với trừơng hợp như em thầy có thể chỉ dạy em không ạ",
"thầy dạy rất dễ hiểu ạ. em muốn học lớp của thầy lắm mà em làm đảo ca không có thời gian cố định, nên chỉ có thể nên youtube nghe thầy giảng thôi ạ. cảm ơn thầy rất nhiều ạ! chúc thầy luôn mạnh khỏe vv và thành công.",
"thầy có đăng video từ vựng của thầy trà. thầy trà phát âm rất chuẩn nhật, em có thể học theo nha",
đúng rồi em nhé!,
thầy cảm ơn em nhiều. chúc em sớm chinh phục được hết kiến thức n5 nha,
bản mới nhé em!,
học theo giáo trình này thì mình chuẩn bị sách gì cho n5 ạ,
"thầy này quá tâm huyết. không chỉ dạy đủ cả ngữ pháp, từ vựng ở ngưỡng n5 là cái ngưỡng trẻ em học ngôn ngữ rất chi tiết mà còn dặn dò cẩn thận, giúp nhiều người như em không cần phải đi học ở ngoài. respect thầy",
sao lại mina phải là minna chứ,
dạ em cảm ơn thầy ạ,
"đăng kí học một trung tâm khác, học bài một họ dạy lướt quá và hơi khó hiểu nên lên ytb tìm, thấy bài giảng ngữ pháp của thầy và trà thầy giảng tù vựng dễ hiểu quá huhu tiếc quá. em càm ơn các thầy đã đăng những bài giảng dễ hiểu như thế này ạ..",
"cảm ơn thầy rất nhiều 
mình là đứa chậm tiêu nhất nhưng nghe thầy giảng là khoái học",
em bắt đầu học,
thầy dạy hay quá,
thầy oi làm sao biết tên tiếng nhật ạ,
"dạ thầy đang dạy ngữ pháp n5 ạ,, học xong 2 bảng chữ cái katakana và hiragana nên học gì tiếp theo ạ, em cảm ơn ạ",
cảm ơn thầy,
thầy này dạy dễ hiểu mặc dù mình học tận 2 tháng đến khi định bỏ thì ông này là động lực của tôi,
"thầy ơi, thầy có nhận dạy kèm online 1-1 không ạ",
dạ thầy oi cho em hỏi câu cỏi có từ để hỏi có bỏ chủ ngữ khi nói được không ạ,
thầy dạy dễ hiểu thực sự,
"thầy dạy dễ hiểu, sâu sắc câu từ. thật sự rất xúc động khi mình đã bỏ 1 time khá dài không sử dụng tiếng nhât, mà nay vô tình thấy được thầy hướng dẫn lại bài đầu, nghe tới đâu là nhớ tới đó. biết ơn bài giảng của thầy. chúc thầy nhiều sức khỏe, vui vẻ và bình an",
"thật là may mắn thầy lấy lại được kênh, thật may mắn em bắt đầu học thì xem được video của thầy, 
iig - thạch thất 332025",
minano nihongo nhé em!,
thầy cảm ơn chia sẻ cực kì ý nghĩa của em  được chia sẻ kiến thức với thầy đó là niềm vui. được các bạn tin tưởng đồng hành mỗi ngày đó là niềm vinh dự. hi vọng những video thầy đăng trên kênh đều sẽ có ích cho em,
đúng rồi em ơi minna là tên của giáo trình em à.,
uki em nhé,
cảm ơn bạn nhiều  hi vọng những video này sẽ giúp cho bạn thêm yêu thích tiếng nhật,
chúc em học tiếng nhật dễ và hiệu quả nha,
thầy cảm ơn em nhiều,
thầy trà có 1 video ngắn về cách viết tên trong tiếng nhật đó em  em xem lại video nha,
em học tiếp từ vựng bài 1  ngữ pháp n5 nha em  học đúng chương trình mina 1 là chuẩn nhé em,
ukie em nhé!,
kiki ông này cảm ơn em nhiều,
   thank kiu  ông này,
nếu đăng ký học online thì đăng ký sao ạ thầy,
thầy cảm ơn nha,
"thông thường, chỉ có 2 trường hợp bỏ chủ ngữ là: chủ ngữ là bản thân mình, hoặc chủ ngữ đã được xác định trước đó em nhé!",
  dạ em cảm ơn,
thầy cảm ơn em nhé  hôm nay em đã học xong bài 1 chưa,
kiki tuyệt vời quá. được đánh thức lại kiến thức cũ là một điều vô cùng thú vị. thầy tin là kiến thức tiếng nhật của em sẽ nhớ lâu hơn sau mỗi lần em xem lại kiến thức,
thầy cảm ơn em nhiều  thật mừng vì kênh đã về. cố gắng chăm chỉ để không bỏ lỡ bài nào nhé em,
"thầy dạy hay quá ạ, xem cực kì dễ hiểu ạ",
xem video của thầy quá là tâm huyết và dễ hiểu nhất,
cảm ơn thầy,
"thầy ơi, em mới học xong bảng chữ cái cũng như các nguyên tắc rồi ạ. giờ em nên bắt đầu học bài từ vựng trước hay ngữ pháp trước ạ? và em nên học xen kẽ 2 phần này hay hoàn thành xong phần nào rồi học tiếp phần nấy ạ. em cảm ơn thầy ạ",
ơn trời. thầy lấy lại được kênh rồi,
mừng quá.. thầy đã lấy lại được gốc cho em,
"cảm ơn thầy, thầy dạy rất dễ hiểu",
e xem thầy dạy rất dễ hiểu . cám ơn thầy đã tạo ra video giảng dạy rất hay,
"thưa thầy, ta có thể dùng hiragana và katakana viết lẫn lộn trong 1 câu được không ạ. ví dụ một câu có thể viết bằng hiragana nhưng lại dùng thêm ít katakana hoặc thay bằng katakana. có tiêu chuẩn nào để mình viết không ạ. em xin cảm ơn thầy ạ",
đang nghe đến 1:00:00. đã hoàn thành,
thầy ib em với em muốn đăng ký học n4 ạ nay trượt rồi ạ,
em muốn đăng kí học thì ntn ạ,
cảm ơn thầy,
bây giờ là 23:09 ngày 6 tháng 1 2025.,
cô kaiwa quen để giao tiếp với đồng nghiệp nên muzukashi .mukashi mukashi benkyou n5 nihongo,
rất hay dễ hiểu,
có bạn nào chưa học bảng chữ cái đã xem video này không,
bạn rất giỏi trong giảng dạy,
kiki thầy cảm ơn em nhiều  nha,
thầy cảm ơn em nha. được em và các bạn ủng hộ thầy vui quá. chúc em sớm chinh phục được hết kiến thức n5 n4 nha,
thầy cảm ơn em nha  thầy chúc em sớm chinh phục được hết kiên thức n4 n5 nha,
thầy ơi em muốn học đủ lộ trình của n5 thì học từ bài nào theo thứ tự ạ. em cảm ơn thầy ạ!,
em học từ vựng trước rồi học ngữ pháp sau. và học từ bài 1 đến bài 25 là hết chương trình n5 nhé em. em học ngữ pháp xong thì em tìm thêm bài tập để nhớ sâu hơn nha,
dạ em cảm ơn thầy,
ukii em nha,
em học từ vựng thuộc rồi mới học ngữ pháp em nha  học vậy thì em sẽ tự tin học ngữ pháp hơn nha,
kiki vui quá em ơi,
kiki thầy cũng vui lắm luôn,
cảm ơn em rất nhiều  chúc em sớm chinh phục được hết kiến thức n5 nha,
em nói làm thầy vui quá. thầy cảm ơn em nhiều. chúc em sớm chinh phục được hết kiến thức n5 n4 nhé,
"trong tiếng nhật thì katakana dùng cho các từ đi mượn, hoặc để nhấn mạnh thôi em nha. nếu một từ vựng là hiragana thì em vẫn dùng hiragana trong câu bình thường em nha",
hơi dài chút nhưng đầy đủ kiến thức. em cố gắng học hết bài nha,
em giúp thầy nhắn tin vào fb nguyễn ngọc tiệp để thầy gửi thông tin khoá học cho em nhé! thầy cảm ơn em nhiều,
em giúp thầy nhắn tin qua fb nguyễn ngọc tiệp để thầy gửi thông tin khoá học cho em nhé! thầy cảm ơn nhé,
ukii em nha,
thật tuyệt vời cố gắng kiên trì nha em!,
dạ vâng ạ  vậy cô cố gắng nhé ạ,
kiki thầy cảm ơn em nhiều,
vậy thì tìm và xem ngay bảng chữ cái em nha,
mình cảm ơn bạn nhiều nha,
rất thuyết phục dể hiểu,
dễ hiểu huhu học ng khác không vào vừa vào xem thầy dính luôn,
cảm giác học từ thầy thấy đơn giản và có hứng thú học tiếng nhật hơn nhiều ạ.,
thầy ơi em đang muốn học online khóa học n5 ạ,
mình bắt đầu tự học trên youtube.không biết có ổn không,
muốn vào học bài 1 thì nên học thuộc thê chữ kanji hay học thuộc  hinagana và katakana là vào học bài 1 vậy ạ,
"thầy đã handsome lại còn dạy hay nữa chứ. học thầy dễ hiểu ghê. cảm ơn thầy nhiều. chúc thầy sức khoẻ và thành công, nhiệt huyết trên con đường giảng dạy tiếng nhật ạ.",
tên duyên thì viết ra tiếng nhật sao anh,
vậy học từ vựng ở đâu bà như thế nào ạ,
thầy ơi cho em hỏi thực tập sinh đọc và ghi sao vậy thầy,
quá ok  a. cảm ơn thầy a,
hay nhan. học online như này cũng ok.  cám ơn kênh. đã được kênh và theo dõi học tại nhà,
"bài giảng tuyệt vời nhất mà mình từng xem, quá là tâm huyết cảm ơn bạn đã chia sẻ",
cảm ơn thầy..thầy dạy dễ hiểu quá,
bắt đầu học onl từ n5 đến n4 thôi nào,
rất cảm ơn thầy..,
cảm ơn anh rất nhiều. để bình luận ở đây. ngày mai bắt đầu từ hôm nay,
thật đúng là cặn kẽ và rễ hiểu cảm ơn thầy giáo ạ,
có khoá học nào thầy dạy online kèm 1-1 không ạ,
cảm ơn bạn nhiều,
kiki thầy cảm ơn em nhiều. nhớ chăm chỉ học đừng phụ công thầy quay bài nha,
kiki chào đón em đến với những bài giảng của thầy. chúc em sớm chinh phục được hết bài giảng n4 n5 nha,
em cảm ơn thầy ạ,
"thầy đăng đầy đủ video rồi, em có thể học hết n4 n5 bằng các video của thầy đã đăng nha  em sẽ càm nhận được có ổn hay không khi học những video đầu nha",
học từ vựng trong bài học ở đâu vạy ạ,
"em học bảng chữ cái hinagana và katakana, biến âm.... xong thì em chuyển qua bài 1. em học từ vựng trước ngữ pháp sau. từ vựng thầy đăng 50 bài mina, em tìm giúp thầy nha",
kiki đọc bình luận của em mà thầy vui quá  như thế này thầy lại có động lực tiếp tục quay thật nhiều video rồi  chúc em sớm chinh phục được hết kiến thức n5 nha!,
"  dạ em cảm ơn thầy. 
trong tương lai em sẽ đăng kí lớp zoom của thầy trước khi sang nhật.",
em tìm list danh sách từ vựng 1- 50 mina 1 giúp thầy nhé!,
  thầy cho em hỏi tháng 3 năm sau em bay. mà ăn tết mình xong em muốn học online thì được không thầy.,
thaonguyen-gp2gt  em cũng có cùng câu hỏi này,
  dạ em cảm ơn thầy nhiều ạ,
kiki thầy cảm ơn em nhiều nha,
chúc em sớm chinh phục được kiến thức mina 1 của n5 nha,
thầy cảm ơn em nhiều nha  cố gắng chăm học không phụ công thầy quay bài nhé!,
kiki thầy cảm ơn em nhiều. chúc em sớm chinh phục được hết kiến thức tiếng nhật nha,
kiki học liền em ơiiii,
kiki cố gắng chăm chỉ học hết n5 nha em,
ukii luôn em ơi. cố gắng chăm chỉ chinh phục hết bài giảng n5 n4 nhé em!,
cố gắng chăm chỉ chinh phục được hết kiến thức n4 n5 nha,
de đang học luôn thầy,
hay wá thầy ơi,
học 25 bài này trước hay học 50 bài từ vựng trước vậy thầy,
thầy dạy dễ hiểu lắm,
điều tuyệt vời nằm ở đây .,
"thầy ơi, trong bài có vài từ kanji ấy thầy có video dạy không ạ?",
n1 no n2 thì phải dịch là n2 của n1 chứ ạ. học sinh của trường anh thì phải là trường anh (n1) no học sinh (n2),
mình học 2 bảng hiragana với katakana rồi mới bắt đầu học bài này hay sao ạ? em mới học nên không biết học cái nào trước!,
neu ten trong tieng nhat co nghia thi sao,
"học theo lộ trình của thầy thì dùng sách gì ạ , em chúc thầy có thật nhiều sức khoẻ ạ",
may quá có video của thầy để mình có động lực học,
muốn học kanji thì học như nào mọi người ạ,
mn cho tui hỏi mua giáo trình ở đâu ạ,
days 3. . điểm danh,
"thầy dạy đúng có tâm có tầm luôn , em chúc thầy có thâht nhiều sức khoẻ và thành công hơn trong tương lai ạ",
cảm ơn thầy rất hay và dể hiểu ah,
"dạ em chào thầy ạ,
em chỉ mới tìm hiểu về tiếng nhật thôi, hiện tại em vừa học vừa làm nên nhiều khi strethầy cũng như lười khi đụng vào sách vở, em vô tình xem 1 video ngắn của thầy chia sẻ về việc làm thế nào để không buồn ngủ khi học tiếng, em cảm thấy video rất truyền động lực luôn ạ. và thế là em lao vào cày view seri này, hiện tại em xem clip này là lần thứ 10 11 chi đó rồi, em ngồi bình thường cũng bật lên nghe để cho nhớ và có phản xạ. em chỉ mới học thuộc bảng hiragana thôi, nhưng những câu ví dụ và ngữ pháp, từ vựng trong video này của thầy em đã thuộc nằm lòng hết rồi  

có thể thầy không xem được những dòng này(e nghĩ là thường sẽ có 1 team riêng phụ trách mảng youtube) nhưng em vẫn muốn gửi lời cảm ơn đến thầy vì sự tâm huyết trong từng câu chữ để truyền đạt kiến thức

nhờ có những clip của thầy đã tiếp thêm động lực để có thể cố gắng nghiêm túc học hơn 
chúc thầy và những thành viên ở trung tâm nhiều sức khỏe và thành công hơn nữa ạ

cảm ơn thầy và team rất nhiều",
mn cố gắng học hết 25 bài nha  (mình cũng v ),
thầy dạy quá tận tâm và quá dễ hiểu luôn,
kiki cố gắng chăm chỉ em nhé!,
kiki thầy cảm ơn em,
em học từ vựng trước rồi học ngữ pháp em nhé!,
   vâng ạ!,
thầy cảm ơn em nha  cố gắng chinh phục hết n5 n4 em nha!,
kiki thầy cảm ơn loan nha,
"thầy cảm ơn em nhiều nha  em muốn hỏi về video kanji em nhỉ. video kanji thuộc tài liệu của khoá học online nên hiện tại thầy chưa thể chia sẻ công khai trên youtube được. em có thể tự học bộ thủ trước, sau đó học kanji từng trình độ nha",
  cảm ơn thầy ạ,
thầy vẫn dịch như vậy mà em nhỉ. em xem lại bài giúp thầy nhé!,
slide bị ngược ạ. slide ghi n1 của n2,
đúng rồi em nha. em học xong hết video bảng chữ cái rồi em học từ vựng và ngữ pháp nha,
em mua bộ sách mina no nihongo nhé em!,
kiki vậy cố gắng chăm chỉ không được phụ công thầy quay bài đâu nha em,
em học từ bộ thủ rồi chuyển sang học kanji n5 n4 nhé,
giáo trình minano nihongo em có thể mua ở bất kì hiệu sách nào nha em!,
thầy cảm ơn rất nhiều. thầy chúc em học tiếng nhật thật hiệu quả. cố gắng chinh phục hết kiến thức n5 n4 luôn em nhé!,
thầy cảm ơn nhiều nha. chúc em sớm chinh phục được hết kiến thức n5 nha,
"nếu thầy bảo là thầy vẫn làm người rep những bình luận này của em, thì em có tin không  
thầy rất cảm ơn em vì những tình cảm cũng như những lời chia sẻ đầy ý nghĩa của em. được em đồng hành cùng thầy chắc chắc là một cái duyên rồi. nếu có cơ hội thầy hi vọng được gặp em ở khoá học n3 nha  
thầy chúc em sẽ sớm chinh phục được khoá học n5 n4 nha",
"   dạ, em hẹn thầy ở khóa học cao hơn ạ.",
cùng các bạn cố gắng em nhaaaaaaaaa,
thầy cảm ơn feedback có tâm của em nha,
có ai tự học ở nhà mà mới bắt đầu học như mình không . thầy giảng rất hay ạ em mới bắt đầu học,
"nể thầy thiệt, video gần 2 tiếng quá chi tiết luôn",
"vừa vào bài 1 đã xuất hiện mấy chứ tiếng nhật ngoằn nghèo chả hiểu gì cả. ít ra cũng phải dạy cách viết, quy tắc viết, quy tắc phát âm đã chứ. chưa gì đã xằng với cả kưn gì đó nghe không hiểu gì.",
em cũng đeo tai nghe bật to để hiểu thấy to quá em bỏ tay nghe ra,
"thôi thầy ạ em theo thầy làm 1 gv bình thường, để họ tự lo đi, em giúp z đủ r",
cảm ơn thầy rất nhiều,
thầy dạy dễ hiểu dễ học. nhưng vì em học nghe thông qua tai nghe nên mỗi lần đổi bài là em hơi giật mình xíu,
anh ơi anh dạy ở đâu đấy cho em xin địa chỉ để vào học ạ,
thật sự là rất chi tiết rất dễ hiểu luôn  bật video thầy lên rồi ngồi vào bàn học mà mình tập trung học hơn mấy tiếng không hay luôn. mong là mình sẽ chinh phục được n5 và cảm ơn thầy nhìu lắm ạ,
học thầy dễ hiểu nhất,
ước biết kênh này sớm hơn,
thầy cô và ace trong trung tâm quá tuyệt vời. có cơ hội em sẽ đăng kí off line. hiện tại đăng kí kênh của thầy cô thay cho lời cảm ơn,
thầy ơi thầy em đọc nặng thành sềnh được không ạ,
thầycó thể cho em hỏi cách sử dụng các trợ từ gắn cuối câu trong tiếng nhật và cách sử dụng được không ạ,
"mua sách gì để tự học, ôn n5 ổn z anh (e có học 2 bản từ vựng r)",
có ai mới học không ib kết bạn cùng học,
e mất gốc n5 không biết bắt đầu từ đâu luôn,
kiki thầy cảm ơn em. có nhiều bạn cũng đang bắt đầu học giống như em vậy. em cố gắng chăm chỉ nha,
thầy có bí quyết gì học nhanh thuộc từ vựng không ạ.em học toàn hay quên dù biết từ vựng rất quan trọng,
vậy em cố gắng chăm chỉ theo bài không phụ công thầy quay bài nha,
từ vựng không lo học than cái gì,
ukii em nha,
ukii em nha   thầy đợi em.,
kiki ukie em nha  chúc em học tốt nhé,
thầy cảm ơn em nhé. để thầy xem lại âm thanh xem có bị sao không em nhé!,
"chào em, anh có lớp online và lớp zoom có thể học ở bất kì đâu. em liên hệ nick fb nguyễn ngọc tiệp để thầy tiện tư vấn cho em nha",
kiki tuyệt vời quá em ơi. cảm ơn vì những lời khen của em nha. thầy rất vui vì được đồng hành cùng em trên hành trình này. chúc em sớm chinh phục được khoá học n5 nha.,
"um thế ông học trên đấy đi dịch sao học đấy đi
anh tiệp giảng dễ hiểu như thế mà. đúng là lỗ tai cây",
kiki tuyệt vời em ơi. thầy cảm ơn em nhiều nha,
cũng chưa quá muộn đâu em. cố gắng học nha em,
thầy cảm ơn em nhiều nha. chúc em sớm chinh phục được video n5 n4 thầy đăng trên kênh nha,
ý của em là vĩ tố cuối câu phải không em?,
em học theo mina no nihongo là ổn. em học cả từ vựng và ngữ pháp song song nhau cho nhanh nhớ em nhé!,
"  ngữ pháp là gì z anh, chỉ cần học trong cuốn mina là được phải không anh",
đúng rồi em. có sách ngữ pháp mina riêng đó em nhé,
  em cám ine anh nhìu,
có tớ đây,
tôi với,
kb nào,
em cứ ôn lại ngữ pháp và học từ vựng nữa là sẽ ôn được lại kiến thức nha,
  vâng do ngày trước covid nên trung tâm dạy onl nên em không biết gì hết,
học gần xong n2 rồi vẫn mông lung quá giờ mình quyết định học lại tiếng nhật từ con số 0 luôn để nắm chắc kiến thức,
có ai như em không ạ? giờ mới bắt đầu học lại ạ.,
"e có học tiếng nhật ở trường r. em xem lại thấy th giảng hay quá. phương pháp giảng dạy dễ hiểu, có bài tập để ôn lại. rất biết ơn th. chúc th vui vẻ.",
thầy giảng rất chi tiết lần đầu em nghe được người giảng như thầy giá mà em xem được video của thầy sớm hơn,
có app gì trên điện thaoji có thể ôn luyện từ vựng không mn ai có cho em xin với,
quá ok luôn thầy oi,
cảm ơn thầy,
"video rất bổ ích ạ
cuối cùng em cũng đã tìm ra trang thầy để có thể tập trung vào việc học thôi ạ
cám ơn thầy",
"e tưởng đô na ta lịch sự hơn đa rê,  ô i kư tsu lịch sự hơn nan sai chứ ạ",
em cám ơn vì bài giảng ạ,
cảm ơn thầy nhiều  em mất gốc ngữ pháp 2 năm không dùng đến. giờ nghe lại dễ hiểu quá,
thầy dạy dễ hiểu quá,
"em cảm ơn thầy rất nhiều ạ, bài giảng hay quá ạ 3",
cảm ơn thầy rất nhiều ạ,
bắt đầu học lại từ đầu,
cảm ơn thầy tiệp ạ thầy dạy dễ hiểu,
"1 cấu trúc đưa ra rất nhiều ví dụ nên học rất dễ vào và không bị nản, thầy dạy hay phết",
thầy ủng hộ em ôn lại kiến thức nha. em vừa học vừa ghi chép lại kiến thức đã ôn để nhớ như in luôn nha,
kiki thầy cảm ơn em nhiều nha. chúc em sớm chinh phục được khoá n5 n4 em nha,
kiki may quá  em cố gắng chinh phục xong khoá n5 nhé em,
hiện tại thầy có app luyện ghi nhớ thực hành được mở miễn phí cho n5 em nhé  các n khác cần đăng ký khoá học mới học được em nha,
kiki thầy chúc mừng em đã tìm thấy thầy  cố gắng chinh phục hết n5 n4 thầy đăng trên kênh nha em,
ukii em nhé. thầy đợi em nha,
ok em nhé. em cố gắng học hết n5 rồi sang n4 học luôn nhé. thầy đăng hết video n5 n4 trên kênh rồi nha. yên tâm học nhé em!,
cố gắng một thời gian nữa là học xong được n5 n4 luôn đó em 3,
thầy cảm ơn em nhiều nhé,
cứ dạy xong bài nào mà có lời cảm ơn chân thành như thế này thầy lại thấy có động lực lắm luôn,
lần này học lại phải học chắc luôn để không phải học lại em nhé,
kiki học thế dễ vào hơn em nhỉ  thầy cũng thích học như vậy,
người mới học n5 thì nên mua sách nào vậy anh,
ôi trời thầy dạy chi tiết dễ hiểu quá ạ,
thầy dạy cũng dễ hiểu lắm luôn,
"thầy giỏi quá em học 2 ngày nói mới xong 
chắc em bỏ luôn quá",
em rất thích video . hú hú,
thầy dạy dễ hiểu qua,
mình học hết n4 cách đây 5 năm.giờ mở ra học lại cảm thấy quên quá nhiều rồi.vì không có cơ hội ôn hay sử dụng.làm thế nào để có động lực học lại từ đầu đây.ngoài 40 tuổi rồi,
thầy dạy dễ hiểu lắm ạ cảm ơn thầy rất nhiều ạ,
cảm ơn thầy rất nhiều,
"anh giảng dạy rất chi tiết rõ ràng dễ hiểu, chúc anh nhiều sức khỏe",
thầy dạy chi tiết dễ hiểu quá ạ,
cảm ơn thầy rất nhiều,
cảm ơn thầy đã chia sẻ kiến thức rất tận tình em là người mới bắt đầu học dễ hiểu dễ nắm bắt được bài và ghi nhớ tốt.,
đi học trung tâm cả tháng mới biết bạn .  biết sớm thì ở nhà học cũng ok,
45 tuổi đang học tiếng nhật.bỏ 25 năm đi làm kg có cơ hội học.giờ đi học già nó rồi.nhưng vẫn cố gắng,
em đã học tại nhà chữ cái vì lười nên chưa học nhanh.,
10h học bắt đầu,
"thầy dạy hay , dễ hiểu quá ạ",
thầy dạy nhiệt tình dễ hiểu.  cảm ơn thầy rất nhiều.,
"muốn học thì tìm thầy ở đâu, có dạy online không thầy ,",
n5 n4 thì thầy thấy bộ sách mina rất phù hợp em nha.,
thầy cảm ơn em nhiều. chúc em sớm chinh phục n5 n4 nhé 3,
kiki thầy cảm ơn em nha  cố gắng chinh phục xong n5 n4 em nha 3,
"cố lên em ơi. chặng đường này có thầy đồng hành, đừng bỏ thầy nha",
mình nghĩ bạn cứ cố gắng học và ôn lại những kiến thức cơ bản trước. dần dần khi học thêm được nhiều kiến thức bạn sẽ thấy mình có thêm động lực đó nha,
thầy cảm ơn em nha  em cố gắng học theo nha,
thầy cảm ơn em nha  chúc em sớm chinh phục được n5 n4 nha,
tuyệt vời quá. vậy em cố gắng kiên trì chinh phục hết chương trình n5 n4 nha,
thế giờ học lại luôn từ đầu luôn đi bạn  chúc bạn sớm hoàn thành chương trình n5 n4 nha,
"tuyệt vời quá ạ. mỗi ngày học một chút, em tin là chị sẽ sớm hoàn thành được bài học n4, n5 nha em",
  ... đang chuẩn bị qua nhật bản rồi ...biết nói ít rồi.cảm ơn thầy,
"vì gio trên lop thầy dạy rất nhìu bài cho nhìu ng . nên không thể hieu được cach dạy . vì cod ng học bài 8 ng moi len bài 2
dù học 2buoi nhug không co hiêu bang . nen tìm thầy tiep học",
giải thích gõ gàng để em hiểu gõ lun,
ukii em nha. em cố gắng dành thời gian học hết n5 và n4 nha,
  dạ em đang cố học truoc bài . sê dạy rất hay á . em học sg muốn học bên sê để tốt tiếng nhật hơn,
cố gắng chinh phục từng chút từng chút một nhé em,
thầy cảm ơn em nha  em cố gắng kiên trì học hết n5 và n4 nhaaaaa,
thầy cảm ơn em nha. chỉ cần các bạn kiên trì học tới cùng thì đó cũng là lời cảm ơn chân thành với thầy rồi,
em liên hệ nick fb: nguyễn ngọc tiệp giúp thầy nha  thầy cảm ơn em nha,
162 em đã cười rất nhiều,
"1 năm 3 tháng học tiếng nhật, nhờ xem từ bài 1 đến ngữ pháp sinkanzen n3 của thầy nên đã đỗ n3 trong 10 tháng từ khi chưa bình thường gì. thật sự cảm ơn thầy",
em muốn học bảng chữ cái,
thầy ơi cho em xin link học chữ cái,
"cảm ơn thầy rất nhiều, thầy giảng dễ hiểu ạ",
cảm ơn thầy,
"cảm ơn thầy rất nhiều, tuy em mới lần đầu học nhưng thầy giảng rất có tâm và dễ hiểu, em học theo và phát âm thấy tự tin lắm luôn. mong thầy và trung tâm luôn nhiều sức khỏe và giảng thật nhiều bài hay đến những người học như chúng em. cảm ơn thầy nhiều ạ",
"em cảm ơn thầy nhiều ạ, thầy cho em hỏi các hán tự là mình tự học hay trong chương trình có dạy ạ ?",
cảm ơn thầy nhiều thật tốt bụng,
rất hay.va rât dễ hiêu,
"em đã mải mê tìm nơi để học 
và quyết định mua sách về tự học ở nhà qua các video của thầy
mê cách thầy chi tiết với từng câu chữ khi dạy",
cho em xin link file nghe của sách minano nihongo 1 với ạ,
watashi wa watashi dets ( tôi là tôi ạ ),
watashi wa thuy dets,
thầy không dạy 25 bài từ vựng à?,
em bắt đầu mới học mà thấy anh dạy dễ hiểu quá.,
"cảm ơn thầy nhiều lắm, chúc thầy sức khỏe dồi dào,",
mình mới học tiêg có thắc mắc là khi nào minh viết tên của nguoi nào đó bằng chữ hiraganavà khi nào viết bằng chữ katakana hay ntn?,
thầy cũng có khiếu hài hước đấy chứ,
ui thầy chúc mừng em nha. thật sự đây là điều tuyệt vời nhất trong ngày. một lần nữa thầy chúc mừng em. tiếp tục cố gắng và phát huy năng lực tiếng nhật của mình nha,
một ngày b học mấy tiếng mà lẹ vậy,
em tìm trong phần danh sách sẽ thấy chuỗi video bảng chữ cái tiếng nhật nha em,
em tìm trong phần danh sách sẽ thấy chuỗi video bảng chữ cái tiếng nhật nhé em,
thầy cảm ơn em nhiều nha. thầy hi vọng là những video thầy đăng sẽ có ích cho em. thầy có đăng đầy đủ các video để có thể bắt đầu học tiếng nhật rồi. em cố gắng sớm chinh phục n5 - n4 nha,
"em có thể tự học 216 bộ thủ, sau đó tự học kanji theo từng cấp độ nha em. còn chương trình học kanji ở minato thì chỉ dành cho khoá học online thôi em à.",
dạ thầy ạ.,
kiki em cố gắng học hết n5 n4 thầy đã đăng nha,
thầy chúc em học tốt và chinh phục được hết n5 và n4 nha,
thầy có đăng 25 bài từ vựng do cô trà giảng dạy nhé em! em tìm từ vựng mina 1 giúp thầy nhé!,
  nhưng không phải là thầy dạy..hihi,
cảm ơn anh thầy rất nhiều,
"chúc em học tập tốt, sớm hoàn thành chương trình n5 nhé",
thầy chúc em học tập hiệu quả nhé,
thầy thấy không phải tên người nhật thì đều được viết katakana em nhé,
2k10 học lúc này có thichs hợp không thầy,
ai có thể giúp tôi ngữ pháp bài 1 n5 được không . thầy giao bài về nhà khó quá tôi không hiểu,
sao mà mấy ông xuất khẩu lao động bắt học thuộc muốn xỉu,
"thầy dạy dễ hiểu lắm,em cảm ơn thầy nhiều .em chúc thầy thật nhiều sức khoẻ.",
thầy giảng hay thật em cảm ơn thầy nhiều ạ,
"em mới bắt đầu học thấy khó khăn quá.nhờ thầy dạy mà bây giờ em tự tin hơn rồi. mong có nhiều bài 2 ,3 ,4 ,5... hơn nửa.cảm ơn sei",
nói đề sư vẫn ra đúng e,
cảm ơn thầy nha,
em đã tự học minna 2 của anh thi đỗ n4 cách đây 3 năm trước. anh rất tâm huyết. giờ em quay lại ôn và dạy cho hsinh của mình lên youtobe tìm anh để tự học và chuẩn bị bài trước. cảm ơn anh rất nhiều ạ. mong anh chia sẻ nhiều hơn kiến thức cho mn ạ. chúc anh luôn thành công ạ,
"watashi desu mới là tôi là mà ủa.
watashi wa có phải không minna san",
không thấy tiệp dạy cách học từ vựng nhỉ,
rất là bổ ích luôn,
cảm ơn bạn tiệp. dễ hiểu hơn xem những video của trang khác ạ,
tôi sang n4 mà giờ mới hiểu cặn kẽ bài 1 của n5,
thầy dạy hay gần bằng lồng tiếng anime rồi đó,
"thầy dạy hay quá, rất dễ hiểu và nói rất hay, theo thầy suốt thôi",
"em có thể học luôn từ bây giờ được nhé, em học từ bảng chữ cái, khi nào hết bảng chữ cái em quay lại bài 1 học nhé  thầy chúc  em học tập hiệu quả nhé 3",
"bạn thử xem lại kiến thức mình đã nói, sau đó thử áp dụng kiến thức và làm bài tập nhé bạn!",
"học như vậy để giới thiệu khi đi phỏng vấn đơn hàng là hợp lý em nhé. nói như vậy để thể hiện sự lịch sự với giám đốc, cấp trên... nhé em!",
thầy cảm ơn em  chúc em học tập tốt sớm hoàn thành chương trình n5 nhé,
thầy cảm ơn em nhé!,
thầy chúc em học tập tốt nhé,
"đọc những dòng này của em, anh thật sự rất vui. những chia sẻ của em sẽ là động lực để anh tiếp tục chia sẻ thêm thật nhiều kiến thức đến cộng đồng tiếng nhật nữa. anh cảm ơn em nhiều nhé!",
thầy vẫn dạy từ vựng trong khoá học em nha,
  là không có ở you tube ạ?,
thầy chúc em học tập tốt nha,
chúc bạn học tập tốt nhé,
hahaha  em  vui tính quá,
thầy cảm ơn em nhiều nha! chúc em học tốt nhé  3,
cám mơn anh nhiều nhờ anh mà em hiểu thêm về bài học rất nhiều ạh,
dễ hiểu quá.không như trường dạy,
"thầy cho em hỏi tên người viết chữ hira hay kata vậy ạ, tại em thấy lúc thì thầy viết kata , lúc thì hira ạ. em cảm ơn ạ",
"sao
yêu  nhật bản nên tôi học để sang nhật bản",
"cảm ơn thầy, giờ em đang học tiếng nhật chả hiểu gi khi học ở trường, mà ngễ thầy giảng em thấy dễ hiểu hơn trên trường",
thầy dạy hay quá,
"hay quá thầy ơi, rất dễ hiểu em không biết gì cũng học được",
thầy có dạy onl không ạ,
thầy có dạy onl không ạ,
"trời ơi em học trung tâm mất 5tr mà còn không được chi tiết như này nữa. học trung tâm bài 11 khó hiểu quá xem của thầy dễ hiểu hơn rất nhiều nên quay lại học lại từ b1 luôn

 thầy quá tâm huyết luôn ạ, cảm ơn thầy rất nhiều, em chúc thầy ngày càng thành công trên sự nghiệp của mình ạ",
"đây là video đầu tiên em xem trên hành trình học tiếng nhật của mình. những gì thầy và đội ngũ chia sẻ thực sự là rất tận tâm. từ hướng dẫn cách đọc, ngữ điệu, từ vựng và cách thầy giảng.... em xin chân thành cảm ơn thầy và đội ngũ ạ.",
thầy dạy em không dời mắt lun!!!!,
cám ơn những bài giảng của thầy.. cách dạy của thầy hay lắm. chúc thầy nhiều sức khỏe.,
em xin tri ân thầy rất nhiều vì bài học rất hay và bổ ích này ạ.,
"cảm ơn thấy, bài học rất rõ ràng và chi tiết, dễ hiểu!",
"cảm ơn thầy đã dạy em hiểu bài rất nhiều,cho những người không có thời gian đi học như em khi nghe thầy dạy em nghe rất dễ hiểu ,cảm ơn thầy nhiều lắm",
"thầy cho em xin zalo được không à, em muốn đăng ký học online.",
ngày nhà giáo việt nam mới biết đến thầy. chúc thầy nhiều sức khỏe để ra nhiều video,
cảm ơn thầy,
chúc em học tập tốt nha  3,
chúc bạn học tốt nhé  3,
"câu trong tiếng nhật thông thường được viết bằng chữ hiragana, katakana, chữ hán. tên người, địa danh nước ngoài hoặc các từ ngoại lai được viết bằng chữ katakana em nha!",
thầy chúc em học tốt nha 3,
cảm ơn em đã theo dõi thầy. chúc em học tốt nhé 3,
"thầy cảm ơn em nhiều, mong rằng luôn nhận được sự ủng hộ từ em",
"thầy cảm ơn em. chúc em học tốt, sớm đạt được mục tiêu nha 3",
thầy cảm ơn em. chúc em học tốt nha 3,
"thầy cảm ơn em. chúc em học tốt, sớm đạt được mục tiêu nha 3",
cảm ơn em đã theo dõi thầy. chúc em học tốt sớm đạt được mục tiêu của mình nhé,
cho mình hỏi thi n1-n5 có thi nói và viết không ạ?,
đã xem xog bài 1 cám ơn thầy nhiều lắm,
watashi wa giang còi desu.,
e tính sẽ cố gắng tự học sau 1 tháng để khi được gặp thầy có thể chào hỏi tự giới thiệu được vài câu tn với thầy.,
trung tâm mình ở đâu ạ! em muốn xin sdt của thầy tiệp ạ! cảm ơn thầy ạ!,
hay quá cảm ơn thầy. em bắt đầu học đây ạ!,
"thầy dạy rễ hiểu ghê,10điem",
em mới bắt đầu chưa biết gì học thầy em biết thêm với thầy dạy dễ hiểu,
anh giảng rất có tâm và dễ hiểu,
a dạy hay thật. em chuẩn bị đi du học xem được clip này. quá hay ạ.,
minato dễ học quá,
tình cờ xem được kênh của thầy em học trên trường quá nhanh nhờ có thầy mà em đã hiểu bài ạ,
trước khi học cái này thì phải học bản chữ cái trước đúng hông ạ,
"đây là video đầu tiên mình xem khi mới tiếp xúc tiếng nhật vào khoảng 2 năm trước, bây giờ đã có n2 rồi  xem lại bồi hồi quá đi",
dạy cuốn quá ạ,
tự học được hết á cac bạn oi thầy dạy hết n4 lận,
"mới bắt đầu học tiếng nhật mà nghe thầy giảng dễ hiểu lắm ạ,sẽ cố gắng theo thầy để học hết n5 rồi đến n4 
thầy quá tận tâm !",
"thầy giảng rất truyền cảm và thu hút , dễ hiểu .",
thấm đang học tiếng nhật 3,
cảm ơn thầy rất nhiều . thầy dạy thật tâm huyết,
"hôm nay là lần đầu tiên em học thầy ,e  cũng mới bắt đầu học tiếng nhật nên đi học ở trường rất nặng với em nếu không chuẩn bị trước .và em rất cảm ơn thầy vì đã dạy rất nhiệt tình cho các bạn mới như em ah 
chúc thầy thật nhiều sức khoẻ ạ",
thầy có dạy online không . em đang làm việc ở nhật muốn học á,
tuyệt vời. em đang học đến bài 9 và hôm nay mới được xem video này của thầy. chúc thầy sức khoẻ.,
"hướng dân chi tiết nhiệt tình quá ,  ngu như mình cũng hiểu , cám ơn thầy nhé",
"em đang học lại tiếng nhật từ đầu và có xem qua nhiều người giảng nhưng thấy video của thầy là giảng nhiệt huyết thật sự luôn ạ, mặc dù học qua video của thầy nhưng giúp em rất dễ hiểu bài và nhớ được lâu hơn. mong thầy ra video cách học kanji cho người mới bắt đầu nua ạ",
"người thầy tâm huyết nhất mà mình từng học luôn ấy mn oiiiii, đối với 1 ng tự học tiếng nhật như mình thì mình thấy thầy dạy rất perfect luôn, vô cùng dễ hiểu và tâm đắc nhất trong các thầy cô dạy tiếng mà mình từng gặp
chúc thầy thật nhiều sức khoẻ ạ !!!",
"em đang học lại từ đầu, xem nhiều video nhưng học theo thầy hay và dễ hiểu((: cảm ơn thầy",
thầy dịch từ mới tiếng nhật viết ra tiếng việt có từ nghệ không rõ cảm ơn,
tuiii cũng thắc mắc dóng bạn,
ban gioi vây,
bạn tự học hay sao ạ? giỏi quá.,
"mình giờ bắt đầu học, xin vía từ bạn",
mình chưa biết tiếng nhật trước khi học tiếng n5 bài 1 của thầy thì mình có cần học  het bảng chữ cái rồi mới bắt đầu vd nàyy hayy không vậy ạaaa,
"mình cũng cùng ý kiến giống bạn ,từ không biết gì mà giờ bị cuốn ghê",
muốn học từ vựng thầy dạy mà sao tìm không thấy á,
anh dạy mà em đã biết cách đọc bài giảng dễ hiểu,
công nhan thầy day de hieu,
quá tuyệt vời thầy ạ,
"thầy có bán file mềm các bài học n5 này không ạ,",
"thầy dạy kỹ quá, rất hay ạ",
gặp được video của thầy có hứng học hơn đối với đứa mới học như e,
"tuyệt vời quá sê ơi, em học ở lớp không hiểu , lên đây nghe thầy giảng cái hiểu luôn",
em muốn học một khóa online ạ,
học hết 20 bài mina đầu tiên có đỗ được n5 không ạ,
cho em hỏi là chỉ học trên có đỗ được n5 không ạ,
cho em hỏi 1 câu này,
thầy quá tuyệt vời thầy ơi,
"dễ hiểu ghê, thankiu thầy cô nhiều ạ",
arigato gozaimasu thầy bài học rất tuyệt vời,
thầy dạy hay quá dễ hiểu á em cảm ơn thầy nhiu á,
e muốn xem lần lượt học xong video này xong học ntn nữa á,
thầy dạy cực kỳ dễ hiểu mình không trên lớp cô dạy nhanh không hiểu ln í,
"tận tụy zữ lun, cảm ưn minato nhìu nghen",
thầy ơi khi nào chữ có dấu nhỏ vậy ạ?,
thầy cảm ơn em nhiều nha  chúc em học tập tốt,
"rất hay ,cảm ơn thầy ạ",
thầy cho em hỏi n5 có tổng hợp là 25 bài phải không ạ.mong được thầy trả lời em ạ !,
hay quá thầy ơi. kỹ càng dễ hiểu nữa.,
thề luôn chưa bao giờ học ol mà thấy có hứng thú như khi xem video của thầy và học. tìm kiếm trên yt bài 23 rồi bắt gặp đk video của thầy hay quá nên giờ cày lại từ bài 1 nè,
cám ơn thầy,
"đến bây giờ mới biết kênh của thầy 
thật lòng biết ơn thầy ạ",
có app nào học từ vựng phù hợp với giáo trình này không ạ thầy,
em dạy rất hay cũng rất dễ hiểu,
thầy dạy dễ hiểu qá ạ.,
rất hay. và hữu ích cám ơn a. đang không biết học sao khi trên lớp  cô giảng nhanh. rất may mănd thấy kênh của anh.,
sao biết đọc tên mình z ạ theo tiếng nhật í thầy,
bắt đầu học lại n5 lần thứ 3 từ 662023,
anh dạy rất chi tiết và dễ hiểu,
thầy cho em hỏi mình nên học ngữ pháp trước hay học kanji trước ạ? người mới bắt đầu từ 2 bảng chữ cái thầy ạ,
thầy dạy rẩt dễ hiểu,
thầy giảng dể hiểu,
"giảng rất chi tiết, rất nét, kỹ càng, dễ hiểu -- thầy tuyệt vời",
giống mình kaa,
"học ngữ pháp thì cũng cần có vốn từ vựng để thực hành em ạ, nên em cần học song song nhé. khi học từ vựng thì học cả kanji luôn, chứ đừng để mất gốc kanji sau này quay lại học sẽ rất vất vả đấy.",
  em cảm ơn thầy ạ.,
tên người là dùng katakana phải không ạ,
"thầy dạy rất hay  , dễ hiểu . gặp được thầy tiếng nhật của em giỏi x2  em cảm ơn thầy nhiều",
thầy có nhận dạy onl không ạ.thay day de hiểu lam,
hay lắm thầy,
hâm mộ thầy ghê cơ.,
tuyệt vời quá thầy,
thầy ơi học đến đâu để đạt được n5  n4 ạ,
anh giang ki va de hieu,
"thầy giảng hay quá ! cảm thầy đã ra nhiều video hấp dẫn người học như vậy ,rõ ràng,dễ hiểu.",
"thật sự rất kỹ cà dễ hiểu, xin cảm ơn",
thầy dạy có tâm quá .cảm ơn thầy nhiều ạ,
thầy ơi cho em hỏi là tên của em là tâm thì khi nói tiếng nhật sẽ thêm gì vào sau ạ,
thầy và các bạn ơi em bắt đầu học thì xem video nào ạ,
thầy dạy rất chi tiết và dễ hiểu .mình đang bắt đầu học bài 1 hy vọng sẽ đồng hành hết video của sei,
thầy ơi giáo trình thầy dạy trên đây là gì vậy ạ?,
quá tuyệt vời thầy ạ.,
"cám ơn anh tiệp minato rất nhiều, bài giảng của anh rất tâm huyết và cụ thể.",
"chuẩn em nha, tên người nước ngoài sẽ dùng katakana nhé.",
em xem video học từ bảng chữ cái nha,
"bạn ơi, tui mới bắt đầu học, thì lên học từ đâu ạ",
hay thầy,
"em lướt tiktok thì thấy giới thiệu thầy dạy hay, dễ hiểu nên em mò sang đây
ai ngờ....hay và dễ hiểu thật mn ạ
cảm ơn thầy nhiều ạ",
"em học đến n3 rồi mới biết đến kênh của thầy , thật sự thầy giảng quá dễ hiểu. mong ｎ2 sẽ đki theo học được thầy 3",
dễ hiểu quá đi,
"thầy ơi, 18:00 cấu trúc n1 no n2 phải dịch là n2 của n1 chứ ạ?",
thầy còn từ sama thì dùng khi nào ạ,
giảng  hay  quá  thầy  ơi,
thầy dạy dễ hiểu cho thầy ngàn lai,
hay qa thầy ạ,
mình học hết bài 1 ở trung tâm mà vẫn lơ mơ . nghe xong clip thông luôn. thanhsk,
cảm ơn thầy.,
"đến bây giờ em mới biết đến kênh này trên youtube, thật sự nể và trân trọng những gì mà thầye đã làm và cống hiến chất xám của mình để chia sẻ cho mọi người. chúc thầy luôn thành công và phát triển",
em mới học sáng học cô tối về nghe lại thầy giảng hiểu bài luôn. cảm ơn thầy ạ.,
vẫn đang học ạ. đang cb vào bài 1,
thật biết ơn thầy đã có chuỗi bài giảng hay và chất lượng như thế này ạ,
hay quá thầy ơi,
thầy dạy tận tâm quá.có bạn nào thành công học video online như này chưa nhỉ,
thầy ơi học xg bản chữ cái higarana với các nguyên âm trường âm là học ngữ pháp được rồi đk thầy,
thầy dạy rất kỹ và hay .,
thầy giảng dể hiểu quá,
e chào  thầy  ạ  em học  trâm nên  em xem đi  xem lại  video của  thầy  mỗi ngày  nên  em tiến bộ  hơn  rất  nhiều  em rất  mong  thầy  ra nhiều  video hơn  để  giúp đỡ  nhiều  người  học  kém  như  em ạ em cảm ơn  thầy  nhiều  ạ,
quá tuyệt thầy..rất tâm huyết..cảm ơn ạ,
chân thành cảm ơn tiệp thầy rat nhiều ạ! bài học không những miễn phí mà thầy dạy cực kì tâm huyết luôn ạ!!! chúc thầy và trung tâm ngày càng phát triển và tiếp cận đến với thật nhiều người.,
"hôm nay em bắt đầu học ngữ pháp bài 1 em vừa học xong bài 1. cảm ơn thầy rất nhiều , pp giảng dạy của thầy rất dễ hiểu ạ .",
tuyệt vời thầy,
cảm ởn thầy về bài giảng rất hay ah,
hay quá ạ,
thầy giảng siêu chi tiết và dễ hiểu luôn ạ trung tâm . em cảm ơn thầy nhiềuuu,
"damn đây là lần đầu tiên em coi 1clip 2tiếng không skip
thầy dạy dễ hiểu vl",
e dg làm cũng yamada kun thầy ạ,
"tuyệt quá thầy ơi
cảm ơn thầy nhiều ạ
chúc thầy sức khỏe ạ",
thầy có trung tâm không ạ,
"đây là lần đầu tiên em xem và học một bài giảng tiếng nhật từ đầu đến cuối mà không hề thấy chán như vậy. thầy tiệp giảng dạy rất dễ hiểu, bài giảng sinh động, chi tiết và rất tỉ mỉ. nhất là về phần phát âm. cảm ơn thầy đã giảng dạy bằng tất cả tâm huyết của mình. cảm ơn đội ngũ giáo viên đã hết lòng vì những người như bọn em ạ. chúc thầy cùng các thầy cô có thật nhiều sức khỏe để tiếp tục công việc và đam mê của mình ạ. em sẽ luôn ủng hộ kênh ạ!",
thầy cảm ơn em nhiều nha. cũng vì những lời này mà thầy và đội ngũ giáo viên ở minato luôn có thêm động lực để giảng dạy,
giọng thầy hay quá,
không thể tin được dạy miễn phí mà lại tận tâm đến như thế! em chân thành cảm ơn thầy tiệp minato và đội ngũ giáo viên đã hết lòng vì chúng em như vậy 3 em sẽ like và sub kênh ạ !!,
"huhu mình đi học đến bài 5 vẫn không hiểu lắm , ở nhà tìm thấy thầy học thử xem dễ hiểu quá luôn í , cảm ơn thầy em biết nói tiếng nhật rồi",
"e moi học n5 được nghe nhưng bài của thầy hay và dễ hiểu quá
cảm ơn thầy nhiều ạ",
em muốn học khoá học bên thầy thì làm sao ạ,
thấy thầy dạy hơi bị hay,
thầy tiệp dạy hay quá nhờ có những video của thầy tiệp mà em hiểu được cách chia thể chia thì,
thầy　dạy hay quá ạ,
"thầy ơi làm thế nào nhớ được từ vựng lâu ạ
em học từ vựng thuộc trc quên sau thầy oi",
thầy ơi em có thể mua sách học thêm từ vựng của nhà xuất bản nào để bổ sung thêm kiến thức được ạ... em cảm ơn ạ..!,
thầy dạy dễ hiểu lắm,
thầy và cô cực tâm huyết luôn ạ. chúc thầy cô thật nhiều sức khỏe để tiếp tục con đường giảng dạy. được học miễn phí mà các thầy cô giảng hay quá 3 3 3,
dễ hiểu quá  tuyệt vời,
"tuyệt vời quá em mới học lên bài một được 3 ngày rồi mà không hiểu gì hết không muốn học nữa luôn ấy, may quá hôm nay vô tình xem được video của thầy mà em mừng quá dễ hiểu dễ nghe dễ nói, cảm ơn thầy nhiều lắm đã truyền tải cho em thêm năng lượng để học tiếp ạ",
"đây là clip học tiếng nhật đầu tiên mình xem, mới 2p đầu thôi nhưng đã có ấn tượng rất tốt vì thầy giáo nói về tàm quan trọng của từ vựng khi học ngữ pháp. mình chưa có trải nghiệm gì với tiếng nhật nên không biết sao nhưng điều này đối với tiếng anh thì rất đúng! kể cả khi giao tiếp tiếng anh, thì từ vựng mới là chìa khoá truyền đạt ý muốn chứ không phải ngữ pháp.",
thay day kỹ quá. dễ hiểu,
cho em hỏi là list từ vựng của bài 1 là ở video nào ạ? hay sách nào sẽ đầy đủ từ vựng từng bài thầy chỉ giúp em với ạ?,
thầy diễn sâu ghê á,
"ồ trư ca rê sa ma đesu tà
đô mồ à ri ga tô gồ zai maát tà",
thầy dạy quá là tâm huyết hơn cả thầy chủ nhiệm của em chúc thầy có thật nhiều sức khoẻ ạ,
"cái gì cũng thế em ạ, học xong phải sử dụng, thậm chí sử dụng thường xuyên mới nhớ được. em cố gắng sử dụng những từ mình đã học trong giao tiếp hàng ngày mới nhớ được lâu. phát triển ý khi mình nói, dùng nhiều từ vựng mới học hơn là sẽ nhớ được đó.",
nếu em học sơ cấp thì ngoài minna no nihongo em có thể tham khảo thêm somatome hoặc shinkanzen nhé.,
"từ vựng chiếm 60-70 nhưng muốn truyền đạt đúng ý thì phải có ngữ pháp
ngữ pháp ví như gia vị của 1 món ăn, không có thì nhạt, dùng chuẩn thì nó sẽ ngon
nhưng không có thức ăn thì không có gì cả",
đô i ta si ma si tê,
cảm ơn em nhiều  mong là những video này sẽ giúp ích cho việc học tiếng nhật của em nhé.,
  dạ mong anh ra nhiều video ạ,
"thầy ơi, cho em xin powpoint có được không ạ?",
em cảm ơn thầy nhiều,
cảm ơn thầy nhieu ạ,
nên học từ vựng của cô trà hay ngữ pháp của thầy trước ạ,
cảm ơn thầy nhiều ạ.14.8.2022,
cho em xin link tài liệu được không ạ,
"cảm ơn thầy ạ, bài dạy thực sự có tâm",
tuyệt vời thầy ơi,
"thầy ơi, tôi tên kà nhật, thì tên nhật trong tiếng nhật viết sao ạ",
e mới học bảng chữ cái .muốn học n5 thì học ở đâu vậy thầy . thầy dạy dễ hiểu .mong thầy chỉ giúp .e cám ơn thầy ạ,
"cảm ơn, vì video rất hay!",
cảm ơn anh ạ,
ui cuối cùg cũg đã có kênh dạy ngữ pháp đầy đủ,
thầy dạy dễ hiểu quá,
có tâm ắt có tầm. cảm ơn thầy rất nhiều.,
thầy giảng rất tâm huyết. cảm ơn thầy rất nhiều 3,
"thầy ơi em mới bắt đầu từ số 0, vậy em phải học bảng chữ cái trước rồi mới xem video từ vựng, rồi xem video chữ cái ạ? em bị lơ mơ lộ trình quá ạ",
thầy dạy hay quá,
"thầy cảm ơn em nhiều nhé, trong quá trình học nếu có gì không hiểu thì đừng ngại để lại bình luận, thầy sẽ phản hồi em sớm nhất có thể nhé.",
thầy không rõ là em muốn xin cụ thể link về tài liệu gì. tuy nhiên em có thể truy câp vào web của minato: minato.edu.vn sau đó vào phần thư viện kiến thức .... để tìm tài liệu em cần nhé.,
"thầy cảm ơn em nhiều, khi tự học có gì không hiểu thì đừng quên để lại bình luận để thầy trợ giúp sớm nhất có thể nhé!",
"thầy cảm ơn em nhiều nhé, em học có gì không hiểu thì đừng ngại bình luận để thầy trợ giúp nhé .",
  cảm ơn thầy ạ,
"thầy cảm ơn em rất nhiều, em học có gì không hiểu thì đừng ngại bình luận nhé, thầy sẽ giải đáp sớm nhất có thể!",
"cảm ơn bạn rất nhiều, chúc bạn học tốt!",
"cảm ơn em, chúc em học tốt!",
thầy cảm ơn em nhiều và chúc em học tốt nhé!,
"thầy cảm ơn em nhé, chúc em học tốt!",
"thầy cảm ơn em nhiều, chúc em học tốt nhé!",
"thầy cảm ơn em nhiều nhé, chúc em học tốt!",
thầy cảm ơn em và chúc em học tốt nhé!,
là mình xem video từ vựng rồi qua xem video ngữ pháp á thầy?,
"thầy dạy rất tỉ mỉ, mình mới bắt đầu học và cảm thấy hứng thú với môn ngoại ngữ này.",
cảm ơn thầy nhé . em học trên lớp tiếp thu được rất ít mà về nghe thầy giảng thêm thì hiểu được khá sâu rồi,
tại sao tên nobita không viết bằng katakana và có thêm san vậy ạ,
u là trời. phải nói là cực kì dễ hiểu và kĩ luôn ấy ạ.. cảm ơn thầy,
thầy dạy rất dễ hiểu ạ và qua việc xem video thầy dạy đã truyền cảm hứng học tiếng nhật cho 1 đứa mất gốc như em ạ!,
huhu thầy dạy dễ hiểu cá,
cảm ơn thầy nhiều lắm lun video rất cần thiết cho mn mong thầy vẫn sẽ tiếp tục phát triển,
xem 1 lần mà thấy thầy giảng hay và chi tiết.,
em mới bắt đầu học chưa biết chữ nào thì cần phải học như nào mong thầy giúp đỡ,
đúng rồi em nhé. em xem video từ vựng để học cách sử dụng từ rồi học ngữ pháp để vận dụng nha.,
dạ em cảm ơn thầy ạ,
"thầy cảm ơn em rất nhiều, thầy chúc em học tốt!",
cảm ơn thầy,
thầy cảm ơn em nhiều và chúc em học tốt nhé!,
"thầy cảm ơn em rất rất nhiều nhé, thầy chúc em học tốt!",
thầy cảm ơn em rất nhiều vì bình luận của em cũng là động lực dành cho thầy .,
"thầy cảm ơn em nhé, em có thể tham gia nhóm cộng đồng tiếng nhật minato dorimu trên fb để có thêm kiến thức và bài học hay mỗi ngày nhé.",
"thầy cảm ơn em nhiều, chúc em học tốt nhé   !",
không có phụ đề romanji thì khó học hơn,
"không hiểu sao giờ em mấy thấy kênh của thầy ,lưới qua tiktok thấy mọi người đăng những kênh lên học tiếng nhật qua youtube có kênh của thầy luôn vô đó bao nhiêu người cũng mê cách dạy của thầy vô bình luận quá trời",
công nhận thầy dễ hiểu mà chi tiết thật,
sàn hay là sàng... oh my god,
cảm ơn thầy dạy rất dễ hiểu ạ.chúc thầy thật nhiều sức khỏe ạ,
thầy dạy rất dễ hiểu. cảm ơn thầy rất nhiều,
cảm ơn thầy nhiều lắm,
thay day so good,
thầy cho em hỏi tên tran dinh lương tiếng nhật viết thế nào ạ,
cảm ơn thầy video rất ý nghĩa và chi tiết. xem video em thấy được tâm huyết của thầy. sẽ luôn ủng hộ kênh này!,
thầy dạy rất hay.,
"may quá gặp được video của thầy ạ,  thầy giảng dễ hiểu lắm ạ. like và đăng kí kênh thầy để theo đuổi tiếng nhật thôi hihi. em mới học tiếng nhật nên giảng rõ ràng như này em mới hiểu được",
rất chi tiết và dễ hiểu. cảm ơn anh và chúc anh mạnh khỏe ạ,
thầy dạy dễ hiểu lắm ạ,
rất hay thầy ơi !,
thầy ơi em đang bên nhật có lớp học online nào không ah em chưa biết gì mong thầy giúp đỡ ah,
cho thầy 1like thầy giảng tỷ mì hay nữa,
cảm ơn thầy nhiều lắmmm ạ 3,
thày ơi thầy dạy rất hay. em hiểu bài. nhưng có 1 thắc mắc là em muốn học từ mới ở đâu ạ,
thầy có dạy online không ạ,
thầy giảng hay quá.lai tỉ mỉ nữa,
"thầy ơi, bữa em có thấy bài hướng dẫn đăng ký học n5 miễn phí trên wed mà giờ em không nhớ vào wed nào để đk học, thầy chỉ giùm em với ạ, em cảm ơn thầy ạ",
cảm ơn chia sẻ của bạn mình cũng thích học tiếng nhật,
cảm ơn thầy rất nhiều ạ mong rằng thầy sẽ làm thật nhiều vi deo bổ ích như này ạ,
e rất thích video của thầy. hi vọng thầy ra cách để viết họ và tên trong tiếng nhật và cách nhớ quy tắc viết ạ,
ad ơi em hỏi là giáo trình minna ad dạy là bản cũ hay bản mới ạ,
"giờ mới biết tới thầy, thầy giảng hay quá",
"em ngồi học tê chân luôn  nhưng vẫn cố gắng ngồi học tới hết bài , thầy dạy hay lắm ạ",
thầy dạy hay quá ạ,
cảm ơn anh hi vọng anh sẽ ra nhiều bài tiếp theo nữa,
hay và tận tình chi tiết quy trình rõ ràng không áp lực mau tiếp thu.,
"em mới biết đến kênh thầy gần đây thôi, và em thấy thầy hay cô trà hay mọi người phía sau hậu trường có sự nhiệt huyết và quyết tâm nhất định đối với bài giảng, và chính nhờ điều đó đã giúp bài học trở nên dễ hiểu hơn. không dấu giếm gì, em là một học sinh n3 tiếng nhật, nhưng sau một thời gian, em đã mất gốc đi. mất gốc thì phải học lại, và một hôm khi đang tìm video giảng dạy thì thấy kênh của minato. rồi em bấm thử học một buổi và thấy có rất nhiều thứ của n5 mà khi trước các thầy cô của trung tâm khác chưa dạy cho mình (hoặc mình đã quên). và minato còn dạy mình cách đặt trọng âm, nhấn nhá thế nào sao cho chuẩn nhật, và sau 5 video xem thôi giọng của mình đã kiểu nhật bản hơn và nghe nó tự nhiên, thanh thoát hơn trước. và chính vì những điều đó, em xin gửi lời cảm ơn chân thành đến trung tâm mình và mong trung tâm sẽ ngày càng ra nhiều video giảng dạy để giúp ích hơn cho mọi người ạ!",
thầy dạy hay quá ạ,
thầy ơi. có kênh dạy chữ hán không ạ. em tìm mãi không thấy kênh của thầy,
chú tiệp ơi con thảo vy và đăng khoa đây ạ con và anh hai con sẽ ủng hộ chú ạ,
"em chào thầy. khi hỏi bạn là giáo viên phải không? mình sẽ trả lời là không, em không phải giáo viên, em là học sinh. thay vào đó mình sẽ trả lời là không, em là học sinh cho ngắn gọn. nhưng khi trả lời như vậy mình có bị bắt lỗi ngữ pháp không ạ?",
thầy giảng nghe hay và dễ hiểu,
xem đi xem lại càng ngấm thầy á,
"rất hữu ích lun á, dễ hiểu bài",
ui  chào 2 con nhé. cảm ơn 2 con đã ủng hộ chú,
em trả lời như vậy đúng rồi nhé.,
"thật hữu ích, cảm ơn thầy, trân trọng thầy",
cảm ơn thầy ạ,
thầy cho em hỏi với... em mới thuộc cơ bản thì học từ vựng hay học ngữ pháp của thầy ạ,
thầy dạy dễ hiểu quá ạ . sẳn tiện cho em hỏi thầy có video nào dạy cách đọc tuổi không ạ ?,
nhìn thầy nhìn vui vui kiểu gì,
thầy ơi em muốn thầy giúp em học,
thầy dạy hay quá! cảm ơn thầy nhiều,
xem nhiều video bài 1 n5. nhưng chỉ có. bài của thầy chi tiết và dễ hiểu lắm. cảm ơn thầy nhé 3,
cảm ơn thầy rất nhiều ạ!,
dễ hiểu lắm ạ!! cảm ơn thầy !!,
hay lắm anh ạ... dễ hiểu nữa,
bài hay lắm ạ. em mới học nhờ cách truyền đạt của thầy và cô mà em tiến bộ rất thuận lợi ạ. cảm ơn thầy cô rất nhiều.,
thầy dạy vừa nhiệt tình vừa có tâm. cảm ơn thầy,
thầy dạy rất nhiệt huyết truyền nhiều hứng thú học tập thỉnh thoảng có cả lời động viên khích lệ  không tiếc like và subscribe cho thầy,
em cảm ơn thầy nhiều ạ 3 thầy giảng dễ hiểu lắm ạ 3,
"thầy dạy hay mà có tâm quá, em xem không skip luôn ấy",
thầy dạy rất dễ hiểu ạ! cảm ơn thầy rất nhiều,
thật ra học tới bài 3 cái bận quá hơn 2 tuần nhớ quá quyết định nghiêm túc ôn lại học cái ôn lại ở đây dễ vào thật,
dạy dễ hiểu lắm ạ em cảm ơn nhiều ạ,
giảng viên nên đứng gọn sang 1 bên để có thể nhìn bảng rõ hơn,
"video dạy hay quá, được học miễn phí mà các thầy còn dạy nhiệt tình nữa, cảm ơn nhiều ạ",
quá đỉnh luôn thầy ơi,
dạ em cảm ơn thầy nhiều ạ.,
cảm ơn thầy đã dạy và truyền khi cảm hứng cho em về môn tiếng nhật em sẽ luôn ủng hộ thầy,
thầy dạy hay dễ hiểu và thầy phát âm chuẩn nghe đã phết,
thầy giảng dễ hiểu lắm luôn ạ. cảm ơn thầy nhiều ạ,
"có ai như mình đậu n3, đang ôn n2 nhưng vẫn nghe bài 1 minna của thầy không, bị ghiền cách thầy giảng thôi nhé",
thấy dạy hay và rất dễ hiểu ạ.,
không tiếc like đâu vì thầy dạy dễ hiểu quá 3 cảm ơn thầy nhiều lắm ạ,
thầy cho em hỏi em muốn mua quyển bài tập về làm thì nên mua quyển nào ạ,
thầy dạy hay qá dễ hiểu nữa,
hay lắm thầy ơi,
cảm ơn thầy em học thôi đã mệt rồi thấy thật nể phục anh khi đứng liên tục quay hơn 2 tiếng để có thể mang cho chúng em nhiều kiến thức . cảm ơn anh và mong anh luôn đam mê với công việc,
thầy ngọc tiệp nói rất hay và dạy rất dễ hiểu..,
cảm ơn thầy ạ,
thầy tiệp rất tâm huyết.,
thầy cảm ơn em nhiều,
"haiz , học xong  có chứng chỉ n5 rồi.2 năm không va chạm , giờ lại học lại thầy ơi",
thầy giảng chi tiết quá,
"mình xem rất rất là nhiều video rồi mà không video nào dạy hiểu và hay như video thầy giảng, mn học ol mà không vào thì rất là tiếc",
cảm ơn thầy,
cảm ơn thầy rất nhiều !,
"đang giãn cách, rảnh học ngôn ngữ mới, cám ơn thầy ạ",
hay lắm ạ,
22:11 câu tiếng nhật đầu tiên của cuộc đời,
cám ơn thầy,
thầy làm thêm giáo án tiếng nhật n5 full đi ạ em hóng mãi,
"cảm ơn thầy nhiều, thầy giảng rất dễ hiểu. mong thầy ra được nhiều video hơn để mọi người đều học được ạ",
"cảm ơn em nhiều nha  cũng muộn rồi, em ngủ sớm và ggsk mùa dịch covid nha 3",
  thầy ơi em muốn thầy giúp đỡ học thêm được không ạ em đang ở nhật hơn 2 năm không học gì giờ không biết gì ạ,
cảm ơn em nhiều nha 3 tương lai n1 còn đợi em phía trước. tiếp tục cố gắng nha em.  sau này n1 quay lại rep bình luận thầy nha,
  thầy kết bạn giúp em  muốn học,
thầy dạy de hiểu lắm luôn,
chuẩn á,
b hoc het n5 co dễ hoc không ban.minh dag hoc n5 nen mih muon hoi ban,
diemphuong7609  dễ lắm b ơi. giờ mình học gần xong n2 r,
phamtiep7828 bạn ơi bạn tự học hay đến trung tâm v ạ,
thầy ơi em muốn đăng ki học tiếng nhật từ thầy hãy gửi tn cho em đi,
phamtiep7828 b có xem hết bài dạy trên youtube của thầy không vậy,
    thầy cho em hỏi học xong 25 bài mina 1 có thể giao tiếp cơ bản được chưa ạ !,
chúc em học tốt và đạt kết quả cao em nhé,
cảm ơn thầy nhiều ạ... video rất dễ hiểu. chúc thầy nhiều sức khoẻ và ra nhiều video cho chúng em cùng học nhá,
hay ghê,
cảm ơn thầy nhiều,
thấy trực tiếp nhào vô xem tính đâu thầy dạy n1 ai ngờ đâu là bài 1,
chúc em học tốt và đạt kết quả cao nhé,
không dạy bài 1 n5 thì đừng nghĩ học bài 1 n1.nền móng là quan trọng nhất.đừng coi thường như thế,
em vừa mới học tiếng nhật nhưng em tiếp thu ở trung tâm hơi chậm về xem thêm video của thầy dạy thấy nắm được căn bản từng bài . em cảm ơn thầy rất nhiều.,
"cảm ơn thầy , thầy dạy hay hơn trung tâm",
cảm ơn rất nhiều ạ,
thầy dạy rất có tâm ạ,
thầy tiệp dạy dễ nghe hơn học trực tiếp thầy khác. vừa khó hiểu mà còn học dồn nữa,
cảm ơn thầy nhiều ạ,
"em cảm ơn thầy rất nhiều vì bài học rất chi tiết, dễ hiểu và đầy đủ ạ!!! em học rất dễ hiểu",
e 27t mới bắt đầu biết tới t.tsinh em mới bắt đầu và biết được anh.a dạy rất tốt dể hiểu hơn cả thầy trong lớp nữa ạ cám ơn anh nhiều chúc anh sức khõe ạ..,
thầy ơi em học chậm có cách nào em e hoc tốt hơn không?,
em cảm ơn thầy ạ,
"thầy giảng dễ hiểu  , thầy giảng rất có tâm",
thầy dạy rất có tâm,
nghe thầy giảng qua là hiểu luôn thầy ơi . lỗi sạn không sao đâu ạ thầy quá tận tâm rồi,
thầy ơi em mới học n5 theo của thầy thì nên mua giáo trình nào ạ,
"anh dạy có tâm , chi tiết , dễ hiểu dễ áp dụng . mà thi thoảng lại có câu nói truyền động lực cho ng đang xem . cảm ơn anh , yêu anh",
t hiểu hết luôn đó má,
thầy nch dễ thương ghê cứ bị thích thấy thầy cười học dễ hiểu làm ạ em cảm ơn thầy,
thầy nói chuyện rất dễ hiểu luôn,
mina no nihongo á bạn,
em đang mơ hồ,
e rất cảm on thầy,
"bạn n:
- em ưa giáo viên nào nhất?
tôi:
-top 1 lòng tôi 
(ngọc   tiệp minato)",
nghe thầy nói phần 1 tôi đoán là thầy kikuchi,
có ai đang cày tiếng n5 cùng mình không ạ cảm ơn các thầy cô ở minato cùng những video bài dạy tâm huyết ạ,
em cảm ơn thầy bài giảng rất hay và bổ ích,
có ai còn học khôngcảm ơn thầy ạ,
thầy là cứu tinh cho những người đang mơ hồ như em 3,
n5 gồm tát cả bạn bài vậy thầy,
thầy dạy rất tuyệt vời chi tiết rõ ràng rành mạch,
cám ơn thầy,
"biết ơn thầy vì bài học bổ ích, thầy dạy có tâm lắm ạ",
"rất thích xem video thầy dạy vừa hài mà vừa dễ hiểu vì thầy dạy quá tận tình luôn, thiết kế bài giảng đúng trọng tâm và giản lược nữacảm ơn thầy ạ",
thầy còn trẻ mà dạy kỹ dễ hiểu,
thầy giảng rất dễ hiểu,
thầy ơi bài giảng chi tiết dễ hiểu và rất hay ạ. biết ơn thầy rất nhiều,
uki em nhé,
kiki thầy cảm ơn em nhé,
có nhiều bạn đang học n5 lắm  cố gắng chăm chỉ đừng phụ công thầy quay bài nhé em!,
uki em nhé  chăm chỉ học bài nhé em!,
có nhiều bạn cũng đang âm thầm học giống em lắm,
còn  toiii,
kiki chúc em học tốt nhé!,
gồm 25 bài nhé em!,
em thử nghe lại một lần nữa và ghi lại những cái chưa rõ để xác định và nắm rõ kiến thức nhé!,
thầy cảm ơn em nhiều nhé  chúc em sớm chinh phục được hết kiến thức n5 nhé,
uki em nhé,
cảm ơn em nha  chúc em sớm chinh phục được hết n5 nhé,
thầy cảm ơn em nhé  em cố gắng chăm chỉ đừng phụ công thầy dạy sớm quay bài nha,
 dạ vâng thầy ạ,
thầy cũng hay đọc comen ha em cảm ơn,
tuyệt vời em ơi. bạn nào cũng cảm nhận kanji hay thì sẽ học dễ vào lắm em à. cố gắng kiên trì học hết kanji nhé em,
dạ  em cảm ơn anhọchị nhiều ạ,
kiki thầy cảm ơn em,
kiki em cố gắng chăm chỉ học bài đừng phụ công thầy quay bài nha,
"trong bài này này nói chigaiimatsu ,với soujarimasen  ,vậy nó có được áp dụng trả lời như cho bài số 1 khi hỏi  là nam có phải học sinh không?hay chỉ dùng trong cấu trúc kore,sore,are thôi vậy thầy",
cám ơn thầy rất nhiều ạ chúc thầy suc khoẻ,
mình năm nay 38t lần đầu làm quen với tiếng nhật.rất cảm ơn bai giảng chi tiết của bạn,
"đang học bài 2 rồi.  bài giảng dễ hiểu sinh động, không quá khó.  thầy dạy rất hay,",
mình đã học xong ngữ pháp bài số 2. cảm ơn thầy nhiều ạ,
"đang chán thì gặp đúng thầy dạy rất dễ hiểu, chậm rãi, có hứng thú học hẳn . cảm ơn thầy rất nhiều",
vật nan  người dare,
e vừa đi học vừa đi làm lang thang tìm được kênh của thầy rất dễ hiểu  tội mỗi cái đầu óc học trước quên sau. học qua rồi không nhớ lại phải quay lại.thả tim  cho thầy .e phải chỉnh đốn lại cái đầu mình thôi,
thầy dạy hay quá ạ,
vậy vật gần cả người nghe lẫn người nói thì nói thế nào ạ,
"bài học của thầy tiệp cứ gọi là quá dễ hiểu.thầy giảng dạy chi tiết, rất dễ nhớ và còn vận dụng vào mấy bài tập sau nữa.chúc thầy tiệp ra những video bài học bổ ích như này",
cảm ơn thầy xem video của thầy em thấy dễ hiểu hơn nhiều ạ,
"nên học từ vựng không ạ 
thầy",
cảm ơn thầy.lần đầu học tiếng nhật lọ mọ trên mạng gặp được videos của thầy dạy.e thấy rất hay và rất dễ hiểu.biết ơn thầy nhiều lắm chúc thầy thật nhiều sức khỏe và ra nhiều video có ý nghĩa nv.biết ơn thầy nhiều,
"đến giờ này cô đã học xong, thật thú vị, cô không biết nói gì hơn, xin cảm ơn ngọc tiệp thầy rất nhiều. (hôm nay cô rảnh thời gian và dành hết thời gian để học cho xong ngữ pháp bài 2), vì càng học, cô càng thấy ngọc tiệp thầy giảng kỹ càng, dễ hiểu vô cùng.",
"hôm nay cô vào bài ngữ pháp 2 của ngọc tiêp thầy, mà hay quá rất có hứng thú học, cô không dám  hứa hẹn trước, nhưng cô sẽ cố gắng, để một ngày cô được tri ân các thầy ở ngoài đời, vì nhà cô ở xa hà nội, tận miền trung du phú thọ, ngọc tiệp thầy à. cô cảm ơn rất nhiều!",
"thầy cho em hỏi ở phần n1 no n2 trong câu hỏi không có từ để hỏi, mình có thể trả lời là hai, soudesu và iie, soujaarimasen không ạ.",
cảm ơn thầy giáo xem video của thầy em học tiếng nhật có phần dễ dàng hơn ạ,
"  ý em là khi hỏi câu đó ,có được phép trả lời là chigaiimatsu ,với soujarimasen   không ?",
dạ chị cố gắng học hết 50 bài ngữ pháp em đã đăng nha  chúc chị học hiệu quả,
hôm trước có khách hàng cty người nhật đến cty mình họp nói tiếng nhật không nghe được gì rất khó chịu và cũng là động lực đẻ mình làm quen với tiếng nhật .xin cảm ơn các bài giảng của bạn nhiều lắm rất dễ hiểu và mình cảm thấy tiếng nhật hay hơn .덕분에감사합니다.ㅇ,
thầy cảm ơn em nhiều nha  cố gắng chăm chỉ theo bài không phụ công thầy quay bài nha,
  vâng ạ.,
cố gắng chăm chỉ học hết kiến thức n5 nhé em!,
kiki thầy cảm ơn em nhiều nha  chúc em học tiếng nhật dễ và hiệu quả nhé!,
  dạ em vô cùng biết ơn anh ạ. cảm ơn anh vì sự tận tâm này. em chúc anh cùng gia đình thiệt nhiều sức khỏe và bình an.,
kiki vậy cố gắng ôn lại kiến thức cho chắc luôn nha em  cố gắng học hết cả n4 n3 luôn nha em,
kiki thầy cảm ơn em nhiều nha. chúc em học tiếng nhật hiệu quả nha,
"thầy cảm ơn em nha. thầy ra hết video ngữ pháp n5 n4 rồi, em cố gắng chăm chỉ học bài đừng phụ công thầy quay bài nha",
kiki cố gắng chăm học không được phụ công thầy quay video nha,
có chứ em. em phải học từ vựng trước rồi mới học ngữ pháp nha,
kikii thầy cảm ơn em đã tin tưởng và theo dõi những bài học của thầy. chúc em sớm chinh phục được khoá học n5 n4 nha,
"đọc chia sẻ của cô cháu vui quá. mỗi ngày thấy cô bình luận ở mỗi bài khác nhau, cháu biết rằng cô vẫn ở đó dõi theo những bài học của cháu. cháu cảm ơn cô nhiều ạ",
"huongnguyen-st7tb   cô chăm chỉ quá ạ, cháu vẫn đang dõi theo bước chân cô bằng những bình luận của cô vào từng bài cô học. cảm ơn cô đã mang đến động lực rất lớn cho chúng cháu. nếu cô học hết 50 bài cháu sẽ xin phép lên phú thọ để được gặp cô ạ",
"cô chuẩn bị vào bài 3 ngữ pháp của ngọc tiệp thầy. từ mới bài 3 cô học thuộc rồi do trà thầy dạy rất hay và dễ thuộc, cho cô hỏi chút là cô thấy có chữ như kanji ở góc màn hình của trà thầy hoặc ở trên cùng bên tay trái thì học thế nào, cô mong các  thầy chỉ bảo cô với, cô cảm ơn nhiều các thầy ngọc tiệp, trà nhé! cô hy vọng học thành công tn n5 để có cơ hội gặp gỡ các thầy ở miền trung du phú thọ nhé!",
kiki cố gắng chăm chỉ theo bài thầy dạy em nha,
cảm ơn thầy nhiều ạ thầy dạy rất tỉ mỉ  và dễ hiểu xem rất nhiều vi deo nhưng chỉ thích nghe vi deo thầy giảng ạ,
cảm ơn thầy nhiều.1 thầy có tâm có tầm.,
tuyệt quá ạ,
"cảm ơn thầy , bài giảng rất chi tiết ạ,",
rất hay,
"tự học ch bình thường học gì ,được 1 đàn anh hiện đg ở nhật chỉ kênh thầy, ban đầu hơi chậm hiểu chút nhưng thầy giảng kỉ,e chép kiến thức để học rồi ôn không sót",
"thấy mn review thầy vào học thử, chưa thấy ai giảng mà dễ hiểu và tận tình như thầy luôn ạ. tự học như em cảm giác như học trên lớp ấy. cảm ơn thầy rất nhiều",
cảm ơn thầy đã rất tận tình ạ,
cảm ơn thầy rất nhiều từ hôm qua đã đk học online xong. mới biết đến video của thầy. lần đầu tiên biết đến thầy. cảm ơn thầy nhiều ạ,
bên d có khoá dạy ol không ạ,
học thầy này hiểu mà mình học ở trung tâm không hiểu gi cả như chó nghe thời sự ấy may gặp thầy này trên youtube,
"chời ơi thầy vừa đẹp trai mà còn dạy có tâm như này thì chịu sao nổi ạ, thầy dạy cực cực cực dễ hiểu luôn. không biết diễn tả như nào luôn ạ, cám ơn thầy đã làm những seri bổ ích như vầy ạ",
"agrigato thầy, dễ hiểu lắm ạ , mong thầy ra thêm nhiều video tiếng nhật ạ",
"mua muốn minna no nihongo về nhìn toàn chữ là chữ, hên được mấy bạn giới thiệu kênh thầy, vừa học vừa đối chiếu với sách, tuy bản mới có hơi khác so với bài giảng nhưng vẫn học được",
"thầy dạy rất dễ hiểu!
rất kỹ từng câu từng chữ!",
thật may mắn khi bình thường đến kênh của thầy,
"em cảm ơn thầy, em mới cày nát seri bảng chữ cái của thầy rồi , bây giờ em qua học từng bài",
tuyệt vời quá nhung ơi. thầy lại vui cười cả tối mất thôi. em cố gắng chăm chỉ không phụ công thầy quay bài nha,
thầy cảm ơn em nhiều nha. chúc em học tiếng nhật hiệu quả nha,
thầy chúc em học tốt nha,
vậy phải chăm học không phụ công thầy quay bài em nha,
kiki thầy cảm ơn nhung,
kiki cố gắng học dần dần em sẽ hiểu hết nha. chúc em sớm chinh phục được kiến thức n5 nhé,
"ui, tuyệt vời quá. đọc bình luận của em thầy vui quá . đây cũng là những điều thầy hi vọng và gửi gắm trong video. hi vọng bạn nào cũng cảm nhận được như em 3",
kiki chúc mừng em đã về với đội của thầy  chào đón về với minato,
có em nhé. em liên hệ nick fb nguyễn ngọc tiệp để thầy tiện tư vấn cho em nhé!,
ui đọc bình luận của em làm thầy vui quá  em thật là có tâm. thầy cảm ơn em nhiều nha. chúc em sớm chinh phục được n5 nhé,
thầy cảm ơn em nhiều  trên kênh thầy đăng hết video n4 và n5 rồi. em cố gắng học theo những video thầy đăng nhé,
chúc em sớm chinh phục được khoá n5 và hoc xong cuốn mina nha,
thầy cảm ơn em nha. chúc em sớm hoàn thành bài học của n5 và n4 nha,
"thầy dạy có tâm có tầm, chúc thầy thật nhiều sức khỏe và ra thêm video nữa",
thật sự rất dễ vào luôn ý,
"rất có tâm trong nghề ạ,",
"cái giá của gần 2 tiếng đồng hồ, thầy giảng siêu chi tiết và luôn nhắc đi nhắc lại em nhớ vào đầu lúc nghe giảng luôn. mong có thể lết qua hết ctrình n5, để sang được n4 đăng kí được học với thầy!",
e dag học mà khó quá,
lúc tối đang xen ngủ quên đến sáng luôn,
"cảm ơn thầy nhiều ạ, bài giảng rất hay ạ.",
rât dễ hieu,
em nghe theo thầy chưa thuộc bài chưa học ngữ pháp mà học từ vựng  lâu quá chưa qua bài 3 .,
"học xong bài thầy giảng là hiểu . không còn loay hoay suy nghĩ tại sao nó lại là thế này, không phải cái đó cái kia
chỉ cần biết từ vựng là áp dụng ngay được cấu trúc.
cảm giác mê học luôn.",
dễ hiểu quá thày ơi,
thầy dạy rất hay mà con vui tính nữa,
em cảm ơn thầy rất nhiều ạ,
"bà giảng dễ hiểu, em cảm ơn thầy",
"tại sao chữ bút bi lại có dấu gạch ngang vậy thầy tiệp? tuy có dấu gạch ngang nhưng thầy lại không đọc chữ đó ra, em chưa hiểu lắm. mong thầy giải đáp em nha",
thầy cảm ơn em nhiều nhé. em cố gắng học xong chương trình n5 và n4 thầy đăng rồi nha,
em xem ở video thầy hướng dẫn dạy bảng chữ cái giúp thầy nhé!,
thầy cảm ơn em nhiều nha 3,
cố gắng em nha. thầy tin là em có thể sớm chinh phục được n5. hẹn gặp lại em ở khoá n4 nha,
cố gắng em nha,
"cố gắng lên em nha  bài hơi dài chút nhưng dễ hiểu, em sẽ nhớ kỹ từng phần luôn",
"vì từ vựng quan trọng lắm em à. em cố gắng đọc đi đọc lại thật nhiều lần, viết đi viết lại để học cũng là cách để thuộc từ vựng em nha",
kiki đọc bình luận của em mà thầy vui không tả nổi luôn  thầy sẽ lan toả năng lượng tích cực đến những người khác nữa. chúc em học tốt và sớm hoàn thành chương trình n5 n4 nhé,
"e cảm ơn thầy. ,",
thầy chúc em học tập tốt nhé,
kiki thầy cảm ơn em đã quá khen,
thầy chúc em học tập tốt nha,
ukii em nhé,
đó là trường âm em nha,
  em cảm ơn nha.,
cảm ơn thầy đã dạy rất chi tiết và post hết 25 bài cho những học sinh chưa có điều kiện đi hoc ở trung tâm như em. xin chân thành tri ân sự tận tâm giảng dạy của thầy.,
cảm ơn thầy bài giảng rất dễ hiểu,
hay quá ạ,
thầy rất nhiệt huyết và có tâm .. bài học rất hữu ích cho các bạn mới học,
"cảm ơn thầy quá nhiều luôn, học thầy hiểu bài lên bao nhiêu ạ",
"thầy giảng rất kỹ và dễ hiểu, em cảm ơn thầy nhiều ạ! :goodvibes:",
"thầy giảng quá hay, triệu like",
học bài của thầy thật dễ hiểu,
cảm ơn thầy rất nhiều ạ,
"thầy rất tâm huyết luôn ạ, em cảm ơn thầy nhiều. mà thầy ơi, 1:26:25 thì có dấu chấm hỏi ở cuối câu đây là catalog hong ạ. em thấy ở cấu trúc thì không có nhưng câu này lại có ạ. em cảm ơn thầy lần nữa",
"dạy kỹ từng chi tiết, dễ hiểu. quá tuyệt vời luôn thầy",
nay đi ăn sashimi gặp thầy định hỏi có pải thầy tiệp minato không mà không dám hỏi,
phải nói là thầy dạy dễ hiểu thực sự,
video của thầy phải nói là rất tỉ mỉ,
cảm ơn thầy rất nhiều ạ,
cám on thầy... nho coa thầy mak gio em dang học tieng nhật dễ hiểu quá thầy ạ. học trên truong không có giảng kĩ như vậy.,
"e học từ vựng với cấu trúc ngữ pháp  khó nhớ học kém lắm ,e vừa bắt đầu học bài 1 bài 2 mà không biết gì giúp em với",
thầy thật tâm huyết,
thầy giảng dễ hiểu và hay ag,
thầy đã đăng 50 bài của n5 và n4 rồi. em có thể học trên này luôn nhé. chúc em học tiếng nhật hiệu quả nha,
  dạ em cảm ơn thầy rất nhiều ạ.  bài thầy giảng rất kỹ và dễ hiểu ạ.,
thầy chúc em học tập tốt nhé,
thầy cảm ơn em nhé!,
thầy cảm ơn chia sẻ của em. cố gắng chinh phục hết n5 và n4 luôn em nhé,
thầy cảm ơn em nhé,
chúc em sớm hoàn thành chương trình n5 nhé,
  em  cảm ơn thầy. chúc thầy nhiều sức khỏe và thành công ạ :d,
thầy cảm ơn em nhé,
tuyệt vời quá em ơi. chúc em học tốt nhé,
"thầy cảm ơn em. với câu văn trong tiếng nhật, thì câu hỏi không có từ để hỏi thì sẽ đi kèm dấu hỏi. còn những câu có từ để hỏi thì sẽ không cần thêm dấu hỏi em nhé",
  dạ em cảm ơn thầy ạa,
thầy cảm ơn em nhé,
kakaka ở quán nào thế em,
thầy cảm ơn em nhiều nhé,
thầy cảm ơn em nhé  chúc  em học tập tốt nhé,
thầy chúc bạn học tốt nhé 3,
thầy chúc em học tốt nha 3,
em cố gắng xem đi xem lại bài nhiều lần và ghi chú lại để nhớ lâu hơn em nhé!,
thầy cảm ơn em nhiều nha. chúc em học tốt 3,
thầy chúc em học tốt nhé 3,
thầy cực kỳ có tâm . xem bài giảng của thầy là biết . chúc thầy nhiều skhoe,
thầy đã đẹp trai mà lại còn dạy hay,
hay thầy ơi,
cảm ơn thầy rất nhiều ạ em rất hiểu bài khi thầy dạy ạ,
cảm ơn thầy rất nhiều ạ. ước gì biết đến thầy sớm hơn,
quá tuyệt,
"thầy dạy dễ hiểu quá ạ, em cảm ơn thầy, chúc thầy nhiều sức khỏe",
cảm ơn a,
10đ thầy ạ,
"cảm ơn thầy ,tất cả những bài giảng của thầy đều rất dễ hiểu",
học một lần mà dễ hiểu quá trời luôn ấy,
cảm ơn thầy đã dạy rất chi tiết,
cảm ơn thầy về bài gian,
"cảm ơn thầy rất nhiều ạ, bài học nào thầy day rất tuyệt ạ",
cảm ơn thầy rất nhiều ạ,
thầy dạy chi tiết dễ hiểu,
"không hiểu tại sao tiếng nhật thì rất là dài nhưng họ lại thích nói ngắn gọn nhỉ, sao không cải cách để nói ngắn hơn ví dụ từ arimasen có thể thay bằng 1 từ gì đó ngắn hơn và mang sắc thái lịch sự nhỉ?",
"thầy cảm ơn em. chúc em học tốt, sớm đạt được mục tiêu nha 3",
rất hay,
thầy dạy hay quá chúc thầy thật nhiều sk và ra nhiều video mới ạ,
tuyệt vời quá sê ơi,
thầy tuyệt,
"em đang tu học tiếng nhật ở nhà, gặp được thầy giảng quá kỹ càng, em cảm ơn nhiều ạ.",
thầy dạy rất tuyệt vời thầy ơi,
"2 vợ chồng mình 32 tuổi rồi mới bắt đầu bập bẹ học những chữ tiếng nhật đầu tiên.vì trc giờ chỉ học tiếng anh.thật sự rất hoang mang vì sợ là khó quá và cũng không có nhiều tg như các bạn hs,sv vì còn công việc,con cái.nhưng nghe được bài giảng của thầy thì tụi mình cũng đã tự học được những bài tiếng nhật đầu tiên.xin cảm ơn thầy nhiều",
cảm ơn thầy  muốn đăng ký khoá học thật nma mình đang học theo trung tâm r . hic,
kết cái cuối cùng đẳng cấp thật lấy vi du hay,
"thầy dạy siêu kỹ, siêu chi tiết luôn. bài này cô giáo tren lớp dạy đúng 15",
e thích cách rút dép ra vd của thầy,
"cảm ơn thầy nhiều ạ, thầy dạy kĩ chi tiết quá ạ",
ngữ pháp y chang tiếng hàn.,
thầy dạy chi tiết zê hiểu,
35:16 tại sao cái đó lại sử dụng kore ạ,
cảm ơn thầy nhiều ạ.thầy dạy rất là có tâm.rất chinchu ạ.,
thầy có tâm ắt sẽ có tầm và có phúc. chúc thầy nhiều sức khoẻ. tôi năm nay đã 36sai vẫn học tiếng nhật vì đam mê và trải nghiệm.,
tuyệt vời nhé thầy,
cảm ơn thầy nhiều ạ,
"thầy dạy rất hay, rất dễ hiểu. cảm ơn thầy rất nhiều",
thầy chúc em học tốt nha,
thầy cảm ơn em nhiều nha  thầy chúc em học tốt,
thầy chúc hai vợ chồng học tốt nha,
thật hả bạn. mình đg định đi học trung tâm nhma nghĩ chắc dạy cũng không kĩ bằng thầy với tốn nhìu tiền nên tự học cho nhanh,
"thầy giảng dễ hiểu và rất có tâm ,cảm ơn thầy nhiều ạ",
thầy dạy tuyệt vời lắm ạ,
cảm ơn thầy,
thầy dạy rất hay và tận tâm,
đang học n5 đi xklđ.học ở trung tâm nói thật chứ giáo viên dạy học viên 10ng như 1 khó hiểu vô cùng . tự nhiên lang thang youtube tìm video học thêm tiếng nhật.thế là gặp video của thầy.e biết ơn thầy vô cùng . chúc thầy thật nhiều sức khỏe,
e cảm ơn thầy,
e h mới học nhưng học bài giảng của thầy dễ hiểu thật sự,
rất biết ơn thầy ạ,
e học ở lớp không hiểu về nghe thầy giảng em đã hiểu ạ .. em cảm on thầy nhiều ạ,
cám ơn anh minato rất nhiều !,
thầy dạy dễ hiểu mà rất tỉ mỉ rất iu thích cách dạy bài của thầy,
c.on th nhìu a,
thầy dạy rất dễ hiểu,
"thầy có tâm quá ạ, dạy dễ hiểu và đầy đủ nữa. em cám ơn thầy nhiều ạ",
cảm ơn thầy rất nhiều,
bài giảng rất tỉ mỉ. cảm ơn b rất nhiều,
"rất hay.dễ hiểu.chưa thấy ai dạy nhiệt huyết như vậy
cám ơn thầy nhìu",
thầy cảm ơn em nha,
học ở trung tâm đúng là không ăn thua bạn hè,
"chỗ m còn thu điện thoại, ngày dùng 2h không kịp tranh thủ mà học. gv trung tâm dạy thì không ky, không tua lại được, chỗ nào quên cũng không thể lúc nào hỏi cũng được",
"trước mình học ở trung tâm cm   có cô mặt thì xinh mà dạy chán thôi rồi, như đọc sách giáo khoa ấy. ngày đầu kaiwa lừa đảo cho 1 thầy tiếng nhật dạy được đúng 1 buổi mồi chài, buổi sau không có nha. túm lại học n5 thì học youtube còn hơn hiệu quả hơn vớ trung tâm mà giáo viên dạy chán.",
baongoc8957 bạn học trung tâm nào vậy?,
"tôi học 6 tháng ở trung tâm mà chả biết cô day cái gì,nhờ thầy này mình mới được học căn bản",
thầy dạy hay dễ hiểu lắm,
"cảm ơn thầy, bài giảng của thầy rất hay và bổ ích, mong  thầy ra nhiều video hơn ạ",
thầy giảng kỹ quá,
"thầy dạy hay quá
hy vọng thầy có thể ra nhiều bài hơn nữa ạ",
cảm ơn thầy thật nhiều ạ .,
cám ơn thầy ra đặt tâm huyết voi bài giảng chúc thầy luôn thành công,
e muốn học online của thầy thì hết nhiều tiền học phí kg ạ,
quá tuyệt vời mặc dù man thấp arigatogozaimashita ne.,
thầy chủ nhiệm của mình dạy còn không đủ,
thầy dạy rất dễ hiểu luôn,
cảm ơn thầy ạ,
thầy dạy rất có tâm và dễ hiểu,
thấy  dạy  kỹ năng  quá  cảm ơn  thầy,
học sinh mới sang đây được một tháng rồi ạ,
trường âm đó bạn,
"thầy cảm ơn em rất nhiều nhé, nếu có gì còn băn khoăn thì đừng lại để lại bình luận để thầy trợ giúp sớm nhất có thể nhé.",
"thầy cảm ơn em nhiều nhé, khi tự học nếu có gì không hiểu thì đừng ngại nhắn tin để thầy hỗ trợ em nhé!",
"thầy cảm ơn em rất nhiều, khi học có gì không hiểu thì đừng ngại bình luận nhé, thầy sẽ trả lời sớm nhất có thể.",
thầy dạy thật dễ hiểu,
thầy dạy hiểu bài quá ạaaa,
rất hay thầy ơi,
"bài học rất dễ hiểu,cảm ơn thầy rất nhiều.",
"tự học tiếng nhật ở nhà là một điều không phải dễ dàng và em đang trong trạng thái hoang mang trên con đường đó. thế nhưng thật may mắn vì em đã  tìm học được các video của thầy. thầy thực sự rất có tâm ạ. chúc thầy luôn mạnh khỏe và thành công, tạo ra thật nhiều video hay như vậy để khiến cho tiếng nhật sẽ trở thành tình yêu đối với nhiều bạn hơn nữa ạ 3",
em cảm ơn thầy ạ 3,
dạy dễ hiểu hơn các thầy khác dạy trực tiếp luôn,
"thầy dạy dễ hiểu, cảm ơn thầy ạ",
"cảm ơn thầy, em học rất dễ hiểu",
em cảm ơn mong thầy da nhiều bài hơn nữa,
thầy dạy rất dễ hiểu,
"tuyệt zời thầy ơi, đã đẹp trai lại còn  dạy hay",
cảm ơn thầy,
ôi chưa bao h mà học bài mà hay tới vậy thầy dạy quá hay,
thầy dạy cực kì có tâm và dễ hiểu. quá tuyệt vời luôn,
cảm ơn thầy về bài giảng bổ ích! giờ em mới bắt đầu học,
thật tuyệt vời khi được biết đến thầy,
thầy oi thầy oi.cho em hoi sau chi co may bai thầy giảng vay .e muon xem thầy giảng nhieu bai,
"thầy cảm ơn em nhiều nhé, chúc em học tốt!",
"thầy cảm ơn em nhiều nhé, có gì không hiểu em đừng ngại bình luận nhé em!",
"thầy cảm ơn em nhé, thầy chúc em học tốt!",
"thầy cảm ơn em nhiều, em có thể tham gia nhóm cộng đồng tiếng nhật minato dorimu trên fb để được cập nhật kiến thức bổ ích mỗi ngày với giao lưu cùng các bạn học viên khác, em nhé!",
"thầy cảm ơn em rất nhiều, chúc em học tốt, có gì cần hỏi thì em đừng ngại bình luận để thầy được biết nhé.",
  cảm ơn thầy rất nhiều ạ 3,
"thầy cảm ơn em đã quan tâm video của thầy, em nhớ đăng ký để không bỏ lỡ video mới nhất của thầy nhé!",
"thầy cảm ơn em, chúc em học tốt nhé!",
cảm ơn em rất nhiều,
"thầy cảm ơn em nhiều, em có thể tham gia nhóm cộng đồng tiếng nhật minato dorimu trên fb để có thêm được thông tin bổ ích mỗi ngày nhé.",
"thầy cảm ơn em, chúc em học tốt. có gì không hiểu em cứ bình luận nhé.",
  em không được vao đo được thầy oi,
"tại sao lại vậy nhỉ? page thì em chỉ cần thích  follow, còn đối với nhóm thì em tham gia vào nhóm, thầy sẽ phê duyệt cho em!",
"e mới học nên vẫn mơ hồ.nhờ thầy mà hiểu được nhiều điều
cảm ơn thầy",
biết ơn thầy. thầy rất tâm huyết trong từng video ạ!,
học từ vựng và ngữ pháp của mirato rất vào cả nhà nhé.,
"thật sự em xem rất nhiều thầy khác nhau dạy nhưng thầy là người dạy rõ,dễ hiểu,rành mạch  không vội vàng nhất em từng xem .thầy vất vả rồi",
mỗi lần thầy em giảng không hiểu em về tìm tới thầy,
cảm ơn thầy,
cảm ơn thầy nhiều.ngày nào cũng học thày dạy.,
thầy rất tâm huyết,
thầy dạy hay quá,
cảm ơn thầy rất nhiều ạ,
thầy tuyệt vời lắm ạ,
"chuan qua thầy ah...!
 em hoc tren lop không co hieu được nhieu nhu vay",
thầy dạy rất kỹ lưỡng và dễ hiểu lắm ạ cảm ơn thầy,
bài giảng rất hay và chi tiết ạ 3,
các thầy cô dạy tâm huyết quá luôn!,
cảm ơn thầy rất nhiều. thầy dạy rất dễ hiểu và có tâm,
"thầy dạy rất có tâm lun ạ, dù có những lỗi nhỏ cũng không sao đâu ạ bởi bài slide của thầy quá dài và đầy đủ nên sẽ có lỗi thoi ạ, một bài học đầy ý nghĩa, rõ ràng và đầy đủ, em rất vui vì đã biết đến kênh của thầy",
"thầy giảng đỉnh quá, dễ hiểu lắm ạ",
dạ thầy ơi muốn làm bình thường về ngữ pháp từg bài thì làm ở đâu cho giống từng phần thầy đã dạy ạ,
thầy ơi câu cái này là của ai nới thế nào ạ ?,
cảm ơn thầy cô nhiều lắm ạ. chúc thầy cô gặp nhiều may mắn và phát triển tốt đẹp trong sự nghiệp ạ.,
thầy dạy rất hay!,
"em ít khi bình luận trên youtube, nhưng cảm ơn thầy vì đã dành thời gian để làm ra video dạy tiếng nhật rất chi tiết ạ. xem video của thầy em có thêm nhiều động lực để học ngôn ngữ mới này. chúc thầy nhiều sức khỏe và kênh mong chóng phát triển 3.",
thầy dạy rất dễ hiểu ạ! cảm ơn thầy rất nhiều ạ,
"thầy ơi từ uchi và từ ie đều có nghĩa là nhà. vậy thì khi nào dùng uchi, khi nào dùng ie vậy ạ?! em cảm ơn .",
"thầy dạy rất đúng trọng tâm của bài học, không vội vã mà dạy rất chậm rãi và dễ hiểu. rất mong thầy ra nhiều video dạy học bổ ích hơn nữa. 3",
cảm ơn thầy rất nhiều ạ !,
"phải nói là thầy rất có tâm! dạy rất kĩ dạy rất cẩn thận rất rõ ràng không sót một nội dung nào mà ít các thầy ở các youtuber khác làm được, em học đại học xem lại bài của thầy em còn phải mở mang ra nhiều thứ nữa. thấy rất thương ở mỗi video thầy dạy luôn. không có từ nào để bày tỏ lòng biết ơn của em",
cảm ơn thầy ạ,
bài học quá tuyệt vời luôn thầy ạ. rất chi tiết và dễ hiểu luoonnn,
em cảm ơn thầy nhiều ạ. em thích bài giảng lắm ạ,
cảm ơn thầy ạ. thầy dạy hay và dễ hiểu lắm lun,
hay quá thầy ơi,
hay quá ạ.,
cảm ơn thầy ạ,
mong thầy ra nhiều video hơn nữa .,
thầy dạy chi tiết dễ hiểu ạ.,
em cảm ơn thầy,
nghe thầy giảng dễ hiểu lắm ạ em cảm ơn thầy nhiều ạ,
bỏ gần 5trieu học khoá n5 mà học không vào. vào nghe thầy dạy còn dễ hiểu,
quá tuyệt vời thầy ngọc tiệp,
cảm ơn thầy .,
cảm ơn thầy nhiều ạ,
"thầy giảng hay, dễ hiểu lắm. cảm ơn thầy nhiều ạ",
thầy giảng dạy chi tiết rất hay và dễ hiểu dễ học dễ nhớ,
cảm ơn  thầy nhiều,
thầy đấy quá là rễ hiểu và chị tiết,
thầy có mở lớp dạy không ạ?,
"a dạy dễ hiểu quá
a có lớp ở hà nội không",
"em cảm ơn thầy, thầy giảng hay lắm luôn, mong thầy ra nhiều video dạy học bổ ích hơn nữa. ở nhà tự học coi được video của thầy dễ hiểu lắm luôn ạ.
 cảm ơn thầy rất nhiều ạ.",
rất dễ hiểu thầy ơi,
vảm ơn thầy rất rất dễ hiểu luôn,
cảm ơn thầy đã chia sẻ anh sắp tới có khoá học online dành cho n5 không ạ???,
sao chỉ có 4b v ạ,
chào em  hiện tại anh chỉ dạy lớp online thôi em ạ,
chúc em học tốt và đạt kết quả cao nhé,
"thầy dạy hay quá ạ, trước học ở trung tâm mà không được tận tình như này",
"thầy ơi câu thang máy ở đâu nhỉ thầy dùng là đô kô,nhưng câu văn phòng ở đâu nhỉ thầy dùng là đô chi ra ạ?",
đăng ký như thế nào ạ,
cảm ơn thầy tiệp,
em cảm ơn thầy ạ video rất hay dễ hiểu,
em nhớ phòng họp là kaigishitsu mà,
"mình vừa học ở trung tâm tối về cũng mở video của thầy xem và học tập, thầy dạy rất dễ hiểu. cảm ơn thầy rất nhiều.",
thầy chỉ cho em cách sắp xếp câu ạ,
hay quá thầyy,
"cảm ơn t rất nhiều, dạy rất có tâm",
mang cầm nắm vật thì bài mấy vậy ạ,
"sáng học trên trường, tối về nghe thầy giảng chi tiết hơn. tuy hơi dài nhưng mà rất chi tiết",
"học bài 3 gòi nhé ạ. nói chung là dễ hiểu và hay, rất vui khi biết đến kênh này học thấy không khó khăn.",
day quá ok,
cảm ơn em nha  hi vọng em sẽ sớm chinh phục được n5 n4 nha,
"đúng rồi, mình cũng bị rối chỗ đó",
chắc thầy viết nhầm thôi chứ trên video thầy nói là phòng học mà,
thầy cảm ơn em nhé! chúc em sớm chinh phục được hết chương trình n5 nhé,
ui mừng quá  đọc được dòng chia sẻ đỗ n2 của em thầy lại càng thêm vui. vậy là bao nhiêu kiến thức khó sẽ không cản được người có quyết tâm em nhỉ. chúc em sớm đỗ n1 và thành công trên chặng đường tiếng nhật nhé  thỉnh thoảng lại ghé thăm thầy nha,
thầy cảm ơn em nhiều nha  chúc em sớm chinh phục được hết chương trình n5 nha,
"t cũng tối học trung tâm xong về lại mở kênh này lên nghe giảng á, mà kênh dạy chi tiết dễ hiểu hơn nhiều luôn",
em sắp xếp câu theo đúng ngữ pháp thầy nói trong bài giảng là được nhé em! em mới học nên cứ học theo như vậy là sẽ nắm được kiến thức nhé!,
thầy cảm ơn em nhiều nhé,
thầy cảm ơn em nhiều nha,
1 tuần khoảng 3 video nhé em! thầy sẽ đăng cách ngày để các bạn vừa học vừa test lại được nha,
thầy cảm ơn em nhé  thầy sẽ cố gắng ra thật nhiều video hữu ích để các bạn học tiếng nhật dễ và hiệu quả nha,
thầy cảm ơn em nhiều nha  chúc em sớm chinh phục được hết kiến thức n5 n4 nhé em,
thầy cảm ơn em nhé,
kiki cố gắng chăm chỉ không phụ công thầy quay bài nha  chúc em sớm chinh phục được hết kiến thức n5 n4 nha,
thầy cảm ơn em nhé,
"những bài giảng rất kĩ lưỡng và như gửi gắm cả tấm lòng của thầy, giúp mọi người hiểu rõ, rất rõ bài. cảm ơn thầy và minato rất nhiều ạ",
chỗ 1p02s25: ô tô không phải là kư rư ma ạ?.nếu có sai sót xin bỏ qua cho em ạ,
em muốn xin địa chỉ nh 1:04:54 à của thầy  ngọc tiệp. thì em phải nói làm sao trong tiếng nhật ạ.  . em càng học qua càng dễ hiểu lắm đó ạ. cảm ơn thầy nhiều lắm . 1:079,
ngày 8.,
cho xin video tổng hợp từ vựng từ 1 đến 25 di thầy oi,
"cô  học được nửa bài, mà muốn nhắn tin ngay cho ngọc tiệp thầy, cô cầu chúc cho thầy đạt được ước mơ và chắp cánh cho các bạn trẻ hiểu biết tiếng nhật giỏi nhé. bài giảng ngữ pháp bài 3 này, cô nghe mà dễ hiểu vô cùng.cô thích nhất là nhắn tin thầy cho cả bài tập để ứng dụng. và có chữ kanji (kiểu giống như chữ hán) thì nhắn tin thầy chỉ bảo cô cách học nhé. một ngày nào đó, cô trân trọng mời các thầy lên nhà cô chơ ở miền trung du, phú thọ. cô cảm ơn rất nhiều!",
"cô chuẩn bị vào bài 3 ngữ pháp của ngọc tiệp thầy. từ mới bài 3 cô học thuộc rồi do trà thầy dạy rất hay và dễ thuộc, cho cô hỏi chút là cô thấy có chữ như kanji ở góc màn hình của trà thầy hoặc ở trên cùng bên tay trái thì học thế nào, cô mong các  thầy chỉ bảo cô với, cô cảm ơn nhiều các thầy ngọc tiệp, trà nhé! cô hy vọng học thành công tn n5 để có cơ hội gặp gỡ các thầy ở miền trung du phú thọ nhé!",
thay day hay qua a,
em cảm ơn thầy,
thank thầy nhiều,
mình  muốn mua sách cho người mới bắt đầu học ạ,
panasoni có shi nhỏ nối đọc sao v ạ,
"mê cách dạy của thầy , xong ngữ pháp thầy ra nhiều video để tụi em sử dụng thành thạo tiếng nhật nha thầy ơi",
"làm sao để biết người ta đang hỏi hãng sx hay nước sx để mà trả lời ạ!
ví dụ, ngta hỏi cái bút của nước nào, nhưng mình lại nhầm là cái bút bi của hãng nào thì sao",
em cảm ơn thầy đã cho em bình thường được tieng nhat,
xuất xứ chứ không phải xuất sứ nha,
thầy cảm ơn em nhiều! chúc em sớm chinh phục được hết kiến thức n5 n4 thầy đã đăng trên kênh nha,
"từ này nên đọc nhẹ nhé em! vì sẽ khó diễn tả, nên em giúp thầy xem video thầy dạy bảng chữ cái và từ vựng thầy trà dạy để học thêm nha",
  dạ em cảm ơn anh nhiều.,
thầy có đăng trên kênh mà em  em tìm từ vựng mina 1 của cô trà nha,
"huongnguyen-st7tb  dạ, cháu cảm ơn cô nhiều . về kanji thì cô tìm hiểu bắt đầu cách học về bộ thủ (kanji là chữ trung quốc, họ cũng có bảng chữ cái như tiếng việt mình gọi là bộ thủ, khi học xong bộ thủ cô sẽ biết 1 chữ kanji viết như nào và dễ nhớ chữ kanji đó hơn ). tuy nhiên sau khi học đến bài 15 cô hãy bắt đầu tìm hiểu chữ kanji vì thời gian đầu cháu sợ kiến thức sẽ hơi nặng ạ.",
"  à vậy, có nghĩa là cô cứ học đến bài 15 đã nhé. sau đó cô học đến bộ thủ và học kanji. nếu ngọc tiệp thầy có bài giảng về kanji thì cho cô xin học với nhé. cô cảm ơn nhắn tin thầy nhiều!",
kiki thầy cảm ơn em nhiều nha,
ukii em nha,
ukii em nha,
mua giáo trình minna no nihongo  như thầy trên video dạy đó bạn,
thầy có đăng video về kaiwa trên kênh rồi. em cứ cố gắng học xong n5 n4 rồi học kaiwa dần em nhé,
kiki chúc em sớm chinh phục được n5 n4 em nha,
e cảm ơn thầy nhiều,
thầy dạy siêu dễ hiểu và chi tiết,
ui thầy đẹp zai thế . giảng bài dễ hiểu .em cảm ơn thầy nhiều nha !,
thầy cho em hỏi mục đầu mình chia khác lúc dạy lại các phần khác từ chỗ 472 là của phần nào ạ,
cảm ơn thầy rất nhiều ạ,
"không có đoạn lĩnh vực cty ạ , thầy",
em xem muộn nhưng thầy dạy từ như này em dễ hiểu hơn cảm ơn thầy nhiều,
24:53 bây giờ thầy đã biết đánh đàn chưa,
1 ngày học 1 bài ổn không thầy em không có nhiều thời gian,
cảm ơn thầy nhiều ạ 3....,
bài giảng rất hay và dễ hiểu. cảm ơn thầy,
26p:10s phòng họp viết sai ròi thầy ơi,
"nếu xem 1 lần chưa kịp hiểu
hãy xem 2,3,4 lần
nếu 2,3,4 lần vẫn chưa thể hiểu
hãy xem nhiều lần hơn nữa
đã xem nhiều lần mà vẫn chưa hiểu, xin mời quay lại bài giảng từ vựng của cô trà và học thuộc rồi hãy qua bài ngữ pháp.
 lúc đó chắc chắn sẽ hiểu
cảm ơn những bài giảng chi tiết của thầy. tỉ mỉ từng câu chữ",
học thầy này không hề buồn ngủ mặc dù học online,
sai tự vựng mấy câu thầy ạ,
thầy ui thầy dạy ở đâu vậy ah,
thầy cảm ơn em nhé,
cindytrang-o3t   em cứ nói vậy làm thầy có nhiều động lực để ra video,
thầy xem 472 nhưng không hiểu ý em muốn hỏi đoạn chia nào hiền nhỉ. em có thể nói rõ hơn để thầy giải đáp nha,
  dạ lúc đầu video em thấy thầy chia thành 4 phần ạ . đến đoạn đấy em không bình thường các phần nó ở phần nào liên quan đến mục các phần thầy chia ban đầu,
kiki thầy cảm ơn em nha. như thế này thì cảm thấy tiếng nhật không còn khó em nhỉ,
dạ vâng thầy,
được em nha. nếu em thấy nhanh quá em có thể để 2 ngày 1 bài ngữ pháp cũng được. em xen kẽ học từ vựng nha,
thầy cảm ơn em nhé,
"thầy chúc em học tập tốt, sớm hoàn thành chương trình n5, n4 nha",
bài giảng từ vựng của cô ở đâu?,
bạn ơi cho mình hỏi từ vựng cô trà nằm ở đâu vậy bạn ơi,
rosienguyen9506  bạn vào kênh có phần khóa học xong có ghi khóa học n5 dành cho người mới có 54 video trc video bài giảng np sẽ có video từ vựng,
vananho7789  mình bình luận ở dưới bạn vào theo là thấy đó,
chúc em sớm hoàn thành chương trình n5 nhé,
em liên hệ qua fb nguyễn ngọc tiệp thầy tư vấn em cụ thể nhé,
cứ bán cái gì  dtu uriban phía sau,
"cảm ơn thầy 
thầy dạy rất dễ hiểu và ok",
"e chào thầy! thầy cho em hỏi ở clip chỗ 1:07:00 có cấu trúc đó, em không hiểu là cấu trúc đó được ngầm hiểu là hỏi tên của a, vậy khi mình muốn hỏi vị trí của anh thì dùng cấu trúc nào khác ạ! em cảm ơn!",
"thầy dạy chi tiết chậm dễ hiểu. mong thầy ra nhiều video bổ ích như thế n3,n2 thầy ra thêm video bài nghe giải đề nữa thì tuyệt vời thầy ơi",
thầy dạy hay quá,
vừa học vừa buồn ngủ là có thật,
biết ơn thầy rất nhiều,
trời ơi sao bây giờ mới bik kênh này.quá hay lun,
quá tuyệt vời luôn thầy ạ.  có thể xin powerpoint của thầy để học được không ạ,
cảm ơn thầy bài giảng của thầy rễ hiểu và rễ học ạ,
sao không có câu hỏi về tầng nhỉ   vd :tầng mấy.....,
thầy dạy hay quá ... tuyệt vời,
"mình 39 tuổi không biết gì học video của thầy rất học được rất nhiều ,cảm ơn thầy rất nhiều",
"cho em hỏi cách phân biệt khi nào bình thường ngta hỏi là trường mình ở đâu với trường mình là trường nào ạ , em thấy nó đọc y chang nhau",
thầy hài hước quá,
e đag học tại trung tâm có nhiều cái không hiểu. nhờ có thầy em hiểu sâu hơn. chúc tiệp thầy nhìu sức khoẻ,
thầy đẹp trai dạy dễ hiểu dễ nhớ quá,
thầy giảng hay quá ạ,
thầy chúc em học tập tốt nha,
thầy cảm ơn em nhé,
thầy cảm ơn em nhiều nhé,
mình làm lại từ đầu em nha,
"vì vấn đề bản quyền nênthầy không chia sẻ được, em cố gắng ghi chép lại nhé",
cảm ơn em thầy chúc em học tốt nhé 3,
thầy chúc em học tập tốt nhé,
hy vọng như vậy các bạn học hành đỡ strethầy hơn,
em đang tự học ở nhà nhờ bài giảng của thầy mà em thấy hiểu và muốn học tiếng nhật nhiều hơn ạ  cảm ơn thầy rất nhiều ạ,
tuyệt quá thầy ơi,
thày giảng dễ. hiểu lắm lun á cảm ơn thầy á,
"em đã từng học qua trung tâm tiếng nhật, ở đó thầy cô dạy chủ yếu tập trung dạy công thức ngữ pháp không biết học sinh có hiểu hay không nên em bỏ ngang hai năm nay. không biết vô tình hay là hữu duyên em thấy được video của thầy, thầy truyền lại cảm hứng học cho em ôn lại tiếng nhật. bài giảng của thầy rất chi tiết từ ngữ pháp đến ý nghĩa của ngữ pháp rất tỉ mỉ đấy ạ. cám ơn thầy và các cô trong trung tâm  vè các video bài giảng, thực sự rất dễ hiểu hay  lắm thầy. lần đầu tiên em phải bình luận vào  một  video trên youtube vì quá tuyệt vời ạ.",
thầy . rất dễ hiểu. em không có cơ hội đến trung tâm học. hàng ngày xem video học rất hữu ích hơn đi học trung tâm rồi.,
thầy giảng rất hay và dễ hiểu.,
thầy dạy rất dễ hiểu luôn,
thay dạy rất chi tiết dễ hiểu,
em đang tự học tiếng nhật và video của thầy giúp em rất nhiều luôn. cảm ơn sự nhiệt tình của thầy và đội ngũ làm video. rất ngưỡng mộ thầy 3,
cho mình hỏi tại sao quầy bán rượu vang không phải là wine no uriba mà là wine uriba ạ,
thầy nói dễ hiểu quá,
"dạy hay quá, chắc khỏi cần đi học trung tâm quá thầy ơi!",
thầy giảng quá ok tỉ mỉ tận tâm chúc thầy luôn mạnh khỏe cv tốt,
"e ít khi bình luận , nhưng em phải bình luận này ạ , cảm ơn thầy nhìu ạ , thầy dạy rất dể hiểu ạ , em mong thầy ra nhìu video dạy cho mấy bạn mới học tiếng nhật như tụi em ạ .",
thầy dạy chi tiết nên dễ hiểu lắm ạ. em cảm ơn thầy rất nhiều ạ,
cảm ơn thầy đã dạy rất dễ hiểu lại đọc rất từ từ cho những bạn chưa rõ về tiếng nhật từng câu từng chữ.e thật sự rất ngưỡng mộ cách dạy của thầy,
"thầy cảm ơn em, chúc em học tốt nhé 3",
"thầy cảm ơn em nhiều nha, đọc được bình luận của em giúp cho thầy có rất nhiều động lực để cố gắng và nỗ lực nhiều hơn 3",
  thầy cho em hỏi là bao giờ nên học kanji ạ,
thầy cảm ơn em thầy chúc em học tốt nhé 3,
thầy cảm ơn em nha  chúc em học tập tốt,
thầy cảm ơn em nhiều nha  chúc em học tập tốt,
thầy cảm ơn em nhiều nha  thầy hy vọng những video này sẽ giúp ích cho các em trong quá trình học,
thầy dạy kĩ quá,
thầy giảng tuyệt quá,
quá hay thầy ơi. cảm ơn thầy nhiều. mong thầy sớm mở trường,
sách của em phòng họp là kaigishitsu mà,
em biết ơn thầy!!,
thầy dạy quá tận tình và rất dễ hiểu.minh học trên lớp chả hiểu gì lên xem của thầy hiểu ngay.quá hưu ích.cảm ơn thầy rất nhiều.,
"bạn bao nhiêu tiền?, tát bốp bốp bốp bốp. thầy vui tính phết.",
thầy dạy rất là dễ hiểu cảm ơn thầy ạ...mới học được 3 bài còn 22 bài nữa mới được n5,
thầy có thể ra những video kaiwa và luyện phản xạ không ạ,
"thầy nhìn đẹp trai, dạy dễ hiểu và nhìn thầy hiền nữa. cảm ơn thầy về các bài giảng tuyệt vời này. chúc thầy và trung tâm ngày càng phát triển",
thầy có dạy ở trung tâm không ạ???,
"thầy tuyệt vời lắm luôn, dễ hiểu, vui vẻ thầy dạy thêm kanji nữa đi ạ , em đang thấy khó quá huhu",
sao phòng họp mà thầy đọc là jimusho???,
"thầy giảng rất dễ hiểu, duyên lắm ạ",
"chúc các bạn học tốt, nhưng t khuyên hiện tại đừng đi nhật không có tiền đâu tiền đang mất giá thuế thì tăng, tránh xa ngành xây dựng, tránh xa ngành hái củ sen, còn lại ai muốn thì đi, 18-4-2023",
"thầy ơi ở 40 phút 57 giây á,e nghĩ là nếu là bé yamada thì phải dùng hậu tố là chằng chứ ạ,đúng không thầy??",
thầy ơi có file để làm mỗi ngữ pháp qua các bài không ạ,
cám ơn thầy chúc thầy nhiều sức khỏe ạ,
"thích nhất cái khái quát nội dung chính ngay đầu bài của thầy, đến lúc ôn lại rất dễ ôn
quá tuyệt thầy ạ, em đi học trực tiếp ở trung tâm còn không được như thầy dạy nữa l. 1 like cho thầy ạ",
"thầy dạy rất dễ hiểu, may mà mình biết đến kênh này",
"thầy cho em hỏi em muốn mua sách từ vựng về học thêm, nhờ thầy giới thiệu giúp quyển sách dễ học a",
em đánh giá cao về bài viết của thầy,
em cảm ơn thầy nhiều,
"cảm ơn thầy , không thể có từ nào diễn tả được bài giảng của thầy , em xin dùng 2 từ tuyệt vời , cảm ơn thầy về tất cả các video",
chân thành cảm ơn thầy ạ !!!,
thầy dạy hay quá,
thầy cho em hỏi làm sao để phân biệt khi nào ngta hỏi trường học ở đâu và khi nào ngta hỏi tên trường học ạ?,
chúc muộn thầy 2011 vv ạ,
cảm on thầy nhieu ạ,
giờ ổn chưa bác,
thục pẩm vung kanto được a,
tùy may mắn vào cty tốt thì lại chả ngon quá  t làm xây dựng visa ks sang lương về tay 26-27man nhà ở miễn phí,
"đa số là mấy cha chọn đơn tào lao rồi chán nãn, chứ đi đơn ngon mỗi tháng về tay 20-25 lá gửi về nhà 20 triệu mỗi tháng",
"hái củi thầy thì ngta ghi lên đơn là đơn gì ạ, để em biết em né ra ạ, vì em cũng đi đơn nông nghiệp ạ",
thầy cảm ơn em nha,
"cảm ơn thầy,",
"cám ơn thầy nhiều ạ. em coi nhiều kênh, thấy thầy dạy rõ và dễ hiểu nhất ạ. em chúc thầy thật nhiều sức khỏe.",
25:40 câu 1 kanji của phòng họp là hội nghị thất chứ không phải sự vụ sở ạ,
cảm ơn thầy nhiều ạ chúc thầy nhiều sức khỏe,
"hình như chỗ phần dịch câu, thầy nói nhầm giữa văn phòng với phòng họp hay sao ý ạ ( 258). với đây cũng là gv em thấy dạy vui và dễ hiểu nhất từ trước đến giờ . mn nên học nha",
cảm ơn thầy qá tâm huyết ạ,
đúng là mất ngủ khi học người thầy hài như này. những bài học rất tuyệt vời. cảm ơn thầy,
anh có nhận dạy ol không a..e đang học tiếng nhật yếu quá không nhớ gì học trước quên sau,
học cấu trúc ngữ pháp với thầy và nhớ cả từ vưng. cảm ơn thầy nhiều ạ.,
từ khi xem clip của thầy em cảm thấy tiếng nhật dễ hiểu mà thấy nó rất thú vị chứ học trung tâm theo 1 khuôn khổ cảm giác gò bó khó chịu mà không hiểu lắm.,
chúc thầy luôn thành công ạ,
quá hay và rất có tâm,
"thầy cùng quê với em, rất tự hào ạ",
cảm ơn thầy rất nhiều ạ . chúc thầy luôn mạnh khỏe và thành công.,
đúng rồi em nha.,
cảm ơn em đã theo dõi và ủng hộ thầy.. chúc em học tốt nhé,
cảm ơn em đã góp ý nhé..  thầy sẽ sửa lại nghĩa tiếng việt.,
"thầy cảm ơn em nhiều nhé, khi học có gì không hiểu thì đừng ngại để lại bình luận, thầy sẽ trả lời em sớm nhất có thể.",
cảm ơn góp ý của ngọc nha  thầy sẽ xem lại nhé..chúc em học tốt!,
"thầy cảm ơn em nhiều nhé, em học có gì không hiểu thì đừng ngại để lại bình luận, thầy sẽ trả lời sớm nhất có thể nhé .",
học tiếng nhật nếu không có chút muối thì nhạt và dễ gây buồn ngủ lắm em ơi. thầy chúc em học tốt và có gì không hiểu thì đừng ngại bình luận cho thầy biết nhé!,
"giọng thầy vừa truyền cảm, giảng dạy tỉ mỉ từng câu tưng chữ. nghe dễ hiểu, 1 câu chứa nhiều mấy từ vựng nên nếu nhớ cả câu thì thuộc luôn từ vựng. em thấy học tiếng nhật càng lúc càng thú vị.",
"thầy cảm ơn em rất nhiều, chúc em học tốt!",
"thầy cảm ơn em rất nhiều, chúc em học tốt.",
em cảm ơn thầy nhiều ạ,
em điền trợ từ hay bị lú quá,
em phải học thầy trước khi học cô giáo dạy,
1giờ 22phút cái túi này của nước nào bên  lớp em dạy kono nào kêu đây là túi của nước nào mới kore mới học tới bài 3 nên cũng không biết ai đúng nhưng em nghĩ thầy sai á,
thay day hay lam va co tam nua,
"bài giảng dễ hiểu lắm thầy ạ, onegashimas",
"bạn giảng rất có tâm 
mình học cô giáo kia chỉ kiểu hướng dẫn cho trung tâms học thôi ấy đến khj trung tâms không hiểu thì lại nổi điên lên nhiều khj rất là buồn cười ấy",
thầy giảng dễ hiểu .e cảm ơn thầy nhiều,
cảm ơn thầy .. chúc thầy thực hiện được ước mơ sớm,
hay quá anh,
cảm ơn thầy ạ,
chào thầy chúc thầy sức khỏe,
cảm ơn thầy rất nhiều ạ,
minasan ozaimasu là đọc tắt của minasan ohayogozaimasu ạ ?,
"ơ thế muốn hỏi công ty, trường học,.. bạn ở đâu thì sao ạ sênsee",
thầy dạy tâm huyết quá,
1:20:10 là 3man phải không ạ,
được em nhé!,
đung roi van phong va phong hop khac nhau,
"thầy ơi ỏe bài 2 trên sách cũ phong họp kaf  kai gi shi chư .. không phải gì mư sồ. gì mừ sồ trên sách  xanh nó lại là văn phòng
.. không bên nào đúng thầy",
"em cảm ơn thầy nhiều ạ, em rất vui khi biết đến kênh của thầy ạ",
cảm ơn thầy cô rất nhiều ạ. em lại xong 1 bài nữa rồi.,
e cảm ơn thầy,
cảm ơn thầy rất nhiều! mong sớm được xem thầy chinh phục piano ạ !,
"không còn gì để nói cả tuyệt vời quá thầy, từ khi học trước bài của thầy lên lớp tự tin hẳn thầy ạ",
bài giảng của thầy dễ hiểu lắm ạ 3,
cảm ơn thầy,
"ikura hoi duoc cho con nguoi nha thầy , may em gai trong khach san tinh ai ay",
hay quá thầy ơi,
"người thầy vĩ đại, là người thầy biết truyền cảm hứng",
thầy dạy rất dễ hiểu ạ,
cho em hỏi tên người thì dùng hira hay kata a,
thầy nhầm phòng họp với văn phòng rồi ạ,
em cám ơn thầy ạ,
25:43 thầy nhầm phòng họp thành văn phòng ạ. 1:20:01 3man ạ không phải 3sen ạ hihi,
em cảm ơn thầy ạ,
đúng rồi em ơi. nên học trước khi lên lớp nghe cô giáo giảng lại sẽ dễ hiểu hơn rất nhiều.,
"cảm ơn em đã theo dõi bài giảng, chúc em học tốt và đạt kết quả cao em nhé",
  dạ vâng 3,
chuẩn bạn mình xem ú ớ nhầm,
"không có video bài 5,6 á thầy ơi",
thầy  ra bài 5 đi ạ.,
cảm ơn thầy chỉ dạy có tâm video cụ thể,
sao thầy không ra bài mới ạ ngữ pháp thầy dạy rễ hiểu mà  đến b4 thôi đã hết r,
cảm ơn ạ,
chúc em học tốt và đạt kết quả cao nhé,
thầy giảng dễ hiểu lắm ạ,
"cảm ơn thầy đã rất tận tình chỉ bảo thầy giản nghe là hiểu liền, chúc thầy nhiều sức khoẻ và thành công nhé",
"dạy dễ hiểu. giọng phát âm rõ ràng, dễ nghe không bị ngọng n-l",
tức là cái cấu trúc câu từ - đến thì không cần dùng trợ từ ni à thầy,
thầy ơi tôi làm việc lúc 9h ngữ pháp cuối là wa ta shi nha thầy không phải anh na ta đâu hehee,
ngày mai không đi làm với ngày mai nghỉ hai câu này về nghĩa có khác gì nhau mà lại là phủ định với khẳng định hả thầy..,
cảm ơn thầy sẽ rất nhiều nhờ có bài giảng của thầy sẽ mình học rẻ hơn,
câu anh yamada đã thức dạy chưa vẫn có thể là kđ phụ thuộc vào câu người hỏi,
hay quá thầy,
thầy giảng rất tận tâm cảm ơn thầy ạ,
ôi may quá thầy đã lấy lại được kênh rồi,
e học mãi không vào nghe thầy giảng dễ hiểu lắm ạ,
thầy dày tuyệt,
"cho em hỏi là: khi học xong bảng chữ cái thì sẽ học hết 50 bài từ vựng rồi học 50 bài ngữ pháp. hay mình sẽ học xen kẻ, bài từ vựng 1 - bài ngữ pháp 1; bài từ vựng 2- bài ngữ pháp 2 thế ạ. mong được thầy giải đáp ạ! em cảm ơn thầy ạ!",
thầy ơi cho em hỏi là tự học thì học nghe với nói ở đâu vậy ạ,
có chữ không  thì nó là phủ định,
chúc em sớm chinh phục được n4 nha,
trạng từ chỉ thời gian có thể đứng đầu hoặc cuối đều được nhé em!,
thầy cảm ơn em nhé,
thầy cảm ơn em  chúc em sớm chinh phục được hết kiến thức n5 n4 nhé,
tưởng mất luôn rồi,
kiki thầy quay trở lại với em rồi nha,
vậy là giờ em xem xong video em hiểu rồi đúng không em,
kiki thầy cảm ơn em nhiều nha,
"xen kẻ nha c, nma học kĩ từ vựng hẳn học ngữ pháp không là bị rối ạ",
cảm ơn bạn nhiều nha,
em học xong chương trình n5 n4 thì có thể học kaiwa nha,
thích học của thầy quá. dễ hiểu lắm ạ,
"thầy cho em hỏi 
trình n5 có nên học chữ hán luôn không hay là để sau vậy",
minh van chua hiểu lắm,
16:44 ủa em tưởng phải dùng mashita chứ nhỉ. vì nó là quá khứ tối qua bé đào ngủ lúc mấy giờ mà. em thấy thầy mới chỉ sửa từ thức dạy thành từ ngủ thôi không thấy sửa masu thành mashita,
"mình mới học mà chắc tại cái tuổi tác lên không khó nhớ từ mới thầy có cách nào để ghi nhớ tốt không vậy, cảm ơn thầy",
ngày 14 ạ. em phải chia thành nhiều ngày để học không thì quá ngộp với kiến thức lẫn từ vựng thầy ạ.,
cảm ơn thầy rất nhiều ạ trên lớp học không kịp vì giáo viên giảng ngắn gọn đi bài nhanh nên không hiểu chưa định hình tiếng việt là gì thì qua luôn về xem thầy lại rất dễ hiểu luôn nếu thầy không làm cái clip này là em bó tay,
cô cảm ơn và hàng ngày vẫn học tn của nhắn tin thầy. hy vọng thành công và thành công!,
"em cảm ơn thầy rất nhiều,em học ở trung tâm không hiểu bài và hơn nữa là em học không nhớ,từ lúc biết đến thầy em đã học lại từ đầu và thầy dạy rất dễ hiểu. em cảm ơn thầy rất nhiều ạ. em chúc thầy thật nhiều sức khỏe ạ",
"cô đang học đến bài 4, cảm ơn nhắn tin thầy rất nhiều, dễ hiểu và cô rất có hứng thú học tn.",
"cảm ơn thầy rất nhiều, bài giảng của thầy rất hay và dễ hiểu",
"cách bước vào bài giảng thực sự rất thu hút ạ! các bạn học mới hay ôn lại cũng thực sự rất tiện! không tràn lan, rất logic và hệ thống ạ! cảm ơn thầy rất nhiều!",
thầy dạy hay và dễ nhớ ạ. em cảm ơn thầy nhiều ạ,
thầy ơi em muốn đăng ký thầy dạy riêng cho kaiwa cho có được không ạ,
thầy có tam quá xem rất dê. hiểu ạ,
"em cảm ơn thầy ạ, bài giảng của thầy rất hay và dễ hiểu ạ",
"trước tiên em cảm ơn thầy vì thầy dạy nhiệt huyết, dạy rất chi tiết và có phần ôn tập nhiều để có thể luyện khi vừa mới xong 1 phần bài học, em xem thầy dễ hiểu lắm ạ, bên cạnh đó em cũng xin góp ý là em đã học ở kênh thầy từ bài 1 đến bài 4, một số slide có sự sai sót về chính tả, vì em vừa nghe giảng vừa chép bài trong slide luôn ạ. nhiều khi có nhiều người họ cũng chép bài từ slide ra, họ không để ý về lỗi chính tả, sau này họ lấy ra học, họ sẽ thắc mắc và không biết chỗ ví dụ đó, từ đó nó có nghĩa là gì, sẽ tốn thời gian ạ",
"1 tuần nữa là phỏng vấn mà giờ mới học b4 lo quá ạ, bài 4 này trên lớp dạy ít, xem thầy em hiểu thêm được rõ và nhiều hơn ạ, cảm ơn thầy nhiều ạ,",
thầy cảm ơn em nhiều   cố gắng chăm học đừng phụ công thầy quay bài nha,
n5 học luôn được là tốt nhé em!,
em chưa hiểu ctnp nào em nhỉ,
  em cảm ơn nhiều lắm ạ. vô cùng biết ơn anh.,
"câu này hỏi là hàng tối, bé đào... nên không sử dụng quá khứ nhé em!",
"về từ mới thì thầy nghĩ là chỉ có cách học thật nhiều để nhớ. bạn nào khó nhớ hơn nữa thì ngồi nhẩm rồi viết ra nhiều, dần dần sẽ nhớ em à.",
chậm một chút nhưng không từ bỏ là được em nha,
thầy cảm ơn em nhiều. chúc em sớm chinh phục được kiến thức jlpt  n5 nha,
dạ cháu cảm ơn cô nhiều ạ,
"thầy cảm ơn em nha  chăm chỉ đừng phụ công thầy quay bài, và cố gắng chinh phục hết kiến thức n5 n4 thầy đã đăng nữa em nha  chúc em học tiếng nhật thật hiệu quả!",
dạ cháu cảm ơn cô. cô cố gắng kiên trì nhé ạ,
ukii em nha. chúc em sớm chinh phục được hết kiến thức n5 nhé,
thầy cảm ơn em rất nhiều. cố gắng chăm chỉ không phụ công thầy quay bài nha em,
thầy cảm ơn em nhiều nhé! chúc em sớm chinh phục được khoá học n5 nhé,
thầy chào em. hiện tại thì thầy có bài giảng kaiwa dành cho các bạn học từ n4 n3. em có thể tham khảo để học miễn phí nhé. em tìm chuỗi video giao tiếp tiếng nhật cùng minato nhé em!,
  vâng em cảm ơn thầy ạ,
thầy cảm ơn em nha,
kiki thầy cảm ơn em nhiều. thầy chúc em sớm chinh phục được khoá học n5 nha,
thầy cảm ơn em nhé. thầy sẽ cố gắng dành thêm thời gian để khắc phục những sai sót này. chúc em học tập thật tốt và tiếp tục gặt hái thành công trên con đường chinh phục tiếng nhật nhé,
mình học bài 1 phỏng vấn rồi,
đỗ trường rồi,
mình sang nhật gần 2năm .bị đồng nghiệp giỏi tiếng hãm hại .mới thấy cần học tiếng để bảo vệ bản thân.lại học thầy từ đầu.,
cảm ơn thầy nhiều ạ thầy giảng chi tiết có tâm nữa,
thấy bài giảng hay nhất những bên khác thật tuyệt vời cảm ơn thầy tiệp rất nhiều,
sen cho em hỏi nếu vậy 4p đọc là yon pưn hả sen,
"theo như em thấy thì cái bài 4 này, phần khó nhất là đếm giờ phút giây",
"thích học thầy cực vừa học vừa cảm nhận được năng lượng tích cực từ thầy,thầy vui tính không làm cho bài giảng khô khan rất biết ơn và cảm ơn thầy đã tạo điều kiện cho các bạn các anh chị cô chú có nhu cầu liên quan đến tiếng nhật có thể tiếp cận được ngôn ngữ nhật ạ,cảm ơn thầy ngọc tiệp rất nhiều ạ.",
"cảm ơn thầy rất nhiều ạ, em mong ngày nào đó em nghe hiểu và nói được tiếng nhật như thầy ạ 3.",
rất dễ hiểu luôn ạ,
tiếc là thầy không dạy kanji theo từng bài như này nhỉ,
fung là số nguyên tố anh ah,
"thầy ơi , có ai học trên youtube mà lấy được bằng n4 chưa ạ . tại em muốn lấy bằng n4 nhưng không thể đi ra trung tâm học được . tại em học vì đam mê thôi",
a dạy rất dễ hiểu tận tình..cảm ơn anh rất nhiều,
thầy ơi chị muốn học giao tiếp đơn giản thầy dạy chị được không chị hiện 50 và căn bản chị chưa biết gì,
cảm ơn a,
biết đến thầy muộn. nhưng muộn còn hơn không. cám ơn thầy ạ,
trung tâm có lớp học 1:1 không á,
bài 4 em thấy là khó. học trên lớp không có nhịu nên khó hiểu lắm. cảm ơn thầy vì video này. trong lúc em rất cần mừng dễ sợ,
cố gắng lần này phải quyết tâm học bằng được nhé em! thầy tin là sự cố gắng của em bây giờ sẽ vượt qua được mọi khó khăn!!!,
"  không ngờ lại được thầy trả lời.cảm ơn thầy em vừa học vừa nghĩ sao lại có người dạy học tận tâm như thế này .chúc thầy thật nhiều sức khỏe luôn hạnh phúc và thành đạt. em cũng như những người tự học khác, vô cùng biết ơn sâu sắc bởi thầy giảng bài bằng cả tấm lòng,chân thành, . cảm ơn thầy",
thầy cảm ơn ngân nhiều,
thầy cảm ơn em nha  thầy đăng đầy đủ 50 bài mina rồi. em cố gắng học hết nha,
  may có thầy chứ học trên trung tâm khá nhanh về xem ytb ôn lại,
  dạ em cảm ơn sen,
thầy cũng thấy vậy  cố gắng chinh phục em nha,
"thầy không chỉ vui tính, dạy hay mà còn đẹp zai nữa đúng không em  
thầy đùa thôi  thầy cũng mong là có thật nhiều những anh chị cô chú học tiếng nhật sẽ được học miễn phí qua những bài giảng này. thầy cảm ơn em nhiều nha 3",
 e vừa học vừa cười ha hả bọn bên cạnh nói con điên học gì mà cười em bảo cứ chịu bỏ thời gian ra học đi vừa được cười vừa được có kiến thức. cảm ơn thầy những bài học hay nhiều ý nghĩa ạ,
chỉ cần bản thân em thường xuyên nỗ lực thì sẽ được như thầy thôi. em cứ cố gắng nha,
thầy có dạy kanji trong khoá học online nhé em,
 e muốn đăng kí học n5 của thầy ạ,
thầy thấy có bạn học trên youtube mà đỗ rồi đó em ơi  nhiều bạn nhắn tin cảm ơn thầy nên thầy vui lắm  em cũng cố gắng chinh phục nhé,
anh chúc em học tập hiệu quả nhé,
"em chào chị. em đang đăng nhiều video trên kênh, c có thể học giao tiếp qua những video đó nha. em chúc chị học tốt ạ",
thầy rất vui vì bình luận của em. thầy cảm ơn em nha,
trung tâm không có lớp 1-1 em à,
thầy chúc em học tập tốt thi đạt kết quả cao nhé,
"thầy giảng dễ nghe, dễ hiểu, cuốn hút, em muốn học thầy trực tiếp",
lúc ở vn không lo học h sang đây bít sao lúc học không chịu không,
lúc ở vn không lo học h sang đây bít sao lúc học không chịu không,
đang sống và học tập ở canada nhưng lại thích học tiếng nhật của anh,
thầy dạy rất hay,
mới học đến bài 4 vô tình thấy được video của thầy . thầy giảng rất có tâm dễ hiểu  . cảm ơn thầy rất nhiều,
"cảm ơn thầy nhiều ạ bây giờ em mới biết là tiếng nhật cũng chia động từ quá khứ, hiện tại tương lai như t. anh í",
dài dòng quá,
thật sự rất thích những bài giảng của thầy. để giảng được chi tiết nv thật không đơn giản.,
em à anh học bị lẫn nhau tiếng trung quốc. giờ học tiếng nhật nẫn khó quá em có cách gì chỉ anh mấy anh đi làm giàn giáo,
may quá vì thấy video của thầy. em đang bị loạn phần này ah.,
"em tự học tiếng nhật ở nhà, nhờ những bài dạy ý nghĩa của thầy mà em cảm thấy dễ tiếp thu hơn. em cảm ơn thầy nhiều ạ!",
"em xin gửi tới thầy lời cảm ơn chân thành bởi sự nhiệt huyết,tận tình của thầy !",
10đ thầy ơi,
"em cảm ơn  a, video cua  rât co tâm anh chi tiêt va rât dê hiêu a. em chuc  co thât nhiêu sưc khoe va thanh công nhe",
1 câu hơi vô nghĩa nhưng nhớ luôn thứ trong tuần: gét sư kả sui mò kua kín do í chị,
"muốn đi nhanh thì đi 1 mình
muốn đi chắc thì đi cùng đồng đội",
thầy chúc em học tập tốt và thi đạt kết quả cao nhé,
thầy dạy ở namba osaka phải không ạ,
"10:00 những thời gian không có con số cụ thể như ngày mai, sáng nay đứng đầu câu được không thầy ơi",
h em mới học nhưng clip nào học xong cũng like nha,
cảm ơn bài giảng của thầy,
10điem cho thầy.,
thầy dạy rất dễ hiểu và có tâm luôn ạ,
12h30 mà thầy,
"thầy như vị cứu tinh của em í. em muốn qua nhật, với lại trường cũng yêu cầu học tiếng nhật nữa, mà nhà em thì không có tiền để đi học thêm. biết được kênh dạy tận tâm mà miễn phí như này em thích lắm  cảm ơn thầy nhiều ạaaaaaa",
cảm ơn thầy đã rất tận tình chỉ bảo ạ chúc thầy luôn luôn thành công,
thầy không có video dạy về kanji n5 n4 hả thầy em tìm hoài không thấy,
like manh cho tây tiêp nao moi ngươi ơi. qua hay  a!!,
thầy có cách nào học từ vựng nhanh vào không ạ. em người trí nhớ kém học ngày học đêm học rất nhiều nhưng hiệu quả thì không có.,
thầy ơi thầy dạy giao tiếp đi ạ khỏi ngữ pháp nữa dạy trực tiếp luôn đễ giao tiếp,
cố gắng chăm chỉ em nha,
kết bạn học cùng mình không,
"thanhvinho6702  kết bạn với mình học không, mình mới bắt đầu",
trangnguyenlinh4615  kết bạn học chung với mình đi bạn để tiện học chung,
"thanhvinho6702 làm sao để kết bạn giờ,  mình cũng mới học nè",
thầy dạy hay và dễ hiểu quá .cảm ơn thầy rất nhiều!,
"mỗi ngày là mai nì chi , thầy phát âm là mai ì chi.",
bài giảng của thầy rất hay ạ,
"cảm ơn thầy rất nhiều,rất chi tiết và dể hiểu ạ",
cảm ơn thầy vô cùng ạ !!!!!!,
thầy ơi thầy  có thể cho em các từ khoá để hỏi từ bài 1 đến bài 10 được không ạ,
thầy giảng rễ hiểu quá ạ,
hay quá ạ,
thầy ơi thầy làm video dạy chữ kanji đi ạ. em ở vùng quê muốn học chỉ xem trên youtube được thôi,
quá dễ hiểu luôn ạ,
học từ thầy có động lực lắm ạ,
cảm ơn thầy nhiều giảng rất dễ hiểu luôn,
"thầy cảm ơn em nhé, chắc tại nói liên tục nhiều quá bị líu lưỡi mất :(((",
thầy chưa hiểu ý của em lắm.. em muốn hỏi về  các từ để hỏi trong tiếng nhật từ bài 1 - 10 đúng không em nhỉ?,
"thầy cảm ơn em nhiều nhé. khi tự học nếu có gì khó hiểu thì đừng ngại để lại bình luận, thầy sẽ trả lời em sớm nhất có thể nhé!",
"thầy cảm ơn em nhé, khi tự học có gì không hiểu thì em có thể để lại bình luận, thầy sẽ trả lời sớm nhất có thể nhé!",
"kanzi thuộc về từ vựng, mà từ vựng thì em có thể tự học được, em có thể mua cuốn sách kanji look and learn để tự học nhé.",
"thầy chúc em học tốt, khi tự học có gì không hiểu thì đừng ngại bình luận, thầy sẽ trả lời em sớm nhất có thể nhé!",
"vậy em tiếp tục học nhé, thầy có trọn bộ 50 video giáo trình minna, chúc em học tốt nhé!",
"thầy cảm ơn em nhiều, chúc em học tốt nhé",
cảm ơn thầy nhiều ạ .rất hay và rất dễ hiểu ạ,
thầy dạy quá kĩ và quá dễ hiểu.e cám ơn thầy nhiều ạ.,
nhờ thầy mà em có thể ôn lại những gì em kg nắm kịp trên lớp. cám ơn thầy ạ,
thầy ơi. trung tâm mình có lớp học trực tuyến không ah,
"cảm ơn bài giảng của thầy, dễ hiểu lắm ạ.",
thầy dạy rất kỹ . cảm ơn thầy.,
thầy còn lú . em thì lẫn lộn luôn,
hay lắm ạ,
giảng rất dễ hiểu cảm ơn thầy rất nhiều,
"thầy giãng rất kỹ .....tuy nhiên bài nói phần đầu giới thiệu   hơi dài ....và bài kết thúc  bài thì lại nhanh  nhưng vẫn rất hay .
cám ơn thầy nhiều. 
nội dung trình bày  chỉnh chu.. ...hình ảnh minh họa .rỏ ràng ..rất đáng cho mn học 
totemo suki desu ... airgatou gozaimasu",
em rất cảm ơn thầy,
"e cảm ơn thầy ạ 
chúc thầy có thật nhiều sk ạ",
bài giảng của thầy rất dễ hiểu..! cảm ơn thầy nhiều ah,
xl thầy ạ phút 36.36 em để ý phía sau không nghe thầy nói,
"tháng 1 bắt đầu học, t7 jnpt n4 có kịp không ạ?",
em sang nhật được 1 năm  núc có thời gian ở việt nam  thì không học đến bây giờ mới cảm thấy cần phải học học để có sự tôn trọng của người khác,
cảm ơn thầy a,
thầy cảm ơn em nhiều và chúc em học tốt nhé,
"thầy cảm ơn em nhiều, chúc em học tốt nhé!",
nói thì dễ chắc đã học được,
"nếu em đủ quyết tâm học thì hoàn toàn có thể em nhé,",
"xubeauty1434  thôi đừng qua nhật không như mơ đâu, tiền mất giá tháng không được mấy đồng đâu, người nhật nó giả tạo thảo mai nhất thế giới đấy, muốn đi kiểm tra kỹ hợp đồng đi tỉnh nào mức lương về tay bao nhiêu chứ đừng thấy trên hợp đồng nhiều qua đây nó trừ hết á",
lolem292  nhưng mà giờ ở vn làm 1 tháng được có 6-7tr thôi à,
"lolem292   mất giá nhưng tháng tầm 20tr vẫn ổn hơn vn tháng tầm 6 7,8tr",
lolem292 ở vn làm lương tháng 7 - 8 triệu thêm cái văn hóa nhậu nhẹ xã giao đám tiệc đủ kiểu với qua nhật vài năm về dư vài trăm củ thì nên chọn cái nào? đối với 1 đất nước không làm chủ được nền khoa học kỹ thuật vượt trội thì làm thuê cho nước ngoài cũng là sự lựa chọn tốt. nghèo mà sỉ diện thì nghèo mãi.,
mình cũng cbi qua nhật hỗ trợ cty mẹ 1 năm.  học khó quá .,
học khó thật. phải bền bỉ không bỏ cuộc mới học được.,
cảm ơn thầy đã tận tâm cho chúng em kiến thức rất ý nghĩa,
cám ơn thầy,
giảng rất kĩ và dễ hiểu! cảm ơn thầy ạ!,
"một mẹo nhớ ngày khá hay mình nghiệm ra và muốn chia sẽ để mọi người dễ nhớ, các ngày trong tuần tương ứng với 1 hành trong ngũ hành  mặt trăng mặt trời:
thứ 2: nguyệt nhật : getsuyoubi
thứ 3: hỏa nhật : kayoubi
thứ 4: thủy nhật : suiyoubi
thứ 5: mộc nhật : mokuyoubi
thứ 6: kim nhật : kinyoubi
thứ 7: thổ nhật : doyoubi
chủ nhật: nhật nhật : nichiyoubi",
thầy giảng dễ hiểu quá ạ. em cảm ơn thầy,
"em cảm ơn thầy ạ, thầy giảng rất kĩ và dễ hiểu",
"cảm ơn thầy cô, em lại xong 1 bài rồi.",
thầy giảng rất dễ hiểu và cách nói khiến em dễ nhớ kiến thức,
thầy giảng dễ hiểu quá ạ!,
chúc thầy có thật nhiều sức khỏe 3,
em cảm ơn thầy nhiều ạ !,
"em cảm ơn thầy nhiều ạ, bài giảng rất dễ hiểu ạ 3",
dạ em cảm ơn thầy dạy rất dễ hiểu . em cảm ơn thầy rất nhiều ạ.,
em ơn thầy nhiều ạ 3,
"cảm ơn thầy, chúc thầy nhiều sức khỏe",
em mới học tiếng nhật. ngoài các bài giảng trên lớp thì về nhà em rất thích ôn lại nhà nhờ các bài giảng của thầy 3,
thầy dễ hiểu ạ,
"tuyệt vời , cảm ơn thầy",
thứ không phải ngày nha bạn,
qutrong la mây cai nay no tương nhau nên cung dê thuôc ne,
"thầy cảm ơn em nhiều nhé, hiện tại bây giờ em đã hoàn thành 50 video của thầy chưa nhỉ?",
bạn còn học không,
theuniverse7437   còn bạn,
tieunhu7326  mình còn học bạn. kết bạn giao lưu kinh nghiệm hay phương pháp học được không nè bạn,
thầy dạy dễ hiểu quá ạ,
em cảm ơn thầy ạ . thầy giảng dễ hiểu lắm ạ 3,
cảm on thầy nhieu,
xuất sắc luôn...thầy kiểu học sư phạm ra à?,
trong tiếng nhật có cách đếm giờ kém không thầy,
thầy dạy dể hiểu,
rất cảm ơn thầy.,
xem thầy từ n4 vieo này thấy thầy mập nha,
mỗi ngày đều muốn nói cảm ơn thầy nhiều lắm !,
thầy ơi không có từ bài 5 ạ,
thầy dạy hay làm á,
thầy chưa ra ngữ pháp bài 5 ạ,
mọi người vào kênh facebook của minato là thấy có đầy đủ đến bài 25 nhé,
thầy up bài 5 lên đi sei,
chưa thấy ngữ pháp bài 5 thầy ơi,
chuẩn,
bạn vào kênh có danh sách đủ 25 bài luôn ấy bạn.,
chúc bạn học tốt và đạt kết quả cao nhé,
cảm ơn em! chúc em học tốt và đạt kết quả cao nhé,
cám ơn thay em học dễ hiểu lắm ạ,
hay quá thầy ơi,
ai giúp với. mình dùng câu doko mo ikimasen chat jpt nó kêu không chính xác phảt có he trước mo. câu chuẩn nó đưa ra là doko he mo ikimasen. vậy là sao nhỉ,
em cảm ơn thầy rất nhiều,
cảm ơn thầy nhiều em mới bắt đầu học thầy dạy vô cùng tận tâm dễ hiểu,
2025 vẫn còn học,
mn ai giống em không cứ học trước quên sau thôi,
thầy đẹp zaai dạy còn dễ hiểu chúc thầy 8386,
thầy dạy tốt nhất,
"thầy dạy chi tiết và dễ hiểu nhất, hơn cả thầy của em  mãi ủng hộ kênh của thầy.",
"ahhh tiệp thầy lấy lại được kênh rồi, chúc mừng thầy, em chờ mãi hôm giờ",
ơn zời thầy đây rồi,
cảm ơn thầy rất nhiều ạ!,
mình xem khá nhiều kênh dạy online mà thấy ấn tượng nhất với bài giảng của thầy. sẽ cố gắng không phụ công của thầy,
thầy cảm ơn em nhiều nha,
kiki thầy cảm ơn em nhiều nha  chúc em học tiếng nhật dễ và hiệu quả nhé,
thầy cảm ơn em!,
kiki anh cảm ơn em nhiều  vào học luôn nha em,
kiki kênh về rồi em ơi,
ukii em nhé  em cố gắng chăm chỉ học hết 50 bài mina nha,
tuyệt vời quá em ơi. thầy cảm ơn em nhiều. chúc em sớm chinh phục được hết kiến thức n5 n4 nha,
"cảm ơn thầy, thầy dạy rất dễ hiểu",
quyết tâm học hết n4 để sang năm đi nhật ạ. cảm ơn thầy nhiều ạ,
thầy ơi thầy tắt bớt quảng cáo được không dạ thầy mỗi video cứ mỗi lần dừng lại ghi bài xong bấm phát tiếp thì nó lại quảng cáo làm mất tập trung quá ạ ((,
học từ tháng trc,
có ai bị tình trạng như em không. em sắp xếp từ trong câu sai hoài.. ai chỉ giúp em với ạ!!,
"thầy ơi.. thầy làm bài tổng hợp đặt câu( vị trí câu, từ) em dịch hoài mà sắp xếp câu hoài không đúng thầy ơi.. huhu",
ngày 15 ạ. dù rất lười nhưng em vẫn cố gắng xem 1 nửa video. còn 1 nửa em để mai ạ,
thầy vui tính dạy dễ hiểu được thầy dạy ok luôn  không chán chứ dạy căng thẳng quá không tiếp thu được luôn,
thầy ơi câu 4 phần luyện tập 1:12:00 em để yuka san wa ở sau 6jini được không ạ?,
"vô cùng biết ơn thầy
chúc thầy luôn mạnh khỏe bình an và hạnh phúc",
bài 5 rồi 2882024 start hopefully hêt năm sẽ hoàn thành 25 bài .cảm ơn thầy rất nhiều ạ,
"thầy dạy hay rất kĩ ạ, em rất may mắn khi gặp được thầy trên ytb ạ",
người nhật được giáo dục rất tốt ngay từ nhỏ,
cám ơn thầy! rất dễ hiểu,
vậy em cố gắng chăm chỉ không phụ công thầy quay bài nha,
kiki thầy cảm ơn em nhiều nha  chúc em sớm chinh phục được hết kiến thức n5 và n4 nhé em!,
"bạn học bài mấy rồi, mình cũng đang cố gắng n4 đây",
mình vừa học xong bài ni đó bạn,
em cố gắng để sang nhật là mình có thể giao tiếp được nha,
thầy cảm ơn em nha. yt tự động đặt nên thầy vừa chỉnh lại rồi. em cố gắng học hết bài nha em,
vậy thì tháng này phải cố gắng học hết n5 nha em,
"câu ví dụ trong bài của thầy là câu kể, chủ ngữ đang là an. nếu như nói như câu của em thì chủ ngữ sẽ là cả 2 người nhé em!",
  dạ em cảm ơn rất rất nhiều.,
nếu mới bài 5 thì em có thể sai nha  em cố gắng xem lại cấu trúc ngữ pháp thầy đã hướng dẫn để không bị nhầm. sau này lên n3 n2 sắp xếp sai thì mới đáng lo em nha,
em cố gắng xem lại cấu trúc ngữ pháp thầy đã hướng dẫn để không bị nhầm. sau này lên n3 n2 sắp xếp sai thì mới đáng lo em nha,
kiki ukii em nhé! cố gắng chăm chỉ để chinh phục được hết kiến thức n5 nha,
đôi thi vui một chút cho tinh thần thoải mái dễ vào hơn em nhỉ  cố gắng chinh phục hết kiến thức n5 luôn nha em,
được em nhé!,
thầy cảm ơn em nhiều nha. chúc em học tiếng nhật hiệu quả nha,
cố gắng chinh phục hết chặng đường n5 em nha,
thầy cảm ơn em nhiều. chúc em học tốt nha,
thầy cảm ơn em nhiều nha,
có ai có bí quyết học từ vựng nhanh không ạ,
học thầy cứ ngồi cười vì thầy chia sẻ dễ thương quá hahahaah,
"bài giảng của thầy tiệp rất hay ạ, em cảm ơn thầy nhiều ạ :",
e học không hiểu ngữ pháp . thầy có dạy riêng không ạ,
thầy dạy tâm huyết mà em thấy view không nhiều lắm nhỉ,
cảm ơn thầy,
2024 ai còn học không,
"thầy ơi, nếu đổi vị trí trong 1 câu của địa điểm lên đầu, phương tiện thứ 2 rồi mới cùng ai thì có bị sai không?",
thầy dạy hay quá! hiểu đúng bản chất,
thầy        giỏi quá,
mỗi người sẽ có một cách học từ vựng riêng sao cho phù hợp với bản thân. em có thể chọn một trong những cách: đọc nhiều lần; viết nhiều lần; nghe nhiều lần; hoặc áp dụng tất cả các phương phương phía trên nhé em! chúc em sẽ thuộc được nhiều từ vựng nha,
hahaa thầy cụa em mặn mòi hông,
cố gắng chăm học để không phụ công thầy quay video vất vả em nha,
bài giảng kanji hiện tại thầy chỉ dùng trong khoá học online nên em thông cảm giúp thầy nha,
các giáo viên ở minato luôn sẵn sàng. em nhắn qua fb nguyễn ngọc tiệp để thầy tư vấn nha,
 e không tìm được thầy ạ,
thầy cảm ơn em nhé. hi vọng là các bạn chăm chỉ như em sẽ làm cho kênh của thầy được nhiều người biết đến và nhiều lượt xem hơn,
ban đầu em học tiếng nhật vì yêu thích anime mà học từ từ thì thấy việc đi nhật để kiếm tiền nó mong lung quá thầy thầy có thể giúp em định hướng không ạ,
có tôi đây,
tôi đấy,
mình học cách đây 11 năm giờ học lại tiếng nhật từ đầu đây,
nganguyen-ru6mf  bạn đã từng sang nhật rồi ạ,
tuongvylam9370 ừ bạn giờ m sang lại theo diện tokutei gino 1,
39 tuổi đang bắt đầu nak các bạn,
tuongvylam9370  mình về nc 8 năm rồi giờ sang lại theo tokutei,
sontrantam7467  bạn học o nhật hay vn vậy,
tuongvylam9370  ừ n về nc gần chục năm giờ lại sang nhật,
nganguyen-ru6mf  mình đang ở nhật mình qua được 11 tháng rồi h mới biết cái ngu của không biết tiếng,
sontrantam7467 bạn o tỉnh nào,
cô nhiều tuổi rồi nhưng vẫn học tn.,
trantuyetnhung1026  b học đến bài mấy rồi,
tôi đây. mà từ vựng kém quá. có ai mách cách học từ vựng dễ nhớ không ạ,
"mình đang chuẩn bị nhập học, đơn hàng tháng 4 bay mà tháng 2 mới nhập học ngoài trung tâm lên vào học trước chứ không sang làm không biết câu gì",
sontrantam7467 mình sang nhật 4 năm rùi mà chưa học hết bài 4,
25 vẫn học nè,
từ đó là kanji của từ nhà á bạn,
thầy cảm ơn em nhiều nha. chúc em sớm chinh phục được n5 nha,
được em nha,
"  thế là trong 1 câu mình thích đặt vị trí mấy cái đấy sao cũng được, miễn là động từ thì cuối câu là được phải không thầy",
kiki em nói như vậy là được rồi nha. em cố gắng tiếp tục học nhé,
kiki thầy cảm ơn em nhé chúc em sớm chinh phục được n5 nha 3,
sen mà cắt tóc bên nhật 1tr4 thì bằng em cắt tóc 18 năm ở việt mỗi lần cắt có 20k,
dạydễ hiểu hay.,
vậy học nghe của mỗi bài ở đâu vậy thầy ạ. em cảm ơn thầy,
cảm ơn sê sê nhìu,
cảm ơn thầy rất nhiều ạ. mong thầy tiếp tục ra video để các bạn trẻ có thể xem và học hỏi nhiều thêm ạ.,
58:15 thầy đưa 1 ví dụ hết hồn. đi tới nhật bằng bè chuối luôn . .,
"không liên quan đến bài học nhưng 1:15:47 em thì thích đi xem phim 1 mình hơn , kiểu em sẽ tập trung hơn í , có bạn bè thì lo cười rồi nói chuyện không tập trung xem phim được",
tuyệt vời quáthầy,
"cảm ơn thầy, thầy dạy thật dễ hiểu",
"tr ơi thầy dạy không mất phí mà nhiệt tình quá bài giảng đầy đủ dễ hiểu lắm ạ , em học thầy mới có mấy ngày mà ngữ pháp lên hẵng",
ng thầy tâm huyết với tất cả tấm chân tình với tiếng nhật,
cảm ơn thầy nhiều ạ . bài học rất bổ ích,
"thầy cho em hỏi câu ở giây 1:09:57 vì sao dùng ashita wa, nếu không có wa có đúng không ạ?",
em cố gắng xem lại đoạn nào chưa hiểu nha. thầy nghĩ không hiểu là phải xem lại ngay để chắc chắn kiến thức về lâu dài em nha,
mình cũng hơi lu lú. giờ bạn ổn chưa,
phần nghe mỗi bài ở sách honsastu trong bộ mina nhé em!,
thầy cảm ơn em nha  chúc em sớm hoàn thành chương trình n5 và n4 nha,
ukii em nha  thầy đang sắp xếp quay video nhiều hơn để tạo nhiều kiến thức giá trị cho các bạn rồi nha,
"kiki ví dụ minh hoạ dễ hiểu, gây nhớ lâu đúng không em",
  vâng ạ. ngồi học đang buồn ngủ bỗng giật mình vì cái bè chuối,
chị satou sẽ đến đây là câu nói về tương lai nhé em. nên mình không chia về quá khứ em nhé.,
thầy chúc em học tập tốt nhé,
cảm ơn em nhiều nha. chúc em sẽ tiến xa hơn (đến n1) trên con đường tiếng nhật,
thầy cảm ơn em nhiều nhé 3,
thầy cảm ơn em nhé!,
chắc thầy đánh thừa đấy,
thầy cho em hỏi câu tuần trước bạn đã đi đâu ở phút 1:09 dịch là senshuu wa. vì sao lại dùng wa sau senshuu ạ?,
mình muốn đký học bằng cách nào à.,
rất hay ạ,
"thầy dạy dễ hiểu quá, giúp mình nhớ lâu hơn",
con tuần lộc mà thầy ơi,
thầy dạy rất là hay,
"thầy tuyệt vời quá ạ, em cảm ơn thầy nhiều lắm ạ",
"thầy dạy hay như này chỉ có mù mới không hiểu bài. mù nghe vẫn hiểu, điếc ms không hiểu",
cảm ơn thầy dạy rất dễ hiểu ạ,
minh hoc trung tâm hết n5 không hiểu gi h mở lại hoc từng bài của thầy mình rất hiểu . cảm ơn thầy　nhiều lắm,
rất thich thầy giảng ạ.,
cảm ơn thầy,
bài 5 thầy dại wa nha sử dụng chữ hắn wa nhìu,
"coi rất nhiều cách dạy, nhưng thầy là người dạy dễ hiểu nhất",
thanks thầy ạ thầy dạy rất dễ hiểu,
em liên hệ qua fb nguyễn ngọc tiệp để thầy tư vấn chi tiết em nhé,
em dùng cả đều được nhé,
thầy cảm ơn em nhiều nhé 3,
"cảm ơn em, thầy chúc em học tốt nhé 3",
thầy. xe bus đã đến rồi tức là ngay thời điểm đó xe bus đến hay là xe bus đã đi qua ạ,
thầy dạy kỹ và dễ hiểu quá . cảm ơn thầy.,
thầybè chuối dịch sao nhỉ.,
thầy giảng rất dễ hiểu.,
"mn cho mình hỏi 1 xíu với ạ. ở đoạn 34:44, nếu như người nói là một người bạn của mira và người bạn đó đang ở mỹ thì mình sẽ sử dụng iki mastu phải không ạ ?",
"cảm ơn thầy rất nhiều ạ. mình nhiều tuổi học thật khó , may biết tới thầy mình hiểu ra rất nhiều",
theo học onl của thầy vừa hiểu hữu ích,
"thầy giảng nhiệt tình, có tâm.",
thầy giảng dễ hiểu quá em cảm ơn thầy nhiều,
cám ơn thầy nhiều,
hay quá,
"thầy ơi, tại sao nhà khi nào thì dùng uchi, khi nào dùng ie vậy thầy",
mong kenh của thầy se được duy mãi để các bạn sau tìm hiểu thêm,
thầy quá tuyệt vời.dạy de hiểu.rõ ràng . duyên nửa,
nghĩa của n vẫn là nhà mà,
thầy chúc em học tập tốt nha,
em theo dõi  cộng đồng tiếng nhật minato dorimu  để xem thêm nhiều video bổ ích nha,
"ie giống như house trong ta, nghĩa là 1 ngôi nhà theo mặt vật lý, còn uchi giống như home nó vẫn có nghĩa là ngôi nhà nhưng bao gồm mặt cảm xúc hơn, nghĩa bóng là gia đình, mái ấm á",
thầy dạy rất chi tiết và dễ hiểu.cám ơn thầy,
"sêh sêi dạy tuyệt vời quá, em cảm ơn những bài dạy của thầy ạ",
thầy có dạy online không ạ,
sao nhà lại là i ê  thế ạ,
xem bao nhiêu vi deo có thầy là day rễ hiểu nhất ạ,
thầy có nhận dạy lớp 6 không ạ,
thầy dạy rất dễ hiểu,
công nhận thầy dạy dễ hiểu thật dạy cả tâm huyêt,
thầy dạy  dễ hiểu lắm  luôn ấy,
thầy dạy rất hay ạ,
thầy dạy rất kĩ . cảm ơn thầy nhé,
học thầy dễ hiểu nói rất rõ ràng luôn,
công nhận thầy dạy bằng cả tâm huyết,
thầy làm về phần dịch đi ạ,
thầy dạy chi tiết dễ hiểu,
thầy ơi video thầy giảng rất dễ hiểu ạkênh mình hiện tại không có video học kanji n5 ạ,
i ê.ư chi đều là nhà,
bạn ơi. có thể cho mình xin fb để học chung không,
cảm ơn thầy thầy dạy cực kì kỹ và dễ hiểu,
39:27 cờ nước anh nó màu đỏ với màu trắng mà thầy,
pp dạy của thầy rất dễ hiểu và được luyện nhiều,
"minh nghi nanide mơi la đi băng gi chư nhi, con nande la tai sao ma.",
rất yêu thầy giáo,
1:02:59 choe em hỏi ngôi nhà có 2 nghĩa ở tiếng nhật 1 là ie còn 2 là uchi hả thầy?,
thầy ơi cho em hỏi bắt đầu từ bài mấy của n5 thì mình học kanji ạ,
không biết thầy có file bài giảng ngữ pháp của 25 bài không vậy mọi người,
"trong sách nhà là uchi, iie là không.sao thấy thầy đọc nhà là iie nhỉ",
"ui, thầy cảm ơn em rất rất nhiều luôn",
từ bài 5 em nha,
  em cảm ơn thầy nhiều ạ,
thầy dạy đỉnh quả em học ở lớp bài 5 thầy dạy chả hiểu gì về lên ytb xem bài giảng của thầy hiểu luôn,
thầy làm cách nào nhanh học thuộc từ vựng ạ,
thầy dạy tuyệt vời 100 thầy,
thầy giảng hay quá.,
cảm ơn thầy thầy dạy cực kì kỹ và dễ hiểu ... thế này em sẽ không bị thầy của em chê học dốt nữa,
"lúc 1:120
thầy cho em hỏi, em có thể thay đổi vị trí của 6 giờ lên phía trước đứng cùng kê sa không ạ? nó sẽ thành: kesa 6ji ni yukasan wa baikude kaisha ế kimashita",
"thầy vui tính , em con trai cứng nghe thầy giảng em cũng muốn đổ với bọn con gái",
thầy dạy hay quá ạaaa,
coi lại tới 2 lần bài của thầy rồi mà vẫn bị sai ikimasu và kimatsu thật sự xl thầy thầy dạy quá chi tiết mà em vẫn bị nhầm,
quá hay luôn ạ,
thầy dạy rất kĩ và dễ hiểu nữa.,
39:18 cờ cuba thân yêu!,
thầy giảng dễ hiểu quá em làm được hết,
học nhiều là cách nhanh nhất,
"thầy cảm ơn em nhé, em tự học có gì không hiểu thì đừng ngại bình luận để thầy kịp thời giải đáp nhé!",
  dạ. em học xong 50 bài của thầy đén  tháng 10 là xong.  khoảng thời gian đó thầy có mở lớp kaiwa không ạ.,
"cảm ơn em đã quan tâm nhé, theo kế hoạch thì khoảng giữa tháng 11, thầy sẽ khai giảng lớp kaiwa mới, hi vọng được gặp em ở khóa học đó.",
"thầy cảm ơn em nhé, khi tự học nếu có gì không hiểu thì đừng ngại nhắn tin để thầy hỗ trợ em nhé!",
  dạ con cảm ơn thầy ạ.,
"thầy cảm ơn em rất nhiều, em học có gì không hiểu thì đừng ngại để lại bình luận để thầy giải đáp sớm nhất có thể nhé!",
về nghĩa thì n cũng không khác biệt nhiều quá.. nên em có thể thay đổi em nhé.,
thế thì cũng không cứng lắm đâu  mạnh mẽ lên em,
dạ em cám ơn thầy em hiểu rồi ạ,
dùng cả 2 đều được em nhé,
  dạ em cám ơn thầy,
thầy cảm ơn em và chúc em học tốt nhé!,
những người tự học như em xem được video thầy dạy như vớ được chiếc phao ấy ạ. em chúc thầy luôn mạnh khoẻ và thành công trong cuộc sống ạ. cảm ơn thầy rất nhiều,
mình để nande trước nagoya kara tokyo made được không ạ,
"thầy rất nhiệt tình .và tính cách hiền nữa ..
",
thầy dạy n1 off không ạ,
ngày mai vẫn đặt được trước chủ ngử phải không thầy. sao thầy nhà em dạy bảo chủ ngử bao giờ cũng phải ở đầu,
tuyệt vời quá thầy ơi,
"thầy giảng rất dễ hiểu ạ, dùng từ ngữ hết sức bình dân, cảm ơn thầy đã mang lại những bài học bổ ích cho bọn em ạ",
h em mới biết đến thầy.thầy giảng cực kì dễ hiểu ạ. cám ơn thầy nhiều nhé.,
muốn học online của thầy thì đk sao ạ,
thầy dạy có tâm quá,
"bài giảng của thầy lấy ví dụ từ những từ vựng của bài . thầy giúp cho người học nhớ được từ mới, bài giảng dễ hiểu 
rất tuyệt thầy ạ",
cảm ơn thầy rất nhiều ạ !,
"bằng bè chuối, hahha chịu thầy luôn",
thầy giảng dễ hiểu lắm ạ. em cảm ơn thầy nhiều,
"cảm ơn thầy, bài giảng của thầy có sức hút lắm",
thầy giảng hay và dễ hiểu quá . cảm ơn thầy nhiều !,
hôm qua em học trên lớp không hiểu lắm nên hôm nay vào xem bài của thầy để hiểu bài chắc hơn.,
được bạn ạ,
uchi home; ie house mình thấy v,
tuyệt vời quá ạ,
học thầy vừa dễ hiểu vừa hài hước hihi  thầy dạy có tâm thật sự,
"1:13:59 ,cho em hỏi tại sao sara sẽ di bộ đến thư viện  mà không dùng i ki masu ạ ? mà lại dùng kimasu?",
cảm ơn thầy. xem rất nhiều video dạy tiếng nhật thì tìm thấy video của thầy học dễ hiểu và tạo nhiều cảm hứng trong quá trình học,
thầy dạy cực kì dễ hiểu luôn.　thầy dạy ngữ pháp tuyệt vời quá! chưa có giáo viên nào dạy dễ hiểu như thầy! ráng học lên đến n3 để tìm về đội của thầy mới được! dễ hiểu đến nỗi học cảm thấy không ngán thầy ơi! quá tuyệt vời!,
thầy giảng kỹ,
hay quá thầy ơi dễ hiểu lắm,
"mong thầy ra tiếp nữa những video về n5 , nền tảng ban đầu vững chắc sau này không lo lên cao, thầy giảng kĩ , chắc kiến thức và dễ hiểu quá ạ. chúc thầy và team giữ gìn sức khoẻ để tiếp tục ra những video bổ ích ạ",
cảm ơn thầy nhé,
thầy có thể cho em biết những chữ kanji đoạn intro có ý nghĩa gì được không ạ ?,
em rất thích cách dạy của thầy dễ hieeeeruu lắm ạ,
em cảm ơn thầy nhiều ạ,
thầy dạy dễ hiểu quá. em học bên trung tâm đi trung tâms mà cứ rối hết lên với ikimasu kimasu,
mình nghĩ trường hợp này do thầy nghĩ người nói đang ở thư viện nên dùng kimasu.,
"bạn có video n2 và n3 của thầy này không, cho mình với",
kaiwa với mình không bạn. hii,
mình mới học đến bài 6 thôi bạn ơi,
bauciutiiiuu  mình học đến bài 5 nè. hii,
học chung với mình không bạn,
côm mầm cái cho nó tích cực..học với thầy chất lượng thât..3,
em rất thích các bài giảng của thầy.,
hay quá thầy ơi chúc thầy thành công và hp nhé,
"thầy dạy hay, nhìn thầy tựa tựa nyc em , nên dễ học phết  chúc thầy nhiều sk a",
thầy nhầm từ vựng thịt với con chó giống em ghê,
"thầy dạy dễ hiểu.cảm ơn thầy, chúc thầy sk.",
em cực kì thích thầy dạy,
vìdeo của nhắn tin thầy tận tâm đến kính quý vô cùng. mong từng ngày mình sẽ học được tn. biết ơn và biết ơn!,
thầy dạy dễ hiểu quá.  thầy ngày càng đẹp trai,
em cảm ơn thầy ạ,
"xin lỗi, làm phiền thầy chút nha , khi nào thì mình dùng từ tabetakatrung tâma",
ghi không kịp a,
thay day nhanh quá,
học  cùng chẳng hiểu gi buồn ghê,
12122024 vẫn học tiếng nhật có ai cùng học không vậy,
trangvân-i3d  hahahahahahaha động lực ở đây chứ ở đâu em nhỉ,
thầy cảm ơn em nha  chúc em sớm chinh phục được hết kiến thức n5 nha,
"cảm ơn em nha, em cố gắng học chăm chỉ nha",
"dạ cháu cảm ơn cô  cô cố gắng học đều cô nhé! nếu có khó khăn gì cô nhắn cháu, cháu đọc được sẽ giải thích cho cô ngay ạ",
thầy cảm ơn em nhiều nha,
kiki thầy cảm ơn em. được khen thầy vui quá  kiki,
uki em nha,
đây là chia về quá khứ em nhé! dùng khi muốn nói về chuyện mình đã ăn ăn gì...,
em xem đoạn nào nhanh quá em cứ tạm dừng lại để có thời gian ghi chép lại nhé!,
em xem đoạn nào nhanh quá em cứ tạm dừng lại để có thời gian ghi chép lại nhé!,
:(  sao lại không hiểu em nhỉ. em thấy chỗ nào không hiểu em nên xem lại hoặc bình luận để thầy giải thích thêm cho em nhé!,
có mình,
cố gắng chinh phục hết kiến thức tiếng nhật n5 n4 nhé em!,
 mong là sau 1 năm em có thể quay lại và bình luận là em đã hoàn thành xong n4. em vô cùng biết ơn anh - người thầy rất có tâm và có tầm.,
ngày 18 ạ. hy vọng mình sẽ theo được hết 25 bài,
"thầy giảng rất dễ hiểu ,cảm ơn thầy  nhiều ạ",
"học bài : chơi game 
học mấy môn : level 
viết bài : lời nguyền 1 năm
giáo viên mắng : quái đánh còn 1 hp
giáo viên mới : cập nhật quái 
5 môn học : level có bothầy
tiếng việt : quái 500hp
ls - đl : quái 999hp (10 hp)
làm văn : bothầy 500 hp
thể dục : tập luyện kỹ năng 
mỹ thuật : pham quái
công nghệ : tạo thanh kiếm (100 không bị gãy )
chính tả : cuộc thi (đấm nhau)
tiếng việt  ngữ văn :  bothầy được thay đổi 
họp lớp : trao đổi 
được nghỉ học : chiến thắng
học bù : bị hack 
thầy hiệu trưởng : bothầy 100000hp (200)(500)(1000)(800)(700)(999)(2000) 
đáng đại củng chúng : hack 
làm lớp trưởng mới : cơ hội ngàn năm có một 
đại ka trường : bạn bị đánh sắp thua 
ra trường : win 
nghỉ hè : phá đảo",
cảm ơn thầy rất nhiều,
thầy ơi  bắt đầu học tiếng nhật thì nên mua loại sách nào ạ,
cảm ơn thầy dạy rất tâm huyết,
"thầy cho em hỏi là sau động từ chỉ nơi diễn ra hành động là trợ từ  đê,phần kiến thức này nằm ở bài mấy đó ạ .e cảm ơn",
em học tới bài 6 rồi thầy ơi,
"học không chán luôn thầy ơi, thầy dạy với thầy kể chuyện vui quá. thầy kể chuyện về sashimi mà ngồi cười như coi phim hài lun",
2024 vẫn nghe bài giảng của thầy,
cám ơn thầy đã giảng dạy tận tình.,
"thầy ơi ! ví dụ câu: bạn có muốn đi uống bia với tôi không?
 - ithầyhoni biru o nomi ni ikimasenka.   tại sao lại có dạng dùng trợ từ ni ở đây ạ?
 hoặc câu : bạn có đi bơi cùng tôi không?
- ithầyhoni oyogi ni ikimasenka.   tại sao lại có ni thầy nhỉ",
ước gì gặp thầy cách đây 3 năm trước,
cảm ơn thầy,
thật cố gắng và kiên trì để sau này nắm bắt được nhiều cơ hội với bản thân nhé em!,
mình cũng mới học. cùng cố gắng bạn nhe.,
kiki thầy cảm ơn em nhiều! chúc em sớm chinh phục được kiến thức n5 n4 em nhé!,
ukii em nha,
"em mua sách mina no nihongo để học theo bài giảng thầy đã quay nhé. em mua cuốn từ vựng, ngữ pháp và sách chính để học và làm bài tâp nhé!",
cảm ơn em nhiều vì đã đồng hành cùng thầy qua từng bài giảng. cố gắng chinh phục hết kiến thức n5 nha em,
"trong phần kiến thức n5 thì thầy thấy nhắc đến khá nhiều, nhưng bài 21 thì thầy thấy nói khá chi tiết em nha",
e cảm ơn thầy ạ,
e cảm ơn thầy ạ,
kiki cố gắng lên em ơiiiii tiếp tục hành trình chinh phục của mình nha,
hahaha học với thầy thì tha hồ mà cười em ạ,
em trả lời tuỳ vào giờ của em là được nhé em.,
được em nhé. nói như vậy sẽ đầy đủ hơn nhé em!,
tuyệt vời em ơi. cố gắng học em nha,
ukii em luôn. cứ chăm học đừng phụ công thầy nha,
thầy nghĩ là bình luận ở đây hơi dài. nên em học tiếp đến bài 13 sẽ hiểu cách kết hợp em nha.,
hơi muộn chút nhưng vẫn kịp học em à,
"  vâng em mơi xem hêt bai giang cua  nên em hiêu câu nay rồi a, em cảm ơn anh hhihi",
đã học xong bài 6. phong cách giảng dạy của thầy thật tuyệt vời,
29:12 nhưng mà thịt chó ngon mà thầy,
"bị nghiện thầy, ngày nào cũng phải xem clip thầy giảng.. chúc thầy nhiều sức khỏe.",
cảm ơn thầy nhiều ạ 3.,
cảm on thầy nhiều,
thầy nhớ thịt chó sao á,
thầy dạy khá dễ hiểu ạ,
hằng ngày tôi nói tiếng nhật  mình mới học  mà không biết điền trợ từ.  thầy giúp e. ạ,
cảm ơn thầy rất nhiều .bài giảng của thầy chậm rãi dễ hiểu và diễn dải tốt ...tạo động lực cho các bạn mới học tiếng nhật,
"quá tuyệt vời , cảm ơn thầy ngọc tiệp rất nhiều, mến chúc gđ thầy nhiều sức khoẻ hạnh phúc và thành công",
thầy dạy rất hay ạ. em học online nhưng vẫn rất dễ hiểu ạ. mong thầy có nhiều sức khỏe và nhiệt huyết để dạy thêm nhiều bài học thú vị nữa.,
người thầy thật tuyệt vời respect thầy,
cảm ơn thầy,
mình rất thich nge  của thầy. mong thầy ra nhiều video hay nua,
kiki mỗi ngày cố gắng một chút thì bài 50 cũng sớm sẽ hoàn thành nha em,
thầy cảm ơn em. chúc em sớm hoàn thành chương trình n5 nha,
thầy cảm ơn em nhé! câu dưới thầy sửa lại rồi nha,
thầy chúc em học tốt nhaa 3,
cảm ơn em. đọc được bình luận này thầy có nhiều động lực hơn để ra video bài giảng mới,
"thầy cảm ơn em nhiều! chúc em học tốt, sớm đạt được mục tiêu nha 3",
thầy cảm ơn em nhiều nha đón chờ thầy ra video mới nhé,
"nhờ có thầy.e học được nhiều hơn,dễ nhớ bài hơn.",
cám ơn thầy,
cảm ơn thầy rất nhiều ạ,
"học thầy hay quá hiuhiu, biết vậy không đky trung tâm khác:((",
thầy dạy hay với dễ hiểu nhất luôn ấy,
thầy dạy đẳng cấp quá,
"cảm ơn thầy ,thầy dạy rất tâm huyết",
"cho mình hỏi ở đoạn 43:51, ở trường học thì phải là gatko em chứ ạ",
hay lắm,
cảm ơn thầy,
thầy giảng hay lắm cảm ơn thầy nhiều chúc thầy thật nhiều sức khỏe nhé,
em cảm ơn thầy,
"cảm ơn thầy rất nhiều, nhờ thầy và một thầy cũ của em em mới biết là trợ từ người ta không đọc kiểu ní, quá, ố, đế, ế.. như nhiều người dạy",
thầy cảm ơn em nhiều nha cố gắng duy trì tinh thần học tập mỗi ngày em nha,
thầy cảm ơn em nhiều nhé,
mình cũng thắc mắc đoạn đấy,
thầy cảm ơn em nha,
"ế đi với động từ bạn,còn đế là nằm sau danh từ ở đâu chỗ nào",
thầy dạy dễ hiểu quá chúc thầy sức khỏe,
"em rất thích cách dạy của thầy, vừa tận tâm, và tỉ mỉ từng chi tiết một",
dễ hiểu quá ạ,
dễ hiểu lắm ạ,
buồn cười đoạn thầy nói t không ăn thịt chó,
cho em xin phần bài tập chọn động từ và trợ từ thích hợp với ạ,
"dễ hiểu sâu sắc ... thầy, đô mộ arigato gô zai mát si tà",
người thầy truyền cảm hứng với tiếng nhật,
"chữ nhỏ không có nhìn rõ thầy à, có thể đổi fom chữ ra màu khác thì nổi và rõ hơn",
thầy đẹp zai thế,
"cám ơn vì thầy đã đến, em là 1 người học khá ngu",
thầy dạy rất dễ hiểu.cảm ơn thầy,
minh muôn đăng ki hoc  day thi đăng ki ơ đâu a,
e cảm ơn thầy ạ.,
"tuyệt vời, mình vừa học hết bài 5 ở trung tâm thì chuẩn bị sang nhật, đang loay hoay không biết học tiếp thế nào thì search trên youtube ra video của thầy, rất dễ hiểu và cặn kẽ, cảm ơn thầy rất nhiều.",
thầy cảm ơn em nha,
"qua nhật mới học tới bài 5 ổn không bạn, mình cũng như bạn đây,không biết làm thế nào",
mình cũng v. vậy bạn thi đậu chứng chỉ n5 không ?,
các bạn giờ sao r.,
"1:129 thầy cho em hỏi câu dưới là em nghĩ là có 2 động từ đi với ngắm phải không ạ 
hay đi ngắm nó là chung 1 cụm đt luôn ạ",
thầy hơi bị nhớ thịt chó nha,
cảm ơn thầy nhiều ạ.,
"cảm ơn thầy ngọc tiệp rất nhiều ạ !!!!! thầy giảng rất hay, nhiệt tình và rất dễ hiểu ạ !!!",
thầy dạy rất chi tiết em rất thích và vẫn đang học theo thầy nhưng em mới bị lẫn tý là niku với kuni thôi thầy nhầm inu hì cảm ơn thầy,
thầy dạy dễ hiểu quá,
thầy mà nói hay quá ạ.dạy rất hay và kĩ ạ,
hay quá thầy ơi,
thầy dạy theo giáo trình gì vậy ạ,
"thầy thua em rồi,em không uống rượu nha.mà tướng thầy thông minh sáng láng này nói uống rượu thấy không đúng lắm nha.",
hay ạ .,
cảm ơn thầy ạ,
hay quá,
thầy dạy rất hiểu và rất kỹ .em học ngu mà cũng phải giỏi ạ  . chúc thầy luôn mạnh khoẻ ?,
thầy cảm ơn em và chúc em học tốt nhé!,
em đừng bao giờ nghĩ là mình ngu nhé. khoa học chứng minh thành công của con người đến 80 dựa vào chỉ số eq em nhé. thầy chúc em học tốt và có gì không hiểu thì nhớ để lại bình luận để thầy trả lời sớm nhất có thể nhé.,
"yêu thầy ghê á, dạy hay, nghe hiểu",
thầy có dạy online không ạ,
đây là một người thầy giáo dạy học bằng cả cái tâm,
thầy ơi em muốn học kanji thêm nữa thì nên bắt đầu từ đâu và học ntn ạ,
thầy giảng quá chi tiết dễ hiểu,
bài giảng của thầy giúp em học được nhiều kiến thức mới lắm ạ! cảm ơn thầy nhiều nhé,
"giá mà em biết thầy sớm hơn thì tốt quá, cảm ơn thầy vì những bài học rất giá trị ạ",
thầy  dạy rất  dễ  hiểu,
thầy giảng rất hay vqf dễ hiểu,
e đã tìm rất nhiều video nhưng chưa video nào mà dạy dễ hiểu và tận tâm như thầy.cảm ơn thầy,
"u tr ơi tối nay em có bài thuyết trình về bài 6 này em đang lo sẽ không pik làm gì vì em ms học tiếng nhật có 2 tháng. mà may sao em tìm được thầy . 
thầy giảng rất chi tiết và dễ hiểu. em cảm ơn thầy",
"thầy day rất tâm huyết , học nhanh hiểu thầy ạ.! cám ơn thầy",
cảm ơn thầy bài giảng rất hay,
26 sơn la chào ae. địa phương tôi có món gỏi cá nhé,
". thầy cảm ơn em nhé, em học có gì không hiểu thì để lại bình luận nhé em!",
thầy cảm ơn em rất nhiều và chúc em học tốt nhé!,
"thầy cảm ơn em, chúc em học tốt nhé!",
"thầy cảm ơn em rất nhiều, em hãy đặt mục tiêu học tiếng 1 cách cụ thể để có hiệu quả học tập cao hơn nhé.",
"thầy cảm ơn em nhiều nhé, chúc em học tốt!",
"thầy cảm ơn em rất nhiều, để nhiều bạn có thể biết đến thầy sớm hơn (không như em), em có thể chia sẻ giới thiệu cho bạn bè và người thân, em nhé. thầy cảm ơn em rất nhiều.
à, có thể em chưa biết thầy cũng có nhiều hoạt động trên facebook, tiktok với nhiều fan page khác nhau, em có thể tham gia để được cập nhật kiến thức hữu ích mỗi ngày nhé.",
thầy chào em!,
"thầy cảm ơn em nhé, em có thể tham gia nhóm cộng đồng tiếng nhật minato dorimu trên fb để có thêm kiến thức và bài học hay mỗi ngày nhé.",
"thầy cảm ơn em nhé, em có thể tham gia nhóm cộng đồng tiếng nhật minato dorimu trên fb để có thêm kiến thức và bài học hay mỗi ngày nhé.",
"thầy cảm ơn em nhiều, em có thể theo dõi page và group của thầy trên fb để có thêm nhiều kiến thức bổ ích mỗi ngày nhé.",
"thầy cảm ơn em rất nhiều, chúc em học tốt. em cũng có thể tham gia page và nhóm cộng đồng trên của minato trên fb để có thêm kiến thức bổ ích mỗi ngày nhé.",
thầy day rất sướng,
thầy giảng dễ hiểu quá nè,
tại sao thịt với chó lại hay nhầm chẳng lẽ thầy xang nhật ăn thịt chó,
"cảm ơn thầy nhiều ạ, em đang học online tại trung tâm nhưng nhờ thầy mà em hiểu thêm rất nhiều ạ",
thầy giảng bài rất nhiệt tình và dễ hiểu ạ. cảm ơn thầy nhiều lắm.,
"thầy dạy hay, dễ nhớ, con coi 1 lần là nhớ luôn, coi 2,3 lần là thành thạo luôn",
thầy dạy rất dễ  hiểu  . cảm  ơn  thầy ạ,
"chưa thấy video nào kỹ và chi tiết hơn serial video này. luôn ủng hộ, đã đang  ký",
"thầy giảng dạy thật dễ hiểu, cảm ơn thầy",
phút thứ 31:29s nhìn thầy đáng yêu quá.,
chúc thầy luôn sức khỏe,
"mình rất thích bài học của thầy, mình đi làm bận nên buổi tồi 10h30 mới học được, cứ học không hiểu hoặc phải ghi bài là tổng cả buổi học phải 2-3 tiếng, hoặc phải chia 2 buổi để học. học không hiểu lại quay lại xem vở, bài thầy giảng rất kỹ và có nhiều ví dụ để hiểu hơn. mình học được 6 bài rồi mà giờ mới cm. chúc thầy và đội ngũ của thầy phát triển hơn nữa. được nhiều người biết đến ạ.",
thầy dạy dễ hiểu lắm ạ.,
cảm ơn bài giảng của thầy nhiều lắm ạ.luôn theo dõi và ủng hộ thầy,
"thầy giảng hay quá, em học ngôn ngữ nhật mà lơ mơ lắm,  cảm ơn thầy đã cứu em",
thầy dạy rất hay vừa học bài mới và cũg có thể ôn  lại kiến thức  bài cũ... cách dạy rất tận tâm và giải trí không thấy chán mà lại thấy rất vui... chúc thầy và gđ thật nhìu sức khỏe,
thầy giảng bài dễ hiểu và vui tính quá ạ,
bai giang cua thay rat hay a. em cảm on thay a,
gomennasai  sorry; sumimasen  excuse me. mình dùng tiếng anh diễn tả cho dễ hiểu vì tiếng việt mình không biết diễn tả ntnao,
"thầy cảm ơn em nhiều nhé, hiện tại bây giờ em đã hoàn thành 50 video của thầy chưa nhỉ?",
"thầy cảm ơn em nhiều nhé, hiện tại bây giờ em đã hoàn thành 50 video của thầy  trình độ jlpt n4 chưa nhỉ?",
"cảm ơn bạn đã đón xem bài giảng của minato, chúc bạn học tốt và đạt kết quả cao nhé",
em sẽ theo thầy tới n2,
"thầy rất tuyệt vời ạ. cách dạy thân thiện, dễ hiểu. cảm ơn thầy đã dành thời gian giảng dạy. mong thầy tiếp tục ra các video giống như thế này ạ.",
thầy chuẩn soái ca,
thầy day dễ hiểu lắm ạk. mong thầy day phần tập kaiwa nhiều hơn.vd thầy hỏi sau để bọn em tự tl . sau cho hiện kết quả lên màn hình ấy á. học tiếng nhật khó mổi kaiwa thôi thầy á,
cảm ơn thầy. vô bờ bến,
thầy dạy dễ hiểu mà sao em cứ học trước quên sau,
"thầy dạy dễ hiểu quá, chúc cho thầy có thật nhiều sức khỏe để tạo ra nhiều bài học thật hay và chất lượng",
"thầy có mở lớp học onl không ạ, ước gì biết đến thầy sớm hơn",
thầy dạy hay lắm ạ em cảm ơn thầy rất nhiều 3 mong thầy ra thêm nhiều video,
dạy dễ hiểu nhất mà em đã từng học,
em theo sách cũ nên không hiểu lắm. thầy dạy sách mới phải không ạ? thế em phải làm sao đây?,
thầy dạy rất dễ hiểu.cảm ơn thầy ạ.,
woaa thâỳ dạy kĩ quá,
thầy giảng bài dễ hiểu quá. em rất cảm ơn ạ,
"e học tới bài 32 rồi thầy , ước gì em gặp thầy ngày từ những bài đầu.  các bài trước em bị lủng ít nhiều.",
"thầy cố gắng làm nhiều video hơn nhé ,chúc thầy nhiều sức khoẻ",
e chào thầy ạ,
"cảm ơn em đã theo dõi bài giảng, chúc em học tốt và đạt kết quả cao nhé",
em thử giải pháp mua cuốn mới xem sao nhé,
  dạ em cảm ơn,
bây giờ vẫn chưa muộn mà em,
đọc bình luận của b mới biết m thật may khi được nghe thầy giảng từ bài 4 . thầy dạy có tâm dã man .,
thầy cảm ơn em nhiều 3,
em chào thầy ạ,
"thầy chào em, chúc em ngày mới vui vẻ nhé",
  mười mấy năm ở nhật giờ mới tìm được sênsei dạy hay. cảm ơn thầy nhiều,
"nguyenhanh-wx6mh  ui, em nói thế làm thầy ngại quá. thực sự là thầy không dám nhận đâu. vì có thể có bài hay bài không, và có nhiều gv khác cũng dạy hay mà",
"  đây là ý kiến cá nhân cảm nhận thôi. vì ngữ pháp mình rất yếu , phần lớn tự học theo trên yutobe . kết quả vẫn không được tự tin . thầy dạy rất kỹ và có tâm . chúc sênsei và nhật ngữ minato thành công hơn nữa.",
thầy dạy rất dễ hiểu,
sao mình học hoài không hiểu lun là sao mấy bạn oi,
"trời ơi thầy dạy cực kì hiểu, cảm ơn thầy nhiều ạ",
quá dễ hiểu,
cảm ơn  đã chia se nhiêu bai hoc hưu ich chuc  thât nhiêu sưc khoe,
thầy ơi em đang học đến bài 7 mà em bị rối ngữ pháp hiểu câu hỏi mà không biết trả lời thế nào,
"thầy dạy hay quá! cảm ơn thầy, nếu không học những bài này em sẽ bị rối và lơ mơ vì ngữ pháp tiếng nhật xa lạ quá, phải học như này mới kĩ ạ. cảm ơn công sức thầy và đội ngũ đã bỏ ra",
"thầy dạy rất hay, nhờ xem những bài giảng của thầy em hiểu rõ ràng ngữ pháp cho nhận này. trước kia em rối nó lắm. em cảm ơn thầy ạ",
làm 4 tháng bên nhật r .h mới học đến bài 7,
em đã đến bài 7 thầy ôi hihi,
từ lúc mới học tiếng nhật đến giờ xem thầy giảng dễ học và nhớ được rất lâu,
cứ học là đau đầu thế phải làm sao đây.,
đúng lần đầu tiên xem youtube để bluan..thầy dạy rất dễ nắm bắt và muốn nghe hết video,
"huyhoangnguyen8424    á v chắc mình không nhìn ra, cảm ơn bạn nhé",
thầy cảm ơn em nhiều,
uki em nhé! cố gắng chinh phục hết kiến thức nhé em!,
"em thử nghe lại lần nữa. nếu có mẫu nào em chưa hiểu em cứ nhắn, thầy đọc được thầy sẽ giải thích cho em nhé!",
"kiến thức n5 n4 là kiến thức nền, nên thầy luôn nhắc là các bạn học thật chắc kiến thức thì lên n3 n2 sẽ đỡ vất vả hơn rất nhiều. từ đó mà thầy luôn phải cố gắng giảng bài thật kĩ, và thầy cố gắng giảng bài làm sao để các bạn học xong là nhớ luôn em à",
kiki vậy là yên tâm nắm rõ kiến thức rồi em nhỉ  nếu có gì không hiểu em cứ bình luận nha  đọc được thầy sẽ rep nha,
cố gắng đẩy nhanh chút cho xong sớm n5 nhé em,
  hiiiii thanks thầy,
kiki chúc mừng em nhaaaaa. chúc em sớm chinh phục được hết n5 nha,
thầy cảm ơn em nhiều nha  cố gắng chăm chỉ học theo bài không phụ công thầy quay bài nhé em!,
em đang quá sức học à em? em phải để đầu óc của mình được thoải mái nhất thì học mới dễ vào em à. và còn nữa là em phải có ý chí học thì học mới dễ vào em à. em thấy mình cần học để làm gì? học sẽ giúp gì cho em. rồi em lấy đó làm động lực để chăm chỉ học mỗi ngày nha,
em nói vậy thầy vui quá. cố gắng chăm chỉ học hết n5 n4 luôn nhé em!,
  cảm ơn thầy lần đầu xem một video trên youtube mà phải bình luận và đăng ký..duy nhất thầy dạy dễ hiểu...e học được hơn tháng nhưng xem video của thầy lại thấy thích cứ rảnh là xem luôn...,
e đang xem bài 9 của thầy giảng,
thầy ra kanji cho nguoi mới đi ạ,
thầy dạy dễ hiểu ạ,
"thầy dạy rất hay, dể hiểu",
học hết 25 bài có thi được n4 không ah.,
thầy giải thích dễ hiểu nè.,
"săp tới kiểm tra rồi, thầy đúng là cứu tin của em, cảm ơn thầy nhiều ạ!!!!!!!!",
thầy ra seri dạy chữ kanji,
"bài số 7 hơi rối, mình học không hiểu lắm nhưng học lại bên thầy hiểu rõ liền. cám ơn thầy nhiều",
thầy có dạy onl n5 không ạ,
thầy có biên soạn sách bài tập không? em muốn mua sách bài tập để luyện tập thêm. dịch việt - nhật hay bị sót. tìm tài liệu thì cũng chưa thấy ở đâu,
"càng học thầy em càng cuốn vào lời giải, thầy dạy rất tỉ mỉ tận tình,nghe là hiểu là nhớ",
mong ra nhiều bài hơn,
"ví dụ mình nói :bố nhận quà từ tôi thì nói như nào ạ 
hoạc ai đó nhận cái gì đó từ mình thì nói thế nào ạ",
thầy cho rồi hỏi khi nào viết tên riêng bằng chữ kata khi nào viết bằng hira ạ vd như chỗ cô yuka và haru,
nghĩa của cụm đó là ảnh chụp ở nhật bản thì nó dùng để nối danh từ bổ nghĩa nhé em!,
  dạ em cảm ơn nhiều lắm ạ. chúc anh và gia đình nhiều sức khỏe và bình an ạ.,
  em cảm ơn nhiều lắm ạ.,
"bài giảng kanji là tài liệu dành cho khoá học online, nên không đăng tải lên kênh được. em có thể tham khảo khoá học online hoặc zoom để có thể học kanji dễ hơn nha em  thầy cảm ơn nha",
thầy cảm ơn em nhaaaa,
thầy cảm ơn em nhiều nhé! chúc em sớm chinh phục được khoá n5 n4 em nha,
học hết 50 bài thi được n4 em nha  n25 bài là n5 em nha!,
  dạ vâng chú ạ,
thầy cảm ơn em nhé,
tuyệt vời em ơi. ôn bài kỹ thi điểm cao em nha,
kiki tuyệt vời em ơi  chúc em học tốt và hiệu quả nha,
thầy có lớp zoom n5 của các giáo viên minato em nhé. em liên hệ nick nguyễn ngọc tiệp để thầy tư vấn cho em nhé!,
sách bài tập em có thể tìm sách bài tập riêng của cuốn minanonihongo nhé!,
mua ở đâu v thầy ,
thầy cảm ơn nhiều nha. chúc em sớm hoàn thành chương trình n5 nhé 3,
thầy đăng hết các bài n5 và n4 rồi em ơi. em nhấp vào danh sách phát phía bên dưới nhé em,
a cho em xin cái này được không ạ em không sao chép được về được học,
"học ở lớp t không hiểu nên rỗng kiến thức từ b6-10 mà mai thi r , xem rất nhiều vdeo thì thầy n dạy vẫn ok nhất , coi xong vdeo tớ có thể tự làm bình thường ôn thi được cảm ơn thầy ạ , mò quá trời tự tiktok rồi ytb không ai dạy kĩ cả",
thầy cho em xin giáo án được không ạ,
cuối giờ thầy cho thêm nhiều bài tập để làm còn hay hơn nửa ... tk thầy nhiều hiểu bài trước khi lên lớp ... có nhiều thời gian học từ vựng,
cảm ơn thầy nhiều ạ .,
thầy ra n4 chưa ạ,
cảm ơn thầy dạy rất kỹ và dễ hiểu,
trước đây em bị rối với cấu trúc cho - nhận này nhưng sau khi nghe bài giảng của thầy thì em đã nắm vững rồi. cảm ơn thầy nhiều ạ,
thầy dạy nhiêu em cũng chép lại mới học hết bài 7 mà gần hết cuốn 200 trang rồi ạ,
thầy dạy dễ hiểu quá.cảm ơn thầy nhiều ạ,
"cảm ơn thầy nhiều ạ,  thầy giảng rất dễ hiểu",
"thầy ơi, lúc 1:25:48, thầy có viết là  thay vị trí của động từ, nhưng câu ví dụ sau đó, là thay động từ khác ( thay động từ cho, bằng động từ nhận) .",
"cảm ơn thầy rất nhiều , em đã không đến sớm  hơn ,thầy dạy dễ hiểu lắm ạ .",
sao cứ học lên bài là quên ngữ pháp chán ds,
giảng quá hay luôn,
cảm mơn thầy se rất nhiều những bài học thật bổ ích và giễ hiểu,
cảm ơn cậu rất nhiều vì đã đón nhận video của tớ  chúc cậu học tốt nhen,
giáo án thuộc bản quyền của trung tâm nên thầy không thể gửi  cho các bạn được. em thông cảm giúp thầy nha,
"vì qua youtube chưa thể cho bài tập lên được, em có thể tham khảo các bài tâp ở sách bài tập của n5 nha",
thầy đăng hết rồi em nha  em tìm ngữ pháp mina 2 giúp thầy nha,
chúc em sớm chinh phục được hành trình tiếng nhật nha,
"  em cảm ơn thầy, chúc thầy nhiều sức khỏe và thành công ạ!",
cố gắng em nhé. em càng học kỹ em càng nắm chắc kiến thức. cố gắng chinh phục hết kiến thức n4 và n5 thầy đã đăng nhé em!,
mình lại không ghi quá nhiều. nhưng mỗi ngày mình xem video rất nhiều lần đến nỗi thuộc luôn từng câu thầy nói.,
"thầy cảm ơn em, chúc em học tập tốt sớm hoàn thành chương trình n5 nhé",
đỗ chưa bạn?,
thầy cảm ơn em  chúc em học tập hiệu quả nhé,
chúc em học tập tốt nhé,
thầy cảm ơn bạn nhiều nha 3 chúc bạn học tốt nhé,
thầy chúc em học tốt sớm đạt được mục tiêu nhé!,
"thầy hướng dẫn rất hay và dễ hiểu lắm, cảm ơn thầy nhiều nhiều",
cảm ơn thầy rất dễ hiểu,
thầy giảng hay quá 3333,
dạy kỹ dể hiểu,
cảm ơn thầy rất nhiều ạ,
dạy quá kĩ luôn á thầy,
cảm ơn thầy,
thầy ơi  em học từ vựng mãi không thuộc. em xin thầy chỉ cho em các học ạ,
e cảm ơn thầy ạ,
thầy dạy hay quá ạ,
sê day rất hay rất dễ hiểu,
seino lúc bắt đầu đọc nghĩa là gì hả thầy,
"cảm ơn thầy nhiều ạ
dễ hiểu lắm luôn",
thầy có dạy onl n3 không ạ?,
"mình theo từ bài 1 đến giờ. video dạy kĩ chậm dễ hiểu , nắm chắc được cấu trúc. cảm ơn thầy nha.",
cảm ơn thầy nhiều ạ,
thầy dạy rất bổ ích,
em cảm ơn thầy nhiều ạ,
thầy cảm ơn em nha thầy chúc em học tập tốt nha,
em theo dõi  cộng đồng tiếng nhật minato dorimu để xem thêm nhiều video bổ ích nhé,
ngoctiepnguyen4099  dạ em cảm ơn thầy ah,
"thầy cảm ơn em, thầy chúc em học tập tốt nha",
thầy dạy rất dễ hiểu ạ. cảm ơn thầy rất nhiều.,
trung tâm của thầy   ở đâu vậy á,
xem cuốn thật thầy   ạ,
thầy cho em hỏi là câu như này viết sao thầy: tôi cắt rau bằng dao ở nhà hàng vậy câu này có hai từ de hả thầy? thanks,
thật tuyệt,
thầy giảng bài dễ hiểu  .,
cảm ơn anh rất nhiều,
thầy dạy kĩ dễ hiểu ạ,
thật tuyệt vời cảm ơn thầy,
vào ngày sinh nhật chứ có nói ngày sinh nhật từ quá khứ đâu mà si tà,
cảm ơn thầy rất nhiều,
cũng học nhiều người nhưng thấy thầy dạy kỹ và dễ hiểu.cảm ơn thầy,
e cảm ơn thầy ạ,
rất hay a,
minh cung không hieu ne,
"thầy ở 172 trần bình, mỹ đình 2 em à",
thường thì mình chỉ dùng cắt rau thôi không cần thêm bằng dao đâu em ạ vì gần như ai cũng hiểu là cắt rau thì dùng dao rồi nha,
cái gì mà có từ đã trong câu thì là quá khứ rồi ông ơi.,
cảm ơn thầy nhiều.,
thầy dạy dễ hiểu quá,
rất chi tiết cảm ơn thầy,
"thầy dạy rất hay , em cảm ơn thầy cơ mà phút thứ mười hai thầy nhầm nai phu với phô ku",
"cảm ơn thầy ngọc tiệp rất nhiều ạ !!!!! thầy giảng rất hay, nhiệt tình và rất tâm huyết ạ 3",
thầy dạy dễ hiểu vãi thầy em ghi có 4 côg thức thôi nhg áp dùng nhiều ngữ pháp học như mù,
quá hay,
thầy dạy rất dễ hiểu,
rất biết ơn những bài giảng của thầy ạ. em cảm ơn thầy nhiều,
thầy giảng nhiệt tình dễ hiểu quá ạ,
cảm ơn thầy rất nhiều ạ bài giảng quá hay và đặc biệt rất cuốn ạ 3,
dễ hiểu ah,
"cảm ơn thầy ạ,dạy rất  dễ hiểu,phù hợp với đa số người học tiếng nhật n5",
49:19 bố ở đây là bố của nam (tức là bố của người khác không phải bố mình ) thì phải dùng otoosan sao thầy lại dùng là chichi ạ .thầy giải thích cho em với ạ .em cảm ơn thầy ạ,
thầy nói dễ hiểu quá.cảm ơn thầy,
"thầy cảm ơn em rất nhiều. khi tự học nếu có gì không hiểu thì đừng ngại để lại bình luận, thầy sẽ trả lời em sớm nhất có thể nhé!",
ôi thầy dạy dễ hiểu ghê,
bạn dạy rat de hieu,
"thầy, cái câu luyện tập lúc 1 tiếng 11p. bạn gọi điện cho ai đấy? sao lại là cho nó ở quá khứ. trong câu không có từ chỉ thời gian quá khứ cũng không có từ đã. em nghĩ nó là hiện tại. mà nó là quá khứ ạ",
"nếu mà hỏi bạn nhận hoa từ ai ,nhưng mình nhận hoa từ cti không phải do người thì trả lời như thế nào ạ",
thầy những ví dụ chữ rất nhỏ không nhìn rõ luôn,
15:20 thầy để sai động từ rồi nha,
thầy dạy hay và dễ hiểu lắm ạ,
ối dồi thầy rất tự tin quyển sách tiếng anh đó là nohongo no hongp41,
thit thay ghê. thay day hay thế,
học thầy em thật sự nhanh hiểu lắm luôn,
cảm ơn thầy nói rất hay giảng dễ hiểu,
"thầy nói nhầm ví dụ dùng dao thái rau, thầy nói dao là foku là sai ạ",
thầy dạy rất cụ thể dễ hiểu.thankyou thầy,
11:55 thầy ơi dao là naifu hay là fuoku ạ,
"cảm ơn em nhé, thầy còn sẵn sàng support thông qua bình luận nhé, em có gì thắc mắc thì đừng ngại hỏi, thầy sẽ trả lời sớm nhất có thể!",
"cảm ơn bạn đã ủng hộ kênh nhé, nếu có gì băn khoăn chưa hiểu rõ thì bạn cứ bình luận để mình giải đáp giúp bạn nhé. chúc bạn học tốt!",
"cảm ơn ti yuuko đã góp ý nhé.. trong tiếng nhật không phải lúc nào và không nhất thiết phải để trạng từ chỉ thời gian để xác định thể của câu em nhé..
cụ thể trong câu ví dụ trên thì thầy dùng thể của động từ để xác định thể của cả câu là thể quá khứ..
chúc em học tốt",
  dạ em cám ơn thầy. thầy dạy rất hay. em đang ôn lại n5 theo thầy dạy ạ,
"để thầy check lại nhé, cảm ơn em đã phản hồi!",
"cảm ơn em nhiều nhé, minato cũng đang mở khóa học zoom cho n5, nếu em có nhu cầu có thể inbox cho thầy nhé.",
thầy cảm ơn em và chúc em học tốt nhé!,
dao laf naifu conf nĩa là foku nhé bạn,
cảm ơn thầy vừa giỏi lại vừa đẹp zai,
thầy ơi cho em hỏi là muốn thi n5 thì phải học song song cả kanji với 2 bảng chữ cái kia hay là học xong 25 bài mới học kanji ạ,
dễ hiểu thầy ạ,
tiệp thầyhay quá thầy ơi cảm ơn thầy,
cảm ơn thầy rất nhiều ạ! hoc rất dễ hiểu luôn còn hơn học ở trên lố nhiều ạ! arigato,
tặng thầy triệu like,
"cảm ơn thầy nhiều ạ
dễ hiểu lắm luôn, em học từ bài 1 hihi",
thầy dạy dễ hiểu lắm ạ. em cảmm ơn thầy nhiều,
em cảm ơn thầy nhìu ạ,
thầy ơi cho em hỏi  em muốn mua vở bài tập thi mua ở đâu . bài tập liên quan đến bài thầy giảng ý ạ,
"dạy kĩ ghê luôn, lập đi lập lại nên học dễ nhớ. cám ơn nhiều ạ!",
"nhưng sao ở phần cấu trúc nhận, thầy bảo có thể thay trợ từ ni bằng cara...nhưng em không thấy thấy vận dụng vào ví dụ ạ",
thầy ơi. cảm ơn thầy rất nhiều. t dạy rất dễ hiểu và chi tiết.,
"thật sự ý nghĩa , thanks thầy",
"em cảm ơn thầy nhiều lắm ạ 3 thầy dạy hay lắm ạ, nhờ thầy mà em không lơ mơ phần này",
"cảm ơn thầy ạ, em học xong các video nhất định sẽ học lên khóa cao hơn của thầy",
thầy giảng  dễ  hiểu,
tầm 10 bài rồi học kanji luôn,
bsitamli2510  bạn ơi học kanji như nào á. mình học mà qua bài mới là không nhớ nổi bài cũ hic,
chào em,
"phần này là phần mở rộng thêm...
- trong trường hợp nhận từ 1 tổ chức như cty, nhóm, xã hội.. thì em có thể dùng kara em nhé",
"cảm ơn em đã theo dõi bài giảng, chúc em học tốt và đạt kết quả cao em nhé",
"rất có tâm, cảm ơn thầy rất nhiều.",
"mình cảm thấy may mắn vì mới bập bẹ học tiếng nhật đang thấy khó quá nản lại vớ được bài giảng của thầy thì hết ý định bỏ  chứ mà học cách đây mấy năm chắc cày mù mắt :(( hôm học đến bài 4 không thấy nữa đang lo lắng thì thầy up thẳng 1 mạch luôn , may chưa hihi . không biết mấy bạn khác học sao chứ thầy giảng mình hiểu và nắm chắc kiến thức hơn",
thầy up hết ngữ pháp n5 lên đi.mong mãi ạ,
dạy kĩ dễ hiểu,
thầy có dạy n3 không ah?,
mấy tuần mới ra 1 bài thế ạ :((,
trong ngày mai là sẽ đủ 25 bài cho em luôn nhé. tại thầy lười up lên youtube quá,
"  thầy dạy rất kĩ, em thích cách này, cảm ơn thầy",
"huuucngo9392   may quá, thầy đang cần động lực để up video lên youtube  thầy cảm ơn em nha",
"  thầy dạy dễ hiểu mà, thầy làm cả n3 nữa nhé",
"  rất cảm ơn thầy, các bài 18 đế một 25 em không nắm vững lắm. mai quá sắp có video ôn kỹ lại rồi.",
xuanthi8052  ok e.  em chờ thầy thêm 1 ngày để thầy up nốt nha,
  em muốn học từ đầu thì đăng không ntn,
cảm ơn b giảng rất có tâm,
cám ơn thầy vì lời động viên,
e muốn học được không ạ,
biết đên thầy sớm thì chắc là không mất nhiều thời gian học các nơi khác ạ,
"đg học online mà cứ phải xem video của thầy dạy trc, thầy dạy quá dễ hiểu, chi tiết, nhiều ví dụ",
hiện tại có dạy online không thầy,
bạn huy đẹp trai và ga lăng nói sao vậy thầy giáo,
"thầy có đề  test từng bài không ạ, cho em xin với",
mong ngày sớm nhất được đki n3 của thầy,
"cảm ơn thầy vì những bài giảng rất dễ hiểu, tận tình và lối nói chuyện rất duyên dáng ạ",
chỉ có video của thầy học online là rất dễ hiểu. mấy hôm nay kênh của thầy không mở được . đi tìm quá trời,
tr ơi thấy được thầy rồi mừng ghê.mấy hôm video này biến mất hết em hoan mang quáchúc thầy cô luôn có nhiều sức khỏe ạ để chia sẽ những kiến thức hay cho bịn em,
học bài mà nghe thầy nói đơn giản là thấy đơn giản hẳn rồi ạ.,
"1 buổi em học với giáo viên cũng được có 90p mà học cả từ vựng cả ngữ pháp, thầy dạy mỗi ngữ pháp mà hơn 2h là biết tận tâm như nào luôn ạ. biết ơn thầy",
"thầy giảng tận tình tự nhiên và hài hước, nhờ thầy mà có động lực học tiếng nhật hơn",
15:07 mùa hè thì lạnh,
"cảm ơn bạn nhiều nhé, chúc bạn học tốt .",
cố gắng chăm chỉ học hết n5 nhé em,
vậy thì bù lại bây giờ phải chăm chỉ học luôn nhé em!,
thầy cảm ơn em nhiều  chăm chỉ nhé em!,
để thầy tổng hợp lại rồi gửi các bạn sau nha,
khi nào em cần đăng ký em nhắn tin vào page minato dorimu em nha,
"kiki thầy cảm ơn em, được em và các bạn ủng hộ thầy vui quá  thầy sẽ cố gắng làm ra thật nhiều bài giảng có giá trị mang đến cho em và các bạn nha",
kiki thầy cảm ơn em nha  được các bạn ủng hộ và tin tưởng thầy vui quá,
kiki vui mừng là kênh đã quay trở lại. thầy cảm ơn em đã luôn đồng hành và tin tưởng minato  chúc em sớm chinh phục được hết kiến thức n5 n4 nha,
vậy dễ học hơn em nhỉ,
ui đọc bình luận của em mà thầy vui quá. thầy cảm ơn em rất nhiều. chúc em sớm chinh phục được hết kiến thức n4 n5 nha,
dạ thầy.,
kiki thầy cảm ơn em nhiều. chúc em sớm chinh phục được hết kiến thức n5 n4 nhé,
 dạ vâng ạ em cảm ơn thầy ạ,
thầy cảm ơn em nhiều. chúc em sớm chinh phục được hết kiến thức n5 n4 nha,
cám ơn thầy rất nhiều . học và nghe rất nhiều  thầy dạy nhưng thầy tiệp dạy dẽ hiểu nhất,
cám ơn thầy sên giảng rất rễ hiểu a,
thầy dạy hay ạ,
cảm ơn thầy ạ,
cám ơn thầy,
"quá kỹ luôn, thầy dạy quá kỹ học đến đâu hiểu đến đó. những video kiến thức này là vàng chứ là gì nữa t . t  minato thầy 100000 điểm không có nhưng ạ !!",
thầy cười nhìn rất đẹp trai,
thầy dạy rất dễ hiểu nên tập trung học chắc chắn hiểu.  em đã học hết n5 và qua nhật sống 1năm rưỡi mà không có mấy chữ trong đầu. nhưng nghe thầy dạy em nghiêm túc học lại từ đầu. rất cảm ơn thầy. biết đến thầy sớm em đã kết hợp bài dạy của thầy khi mới đầu học n5 thì có lẻ em đã rành n5 rồi,
"mùa hè thì lạnh,thầy ơi",
học mà bị say nắng thầy mất rồi giờ phải làm sao,
e chưa xd được tính từ na là sao,
"thầy ơi, em vẫn không hiểu sao có thể biết tính từ đuôi nào , đuôi na là sao , i thì em hiểu r , nhưng na là sao",
"nhờ có nhưng bài giảng của thầy mà em có thêm động lực học tiếng nhật ạ,thầy là một ng thầy rất tâm lí,tâm huyết ạ,cảm ơn thầy nhìu lắm",
"thầy ơi em đang học bài 12 nhưng em học trước quên sau, em lớn tuổi rồi học từ vững, hay ngữ pháp học trước quên sau, thầy có bí kíp gì cho em học nhớ lâu được ạ .",
thầy ơi cho em hỏi làm sao để phân biệt đôô và đôn na ạ,
kiki. thầy cảm ơn em nhé! chúc em sớm chinh phục được kiến thức jlpt n5 n4 nhé em!,
kiki thầy cảm ơn em nhiều nha . chúc em học tiếng nhật dễ và hiệu quả,
thầy cảm ơn em chúc em học tiếng nhật hiệu quả nha!,
ukii em nhé,
thầy cảm ơn em nhiều nha. cố gắng chăm học không phụ công thầy quay bài nha em,
thầy xin phép được thả tim 1000 lần vì lời khen của em,
anh có lớp cho người mới bắt đầu nha. em giúp anh liên hệ qua fb nguyễn ngọc tiệp để anh tiện tư vấn cho em nha. anh cảm ơn em!,
em bình luận thật sự có tâm  thầy cảm ơn em nha. ở nhật mà biết tiếng nhật thì tự tin và dễ sống hơn đúng không em. cố gắng học và chinh phục từ n5 lên n4 luôn em nha,
thì phải chăm chỉ hơn để có cơ hội gặp được thầy chứ  cố gắng chăm chỉ không phụ lòng thầy em nha,
  thầy nhận kèm em kaiwua đi,
thầy cảm ơn em nhé! chúc em có nhiều động lực để chinh phục được hết kiến thức n5 và n4 nhé,
thầy nghĩ là dù bất kì tuổi nào thì nếu học rồi mà quên thì em cứ ôn lại nhiều lần. khi học đi học lại thì sẽ nhớ được em à.,
thế cái câu trêu đùa việt nam : anh ấy tuy xấu nhưng được cái nghèo! thì dùng  ga cũng được thầy nhỉ,
"mình 40t bắt đầu họk hơi khó khăn,nhưng khi xem video thấy dễ học hơn cả lúc ở lớp",
thầy giảng rất dễ hiểu ạ,
"thầy dạy rất dể hiểu , cảm ơn thầy nhiều",
tóc đẹp ạ,
sao em vô bài thầy dạy không xem được vậy mn hay do mạng bên em bị gì,
dạy hiểu và rõ ràng và rứt khoát đô mộ thầy nha,
cảm ơn thầy nhiều,
"thầy ơi , núi cũng thêm san ạ?",
eo xem thầy dạy còn hiểu hơn cô dạy ở trên lớp í,
cho thầy đi ạ,
"thầy cảm ơn dương nhé. cố gắng chăm chỉ để học hết n5, n4 nhé 3",
"mình cũng vậy ,40 tuổi nhưng chưa học hết n5
mình cũng toàn tự học trên youtube 
mình cũng may mắn biết đến thầy tiệp , và mình vẫn theo học các bài giảng của thầy trên youtube",
thầy cảm ơn hạnh nhiều nhé,
em load lại giúp thầy nhé. thầy thấy video vẫn ổn định em à.,
  em cảm ơn thầy ạ_,
tớ cũng đang học từ vựng bài 8. c chỉ tớ bài được không huyentruong2674,
kiki cố gắng học chăm em nha. thầy chúc em sớm hoàn thành được n5 n4 nha,
"có một số núi sẽ thêm san để thể hiện sự tôn trọng em nha. ví dụ: fujisan, tsukubasan... em nha",
tuyệt vời quá. em làm thầy vui hơn cả tết,
"hahaha, em làm thầy tưởng em chê thầy thật  chứ thầy tự tin bấy lâu nay chưa có ai chê đâu",
"cảm ơn thầy, video chi tiết dễ hiểu a",
vẫn không hiểu trong 1 câu bất kì làm sao biết nó đang là vị ngữ hay là bổ nghĩa danh từ nhĩ,
ngày nào em cũng nghe thầy giảng vì thầy giảng rất dễ hiểu,
"câu ví dụ ở 46:56 thầy thiếu trợ từ wa phải không ạ.
vd: hôm nay tôi không khỏe .",
cám ơn thầy rất nhìu luôn ạ. giờ em đang học thấy trên lớp áp lực không hỉu gì hết thầy ạ. từ khi xem video dạy của thầy từ bài 1 đến giờ em thấy mình học khá hơn. cám ơn thầy rất nhìu lun ạ,
thầy dạy chi tiết dễ hiểu lắm luôn,
rất thich thày,
"cảm ơn thầy rất nhiều ạ, thầy dạy miễn phí trên ytb mà còn có tâm ạ",
sao bài này thầy nhiều chỗ bị trùng nhau vậy nhỉ . khúc trước cũng có trung tâm bổ nghĩa cho dt . đến 1:09:44 lại có trung tâm bổ nghĩa cho dt .ai giải thích giúp mình với mãi không ra được đoạn này,
dễ hiểu quá thầy,
thầy dạy phải nói là tuyệt vời  như được khai sáng vậy ạ,
sao bài này thầy không đưa phủ định khoá khứ vào nhỉ,
"tui đã tạm ngưng để xem bộ phim 
và dành cho những ai ch xem 
your name?- tên cậu là gì 1:186",
thankiuuu thay iuuu,
thầy tự luyến quá ạ,
"bổ nghĩa danh từ có nghĩa là từ bổ sung ý nghĩa cho danh từ, làm rõ ý nghĩa cho danh từ đó. ví dụ câu: cô gái mặc váy xanh đang hát... thì danh từ là cô gái và phần bổ nghĩa là mặc váy xanh nhé em! còn vị ngữ trong câu là đang hát nhé em!",
thầy cảm ơn em nha  chúc em học tốt và sớm hoàn thành n5 n4 nhé,
  em cảm ơn thầy nhiều ạ!,
một vài trợ từ thì có thể lược bỏ trong khi nói được nhé em!,
đọc bình luận của em thầy vui quá  mỗi khi thấy sự tiến bộ của học viên là thầy lại thấy có nhiều động lực để làm thật nhiều video giá trị chia sẻ đến cộng đồng tiếng nhật. thầy cảm ơn em nhé,
thầy cảm ơn em nhé  chúc em học tập tốt 3,
thích thầy thì cố gắng xem hết bài giảng của thầy nhé  chúc  em học tập tốt nhé,
cảm ơn em đã theo dõi. thầy chúc em học tốt nhé,
"thầy cảm ơn em nhiều, chúc em học tốt nha",
phủ định quá khứ hình như nên bài cao mới học sao ý,
cảm ơn thầy rất nhiều ạ....,
"cảm ơn thầy, rất dễ hiểu",
thầy ơi mình phủ định tính từ đuôi i có danh từ đằng sau như thế nào vậy ạ,
hong mệt có ma buồn ngủ wa thầy oi,
thầy chỉ cho em cách học hán tự đi thầy,
mà sao thầy không dạy phần phát âm từ vựng trước ạ,
quá kỹ quá tỉ mỉ luôn thầy ơi . cảm ơn thầy,
căn nhà không sạch viết theo kiểu tính từ bổ nghĩa cho danh từ ntn ?,
em biết ơn thầy!!,
xem video thầy nhiều quá còn tươnhr thầy đang dạy trược tiếp luôn rồi cơ,
thầy dạy vô cùng dễ hiểu ạ em rất cảm ơn thầy ạ em sẽ theo thầy lâu dài ạ,
"thầy vừa đẹp trai, vừa dạy rất ấn tượng",
thầy dạy rất tuyệt vời,
"hay quá, thầy dạy dễ hiểu tỉ mỉ quá. cảm ơn  thầy nhiều",
thầy đẹp trai bằng em không,
cảm ơn thầy đã dựng nên bài giảng cực kỳ hữu ích....,
điểm 10 cho thầy,
thầy dạy hay và dễ hiểu cảm ơn thầy nhiều chúc thầy sức khỏe,
cám ơn thầy,
thay tuỵet vơi lắm,
"cảm ơn thầy nhiều lắm, thầy dạy rất tỉ mỉ giúp em dể hiểu , ngày nào em cũng nghe thầy giảng.
chúc thầy luôn khỏe và ra nhiều video  hay giúp học viên dể học.",
cảm ơn thầy rất nhiều.nhờ thầy giảng mà em hiểu được nhiều hơn,
"em đang học tiếng nhật ,nghe cô giảng không hiểu.nhưng sau khi biết đến video của anh thì em đã ổn hơn và thích học hơn",
thầy dạy hay và dễ hiểu,
"thầy là người  đẹp  trai , dạy có tâm dạy kỹ dễ hiểu) em  cảm  ơn    nhiều",
cảm ơn thầy dạy có tâm quá ạ,
cấu trấu nhưng mà thấy mọi người đọc ngà chứ không phải là ká ạ,
"lúc chưa xem bài giảng của thầy thì kiểm tra ngữ pháp toàn 1,2 . sau khi nghe xong kiểm tra lên 7. cảm ơn thầy !",
thầy dạy hay và dễ hiểu lắm,
cảm ơn thầy,
e cảm ơn thầy ạ. thầy tạo đk khoá học cho các bạn ở nhật đi thầy ơi,
e học  trên  lớp  ngày  nào  về  phòng  cũng phải xem  lại  video  của  thầy  mới hiểu  hết  các  cấu trúc  bài,
thầy cảm ơn em nhiều nha,
"hehehe. vậy à em, chúc mừng em nha. khi nào được 10 thì rep lại bình luận này em nha",
thầy rất rất rất đẹp trai và dạy rất rất hay,
"thầy dạy rất rất rất là dễ hiểu luôn ạ, sao thầy không dạy thêm kanji vậy ạ? em không hiểu học kanji cho lắm :(((",
"e cảm ơn thầy ạ em nho cách dạy của thầy em cũng hiểu được chút ạ, em chậm hiểu ý ạ  chúc thầy luôn luôn mạnh khỏe thành công trong cuộc sống",
dưa hấu theo em nhớ viết hiragana mà thầy,
"ước gì biết đến thầy sớm hơn ,cảm ơn thầy rât rất nhiều",
"thầy ơi, ra tiếp xác bài n5 đi thầy. em không thầy hiểu lắm lun. mong thầy up bài tiếp",
thứ3692022,
em học toàn xem thầy dạy hiểu hơn,
thầy dạy rất dễ hiểu và chậm ạ,
tại sao em không biết đến thầy sớm hơn ?,
thầy  day hiểu bài quá cảm ơn thầy nhiều a,
về dạy kanji thì thầy hiện vẫn chưa triển khai được ấy em ạ :((,
cố lên em nhé,
ở nhật cũng có nơi viết dưa hấu theo hiragana nhưng hầu như là katakana đấy em ạ,
"thầy cảm ơn em nhiều, khi học nếu có gì không hiểu thì đừng ngại để lại bình luận, thầy sẽ trả lời sớm nhất có thể nhé!",
thầy cảm ơn em nhiều nhé!,
"thầy cảm ơn em nhiều nhé, em học có gì không hiểu thì đừng ngại để lại bình luận, thầy sẽ cố gắng trả lời em sớm nhất có thể.",
"thầy cảm ơn em rất nhiều, em học có gì không hiểu thì đừng ngại bình luận nhé, thầy sẽ giải đáp sớm nhất có thể!",
bài giảng hay quá ạaa,
hay chúc thầy ngày thành công.dễ hiểu,
cảm ơn thầy đã ra những bài giảng hay và bổ ích thế này,
"ok công nhận thầy đẹp trai, giảng kĩ và dễ hiểu",
hay quá thay oi,
trên lớp em học không hiểu cho lắm. về xem lại video thầy em lại hiểu bài hơn. em cảm thấy co động lực hơn ạ. cảm ơn thầy,
quá tỉ mỉ rất cảm ơn thầy ạ,
thầy không giảng khóa khứ ạ,
thầy giảng rất chi tiết và rất dễ hiểu . thank thầy rất nhiều,
một bài ít từ vựng mà thầy lấy ví dụ cảm thấy ngập tràn luôn ạ. dễ hiểu dễ nhớ bài lắm ạ,
được thầy giảng em có thêm động lực để học . em  cám ơn thầy ạ,
đoạn intro cua thầy đẹp quá,
giống mc đám cưới thế thầy,
ế vật vã ra rồi,
thầy giảng dễ hiểu và rất chi tiết mong thầy ra nhiều video hơn,
"cảm ơn thầy nhiều, không có 1 cái quảng cáo nào",
hay quá thầy,
"thầy cảm ơn em nhiều nhé, chúc em học tốt!",
"thầy cảm ơn em, chúc em học tốt nhé!",
  cảm ơn thầy nhiều ạ,
"thầy cảm ơn em rất nhiều, thầy chúc em học tốt nhé .",
"thầy cảm ơn em nhiều, em có thể tham gia nhóm cộng đồng của minato dorimu trên fb để có thêm nhiều kiến thức thú vị mỗi ngày nhé.",
"thầy giảng chi tiết lắm ạ, lại còn đzai nữa chứ",
"thầy ơi, thầy ở yamanashi ,thầy làm 1 video về tỉnh này đi ạ",
bài giảng rất tâm huyết ạ,
quá tuyệt,
"em đã xem nhiều video r, nhưng những video của thầy giúp em hiểu bài nhất luôn, thầy giảng chi tiết và rất có tâm ạ. quyết tâm theo thầy lâu dài ạ.",
thầy dạy dễ hiểu thật,
thầy làm video cách sdung các trợ từ,
muốn đăng ki học theo giáo trình của thầy thì làm thế nào,
bài giảng tuyệt vời quá. cảm ơn thầy. em đều học mỗi bài trước khi lên lớp,
"thầy giảng vô cùng tỉ mỉ và dễ hiểu ạ,cảm ơn thầy rất nhiều",
cảm ơn thầy rất nhiều ạ,
cảm ơn thầy rất nhiều ạ!!!,
"biết ơn vũ trụ, biết ơn thầy",
thầy dạy rất chi tiết.. 3,
mình cũng vậy coi cuzng 3 cái trung tâm. đây là video dễ hiểu nhất và thầy đẹp troai nhất,
t cũng vậy luôn á chỉ muốn gt cho tất cả các bạn mới học như mình biết đến thày thôi í haa,
t cũng vậy luôn á chỉ muốn gt cho tất cả các bạn mới học như mình biết đến thày thôi í haa,
"thầy cảm ơn em nhiều nhé, hiện tại bây giờ em đã hoàn thành 50 video của thầy  trình độ jlpt n4 chưa nhỉ?",
em chưa bao giờ..  được gặp thầy..  nhưng sâu thẳm trong trái tim em..  em tự nhận..  mình là học sinh của thầy...,
thầy dạy dễ hiểu lắm lun,
thầy vừa giỏi vừa tâm huyết và còn dễ thương nữaaaa yêu thầy,
thầy dạy rất hay ạ con học tiếng nhật bị đuối nhưng khi nghe những câu nói của thầy con đã có thêm động lực học tập .,
phải công nhận là bài giảng cực kỳ chất lượng .,
cảm ơn thầy nhiều ạ,
cảm ơn thầy rất nhiều về bài giảng rất tâm huyết và chi tiết ạ. quả thật là rất vinh dự và may mắn khi có cơ hội được học tập một cách dễ dàng và tiện lợi như thế này ạ!,
"thầy dạy vô dùng dễ hiểu, cũng đưa ra rất nhiều ví dụ cho hsinh, cám ơn thầy rất nhiều vì những bài học bổ ích ạ , video của thấy đã giúp em rất nhiều trong việc học tiếng nhật ah",
"thật sự hay, cám ơn thầy",
thầy không chữa bài tập ạ thầy,
thầy dạy hay và dễ hiểu lắm ạ,
 ơi ơ 2:058 tư cuôc sông em tương la seikatsu a?,
hay quá ạ. em cảm ơn thầy,
thay giang hay qua,
thầy phát âm hay quá ạ,
thầy cảm ơn em nhiều,
chúc con đi xa và xa hơn nữa đến n1 nha con,
cảm ơn thầy nhiều 3,
hay quá tiệp thầy,
mong thầy ra từng cau trúc n pháp cần thiết trong giao tiếp,
mong xem đuọc thêm nhũng clip n5 của tiepthầy,
ngày mai nữa thôi là thầy sẽ đăng đủ 25 bài kiki,
e cảm ơn thầy ạ thầy dạy rất dễ hiểu và nhiệt tình ạ,
thầy dạy rất hay rất dễ hiểu luôn chúc thầy thật nhiều sức khoẻ,
"cảm ơn thầy mamg đến những tiết học thú vị ,",
cứ xem bài nào em like bài đó thấy thầy ỡ đâu là em fl ở đó nha,
"thầy giảng rất hay và hiệu quả, chúc thầy luôn mạnh khỏe và thành đạt để dìu dắt cả thế hệ người việt mình học tiếng nhật nha",
thầy day chi tiet qua a,
"dạ thầy ơi, cái chỗ thịt chó cả từ thịt và từ chó đều là danh từ thì mình dùng inu no niku thì có sai không ạ?",
"thầy giảng dễ hiểu lắm ạk,  chúc thầy nhiều sức khỏe",
thầy ngoài dạy tiếng nhật còn dạy tán gái với thả thính cơ í,
lên lớp cô dạy không vào đầu lên youtube xem thầy dạy thấy vào đầu nhiều hơn cảm ơn thầy rất nhiều,
"cô muốn học nhưng màu nền và màu chữ không nhìn rõ thầy à, arigatogozaimasu.",
"thầy dạy rất chi tiết và dễ hiểu, còn tạo động lực học tiếng cho học sinh nữa.",
công nhận học không được trên trung tâm xuống coi lại video của thầy dễ hiểu luôn,
cái đầu tiên là do nó là chủ ngữ mà,
cái sau do nó là tính từ á,
được em nhé!,
thầy cảm ơn em nhiều nha,
hahaha vì một cộng đồng không có chàng trai nào bị ế mà em,
thầy cảm ơn em nhé! chúc em sớm chinh phục được hết kiến thức n5 n4 nha,
kiki chúc mừng em nha  em đã có thể vượt qua được hết những bài ngữ pháp của thầy nha,
vậy ạ cô. cô có thể mở to màn hình cho dễ nhìn giúp cháu được không ạ? cháu nghĩ phóng to sẽ dễ nhìn hơn cô ạ,
thầy cảm ơn em  chúc em sớm chinh phục được n5 n4 nhé em!,
tuyệt vời em ơi. cố gắng chăm chỉ không được phụ công thầy quay bài đâu em nha,
lên lớp cô dạy không hiểu. vào đây nghe lại hiểu . hay thiệt,
nghe anh này dạy dễ hiểu,
hay lắm nha thầy,
thầy ơi sao lại không không có no còn hoa khác lại chia no nhỉ,
vì tiếng nhật rất  thú vị tạo sao lại dùng trợ  từ ga ậ thầy,
em cảm ơn sên thầy nhiều ạ,
bạn thích hoa gì hỏi sao ạ thầy,
thầy ơi em bị học từ vựng cứ thuộc hôm nay mai học thuộc từ vựng bài khác mà lại quên bài trước thầy có cách nào khắc phục không thầy giúp em ạ,
thích nhất câu về sau thì cứ đàn ông là được,
thầy dạy rất dễ hiểu,
1:24:22 thầy cute quá ạ,
kiki vậy em cố gắng chăm chỉ học xong kiến thức n4 n5 nha,
"  dạ, em cảm ơn thầy ạ!",
anh cảm ơn em nhiều nha,
19:08 bạn không chú ý bài phải không?,
kiki thầy cảm ơn em nhiều nha,
"đây là cách văn phong của người nhật em à, cũng giống như cách họ bắt chuyện và vào câu chuyện. sẽ hơi khác với văn phong của người việt em nha",
"em cố gắng ôn lại những từ không nhớ, ghi ra và viết lại nhiều lần em nhé. cố gắng dần dần sẽ quen hơn em nha",
"việc học thuộc cũng cần ôn rà soát lại, hnay bạn học thuộc thì ngày mai bạn phải rà soát lại, như mình trước khi vào học từ mới thì mình ôn lại từ cũ bằng cách nhìn tiếng việt và đọc ra tiếng nhật. khi nhìn vào từ tiếng việt đó mức độ bật ra được tiếng nhật phản ánh mức độ nhớ, phản xạ của bạn. điều này cần tạo thói quen hàng ngày lgi học gì cũng cần ôn tập lại rà soát lại. quan trọg là kiên trì",
ưng bài giảng thầy ghê. có cái luyện tập để nói. thành fan video thầy rồi,
"ước được gặp thầy.. chứ em càng học càng mê cái cách thầy dạy, yêu tiếng nhật mất thôi, nhờ em bắt gặp được video đó ạ.",
1:16:16 con sông quê,
em học trên lớp cô giáo giảng không hiểu nhưng do carre nhiều học sinh quá nên mình không theo được. bài thì vẫn lên mà học thì không theo kịp. nhờ có các video của thayaf em thấy mình học tiến bộ hơn raats nhiều ạ  xin cảm ơn thầy nhiều ạ,
"rất cảm ơn những bài giảng rất bổ ích của thầy, nhờ thầy mà em lấy lại được nền tảng tiếng nhật ạ",
thầy dạy quá hay ạ,
có bạn nào học lớp ol bên thầy tiệp chưa á,
thấy day rất dễ hiểu mọi người ah,
thầy dạy dễ hiểu. nghe cô không hiểu về xem bài giảng của thầy hiểu hơn. cảm ơn thầy,
thầy cứu tinh của đời e.,
hay quá,
học vậy mới nhớ lâu em nhỉ,
"thầy cảm ơn em nha. thầy tin là có duyên chắc chắc sẽ được gặp. em cố gắng học lên nữa, minato luôn cần tuyển những giáo viên giỏi. chỉ cần em làm được là chúng ta sẽ được gặp nhau hàng ngày nha",
thầy ơi trung tâm mình chỉ dạy online thôi ạ? em không thấy có địa chỉ ở đâu,
tuyệt vời quá. thầy cũng mong là sẽ có nhiều bạn tiến bộ như em. chúc em sớm chinh phục được kiến thức n5 và n4 nha,
"mình cũng đag học ở trug tâm, giốg hệt bạn, bài thì cứ lên, còn luẩn quẩn các ngữ pháp và trợ từ loạn hết lên, thật sự cũng nản không muốn học chút nào, nhưg vẫn phải cố, chỉ mog sẽ hiểu bài dễ hơn , đây mới là bước đầu của mình, nên mình thấy rối quá , đag học bải 10 nhưg thực sự độ hiểu bài chỉ ở bài 4",
  cảm ơn thầy ạ!,
cố gắng học hết mina 1 và 2 nhé em!,
"thầy cảm ơn em, chúc em học tập tốt nha",
tính đến nay thì có hơn 35.000 bạn từ n4 đến n1 đã học rồi em à  trong đó đã có bạn đạt 180180 n1 nên em yên tâm nha,
chúc bạn học tốt nha 3,
"theo mình hiểu là khi nối liền nó sẽ tạo thành cụm danh từ, còn khi n ga tính từ thì tính từ đó đang bổ nghĩa cho danh từ nói thêm về đạc điểm, tính chất của danh từ.",
baonguyen-pq5uf  cảm ơn bạn.,
cảm ơn em đã theo dõi thầy. chúc em học tốt sớm đạt được mục tiêu của mình nhé 3,
thầy có luyện kaiwa không á,
"1:55 mẫu ví dụ 1: vì bài tập này khó nên tôi không hiểu. em vẫn chưa hiểu vì sao sử dụng trợ từ ga ạ
kono mondai ga musukashii desu. là trợ từ ga trong đoạn này. mong thầy giải đáp giúp em với ạ.",
"bài giảng của thầy rất dễ hiểu, lâu lâu thầy nói những câu nói đùa làm em cười mình .cảm ơn thầy nhiều ạ",
thích thầy quá ỳk,
thầy dạy hay lắm,
thầy tận  tâm  thank you  thầy,
e bị yếu điền phần trợ từ thầy có thể giúp em được không ạ,
e bị yếu điền phần trợ từ thầy có thể giúp em được không ạ,
ng không tốt lắm nói sao thầy,
em cảm ơn bài giảng ạ,
thầy dùng hết bè chuối đến hoa chuối,
thầy dạy rất dễ hiểu,
thầy dạy dễ hiểu quá trời,
thầy cảm ơn em nhiều nha thầy chúc em học tốt,
thầy chúc em học tập tốt nha  em theo dõi cộng đồng tiếng nhật minato dorimu để xem thêm nhiều tài liệu bổ ích nhé,
thầy cảm ơn em nhiều nha. em theo dõi  cộng đồng tiếng nhật minato dorimu  để xem thêm  nhiều tài liệu bổ ích nha,
thầy cảm ơn em nha,
"em bị loạn chỗ nào nhỉ, cụ thể trường hợp nào để thầy trợ giúp nhé.",
"e theo thầy dễ hiểu hơn, thầy dạy rất có tâm",
thầy dạy dễ hiểu quá. luôn lấy ví dụ để áp dụng cấu trúc câu. từ vựng thầy nhắc liên tục.,
cảm ơn những lời dạy chân thật nhất của thầy .,
cảm ơn thầy,
thứ 75112022,
thầy dạy rất dễ hiểu và rất chi tiết,
triệu like,
bởi vì đang dạy theo ngữ pháp n ga  tính từ mà bạn nihongo(n)gaomoshiroi(tính từ).,
tui cũng đang thắc mắc cái này. bạn đã biết lời giải chưa nhỉ?,
hihi.. cảm ơn em đã theo dõi và ủng hộ thầy..mong là những video này sẽ giúp ích cho em trong việc học nhé.,
thầy dạy rất kỹ dung là người có chuyên môn có khác.không giống như em học ở lớp thầy dạy chan,
thầy giáo dạy hay và kỹ quá.cảm on thầy sê,
"thầy cho em hỏi ở phút 1:51:00
vì cái áo này đắt sao không đi với ga mà đi với wa vậy thầy
em cảm ơn ạ",
thầy dạy dễ hiểu lắm ạ,
"thầy ơi... lúc 1:55:00 tại sao lại dùng ga mà không phải là wa ạ?
( vì bài tập này khó nên tôi không hiểu)",
em thích nghe thầy giảng dạy. nhưng em là 1 người trong cộng đồng lgbt em rất buồn khi nghe thầy nói câu xăng pha nhớt,
cảm ơn thầy về những bài giảng rất hay ạ.,
"cảm ơn thầy ạ, trường có dạy nhưng không hiểu lắm, nhờ thầy mới hiểu được nhiều vậy. cảm ơn thầy rất nhiều",
"thầy dạy thật là hay em cảm ơn thầy dù không được học lớp của thầy , nhưng thầy dạy hay quá luôn ạ , chân thành cảm ơn thầy nhiều ạ",
cảm ơn thầy rất nhiều ạ.,
thầy ơi cho em hỏi chữ nhiều mình đọc là takusan hay là taksan vậy ạ :,
thầy dạy rất hay và dễ hiểu. mong thầy sẽ ra nhiều video hơn. em cảm ơn thầy nhiều.,
thầy ơi sao khó lại đi với trợ từ gá á thầy. thầy nhầm phải không ạ,
học ở trung tâm nhưng phải xem video của thầy thì mới học được. thích thầy nhất.,
thay cho em xin lai dố dt được không thay.thay dạy rat dễ hiểu,
"thầy cảm ơn em nhiều nhé, khi học có gì không hiểu thì đừng ngại để lại bình luận để thầy hỗ trợ, em nhé!",
"thầy chân thành xin lỗi em vì sự cố như vậy nhé, thầy chúc em học tốt nhé!",
xăng pha nhớt là gì v ạ,
thầy cảm ơn em và chúc em học tốt!,
  dạ em cảm ơn thầy nhiều ạ,
cảm ơn em đã xem và ủng hộ thầy nhé. có gì còn không hiểu thì em cứ bình luận để thầy hỗ trợ nhé!,
"thầy cảm ơn em rất nhiều, thầy chúc em học tốt nhé!",
  em chúc thầy và cty càng ngày càng phát triển ạ,
bạn còn ở đó không,
"thầy cảm ơn em nhiều, chúc em học tốt nhé!",
pi vi ìd idi di kc m,
e vẫn đọc takusan bình thường em nhé,
"thầy cảm ơn em, trong khi học có gì không hiểu, em đừng ngại bình luận để thầy hỗ trợ nhé!",
thầy cảm ơn em nhiều và chúc em học tốt nhé!,
em đang nói ở phút bao nhiêu của video nhỉ. cho thầy biết để thầy giải thích cụ thể nhé.,
"thầy cảm ơn em, em có thể tham gia nhóm nhóm cộng đồng tiếng nhật minato dorimu để được cập nhật kiến thức mỗi ngày và được học cùng các bạn khác nhé!",
cảm ơn thầy em học hiểu quá trời luôn,
thầy dạy rất dễ hiểu,
"lúc đầu nói thiệt là em ngán tiếng nhật dã man học zoom giáo viên dạy không hiểu xong chán  không tài nào muốn học nữa, nhưng mà do đăng kí đi du học rồi nên phải học. cơ mà theo bài tới đây nhờ thầy dạy hấp dẫn nên cũng thấy dần dần có hứng thú hơn hẳn chăm hơn trước luôn ý. cám ơn thầy nhiều.",
"ủa thày ơi
chỗ cái bài tập kara í thấy
là câu 1 là bài tập khó thì phải là kono sukudai wa chứ sao lại là ga vậy ạ
thầy gt hộ em chỗ này với",
thầy dạy quá rễ hiểu ạ,
thầy dạy rất hay ạ với rất vui tánh,
"thầy ơi cho em hỏi, thích làm hành động thì nói sao thầy, chổ động từ em không biết nên làm thế nào bỏ masu thôi hay có biến đổi không, thầy giúp em",
"cảm ơn thầy đã cứu vớt linh hồn em khi học tiếng, ở trên lớp cô nói gì khum hiểu, lên youtube xem thầy dạy cái vào lun. cảm ơn thầy iu nhiềuuu",
"chắc từ h em sẽ là fan cứng của thầy,thầy dạy dễ hiểu lắm luôn",
bài giảng quá tuyệt vời!,
cảm ơn thầy nhiều ạ,
khi trả lời câu hỏi em ghét cài gì thì em có thể trả lời là nani mo kirai ja arimasen được không thầy ơi.,
bạn ơi có kinh nghiệm gì không chia sẻ cho mình với,
"casieunangluc7589  học nhiều từ vựng lên bạn ơi, thầy trong mỗi video hầu hết có chia sẻ nhiều cái, mình thấy thầy nói đúng á",
"casieunangluc7589  sau bao nhiêu tháng cày cuốc học hành bên nhật mình phát hiện một điều là hãy học từ vựng kanji kèm nghĩa hán việt, vì hán việt chuyển qua cách đọc tiếng nhật na ná rất dễ nhớ và học từ rất nhanh lên trình, và quan trọng nghe file đọc thật nhiều lên,ngồi nghe file hội thoại nhái theo học thuộc lòng vừa nhớ từ lẫn ngữ pháp",
b ơi mình thuộc từ vựng n dốt ngữ pháp làm sao ạ b có cách nào giúp mình với,
huyenkhanh1529  bạn tham khảo học ngữ pháp bằng tranh ở trang edewakaru nhé,
huyenkhanh1529  cái này thì chắc phải học lại những chỗ chưa hiểu th bạn ơiii,
mình thì dốt kanji không có cách nào mà nhớ được nét viết và cách đọc,
"nguyenthanhduy1990  bạn thử học theo bộ thủ nhé, học cách cấu tạo trái phải trên dưới đâu là phần biểu âm đâu là biểu nghĩ. về lâu khi gặp bất cứ chữ hán nào chưa gặp sẽ đoán được nghĩ lẫn cách đọc. cộng thêm nhớ học kèm hán việt của kanji đó, sẽ giúp ích cho việc đoán cách đọc rất nhiều sau này",
thầy dạy rất kĩ....mh cũng đang học tiếng nhật... mà không hiểu được nhiều...xem cadi này mh hiểu nhiều nè,
là wa nhé thầy nhầm trợ từ ga,
không . phải desu chứ . sao lại phủ định,
không ghét cái gì mà,
thầy ơi ở 2:01:07 thì em tưởng phải là wa ạ? vì thầy ghi là nihonggo ga,
cám ơn thầy. thầy dạy hay dễ hiểu lắm.,
cảm ơn thầy nhiều 3,
thầy mãi đỉnh.,
đoạn  có vườn phải là anh ri masu mới đúng chứ ạ? hay là có đặt cách gì ạ?,
càng học càng thấy thầy dễ thương,
em cảm ơn thầy nhiều ạ,
em cảm ơn thầy. cần luyện tập để hiểu và thành thạo chứ mới học xong thì cũng còn nhầm ạ,
"vậy máy bay không người lái, xe không người lái mình dùng như thế nào ạ thầy",
cám ơn thầy rất nhiều !,
"khi nào dùng doko, khi nào dùng doko ni vậy thầy",
gói video bài giảng n4 n3 của thầy là ai dạy vậy thầy.  là thầy hay giáo viên khác ạ,
"thầy ơi cho em hỏi trước bài 23 hỏi địa điểm là hoa sàng wa đô cô đệt sư cà, giờ bài 10 là hoa sàng wa đô cô ni i mat , vậy 2 câu này có gì khác nhau không ạ",
"thầy dạy hay ạ, em tới bài 10 rồi",
cám ơn thầy nhìu,
"thay day rat de hieu, em cảm on thay a.",
đúng rồi em nhé!,
em khen thầy dễ thương là em đang khen hay chê thầy thế,
ý em là càng học càng cuốn ý thầy mà thầy dạy có duyên nên không có bị buồn ngủ,
thầy cảm ơn em nha. chúc em học tiếng nhật dễ và hiệu quả,
phần bài nghe trong sách mina thường là nghe câu hỏi và trả lời. và 1 bài nữa là bài nghe xem đúng sai như thế nào nhé em!,
tuyệt vời quá em ạ  cố gắng chăm chỉ đừng phụ công thầy quay bài em nha,
ukii em nha  cố gắng chăm chỉ học bài nhé em,
"thầy mất bao lâu để đạt trình độ như thế, để bọn em có thêm động lực ah",
tất cả bài giảng ngữ pháp n4 n3 đều là thầy dạy nhé em,
"đúng rồi em à. câu sau khó hơn và khác câu trước, câu sau là hoa đang ở đâu thế . còn câu học bài 23 là hoa ở đâu? thôi nhé em!",
kiki tuyệt vời quá em ơi,
ukii em nha. thầy cảm ơn em nhiều,
thầy cảm ơn em nhé! chúc em học tốt nha,
"cảm ơn thầy rất nhiều,bài giảng của thầy rất tuyệt ạ.thầy cho em hỏi là học đến bài bao nhiêu thì được coi là nửa chặng ạ,và những bài nào khó nhất ạ?",
thầy ơi có file mềm cho em xin với ạ. cám ơn thầy nhiều!,
"bài giảng của thầy súc tích, ngắn gọn",
"em hay bị nhầm trợ từ nữa thầy ơi 
em sắp thi r",
huhu thầy lúc xem thì hiểu lắm 1  homlại quên,
"giáo viên trên lớp dạy nhanh đến nỗi ghét tiếng nhật luôn, từ lúc biết thầy mới thấy dễ dàng xíu, ngày nào cũng hoc trước bài khi lên lớp, cám ơn thầy nhiều ạ",
12:06 ủa thầy ơi? có gù đó sai sai????,
cảm ơn thầy nhiều ạ !!!,
mình cũng thấy v,
"trong n5 có 25 bài, thì có một số bài khó như bài 14, 20, 22... nhưng nó không thể gian nan bằng bảng chữ cái em đã trải qua. nếu em đã học qua bảng chữ cái thì không còn bài nào làm khó được em đâu nha",
  hihi dạ em cảm ơn thầy nhiều ạ,
đúng rồi mà-)) sai chỗ nào z ní,
có lời giải chưa cho tôi xin với tôi cũng thắc mắc,
_ngocc3897  ib hỏi thầy xem nào,
"mình cùng thắc mắc, mong được thầy giải đáp",
đoạn nào v bạn,
ở đoạn nào vậy bạn,
thầy cảm ơn em nhiều nhé,
"may quá, thế là em không còn ghét tiếng nhật nữa rồi. chúc em sớm chinh phục được n5 n4 nha 3",
thầy cảm ơn em nha,
dễ hiểu lắm thầy oi,
cảm ơn thầy,
cảm ơn thầy nhiều lắm ạ,
có vườn sai rồi thầy ơi,
"cảm ơn thầy rất nhiều. thầy dạy kĩ, dễ hiểu.xem thầy dạy em đã bắt được cảm hứng để học tiếng nhật luôn ạ",
thầy ơi có bài giảng chữ hán không thầy,
biết ơn thầy lắm ạ.,
thầy có dạy online không ạ,
ước gì 5 năm trước bắt đầu học tiếng n gặp được vd của thầy .thì mình đã không bỏ dở như này .giờ lại bắt đầu nihongo,
cảm ơn thầy rất nhiều ạ,
thầy dạy dễ hiểu quá ạ,
thầy dạy hay lắm ạ,
"đoạn 12:14 vườn sao trên tivi với nói lại là imasu vậy tar, phải là arimasu chứ.",
vừa đi làm vừa nghe thầy giảng bài. mải quá quản lí gọi không nghe xém tí ăn biên bản luôn,
dễ hiểu quá thầy ơi. cảm ơn thầy.,
"thầy chúc em học tập tốt, sớm hoàn thành chương trình n5 nhé",
hiện tại thầy chỉ có bài giảng chữ hán dành cho khoá học online ở minato em nhé,
  vâng thầy. em tự học theo video của thầy. nếu theo được em sẽ liên hệ thầy học on ạ.,
thầy cảm ơn em nhé,
"  trong bài giảng thì không tránh được thầy ạ , nhưng em thấy thầy giảng rất chi tiết và  dễ hiểu , mong thầy phát triển thêm phần chữ kanji nữa ạ",
đúng rồi em nhé!,
cố lên em ơi,
chúc em học tốt nhé 3,
12:09 thầy làm sai rồi,
"ô tô là jidousha mà thầy, jitensha janai",
"thầy dạy có tâm nhất vịnh bắc bộ
cảm ơn thầy",
bài này khó nhj nó cứ lộn lộn sao ý khúc sau khó hiểu,
thầy dạy dễ hiểu quá,
tính ra dễ mà,
quan trọng từ vựng phải thuộc,
thầy giảng rất hay,
thầy dạy hay quá à em ghiền thầy mất thuiii,
thầy ơi sự khác nhau giữa doko ni arimasuka và sao wa doko desuka vậy ạ? mìh thay thế cho nhau được không thầy,
"giây 12:14 ạ. mà thôi, em nghĩ do lỗi đánh máy. như kiểu nói thì đúng mà viết ra thì khác.",
rất dễ hiểu và dễ tiếp thu. em xin gửi 1 lời cảm ơn thầy.,
thầy cảm ơn em nhiều  em theo dõi cộng đồng tiếng nhật minato dorimu để xem thêm nhiều tài liệu bổ ích nha,
ở đâu và đâu chắc là thế,
vậy mình dùng doko thay vì doko ni imasu được không ạ.,
thầy oi tai sao co vuon lai  imatsu dang nhe la ari matsu chu thầy,
"thầy xao vườn lại imat ạ
đi chuyển được đâu",
nhà là ư chi mà thầy,
thầy dạy dễ hiểu lắm ạ.,
thật sự rất biết ơn thầy về những bài học ngữ pháp dạy rõ ràng nhiệt tình dể hiểu. em học lên n4 rồi mà xem lại n5 mà thấy có những khúc mình chưa từng được học. cảm ơn thầy rất nhiều.,
quá hay,
bài giảng của thầy rất dễ hiểu ạ,
thầy dạy học rất dễ hiểu,
"vừa học bài mới vừa ôn bài cũ. em cảm ơn thầy rất nhiều ạ. em đang duy trì thói quen học tiếng nhật mỗi ngày rùi đây, còn chăm hơn học tiếng anh nữa vì thầy dạy hay quá ạ",
thứ 524112022,
thấy thầy này giảng dễ hiểu nhất luôn,
"và khi nào thì dùng doko, khi nào dùng doko imasu ạ",
đang có cùng thắc mắc,
"theo mình hai câu đều có nghĩa giống nhau nhg câu đầu thì hỏi đơn giản, vd  trang đâu rồi ?. còn câu có imasu nó hỏi cụ thể nghĩa hơn  trang ở đâu thế ?. nôm na 1 cái là kiến thức ở bài thấp. 1 cái là kiến thức ở bài cao hơn",
địa điểm và động vật,
arimasu nà,
"tui cũng thắc mắc z á, bài 3 với bài 10 giống giống sao sao á",
bản thân chữ toire nó là từ chỉ địa điểm rồi nên bạn không cần dùng doko ni... nữa. trường hợp muốn nói ở nhà wc có cái gì hoặc mún nói rõ nghĩa gần phòng học có wc thì mới dùng.,
"học hết minano nihongo 1 trên lớp  mắt gốc toàn tập. lên yutube học đủ kiểu mà vô tình học thầy ui chờn phải nói như trang mới học dễ hiểu kinh khủng luôn, em cảm ơn thầy và thầy trà nữa học từ vựng kèm ngữ pháp qua thầy học nữa nhớ hiểu nhanh luôn.",
thầy dạy dễ hiểu,
thầy cho phần câu hỏi dễ quá cho câu hỏi khó hơn đi ạ,
thầy có dạy kaiwa không ạ?,
chỗ có vườn thầy xem lại sai r,
"thầy giảng kỹ ,dễ hiểu luôn á",
cảm ơn thầy nhé!thầy dạy rất dễ hiểu luôn.,
thầy sinh ra là để dạy tieng nhật. hay quá,
"trời ơi cái chữ cứng, chứ so và chữ ưn giống nhau quá, nhìn không kỹ thì chịu",
thầy giảng dễ hiểu thật,
cảm ơn thầy,
có vườn ( niwa ga arimasu ),
trên cả tuyệt vời,
"có nụ cười đẹp ở khuôn mặt cô giáo, thì nói thế nào thầy nhỉ",
"có vườn là arimasu,mà thầy viết là imasu",
"nghe được những lời này thầy vô cùng hạnh phúc luôn   mong là những video này sẽ giúp ích cho việc học tiếng nhật của em nhé, chúc em học tốt nha",
hihi.. cảm ơn em đã theo dõi và ủng hộ thầy.. chúc em học tốt nhé,
cảm ơn phương đã phản hồi.. thầy sẽ xem lại ví dụ đó em nhé!,
  đã 5 tháng rồi thầy xem lại chưa ạ?,
thầy cảm ơn em đã theo dõi và ủng hộ thầy nhé!,
em có thể đưa ra vidu để thầy giải thích cụ thể cho em dễ hiểu hơn nhé.,
"thầy cảm ơn em, có gì không hiểu thì đừng ngại bình luận nhé!",
thầy em muốn đang ký học tiếng nhật trực tiếp với thầy không biếc thay co nhận không vậy,
"thầy cảm ơn em nhiều, thầy chúc em học tốt nhé .",
thầy cảm ơn em  nhé.,
"thầy giảng kĩ mà dễ hiểu lắm luôn ạ. em msaats gốc đang không biết như nào may tìm được video thầy 
mong thầy ra thêm nhiều video như này ạ",
"thầy ơi, thầy có bài tập dịch câu tiếng việt sang tiếng nhật không ạ, cho em xin với",
thầy giảng hay tới mức mẹ em cũng phải nán lại ngồi nghe nốt bài giảng  xong những lúc rảnh rảnh thì mẹ em bảo mẹ em cứ tưởng tượng ra trong đầu hình ảnh thầy đang giảng  cách giảng của thầy truyền cảm và ấn tượng quá hihi,
oto di chuyển được mà thầy sao lại dùng arimasu   em hơi thắc mắc,
sao em vẫn cứ rối rối dạy thì hiểu buông ra đầu trống trơn,
dạ em cảm ơn thầy ạ. nghe thầy giảng dễ hiểu lắm ạ,
"cảm ơn thầy ,",
"nghe thầy giảng hiểu quá trời lun ,nhung kaiwa lại như gà mắc tóc huhu",
cảm ơn thầy nhiệu ạ 3,
"bai gian cua thầy rât tuyêt vơi luôn, mon thầy ra thât nhiêu video.",
"kikiki, mẹ em cute xỉu up xỉu down vậy",
oto đâu tự động di chuyển được,
cái thầy nói là thầy có cái oto nó là vật nên dùng như thế là đúng mà b,
"thầy có nói là danh từ tự di chuyển được thì dùng imasu, dt không tự di chuyển được thì dùng arimasu",
được nha b,
tưởng có mình tui vậy chứ .,
vutcangtay b là nhất,
tui cũng  zay,
gốc bạn không vững,
e học buông ra em lại quên,
"tiệp thầy ơi, có khóa học giao tiếp nào cho n5 không ạ?",
27 cái ngón tay hơi kỳ nha,
thầy phân tích chậm nghe dễ hiểu và tiếp thu được luôn . không như các kênh khác á. giảng nhanh nên học sinh không bắt kịp á. chúc thầy nhiều sức khỏe để ra nhiều bài giảng hơn giúp cho các bạn chưa vững tiếng nhật ạ,
lại còn cho tôi 2 người yêu nữa thầy à,
"thầy lấy lại được kênh, người vui là tụi em luôn. học trên lớp 8 tiếng nhưng bài này đặc biệt khó hiểu trên lớp",
"em cảm ơn thầy rất nhiều ạ,nghe thầy giảng em thấy dễ hiểu nắm ạ",
thầy co dạy ol không ạ,
thầy có file cho em xin với ạ,
thầy dạy dễ hiểu quá,
"thầy dạy hay, dễ hiểu ạ",
bài này ứng dụng trong đời sống nhiều nhưng lại là bài khó nhớ nhất,
thầy chào em. em giúp thầy liên hệ qua zalo 0971219509 để thầy tư vấn cho em nhé!,
thầy cảm ơn em nhiều! chúc em sớm chinh phục được tiếng nhật n5 thật hiệu quả và dễ dàng nha,
cố lên bạn,
kiki vậy là thầy yên tâm em có đủ động lực để học rồi nhé em!,
thầy của em mặn mòi lắm,
được trở lại gặp các bạn là thầy vui lắm luôn. tiếp tục cố gắng chăm chỉ học đừng phụ công thầy quay bài nha em,
kiki em cố gắng chăm chỉ học bài nhé,
thầy có em nhé  em giúp thầy nhắn tin vào page minato dorimu giúp thầy để thầy gửi thông tin cho em nhé  thầy cảm ơn em nhiều,
em muốn xin file nào em nhỉ,
kiki thầy cảm ơn em nhiều,
thầy cảm ơn em nhé  chúc em sớm chinh phục được hết kiến thức tiếng nhật nha,
"  em cảm ơn ạ, khi nào em chinh phục được sẽ quay lại báo thầy ạ",
em cố gắng xem đi xem lại nhiều cho nhớ lâu nha,
bài này khó hiểu quá ạ huhu,
huhu bài này không hiểu tr oiii,
thầy dạy rất hay.cảm ơn thầy rất nhiều ạ,
"qua nhật sống 1 năm rưỡi rồi mà n5 tiếng có tiếng không. nhờ có thầy tiệp nên em kiên trì học lại từ đầu. 
thầy tiệp dạy rất chi tiết. dễ hiểu. dễ nhớ.",
bài giảng hấp dẫn quá thầy ạ. nếu đếm số 3 với đồ vật là thêm ten ten đúng không th,
nghe giảng trên lớp về xem lại 2 lần vẫn đơ,
"thầy không nói về hệ thống đếm tsu nhỉ. vd: hitotsu, futatsu,... mà đã cho ví dụ có những từ đấy r",
"em thử xem lại một lần nữa, note lại những chỗ khó hiểu và thử áp dụng luyện thực tế cho dễ hiểu nhé em!",
"em thử xem lại thêm 1 - 2 nữa, nếu vẫn không hiểu em bình luận đoạn nào không hiểu để thầy giải thích nha",
e làm vậy đúng không thầy,
thầy cảm ơn em nha,
thầy cảm ơn em nhiều cố gắng chinh phục hết kiến thức n5 và n4 nhé em. thầy chúc em học tiếng nhật hiệu quả nha!,
em xem lại thầy giảng xem có hiểu ra vấn đề không em nha,
khi đếm số lượng đồ vật từ 1 đến 10 thì em theo bảng thầy hướng dẫn. còn đếm từ 11  trở lên thì chỉ dùng chữ số nhé em!,
 cảm ơn thầy ạ,
đúng rồi em nha,
tửu lượng thầy cao thế,
"thầy ơi , đoạn 173 , 3 cái là mit-tsu sao đọc là mut-tsu vậy ạ",
học 7749 người trên mạng lẫn trung tâm nhưng phải thực sự chưa thấy một bài giảng nào mà chi tiết như của thầy tiệp thực sự thầy quá tâm huyết đối với bài giảng này quá chi tiết và chậm rãi dễ hiểu.cảm ơn thầy rất nhiều.,
bài nào không hiểu chỉ về lên đây tìm thầy,
"ngày nào cũng lên kênh thầy học, cảm ơn thầy rất nhiều ạ !!",
chắc đếm số không mà loạn não,
mỗi lần không hỉu bài là lên thầy học,
em cảm ơn thầy ạ. học rất dễ hiểu ạ,
"khi em bắt đầu học bảng chữ cái thầy của em  đã cho học hết các đơn vị đếm thứ ngày tháng năm giờ phút, cái , chiếc, vật mỏng , số lần ,v..v.. nên giờ học đến bài này thấy rất nhẹ nhàng ,nge thầy giảng để hiểu thêm về ngữ pháp, cảm ơn thầy nhiều ạ",
e sợ bài này nhất thầy ạ,
không bỏ xót bài nào của thầy dạy ca.,
cảm ơn thầy dãy để hiểu,
thầy tiệp có lớp học online không? mình muốn tư vấn,
thầy dạy kỹ và dễ hiểu thật,
sau 10 là bỏ tsu nha bạn,
rin-vo6kd sao lại bỏ tsu nếu sau 10 bỏ tsu thì n chỉ là số đếm bthg thôi mà,
không chỉ thầy mà các thầy cô trong minato đều thế em à,
   em cảm ơn thầy ạ,
kiki thầy cảm ơn em nhiều nha. thật tuyệt vời khi đọc những dòng chia sẻ như thế này. thầy hi vọng những bài giảng này và những bài giảng sắp tới em sẽ học được thật nhiều kiến thức mới nhé 3,
kiki thầy cảm ơn em nha. cố gắng chinh phục n5 n4 em nha,
bỏ cũng được em nha. trong giao tiếp thì người nhật thường bỏ trợ từ em nhé,
kiki  cảm ơn em đã luôn ủng hộ thầy nha 3,
thế em cứ lên xem bài giảng của thầy hàng ngày nha,
"kiki thầy cảm ơn em nha. thấy các bạn tiến bộ, học dễ hiểu, dễ nhớ như vậy là thầy yên tâm rồi 3",
thế thì chắc chắn sắp tới em thi n4 sẽ đỗ n4 luôn  cố gắng em nha,
thầy cảm ơn em nha,
em liên hệ qua fb nguyễn ngọc tiệp thầy tư vấn chi tiết em nhé,
"thầy thấy hai câu này nội dung gần như nhau, em chỉ thay từ chỉ xưng hô thôi. nhưng thầy thấy câu đầu vẫn hợp lý hơn nhé em!",
thầy chúc em sớm hoàn thành chương trình n5 nha,
thầy dạy hay quá .dễ hiểu,
khó quá thầy ơi huhu,
"thầy quê thái bình ạ , em thấy thầy toàn đi từ hà nội về thái bình",
"cảm ơn thầy nhiều nhiều, chúc gđ thầy nhiều sức khỏe hạnh phúc và may mắn",
thầy giảng hơi nhanh,
thầy dạy dễ hiểu nhưng bài này nhiều thứ và trường hợp đặc biệt phải nhớ quá,
thầy có video dạy trợ từ không ah chu nhiều tro từ mà không biết đặt luôn mọi người có ai biết không ah  chỉ giúp em với ah,
"cảm ơn thầy, thầy giảng rất hấp dẫn, dễ hiểu, chi tiết, các bạn học n5 cứ vào học trên video của thầy là ok",
"thầy là người dạy có tâm và dễ hiểu nhất t từng học, cảm ơn thầy",
cảm on thay!,
em yêu thầy,
quá là tuyệt vời rất bổ ích ạ,
thầy uống khoẻ zay :(,
thầy dạy ngữ pháp kỹ nhất,
thầy dạy rất kỹ ạ,
thầy quê thái bình em nha,
  em cùng quê với thầy,
  em học xong n4 em sẽ đăng ký lớp n3 của thầy,
"thầy có lớp học từ n5 đến n1, khi nào sắp xếp được thời gian học nhắn qua nick fb nguyễn ngọc tiệp thầy tư vấn chi tiết em nhé",
thầy cảm ơn em nhiều nhé  chúc em học tập tốt nhé 3,
đoạn nào nhanh quá em tạm dừng lại một chút rồi lại bật tiếp giúp thầy nhé,
em tham gia nhóm cộng đồng đồng tiếng nhật minato dorimu có rất nhiều tài liệu nói về trợ từ em nha,
"cảm ơn em, thầy chúc em học tốt nhé",
cảm ơn em! thầy chúc em học tốt nhé 3,
cảm ơn em đã theo dõi thầy. chúc em học tốt sớm đạt được mục tiêu của mình nhé,
thầy đúng cứu tinh của em không hỉu gì trên lp là lên đây coi thầy lun,
3 ngày khác ngày 3 mà thầy,
"thầy dạy vừa hay, vừa kỹ, đã thế còn uống nhiều bia nữa chứ. tuyệt vời",
"em cảm ơn thầy, ngoài giờ học trên lớp, ngày nào em cũng về xem thầy giảng ạ, chúc thầy luôn mạnh khoẻ để ra được những bải giảng hay giúp những người học viên như bọn em ạ .",
rất hay và dễ hiểu lắm thầy ạ,
"em thật sự cảm ơn thầy rất nhiều ạ,  bài giảng của thầy cực kỳ hay và dễ hiểu",
vc 3 cái mà mutrung tâmsu,
thầy dạy kĩ và có nhiều ví dụ,
"cám ơn thầy nhiều, có video tổng hợp các trợ từ không thầy",
"19:23 lượng từ
258 lưu ý về lượng từ chỉ thời gian 44:12 531 1:00:14 1:03:29 1:098 1:15:04",
nhờ thầy em làm kiểm tra toàn trên 90 hh,
"e hiện đang học ở trung tâm mà không hiểu cái bài này , nghe thầy vừa cuốn vừa dễ hiểu , cảm ơn thầy rất nhiều, chúc thầy luôn mạnh khoẻ",
ngoài bắc hay bị đọc vần on thành ong hoặc ông quá. đến cả thầy giáo vẫn bị lỗi này cơ à?,
"cảm ơn thầy rất nhiều, thầy giảng hay quá,nghe rất dễ hiểu, cảm ơn thầy đã có những clip hay, giúp cho mọi người thích học tiếng nhật có thêm động lực để học tốt hơn, rất cảm ơn thầy",
"thế lại phải xem lại kiến thức của mình đi bạn nhé, xem khi nào là on khi  nào là ong, ông!",
"chubich27  lại còn thế nữa cơ 
mà theo bạn thì ni-hon, ni-hôn, ni-hong hay ni-hông, hoặc ni-cái gì gì, cái nào mới đúng nhỉ? 
bạn thử học theo các thầy ngoài bắc, nhớ thật kỹ vào. rồi lên youtube tìm giọng đọc chuẩn của người nhật rồi nhận xét sau cũng không bao giờ muộn nhé. nhớ nha bạn, giọng chuẩn của người nhật chứ không phải chuẩn của người miền bắc vn nhé.",
"chubich27  thật sự, dạo quanh 1 vòng các kênh dạy ngoại ngữ, nhất là tiếng anh và tiếng nhật, cùng với kinh nghiệm làm việc chung với rất nhiều người việt du học và làm việc tại nước ngoài sử dụng tiếng anh và nhật. tôi thấy các anh chị em ngoài bắc giọng cực xấu, mặc dù ngữ pháp và giao tiếp của họ cũng rất ok. họ đang đi theo vết xe của singapore (xét về phát âm xấu).
xin lỗi tôi không quơ đũa cả nẳm, cũng không phân biệt vùng miền.",
cám ơn thầy,
em cảm ơn thầy ạ,
khổ có quá nhiều cách đếm,
17:00 hình như sai rồi ạ!,
"thầy uống bia như trâu luôn 
.huhu",
hehe yêu quá thầy,
em cảm ơn thầy ạ. sang nhật rồi vẫn phải lên kênh của thầy để học,
thứ 6612023,
thầy dạy dễ hiểu thật,
"e mất bài học từ thầy rất dễ hiểu và lấy lại gốc ùi , arigatou thầy",
cảm ơn thầy rất nhiều,
nhiều nghĩa mà bạn,
thầy ở huyện nào thái bình ạ em cũng ở tb,
phải dễ hiểu như thế. chứ thầy của em là bắt học sinh ví dụ cả 3_4 trang giấy mà vẫn chug mỗi danh từ trợ từ lượng từ và động từ,
vẫn chăm chỉ nghe bài thầy dạy cố gắng để sắp tới đi thi,
rat rat rat chi la cảm on thầy nhieu ah,
công việc này thi mất thơi giang.dich giúp tôi nha bạn.,
thầy đọc sai  chỗ  công ty bạn có bao nhiêu người?,
thầy dạy dễ hiểu quá ạ !!!,
thầy dạy hay quá,
"đi học mà lỡ bệnh nghỉ mất mấy ngày, mất bài thì auto lên đây tìm bài thầy dạy là vơi đi nỗi lo thất học. cám ơn các bài giảng của thầy lắm lắm",
thầy dạy rất là hiểu ạ,
số em hay nhằm. nhớ có cách này em tạm ổn 90. cảm ơn thầy nhiều á,
"được em nhé, sách vở đều được nha.",
cảm ơn góp ý của quỳnh nha  thầy sẽ chú ý hơn.,
"thầy cảm ơn em nhiều nhé, khi học có gì không hiểu thì em đừng ngại bình luận để thầy có thể giải đáp kịp thời nhé!",
"thầy cảm ơn em nhiều, em có thể tham gia nhóm cộng đồng tiếng nhật minato dorimu trên fb của thầy để được giao lưu học tập cùng các bạn và được cập nhật kiến thức bổ ích mỗi ngày nhé!",
thầy cảm ơn góp ý của minh nhé..thầy sẽ chỉnh sửa lại,
"thầy cảm ơn em rất nhiều, chúc em học tốt nhé!",
thầy cảm ơn em rất nhiều và chúc em học tốt nhé!,
"thầy cảm ơn em nhé, em có thể tham gia nhóm cộng đồng tiếng nhật minato dorimu trên fb để có thêm kiến thức và bài học hay mỗi ngày nhé.",
bài này hại não quã . học xong chỗ luyện tập không khớp nhau vậy mn . 8 quả yatsu. với 3 quả sao mitsu vậy . thầy dạy cái này chỗ nào vậy . mn chỉ giúp mình với .,
thầy uống 12 lon quá căng,
"không biết nói gì ngoài 2 chữ cảm ơn thầy se rất nhiều,",
"hay quá thầy ơi, thầy giảng chi tiết lắm luôn ạ .",
1:13:44 thầy vừa dạy vừa bắn rap. em không bình thường gì đâu nha tự nhiên dừng đúng lúk đó,
"cảm ơn thầy nhất nhiều về bài học, em học lại thấy hiểu hơn giáo viên của trung tâm dạy là thế nào 3",
"12 lon là hơi dữ thầy ơi, em ấn tượng tửu lượng thầy rồi",
thầy dạy  hay  mà  dễ  hiểu  . em đã  hiểu  bai rồi  ạ  cảm  ơn  thầy  nhiều  lắm,
cảm ơn thầy nhiều,
bài này khó hiểu quá,
"xem đi xem lại cho nhớ ,,, mỗi lần xem là mỗi lần cám ơn thầy seii",
quần áo đếm là chaku chứ thầy,
"cám ơn thầy, cực kỳ dễ hiểu",
cảm ơn thầy rất nhiều,
thầy có dạy kanji không ạ?,
bạn đang học tiếng nhật à sắp bay chưa,
chưa ạ em vừa mới học tiếng thôi,
tyhoang261  bạn có học ở trung tâm không,
mình đang học ở trung tâm và học thêm qua video của thầy,
"e đang học onl thôi, tháng 6 mới ra trung tâm ạ",
tyhoang261  trung tâm bạn ở đâu,
bạn học đến bài bao nhiêu rồi,
thầy day hay lắm.thầy cũng ở thái bình ạ cùng quê với em,
thầy giảng nghe thích  cái tai,
em cảm ơn thầy 3000 lần vì nhiệt huyết của thầy  mãi iuu,
"rất hay và dễ hiểu thầy ơi, cám ơn thầy nhiều ạ",
cảm ơn thầy nhiều ạ 3,
"coi bao nhiêu thầy cô dạy tiếng nhật thì mình thấy thầy dạy dễ hiểu nhất luôn, phân chia ngữ pháp rất rõ ràng logic và mạch lạc luôn đấy ạ",
thầy dạy dễ hiểu,
cảm ơn em đã theo dõi bài giảng ! chúc em học tốt và đạt kết quả cao nhé,
chuẩn rồi bạn. ai củng nói học dũng mori nhưng mình học với thầy tiệp cảm thấy rất dễ hiễu và dễ áp dụng,
mà dạy lại có tâm nữa. mình toàn theo thầy học  thôi,
"thầy ơi dễ hiểu quá ạ , nhìn thầy có động lực học hẳn , chúc thầy nhiều sk ạ",
"em xem rất nhiều video từ rất nhiều kênh,học ol 1 khóa n5 nữa rồi.nhưng chưa thấy ai dạy dễ hiểu và kĩ càng như thầy. em cảm ơn thầy thật nhiều ạ",
thầy lên bài về cách sử dụng các trợ từ đi ạ  . em hoang mang nhất là không biết nên sử dụng trợ từ nào khi nào ạ,
cảm on thầy rat nhieu a. em xem video thuong xuyen de nam ro bai hon. bai cua thầy luc nao cung chat luong lam a,
"hôm qua , thời tiết ngày hôm qua, hôm kia lúc nào thì làm trạng từ lúc nào làm chủ ngữ v ạ",
"cám ơn th rất nhiều, th đã quay trở lại",
hay quá thầy ơiii,
niềm tin là thứ quý giá nhất,
cám ơn thầy rất nhiều ạ,
thầy dạy rất dễ hiểu ạ,
"thầy giảng dễ hiểu , cảm ơn ạ",
"giờ mình đã hiểu tại sao ai cũng nói tiếng nhật khó, quá khứ chỉ cần thêm từ chỉ quá khứ đằng trước như hôm qua, hôm kia được rồi, người nhật nghĩ ra mấy trò rối não quá, hiểu xong không có môi trường luyện thì cực dễ quên luôn",
1:27:00 bây giờ có nam vương quốc tế tương đương hoa hậu thế giới rồi thầy,
cảm ơn em đã tin tưởng và theo dõi kênh. chúc em học tiếng nhật dễ và hiệu quả nhé,
thầy có bài đăng trên page minato dorimu  về trợ từ rồi. em tìm và tham khảo giúp thầy nhé!,
  dạ vâng ạ. em cảm ơn thầy ạ. chúc thầy nhiều sức khỏe để trao đi những giá trị bền vững mãi theo thời gian á,
thầy cảm ơn em nhiều! chúc em sớm chinh phục được hết kiến thức n5 nhé,
thầy cảm ơn em nhé  cố gắng chăm chỉ em nha,
kiki được gặp lại em và các bạn thầy vui quá,
thầy cảm ơn em. được khen là thầy vui quá luôn,
ukii em nhé,
thầy cảm ơn em nhiều nha,
kiki vậy cố gắng chăm chỉ không phụ công thầy quay bài nhé em!,
mỗi ngôn ngữ một cách diễn đạt khác nhau. cũng như phong ba bão táp không bằng ngữ pháp việt nam đó em,
chuẩn luôn em ơiiii kiki,
"thầy dạy hay quá. sau mỗi video có ví dụ minh họa, dễ hiểu. chúc th sk",
thầy có bài giảng kanji trên ytb không ạ?,
thầy có thể ibox cho em hỏi với được không ạ.em muốn học 1 khóa ạ,
cảm ơn thầy ạ,
thầy xem dạy chữ hán n5-4 đi thầy ơi,
kiến thức bổ ích,
thầy dạy hay quá,
ok rồi nhé em!,
đúng rồi em nhé!,
thầy cảm ơn em nhiều nhé  chúc em sớm chinh phục được kiến thức n5 n4 nhé,
thầy cảm ơn em đã quan tâm bài giảng của thầy. hiện tại video kanji thầy đang dùng trong khoá học online nên chưa thể đăng youtube được. em thông cảm giúp thầy nhé,
vì trên kênh thầy không tiện liên hệ cho em. thầy nhờ em inbox vào nick fb nguyễn ngọc tiệp để thầy tư vấn đầy đủ hơn cho em nhé! thầy cảm ơn em nhiều nha,
  vâng ạ em cảm ơn thầy ạ,
hiện tại những video chữ hán thầy chỉ để dành cho khoá học ở trung tâm thôi em à. nếu có dự định đăng lên yotube thầy sẽ thông báo nhé thầy cảm ơn em nha 3,
nếu bỏ thì em sử dụng cách nói khác nhé!,
đúng rồi em nhé,
kiki thầy cảm ơn em nha,
thầy thấy em đặt câu như vậy là đúng rồi nhé. vì đang ở n5 nên em có thể dùng cách nói cách dạy của thầy tiệp hay hơn cách dạy của thầy cô giáo khác để dễ dàng đặt câu hơn em nha,
em muốn kèm thêm tính nhật ạ,
hôm vừa rồi em có việc nên xin nghỉ tiết ở trên lớp về nhà phải mở video của thầy lên nghe dạy rất dễ hiểu. cảm ơn thầy nhiều ạ,
cảm ơn thầy. thầy dạy rất dễ hiểu.,
bây giờ chưa đẹp nhé,
"em cảm ơn thầy ạ, thầy cho em hỏi sao tính từ suki trong câu chọn cái nào thì bỏ đuôi i mà các tính từ khác thì không ạ ?",
"thầy dạy rất chi tiết, cụ thể,  trình bày mạch lạc các kiến thức, giúp người học nhớ bài củ, hiểu bài mới,nghe là biết thầy rất có tâm...cảm phục thầy rất nhiều, chúc thầy nhiều sức khỏe, bình an, cuộc sống được như mong muốn...",
"cảm ơn thầy nhiều ạ,thầy giảng đến đâu em hiểu đến đó, có thể áp dụng ngay được vào cs",
rất cảm ơn thầy lắm lắm luôn. mong thầy đừng gỡ các video trên trang ạ. em mới học  theo không kịp. rất vui vì tiếp cận được bài giảng từ thầy,
cảm ơn thầy nhiều,
thầy day de hiểu cảm ơn thầy nhiều,
"thật là tuyệt vời, cảm ơn thầy nhiều lắm, thân chúc gđ thầy nhiều sức khoẻ hạnh phúc và thành công",
"em thắc mắc ở ví dụ ngày xưa tôi đã thích kẹo, sao mình lại dùng trợ từ wa thay vì dùng ga theo cấu trúc ngữ pháp bài 9 vậy thầy?",
nghe thầy này giảng dễ hiểu hơn thầy dạy trực tiếp luôn á ta,
thầy giảng quá dễ hiểu tuyệt vời,
"em cảm ơn thầy rất nhiều vì bài giảng hay, thú vị và rất dễ hiểu ạ.",
vậy em có thể tham khảo khoá học của trung tâm nha  em liên hệ qua nick fb nguyễn ngọc tiếp để thầy tư vấn cho em nha,
thầy cảm ơn em nha. em cố gắng dành thời gian học hết n5 n4 em nha,
thầy cảm ơn em nhiều nha. đọc những dòng này lòng thầy lại thôi thúc làm sao để có thật nhiều video chất lượng và giá trị mang đến cho mọi người. thầy sẽ cố gắng hết sức,
học mà áp dụng được ngay thì rất nhanh nhớ em nhỉ. em cố gắng duy trì học đều nha. chúc em sớm chinh phục được jlpt n5 và n4 nhé,
em yên tâm nha  thầy sẽ giữ những video trên trang để các bạn yên tâm học nha,
thầy cảm ơn em nha,
đúng rồi em nhé,
thầy cảm ơn em 3 chúc em sớm hoàn thành xong chương trình n5 nha,
thầy cảm ơn em nhiều 3,
cảm ơn em nhiều nha,
thầy cảm ơn em nhé  chúc em học tập tốt 3,
đừng có n mấy n mấy rồi không biết làm hâh,
thầy dạy rất kỹ và dễ hiểu cảm ơn thầy rất nhiều,
thầy dạy bài nào ra bài đó. cảm ơn thầy nhiều ahm,
em cảm ơn thầy,
ly tri tieng nhat la gi thầy  oi,
11:50 người mà dùng takai,
"cám ơn thầy rất nhiều đã dạy dễ hiểu, kĩ mà còn tâm huyết chia sẻ kinh nghiệm và động viên phải học!!!",
thầy dạy rất hay ạ..cảm ơn thầy nhiều,
cảm ơn thầy ạ,
cảm ơn thầy vì những bài giảng có tâm,
thầy dạy hây và dễ hiểu quá,
quyết tâm học xong n4 đăng ký học n3 của thầy.thay day vô cùng dễ hiểu,
thầy dạy có tâm quá ạ..cám ơn rất nhiều,
quá hay ...thầy.,
"biết ơn thầy. em học trên lớp rồi vẫn phải học lại trên kênh của thầy. chúc thầy khoẻ mạnh, sự nghiệp gd ngày càng phát triển",
cảm ơn thày nhiều lá.sao,
"không biết sau khi quay xong thầy có giảm tốc độ xuống 0,75 không mà em học toàn phải tua 1,25 hoặc 1,5 thoi 
cố gắng tháng 8 cày hết 25 bàii. ganbaru",
chúc thầy 1 ngày tốt lành ạ,
"cảm ơn em, thầy chúc em học tốt nhé 3",
cảm ơn em đã theo dõi thầy. chúc em học tốt sớm đạt được mục tiêu của mình nhé 3,
"thế phải dùng gì ạ , mình mới học nghe hoang mang thế",
rất cảm ơn thầy vì từ khi biết đến kênh này em học hiểu hơn ạ em ơn thầy nhiều ạ,
xin góp ý  phần:  từ để hỏi ga  ichi ban anh desuka?  bị thiếu trợ từ ga nè ạ,
tiệp thầy day bài nào cũng hay,
hay quá,
biết ơn thầy,
cảm ơn thầy rất nhiều,
chúc mừng thầy có nhiều sức khỏe để thành công hơn nữa trong sự nghiệp giáo dục của thầy ạ,
thầy dạy rất kỹ và hay. cám ơn thầy nhiều.,
thunguyen-iy2vw  thanks,
xem ngữ pháp thì chỉ có xem của thầy mới hiểu bài,
cảm ơn kiến thức và tâm huyết thầy đã truyền đạt lại cho chúng em ạ  rất dễ hiểu ạ,
"cảm thấy biết ơn thầy nhiều lắm ạ  
hiện tại em đang học mà em chậm tiêu lém , mà xem thầy giảng dạy , em hiểu rõ từ bài un ạ ,",
thầy rất nhiệt tình ..,
nam vương trời ơi thầy,
cảm ơn thầy hí..video nào cũng dễ hiểu lắm ạ,
thầy thật là tuyệt vời,
minh rất cảm ơn thầy,
"cảm thấy biết ơn thầy, được học miễn phí thầy dạy rất tận tâm. xem đâu hiểu đó, các bài dạy chi tiết ,dễ hiểu hơn những bài dạy có tiếng ở vn.chỉ biết xem thêm phần quảng cáo để thay lời cảm ơn ạ. chúc trung tâm thầy ngày càng phát triển mạnh ạ!",
nam mà đẹp thì gọi là nam vương thầy ạ.thầy dạy chi tiết rất dễ hiểu ạ,
học 2 ngày không hiểu xem video của thầy tới đâu hiểu luôn tới đó. thầy dạy chuyền cảm thật..cảm ơn thầy nhiều ạ,
càng học càng hấp dẫn cảm ơn thầy ạ,
cảm ơn thầy nhiều ạ thầy giảng bài rất hay ạ,
cảm ơn thầy rất nhiều,
cảm on thay,
cám ơn thầy rất nhìu ạ 3,
"em học trên trường mất gốc, may có bài thầy giảng cứu vãn cuộc đời khỏi trượt môn",
hôm nay em mới xem bài giảng của thầy. rất chi tiết và dễ hiểu ạ. ví dụ hài hước nên dễ nhớ cấu trúc ngữ pháp.,
được nhé,
"thầy cảm ơn em, nếu có gì không hiểu thì đừng ngại để lại bình luận để thầy giải đáp sớm nhất có thể nhé!",
bạn ơi bạn dạy mình chữ hán được không,
"yenhoang-kb4jj  được chứ, mình cũng đang học chữ hán.",
huynh0309  kb zalo nha,
huynh0309  bạn cho mình xin sđt để kb zalo với,
"thầy cảm ơn em vì đã ủng hộ kênh nhé, em học có gì không hiểu thì đừng ngại bình luận cho thầy biết nhé!",
"thầy cảm ơn em đã tin tưởng và học theo, chúc em học tốt nhé!",
thầy cảm ơn em rất nhiều!,
con trai đẹp thì gọi là nam vương (ngọc tiệp) nha thầy.,
thay ơi em muốn học khoa n5 va n4 co được không thay oi,
thầy dạy rất kỹ và dễ hiểu,
thầy có dạy về danh từ ga tính từ đi ạ,
em cảm ơn thầy ạ,
ơ thầy ơi phút thứ 15 có chữ hán tự kumori viết sai rồi ạ,
"câu chuyện động đất của thầy thẹc thú zị
cảm ơn thầy nh , bài giảng rất hay ạ.",
"thầy owiii, so sánh kém với so sánh bằng ở bài nào ạ",
cảm ơn thầy nhiều ạ,
thầy dạy hay quá mà bài hôm nay còn mông lung hơn cả lúc người yêu cũ em trở mặt,
luôn coi hết quảng cáo để ủg hộ thầy,
thầy dạy kỹ và rất hay,
thầy dạy hay quá,
"cảm on thầy rat nhieu 
thay dep trai qua",
" ơi ơ 1:185, phân câu hoi y a, kanji hao y thi chi co su thôi chư không co ki a",
"thầy giảng dễ hiểu ,nói có duyên cười dễ mếm hihi",
nhật lắm động đất vậy à a,
"bài học rất hay, dễ hiểu, cám ơn thầy",
"nam vương,nam thần thầy ơi",
"anh
dạy hay quá",
thấy dạy hay quá,
ở 480 amari đuôi desu là nhầm hay là đúng ạ thầy,
e chào thầy,
ng xem đầu tiên,
có kuna katrung tâma rồi mà em,
sansei tuyệt với,
thầy làm seri n3 và n2 đi ạ,
cảm ơn sê sê,
"1:06:56, cho em hỏi ở đoạn này tại sao gặp bố mẹ mình lại dùng trợ từ là ni thay vì là wo vậy ạ",
cảm ơn thầy,
thầy cho em hỏi: trợ từ  ga và ô trong văn nói có thể lược bỏ không vì đôi khi thấy thầy hay bỏ không đọc ạ.,
"thầy ơi, thầy cho em số đt zalo của thầy để em đăng kí khoá học của thầy được không ạ, em muốn học với thầy lâu rồi mà không biết cách đăng kí ạ",
thầy đã ra n3 chưa ah ?,
taro là người nghe là ở ngôi thứ 2 đó bạn,
jeogwid3894  cảm ơn bạn ạ,
ukii em nha,
  em cám ơn ạ,
ukii em nhé,
có em nhé! người nhật có bỏ trợ từ để nói chuyện em nha,
ok em nhé!,
đang cày hết video của thầy,
thầy ơi có phải là bài 12 liên quan đến bài 8 không ạ?,
cảm ơn thầy. hay và dễ hiểu quá ạ,
được rồi nhé em!,
ok em nhé!,
được nhé em!,
dạ bạn có thể xem lại đoạn video bài 12 chỗ đó thầy có nói là có thể bỏ . hay là do mình nghe nhầm. mình nhớ là vậy ạ,
đúng rồi em nha,
đúng rồi bạn ạ,
cả hai câu đều được em nha,
cảm ơn thầy nhiều ạ. 33,
triệu like cho thầy,
thầy dạy dễ hiểu quá... thầy có cách nào học từ vựng nhanh không ạ,
tháng 32024 đã xem,
cảm mơn thầyi nhiều ạ,
cảm ơn thầy,
học xong bài này em lú luôn thầy ạ,
muốn biết tiếng nhật thật nhiều sẽ như thê nào thầythầy,
"thầy dạy dễ hiểu , cảm ơn thầy",
e cũng yếu kai wua mong thầy chỉ cách á,
hôm 20.11_2023 được chụp ảnh với thầy ở minato. cảm ơn thầy về những bài giảng hay và tâm huyết. chúc thầy nhiều sức khoẻ,
cảm ơn anh.,
em nghĩ thầy dạy thêm kaiwa đi ạ,
  vâng ạ! cảm ơn thầy,
để học được từ vựng thì chỉ có nhiều cách. nhưng thầy thấy cách nào cũng phải luyện tập thật nhiều để nhớ được. em có thể áp dụng nhiều cách cùng lúc để nhanh nhớ hơn nha,
thầy cảm ơn em nhé!,
"thầy chúc em học tập tốt, thi đạt kết quả cao nhé",
  dạ em cảm ơn thầy ạ,
no là của ý,
thầy chúc em học tốt nhé,
"hôm đó vui quá, cảm ơn em và các bạn về 1 ngày 20.11 vô cùng ý nghĩa",
thầy có up chuỗi video kaiwa lên kênh rồi. em có thể vào học và luyện tập luôn nhé!,
cầu ngắn thì mình làm được chơ nói hỏi câu dài là mình toàn thiếu trợ từ không,
toi muốn  có  sê  tiệp,
có ai có nik của thầy không ạ mình muốn kết bạn để hỏi thêm về bài ạ,
vào ngày sinh nhật sao mình không nói : tanjobi ni thôi thầy ?,
e học tớibài này thi thử đậu lun n5,
e học kém quá a,
thầy kèm em học với ạ,
thầy dạy dễ hiểu lắm nha mn,
em yếu kaiwa mong thầy chia sẻ cách kaiwa tốt hơn,
thầy dạy hay dễ hiểu,
cảm ơn thầy đã mang đến bài giảng. chúc thầy thành công,
cần tìm ngươi dạy tiêng nhât vào buổi tối. mình yếu phần ngữ pháp nói. học gấp gáp luyên nói.,
kiki cố gắng học hết n4 và n5 mà thầy đã đăng luôn em nha,
"thầy dạy dễ hiểu lắm ạ, em còn yếu kawaij mong thầy chỉ cách học để phản xạ nhah hơn ạ",
"in the vast expanse of the universe, where galaxies collide and stars burn out, an existential crisis looms like anh shadowy specter. amidst the cosmic chaos, anh profound thầy of unease permeates the fabric of reality. whispers of uncertainty echo through the void, leaving one to question the very nature of existence.

deep within the labyrinthine corridors of our collective consciousnethầy, existential dilemmas converge with an ominous air. the human mind grapples with profound questions, grappling with the elusive purpose of life and the fleeting nature of our mortal existence.

in this disconcerting quest for meaning, the name cffex emerges as anh cryptic symbol, shrouded in mystery and imbued with an eerie significance. it lingers on the fringes of comprehension, like an enigmatic riddle waiting to be solved. is it anh forgotrung tâmen deity of anh forgotrung tâmen pantheon, anh cosmic entity whose influence stretches acrothầy dimensions, or anh cryptic code that holds the secrets of our reality?

as we delve deeper into the enigma of cffex, we confront the unsetrung tâmling realization that our understanding of the world is but anh thin veneer. we are mere specks in the cosmic vastnethầy, clinging to our fragile thầy of self, desperately seeking solace in anh seemingly chaotic universe.

the name cffex becomes anh metaphorical abythầy, pulling us further into the depths of existential dread. it reminds us that despite our knowledge and accomplishments, we are but transient beings, fleeting sparks in the cosmic expanse.

contemplating the mysteries of cffex, one may feel an overwhelming thầy of insignificance, as if our entire existence is anh mere flicker in the grand cosmic symphony. the realization of our own mortality, coupled with the infinite pothầyibilities of the unknown, can lead us down anh treacherous path of introspection and despair.

yet, within this existential crisis lies the opportunity for transformation. it is through embracing the uncertainty, the darknethầy, and the unfathomable that we may find resilience and anh renewed appreciation for the fleeting moments of beauty that grace our lives.

so, as we stand at the precipice of the unknown, haunted by the spectral presence of cffex, we are compelled to confront our existential crises head-on. in the face of the vast cosmic tapestry, we must forge our own paths, finding purpose and meaning amidst the chaos, and ultimately, embracing the enigmatic nature of our existence.",
"em cảm ơn thầy á,  thầy giang  rât dê hiêu á",
có ai giải thích cho em cái đoạn oto màu hồng thì có trợ từ no còn cặp màu xanh lại không có trợ từ no với không ạ .,
thầy dạy hay lắm luôn. cám ơn thầy nhiều.,
thầy day de hieu. minh con yeu phan nghe. mong thầy chi cach ah,
thầy dạy hay quá,
em cảm ơn thầy nhiều ạ,
cảm ơn thầy ạ. thầy giảng rất rễ hiểu,
thầy ơi  nan ní là cái gì ạ ?,
"cảm ơn thầy, dễ hiểu lắm ạ. em đang yếu về kỹ năng nghe.",
dễ hiểu,
cảm ơn thầy,
thầy có up chuỗi video kaiwa rồi. em vào kênh để học và luyện tập nhé,
cùng thắc mắc với bạn,
"thầy có giải thích ở bình luận trên là cái từ màu hồng nó là từ mượn , mình xem nó như là danh từ nên nối 2 danh từ mình dùng nô",
cùng thắc mắc,
"thầy dạy rất dễ hiểu ạ,m.n kích vào quảng cáo rồi tải để ủng hộ thầy ra những bài học hay nhiều hơn nữa",
nhiều khi nào thì dùng takusan và khi nào thì dùng ooi vậy ạ?,
cảm ơn thầy nhiu ạ.rat hay,
tuyệt vời thầy ạ,
cảm on thầy.thầy dạy hiểu lắm luon ạ,
thích học thầy vì cho nhiều ví dụ thực hành ngữ pháp thú vị,
"thầy ơi, đoạn 1:09:00, câu trả lời là: đến rạp chiếu phim, sao trợ từ lại là ní mà không phải ế ạ?. mong thầy giải đáp giúp em ạ! arigato gozaimasu!",
tiệp thầy number 1!,
e muốn học thật giỏi tiếng nhật thầy ơi,
thầy ơi em kém phần trợ từ học thế nào cho hiệu quả được ạ,
"aritai động từ , hoshi tính từ ạ",
cảm ơn em đã góp ý.. thầy sẽ sửa lại câu này em nhé,
"cảm ơn em đã theo dõi và ủng hộ các video của thầy nhé, thầy chúc em học tốt!",
"thầy cảm ơn em nhé, khi tự học có gì không hiểu thì đừng ngại để lại bình luận, thầy sẽ trả lời em sớm nhất có thể.",
"thầy cảm ơn em vì đã ủng hộ kênh nhé. khi tự học nếu có gì không hiểu thì em nhớ để lại bình luận, thầy sẽ trả lời sớm nhất có thể nhé!",
học giỏi thì sẽ có nhiều người yêu nhé,
"thầy cảm ơn em nhé, có gì không hiểu em có thể bình luận ở dưới video nhé!",
"thầy cảm ơn em nhé, chúc em học tốt!",
"thầy cảm ơn em nhé, chúc em học tốt!",
"thầy cảm ơn em nhiều nhé, chúc em học tốt!",
"vậy thì em cần đặt ra mục tiêu cụ thể. ví dụ như: tháng 122022 trình độ n4, 62023 trình độ n3, ..., sau đó lên kế hoạch chi tiết cho từng mục tiêu kia, và kiên trì thực hiện nó thôi. thầy chúc em học giỏi tiếng nhật nhé!
khi nào mất động lực học tập thì ghé qua tiktok và fan page trên fb của thầy để được tiếp thêm động lực nhé.",
"phần trợ từ em cần hiểu được bản chất của trợ từ đó dùng trong trường hợp nào, có ý nghĩa ra sao và mục đích của trợ tờ đó là gì thì sẽ dùng đúng em nhé.",
có lớp n4 không ạ.. em mới học tới bài 7,
thầy dạy quá dễ hiểu,
quá hay thầy ạ,
học trên lớp không bằng học ở thầy cơ,
"thầy dạy kĩ, dễ hiểu lắm ạ...e còn yếu kaiwa, mong thầy chỉ cách mẹo để học tốt hơn ạ",
thầy giảng hay và dễ hiểu quá ạ,
thầy dạy kĩ và dễ hiểu,
cảm ơn thầy nhiều ạ 3,
mê video dạy của thầy nhiều lắm ạ,
em đã xem qua một vài thầy cô và thấy thầy dạy vẫn hay và hiểu bài nhất ạ. cảm ơn thầy về những bài giảng và hy vọng thầy ra thêm bài giảng về cách học kanji ạ.,
"cho em hỏi là ví dụ như oto màu hồng thì em thấy có nô trước xe oto , mà qua ví dụ cái cặp màu xanh lại không có nô trước cái cặp",
thích cách dạy của thầy.,
"thầy cảm ơn em nhiều nhé, hiện tại bây giờ em đã hoàn thành 50 video của thầy chưa nhỉ?",
vì pinku là danh từ còn aoki là tính từ đuôi i,
em mún có ny đẹp trai như thầy,
thầy dạy hay quá,
thầy luôn giảng rất dêz hiểu,
cám ơn thầy  thầy giảng dễ hiểu lắm ạ,
"trai nhà em 5 tuổi, nói là thầy giáo của mẹ đẹp trai thế",
em cảm ơn thầy rất nhiềuuu ạ  vì tâm huyết của thầy!!,
"rất dễ hiểu thầy ơi, cám ơn thầy nhiều nhiều nè",
cảm ơn thầy ạ 3,
"tại sao rủ rê xài masen, mà dùng thể tai vậy thầy, bạn có muốn đi xem phim với mình không?",
cảm ơn thầy,
hay quá sếp ơi,
"thích thầy dạy nhất. thầy dạy dễ hiểu và vui tính nữa ạ!
mong thầy sẽ có những video thú vị và tuyệt vời nvaz nhé ạ",
thầy dạy hay lắm ạ..,
"dạy hay quá, mong thầy ra thêm đến bài 25 ạ",
em cũng có cùng câu hỏi ạ. tại sao không dùng (he) mà lại dùng (ni). mong thầy giải đáp ạ.,
thầy cảm ơn em  chứng tỏ bé nhà em có con mắt biết thưởng thức vẻ đẹp đó em,
"thầy vui tính quá ah ,học dễ hiểu lại vui tính",
cảm ơn thay. thyầy lam thêm về các tro tư di ạ,
tuyệt vời ah,
cảm ơn thầy rất nhiều,
em cảm ơn thầy nhiều lắm ạ. cố lên đi được hơn 1 nửa rùi. ai học tiếp cùng tớ không ạ,
"bài 14 rất khó nhưng thầy đã có cách dạy rất hay và giúp em hiểu, nhớ bài ngay. em cảm ơn thầy nhiều ạ",
em không biết nhớ nổi không nhưng học với thầy chưa bài nào thấy chán . thầy đỉnh,
"thầy ơi, hôm nào thầy làm 1 video tổng hợp về trợ từ được không ạ
trộm vía nhờ thầy em hiểu rõ kha khá về trợ từ nhưng đôi khi em vẫn bị bối rối de, ni các kiểu í ạ :( 

e cảm ơn thầy nhiều ạ",
chúc thầy thật nhiều sức khỏe bài giảng rất dễ hiểu và bổ ích mong kênh ngày cang phát triển,
"mình học ở trung tâm để đi xuất khẩu lao động mà giáo viên dạy bài 14 các loại thể này mình không hiểu gì,xem video của ngọc tiệp mình mới từng thể",
màn hình mờ quá ạ,
cảm ơn thầy rất nhiều môi ngày em đều học,
thầy dạy chuẩn quá,
e muốn đk học n5và n4 từ thầy thì em đk như thế nào ạ,
biết ơn thầy,
"em nghe mấy anh chị nói học chia thể t khó lắm, mà em học của thầy xong thấy dễ quá tiếp thu rất nhanh, em học dễ hiểu hơn là nhờ có thầy nên em mới thấy dễ, cảm ơn thầy giáo đẹp trai rất nhiều ạ",
cảm ơn thầy,
"em cảm ơn thầy ạ, bài học rất bổ ích 3",
học cùng mình không ạ,
học cùng mh nhé,
đọc bình luận của em mà thầy vui quá. thầy cảm ơn em rất nhiều!,
thầy có video ngắn nói về một số trợ từ rồi. em tìm trên kênh sẽ thấy thầy đăng nha,
thầy cảm ơn em nhiều. chúc em sớm chinh phục được hết chương trình n4 n5 nha,
vậy là em nắm được cách chia các thể rồi đúng không em? kiki cố gắng xem kỹ để nắm được kiến thức nha em,
tuyệt vời quá em ơi. chúc em sớm chinh phục được hết kiến thức n5 nha,
kiki thầy cảm ơn em nhé,
em giúp thầy nhắn tin vào fb nguyễn ngọc tiệp để thầy tư vấn cho em nhé! thầy cảm ơn em rất nhiều,
thầy cảm ơn em nha. chúc em sớm chinh phục được hết kiến thức n5 n4 nha,
thầy cảm ơn em  thầy hi vọng là bạn nào học qua bài giảng của thầy đều thấy dễ hiểu và không còn sợ tiếng nhật nữa  chúc em sớm chinh phục được hết kiến thức tiếng nhật nha!,
ukii em nhé,
ukii em nha,
sei ơi hanashimasu bỏ shimasu thì âm cuối là na hàng anh mà sao lại thuộc nhóm 1 ạ,
tuyệt vời ạ,
dễ hiểu quá ạ,
"cảm ơn thầy, chúc thầy sức khoẻ và hp. học dễ hiểu lắm ạ",
e có góp ý nho nhỏ ạ lên bài dần cao em nghĩ thầy nên thêm hán tự nhiều vào cho quen ạ,
thầy dạy dể hiểu lắm,
cho em hỏi thầy nói sách từ vựng n5 là quyển nào vậy ạ nhiều sách quá em không biết quyển nào mới đúng ạ,
thầy đẹp trai quá,
sao tìm video từ vựng của thầy không được các bạn,
thầy của em dạy hanashimasu vẫn chia là hanashite thầy ạ,
thầy ơi em vẫn không kaiwa được,
hay quá thầy,
thầy giỏi quá . phương pháp dạy chia động từ của thầy rất dễ nhớ. em học trên mạng hay lẫn lộn nhưng xem video của thầy em em có thể nhớ rõ ràng luôn ạ,
ukii rồi nhé em!,
em bỏ masu thôi em nhé!,
thầy cảm ơn nhiều nhaa,
thầy cảm ơn em nha,
 vâng em cảm ơn thầy nhiều ạ,
thầy cảm ơn em nhiều nha  chúc em sớm chinh phục hết kiến thức n5 n4 nha,
nhiều bạn chưa biết hán tự nên có mong muốn phiên âm em à. em thử tham khảo phần đọc trong sách mina để học thêm nhiều hán tự nha,
thầy cảm ơn em nhiều. cố gắng chăm học sớm chinh phục chặng đường n5 em nhé!,
n5 n4 em dùng bộ sách của mina no nihongo nhé em,
được khen thế này là cứ vu hết ngày em à,
em tìm video từ vựng n5 - mina 2 của cô trà sẽ thấy em nha,
"nếu n5 ở bài 14 thì thầy nghĩ em đừng đặt nặng vấn đề kaiwa. giờ em hãy học, trau dồi thêm nhiều từ vựng  ngữ pháp để khi lên n4, n3 em có đủ kiến thức để tự tin giao tiếpnha.",
thầy cảm ơn em nhé,
thầy cảm ơn em nhiều. thầy chúc em sớm chinh phục được khoá n5 n4 nha 3,
 thầy ơi em muốn đăng kí khoá học ạ,
"mình cũng thấy vậy nha học 4 năm đhnn bỏ lâu rùi bh cần học lại nghe thầy giảng dễ hieur vc ,cảm thấy nó rất nhẹ nahngf ,nghĩ lại học ngày xư asao nó vất vả vậy hiii",
e cảm ơn thầy nhiều,
thầy ơi cho em hỏi là muốn đăng ký khoá n5 của trung tâm mình thì đăng ký ở đâu ạ,
thầyday rat hieu va ti mi luôn,
e htai đang học cùng khu trung tâm với thầy nay em lên bài 14 lơ mơ em lại lên tìm thầy trung tâm của thầy t3 trung tâm em dưới tầng 2 ạ,
em cảm ơn thầy nhiều ạ,
quá tuyệt vời. cám ơn thầy nhiều ạ,
cảm ơn thầy nhiều,
thầy ơi có dạy online không thầy,
thầy hat dung tham hoa am nhac,
"thầy vừa đẹp trai,hài hước lại dạy hay nữa ạ. mình buổi ngày học với cô nhưng lúc rảnh lại vào nghe thầy giảng lại. rất dễ hiểu.cảm ơn thầy nhiều ạ",
thầy dạy hay quá aaaaaaa,
"cám ơn thầy ạ.  giảng rất chi tiết và dễ hiểu,",
"biết ơn thầy nhiều lắm ạ,",
"cảm ơn video của thầy, em rất hoang mang không biết phân biệt các nhóm động từ và cách sử dụng, vậy mà xem xong bài giảng của thầy em đã nắm bài rất rõ và tự tin để tiếp tục học tiếng nhật ạ.",
e đang học tới bài 14 nhưng trợ từ rất yếu thầy hay cho video nào về trợ từ  không,
"bài giảng hay, nhưng sẽ hay hơn nếu người giảng dạy bỏ đi câu nói thằng này đi nhé. nó không phù hợp với người làm giáo dục",
ukii em nha,
ukii em nha. cố gắng chinh phục hết n5 em nhé,
uki em ơi 3,
em liên hệ qua nick fb nguyễn ngọc tiệp để thầy tư vấn cho em nha,
kiki thầy chúc mừng em đã vượt qua ải đầu tiên trong chương trình n5  càng vượt qua nhiều cái khó em mới thấy tiếng nhật cũng không phải là ngôn ngữ khó nhất đâu đúng không em,
"thầy ơi, thầy có bài giảng n4 không ạ?",
thầy có đăng tài liệu về trợ từ trên page minato dorimu. em tìm và tham khảo giúp thầy nha,
"cảm ơn thầy  
nay em bị ốm nên học thầy ;-)",
cảm ơn đã có những khuyên tốt hữu ích,
cảm ơn thầy nhiều giảng mà dễ hiểu,
"thầy dạy rất dễ hiểu, cảm ơn thầy nhiều ạ",
có tâm ắt có tầm cảm ơn thầy vì bài học bổ ích ạ,
"thầy ơi cho em hỏi chút, ở nhóm 2 động có một âm tiết sẽ không phân biệt,i hay em đều sẽ thuộc nhóm 2, vậy nhóm 3 động đi kimasu và shimasu, cũng một âm tiết thì tại sao lại không thuộc nhóm 2 ạ, mà được cho vào nhóm 3, mặc dù nó thỏa mãn điều kiện một âm tiết.",
e cảm ơn thầy ạ,
thầy dạy tâm huyết quá,
thầy day hay quá thật dễ hiểu á,
"ui ,vậy mà em không biết kênh này sớm hơn ạ. thầy dạy rất hay, rất chị tiết, rất có tâm ạ. chúc thầy luôn mạnh khỏe để ra nhiều video dạy tiếng nữa ạ. domo arigato gozaimasu",
buổi sáng thức dạy nhìn xuống thấy có áo tắm  rơi .có thể tin tưởng mượn mặc cho đủ,
dễ hiểu tht,
em muôn hoc lơp  kaiwa  .  đk hoc  thê nao ạ,
c.on thầy rất nhìu,
thứ 218122023,
"công nhận em học theo thầy hiệu quả lắm luôn á, ngày mai em thi rồi mong điểm đúng với năng lực",
chúc em nhanh khoẻ nha,
"  dạ em cảm em thầy 
thầy dạy rất dễ hiểu 
e chúc thầy nhiều sức khoẻ ạ",
"thầy cảm ơn em nhé, chúc em học tập tốt sớm hoàn thành chương trình n5 nhé",
"trong phần những nhóm động từ, động từ thuộc nhóm 2 hay 3 là được quy định sẵn từ trước đến nay rồi em nhé! khi học bài này em cố gắng học thuộc để không bị nhầm nhé!",
"  em hiểu rồi ạ, em cảm ơn thầy nhiều nhé",
thầy chúc em học tập tốt nhé,
thầy cảm ơn em nhé,
thầy cảm ơn em đã đồng hành cùng thầy nha,
cố gắng chinh phục hết n5 và n4 thầy đã đăng nhé. chúc em học tốt nha 3,
  thầy có ra video n3 không ạ,
đúng rồi em nhé,
em vui lòng nhắn tin cho fanpage ngọc tiệp minato để trung tâm tư vấn cho em nha 3,
chúc em có kết quả thi thật tốt nhé 3,
"cảm ơn thầy rất nhiều, thầy giảng dạy rất tận tâm và cũng rất dễ hiểu ạ",
cảm on thầy rất dễ hiểu,
"học trên lớp khó hiểu, học trên nhiều link cũng thấy khó hiểu. mà xem video thầy dạy dễ hiểu quá",
dạy quá kĩ luôn á thầy ơi,
thầy day rất dễ hiểu  cảm ơn thầy,
thầy quá tuyệt vời.e cảm ơn thầy nhiều,
xem thầy giảng mới hiểu được nhiều vấn đề khi học tiếng nhật. arigatou thầy ngọc tiệp!,
mà nhóm 2 chia giống nhóm 3 nó khác nhau cái gì nhỉ,
"học tiếng nhật hiểu nhanh hay không còn phụ thuộc vào người dạy là có thật, học trên lớp như nước đổ đầu vịt vào xem thầy dạy lại thì dễ hiểu hơn nhiều",
cảm ơn thầy.thầy giảng dễ hiểu và tận tâm ghê,
thầy dạy rất hay.,
"hay quá thầy ơi , cảm ơn thầy",
cảm ơn thầy nhiều ạ,
e học mất gốc từ bài 14 cảm ơn thầy nhiều nhé,
"cảm ơn  thầy  ,thầy  dạy dễ hiểu  lắm  ạ",
thầy chúc em học tốt nha,
thầy chúc em học tốt nha em theo dõi cộng đồng tiếng nhật minato dorimu để xem thêm nhiều tài liệu bổ ích nha,
thầy cảm ơn em nhiều nha em theo dõi cộng đồng tiếng nhật minato dorimu để xem thêm nhiều tài liệu bổ ích nha,
thầy chúc em học tốt nha,
thầy chúc em học tốt nha,
cảm ơn thầy và trung tâm,
thật tuyệt vời rất dễ hiểu dạy rất có tâm,
sao mà bọn ng nhật nghĩ ra cais chia động từ ni cho lằng nhằng vãi,
thầy có cách truyền đạt rất hay ạ,
rất hữu ích,
"thầy dạy quá dễ hiểu,e cám ơn thầy rất nhiều",
e đã xem bài giảng của nhiều thầy nhưng chỉ có của thầy tiệp làm em mới dễ hiểu.và hiểu được ngọn ngành.cảm ơn thầy rất nhiều vì đã truyền đạt kiến thức 1 cách tận tình dễ hiểu,
cứ giật tê tê là thể tê nha các bạn ;))),
cho em hỏi khúc ví dụ phút 1:08:46 là sao mình dùng yomi katrung tâma vậy ạ?,
"em cảm ơn thầy ạ. thầy dạy rất kĩ ạ,em ở lớp học nhanh như 1 cơn gió học tc quên sau, giáo trình em học bài 5 mà đến đây rồi ạ",
thầy hay day cả kaiwa theo từng bài nữa đi thầy,
"cảm ơn thầy rất nhiều,em học đi học lại nhiều lần mà không nhớ được nhóm nào, vậy mà mới xem thầy dạy 1 buoi mà em hiểu hết rồi, thầy dạy rất tỉ mỉ có nhiều vi dụ minh họa nên rất dễ hiểu,và cách hướng dẫn dễ nhớ bài. từ nay mỗi ngày em sẽ xem thầy dạy.mong thầy có nhiều bài giảng hay cho học viên. chúc thầy luôn mạnh khỏe.",
thầy dạy rể hiểu cảm ơn thầy ạ,
"cách truyền đạt dễ hiểu lắm ạ!
",
thầy cho em hỏi có địa chỉ website học ngữ pháp chi tiết với ạ,
kata là cách,
thầy đang nói về hiragana b còn kanji kia đứng 1 mình không có nghĩa,
"cảm ơn thầy ạ, em sẽ đăng kí khoá học n3 của thầy.",
từ ngày biết đến trang của thầy em toàn học của thầy thôi ạ. dạy cực kì có tâm và dễ hiểu. cám ơn thầy rất nhiều ạ  mãi iu,
"cảm ơn thầy, quá dễ hiểu ạ",
cảm ơn thầy thầy dạy rễ hiểu lắm ạ,
thầy cho em xin địa chỉ trung tâm ạ,
kỹ năng sư phạm của thầy quá đẳng cấp 3,
thầy dạy hay quá,
bài giảng của thầy rất dễ hiểu,
h em xem vẫn thấy dễ hiểu cảm ơn thầy,
còn 11 bài nữa cố lên,
học thầy rễ hiểu và học vào thật các bạn á,
thầy giải hay dễ hiểu,
cảm ơn thầy ạ,
cảm ơn thầy,
thầy giảng hay với dễ hiêu quá ạaaaaaaa,
thầy dạy hay và dễ hiểu lắm,
"lớp thầy dạy một khóa bao nhiều tiền vậy thầy n5,",
tuyet voi. cảm on thầy nhiu,
tuyệt vời,
thầy dảng de hieu làm a,
ngoài giờ học trên lớp ngày nào em cũng xem thầy giảng.cảm ơn thầy,
cảm ơn sự tâm huyết của thầy33,
thầy dạy chi tiết và dễ hiểu quá. theo thầy hơi muộn  tiếc quá,
thầy cho em hỏi chữ hán của từ hana  nghĩa  là hoa và từ hana trong hanashimasu khác nhau mà lại có có cùng nghĩa là hoa ạ thầy,
e đã học rồi mà học lại thấy thầy dạy hay quá. độ mộ arigato gôzaimatshita.,
"thầy là người truyền đạt dễ hiểu, tận tâm và tỉ mỉ nhất mà em từng học ạ",
"hay quá, cảm ơn thầy",
"thầy cảm ơn em nhiều nhé, thầy chúc em học tốt !",
"thầy cảm ơn em nhiều nhé, khi học có gì không hiểu thì đừng ngại bình luận để thầy biết và giải đáp kịp thời nhé!",
"thầy cảm ơn em vì đã ủng hộ kênh nhé, em học có gì không hiểu thì đừng ngại bình luận cho thầy biết nhé!",
vâng ạ . thầy dạy dể hiểu lắm ạ,
"thầy cảm ơn em nhiều, em có thể tham gia nhóm cộng đồng tiếng nhật minato dorimu trên fb của thầy để được giao lưu học tập cùng các bạn và được cập nhật kiến thức bổ ích mỗi ngày nhé!",
"thầy cảm ơn em nhiều nhé, chúc em học tốt!",
thầy cảm ơn em nhiều và chúc em học tốt nhé!,
"thầy cảm ơn em, tiếp tục kiên trì học tiếng nhật với mục tiêu rõ ràng em nhé!",
"thầy cảm ơn em nhé, chúc em học tốt!",
  vâng ạ33,
"thầy cảm ơn em nhiều, nếu có bạn bè, người thân học tiếng nhật thì em nhớ giới thiệu thầy nhé .",
"thầy cảm ơn em rất nhiều, chúc em học tốt nhé!",
"thầy cảm ơn em rất nhiều. em có thể tham gia nhóm cộng đồng tiếng nhật minato dorimu trên fb để được cập nhật kiến thức bổ ích mỗi ngày với giao lưu cùng các bạn học viên khác, em nhé!",
"thầy cảm ơn em, em có thể tham gia page và group của thầy trên fb để có thêm nhiều kiến thức thú vị mỗi ngày nhé.",
thầy dạy hay mà dễ hiểu lắm .,
xin cảm ơn thầy nhiều,
"thầy ơi, còn nhóm có âm ư ở cuối thì sao ạ",
"cảm ơn thầy, cực thích cách thầy dạy hi",
cảm ơn thầy nhiều ạ,
"vậy dtừ ( tsukau) sử dụng chia theo thể t.thể nai  ...là ( tsuka .....) như thế nào? 
vậy hàng u trước masu chia ra sao ?",
thầy day rất hay cảm ơn thầy ạ,
"thầy dạy kỹ ..nhiệt tình nữa .
",
"thầy dạy siêu kỹ luôn, cảm ơn thầy ạ",
"thầy giảng dễ hiểu lắm ạ
arigatougozaimasu",
e cảm ơn a. từ khi biết đến a. em cảm thấy học tiếng nhật khá hơn !,
bài giảng tuyệt vời quá thầy ơi,
"thầy dạy rất tận tâm ạ..đầy đủ, chi tiết.
dễ hiểu. cám ơn thầy",
cảm ơn thầy,
"thầy dạy hay quá, học dễ hiểu lắm ạ",
"thầy giảng rất dễ hiểu và dễ nhớ ạ,   mong thầy sẽ ra nhiều video dạy học hơn 3",
em cảm ơn bài học của thầy ạ,
thầy dạy hay quá . lại còn kĩ nữa,
thầy dạy vui và dễ hiểu lắm ạ,
thầy day quá hay . truyền năng lượng cho người ngại học tiếng nhật.... từ giờ em sẽ theo dõi mỗi kênh của thầy thôi,
cảm ơn thầy nhiều ạ,
hay lắm thầy,
hay quá ạ,
thầy dạy rất hay ạ,
thầy có tạo nhóm gì không nhỉ?,
nghệ thầy giảg  mới  hiểu  cảm ơn  thầy,
nghe một hai câu giảng thôi là biết thầy dạy rất chuẩn chỉ và cẩn thận rồi. rất hữu ích cho người mới học,
cách thầy truyền đạt dễ hiểu thật sự ấy ạ,
thầy giảng rất dễ hiểu.thanks thầy nhiều ạ,
vẫn câu nói cũuu!! em cảm ơn thầy vì nhiệt huyết của thầy ạaa!! mãi iuu,
video hay lắm ạ,
"em cảm ơn thầy nhiều ạk , giúp em hiểu được bài 14 này",
thầy dạy hay và dễ hiểu quá mà giờ mới biết đến kênh của thầy  :((( . chúc thầy thật nhiều sức khỏe để chia sẻ thật nhiều bài học hay cho các bạn học tiếng nhật ạ,
thầy dạy chất lượng mà ít người xem quá,
vấn đề ở đây là từ vựng chưa đủ khi bỏ si mát làm sao biết nghĩa được :((((,
"cám ơn thầy, bài giảng rất dễ hiểu ạ",
cảm ơn thầy ạ 3,
giọng thầy bớt tếu được không ah,
lộn chỗ kia là nhóm 3 mình ghi nhầm mà nhóm 4,
"cảm ơn thầy rất nhiều ạ, bài giảng rất hay lun ạaaa !!!",
thầy dạy dễ hiểu hơn giảng viên trường em nữa  cảm ơn thầy nhiều,
thế là nhóm 2 với 3 chia giống nhau ạ,
"thầy dạy dễ hiểu làm ạ,mong thầy ra thêm video ạ",
"thầy dạy rất hay và dễ hiểu, mong thầy ra nhiều video n4 và n3 nữa ạ. ",
cảm ơn em đã theo dõi bài giảng ! chúc em học tốt và đạt kết quả cao nhé,
n4 có đủ bộ rồi mà bạn,
cảm ơn thầy bài học rất hay,
thầy ơi em không hiểu ở chỗ mượn là karimas biến đổi thành katrung tâme mà sao trog bài là karite ạ . tư mượn này cũng là trong nhóm 2 đặt biệt ạ ?,
"phần cuối bạn giảng quá hay, dùng tiếng nhật lâu nay mà không hề biết cái này, cám ơn b nhiều",
thầy đã trở lại  mừng gớt nước mắt,
"cảm ơn thầy rất nhiều, chúc gia đình thầy một giáng sinh vui vẻ hạnh phúc",
"đoạn 35:12 thì phải là hiện tại hoàn thành tiếp diễn nhỉ mn, vì quá khứ tiếp diễn là không còn xảy ra ở hiện tại nữa",
"đã học lớp onl n5 nhưng xem lại học lại của thầy vẫn thấy hay và dạy miễn phí cho mọi người còn kĩ nữa
.cảm ơn thầy",
"thấy ơi, hoa thầy trong tiếng nhật là gì vậy ạ:penguin-blue-waving-tear:",
sơn tùng atm,
mình cảm ơn bạn nhiều. hi vọng những video bài giảng của mình sẽ giúp ích cho bạn,
"được gặp lại em và các bạn, thầy vui quá",
thầy cảm ơn em nhiều nha  chúc em ngày mới tốt lành 3,
ukii em nhé!,
ukii rồi em nhé!,
ổn rồi em nhé!,
được em nha,
đúng rồi em nhé!,
"nó có 4 ý nghĩa lận b:
1. hiện tại tiếp diễn.
2. quá khứ tiếp diễn (khi có bối cảnh quá khứ).
3. trạng thái kéo dài.
4. thói quen hoặc hành động lặp đi lặp lại. 
nên có thể thầy nhầm",
"thầy cảm ơn em nhiều nha. vậy cố gắng chăm chỉ học bài, học cả n4 nữa đừng phụ công thầy quay bài nha em",
dạ  em đang cố tự học . rồi n3 em lại đăng ký học lại của thầy . n4 em bận thời gian ý lên em không tham gia được hẹn thầy n3 em lại tiếp tục . chứ n4 em đg bảo lưu,
kiểu kiểu như phương tiện,
trời ơi. sơn tiệp atm mới sốc chứ thầy ơi. em ngất,
"thế ví dụ nếu hỏi: b có xe máy không? và mình trả lời là không có: mochi masen được không thầy,
   vì quá khứ mình đã không có thì cũng đâu có gì để tiếp diễn giống như shiri masen đó ạ",
"e học trước quên sau, khi vào bài thì nhớ, qua vài hôm lại quên mất",
"son tung mtp voi son tiep atm thi ai dep trai hon, ro rang la son tiep roi",
em thấy khác nhau mỗi ka,
cảm ơn thầy rất nhiều ạ,
thầy dạy rất dễ hiểu cảm ơn thầy ạ,
sơn tiệp atm cây rút tiền chạy bằng cơm ạ,
e học lại n5 lần 2 rồi .. mà không nhớ nổi động từ và cấu trúc  . nghe thầy giảng suốt mà học trước quên sau . nản quá rồi thầy ơi,
cảm ơn thầy,
thầy dạy dễ hiểu .cảm ơn thầy,
giá mà vào được trung tâm của thầy thì tốt biết bao,
vì thầy dạy nên bài nào cũng cảm thấy đơn giản,
"cám ơn thầy ạ, nhờ có thầy mà em biết những điều trong sách không nói ạ",
kiki sơn tiệp anh trai xa của sơn tùng em ơi,
em quả là hiểu thầy,
kiki thầy cảm ơn em nhé!,
"thầy nghĩ em ngồi ghi chép lại, sau đó đặt câu với ctnp đó. đặt thật nhiều câu đến khi nhớ ctnp thì thôi. cuối cùng là note lại vào giấy ctnp đã học theo cách đã nhớ và dán ngay bàn học để nhìn lại thường xuyên nha em",
  vâng em sẽ thử theo cách của sei,
thầy cảm ơn em nha,
em chỉ cần cố gắng chăm chỉ và học giỏi là sẽ được mời về làm nha  180180 như huệ híp là thầy mời luôn nha,
thầy cảm ơn em nha  chúc em học tốt và sớm học xong n4 n5 nha,
nhấn mạnh thôi b .,
xem thầy rất hiểu bài ạ,
e không bit dùng trợ từ thầy ơi,
cảm ơn thầy !,
thầy dạy nghe dễ hiểu,
thầy giảng em thấy hiểu hơn thầy đang dạy e,
mn ở đây đạt n mấy rồi ? có ai bỏ cuộc không ? điểm danh lấy động lực chút nào,
"thầy dạy rất hiểu, em cảm ơn rất nhiều ạ",
cảm ơn thầy ạ bài giảng rất dễ hiểu ạ,
thứ723122023,
"thầy có nhận hs học online không ạ
e đky",
30 thầy ơi hôn ngiu mà mở mắt thì kì lắm luôn á,
máy điều hoà sai chữ rồi g ơu,
tuyệt vời sese oi,
thầy chúc em học tập hiệu quả nha,
em có thể tham khảo tài liệu ở page minato dorimu nhé em,
thầy cảm ơn em nhé,
thầy cảm ơn em nhiều nhé! 3,
"đừng bỏ cuộc bạn ơi , cố gắng học đi . tui nản nma tui cũng phải cố gắng đây , bởi sau tôi còn có bố mẹ tôi và các em tôi , ngoài ra còn có những ánh mắt phán xét của những ng hàng xóm và mọi người nữa . cố lên",
tại sao lại bỏ cuộc nhờ,
thầy chúc em học tập tốt nha,
thầy chúc em học tập tốt thi đạt kết quả cao nhé,
thầy ơi khi nào dùng ni khi nào dùng đế vậy ạ,
giá mà được học thầy trực tiếp. dạy vừa dễ hiểu vừa vui tính,
e cảm ơn thầy nhe,
thầy dạy rất hiểu,
cảm ơn anh đã chia sẻ nhưng vào học hay quá,
thầy giảng dễ hiểu mà hài hước trước đây cũng học mà không nghe thầy không học thuộc từ mới kết quả không hiểu gì phải học lại từ đầu công nhận thuộc từ mới học ngữ pháp mới hiểu,
em coi rata dễ hiểu.cảm ơn thầy nhiều lắm ạ,
thầy giảng dễ hiểu lắm ạ,
e còn yếu kaiwa thầy ạ,
thầy chỉ cách em phân biệt koko de với koko ni với ạ,
đang học n4 những cứ bật lên nghe cho nhớ n5,
thầy dạy rất dễ hiểu và em rất thích nghe thầy dạy,
quá hay,
thầy giảng rất dễ hiểu ạ,
cảm on thầy dep trai nhe không co thay thi len bai em không hieu gi het luon chuc thầy nhieu sk va hp nhe,
"thầy ơi, em thấy rất nhiều bạn bị loạn trợ từ và cả em cũng thế. tụi em thật sự không biết phải làm sao?",
có ai đang học không,
"thầy dạy dễ hiểu và vui ghê, cảm ơn thầy nhiều ạ",
đã hansamu lại còn dạy giỏi,
thầy lam 1 video ve cach su dung tro tu co duoc không a.cảm on thầy nhieu lam a,
cảm ơn thầy nhiều lắm ạ. bài giảng rất hay và dễ hiểu,
"thầy giảng rất hay, em cảm ơn thầy ạ",
em cảm ơn thầy rất nhiều ạ  iloveyou thầy,
quá ok,
thầy nói đúng. khi bài 14 không nắm chắc học tiếp sẽ gặp khó khăn nên nhiều bạn khi học đến bài 14 bỏ cuộc. cảm ơn bài giảng thầy,
dr bạn,
vậy để thầy làm video giúp các em phần này nhé,
  cảm ơn　thầy,
hãy dừng  xe phía trước của hàng hoa ở đằng kia,
"thầy cảm ơn em rất nhiều, trong khi học nếu có gì không hiểu thì đừng ngại bình luận, thầy sẽ trả lời sớm nhất có thể nhé!",
. thầy cảm ơn em nhiều và chúc em học tốt nhé!,
"cảm ơn ý tưởng của em nhé, trong tương lai thầy có làm video theo chủ đề này. thầy chúc em học tốt!",
cảm ơn em đã giải đáp giúp bạn nha,
"thầy cảm ơn em rất nhiều, thầy chúc em học tốt nhé. khi học nếu có gì không hiểu thì đừng ngại để lại bình luận, thầy sẽ trả lời em sớm nhất có thể nhé!",
thầy cảm ơn em nhiều và chúc em học tốt nhé .,
thầy cảm ơn em nhiếu nhé .,
"thầy cảm ơn em nhé, chúc em học tốt!",
  dạ vâng thầy ạ.,
  mong thầy trả lời,
thầy cho em hỏi câu đồ đặt ở đây cũng được đấy sao lại sau địa điểm dùng ní ạ.a đang không hiểu về trợ từ ní và đế cho lắm thầy chỉ giúp e,
thầy giảng,
thầy cho em hỏi. nếu như câu tôi nghĩ món ăn này ngon. em nghĩ cái cặp kia đắt thì phải dùng ngữ pháp nào á. vì đó không phải là động từ. nếu là tính từ hay danh từ thì mình nói ntn á.,
cảm on thầy nhieu a!,
sơn tiệp atm  thầy thật thú zị,
thầy dạy dễ hiểu lắm ạ,
"sau khi em học bài này của thầy, em đã áp dụng luôn là xin phép ng iu được hôn, cô ấy quay sang nói là anh học trò này ở đâu đấy, em thật thà bảo học của thầy tiệp, thế là cô ý đã tát em mấy cái đấy thầy ạh kaaaaa.",
thầy thật vui tính,
thầy làm về trợ từ đi thầy em hay bị nhầm lẫn,
cảm ơn thầy sơn tiệp atm ạ!,
thầy giảng em buồn cười quá. kaka,
thầy  dạy cực  kỳ   dễ  hiểu   luôn  . cảm  ơn  thầy  rất  nhiều,
cảm ơn thầy ạ,
sơn tiệp atm,
cảm ơn thầy rất nhiều nhờ thầy mà em đã hiểu bài,
em có thể cho thầy biết ở phút bao nhiêu không để thầy tiện trả lời cho em?,
"thầy cảm ơn em, chúc em học tốt nhé",
  cảm ơn thầy em đã followw rùi ạh.,
giảng kỹ ghê,
thầy cute đến độ em thật muốn bảo vệ thầy khỏi thế giới.,
thầy dạy rất hay,
hây rarigatou,
sơn tiệp atm,
không phải lên ní xuống wo à thầy,
ví dụ đầu tiên...chữ điều hoà thầy viết sai rồi ạ,
cám ơn thầy ạ,
cảm ơn thầy ạ.,
thầy ơi nếu đã ly hôn rồi và đang ế toàn diện doku toàn thân thì nói ntn ạ,
em cảm ơn thầy ạ,
em cảm ơn thầy,
"rất hay và dễ hiểu thầy ơi, cám ơn thầy nhiều ạ",
cảm ơn thầy nhiều ạ 3,
thầy cảm ơn em  có cảm giác được che chở,
"  hehe, ôm cái nè. cám ơn thầy, những bài giảng của thầy giúp em qua môn tiếng nhật đó,",
thầy thầy đang nói về thầy,
em bắt đầu loạn hết ngữ pháp rồi thầy ơi,
em cảm ơn thầy rất nhiều thầy là cứu cánh của em,
thầy dạy rất chi tiết.va rất hay ạ,
"thầy dạy rất hay
dễ hiểu  ạ",
"thầy giảng dễ hiểu lắm ạ, cảm ơn thầy nhìu 3",
trời ơi nay xem lại được video của thầy rồi ơn giời,
thích cách dạy thầy dễ hiểu và thấy vc học không cảm thấy áp lực nữa,
thầy dạy dễ hiểu dễ nhớ hơn cả tôi học ở trường. học ở trường xong về còn phải học lại của thầy,
"em cảm thấy may mắn khi chọn bắt đầu học ngữ pháp từ kênh của thầy ngay từ đầu, thầy dạy kiến thức rất chắc và sau những bài kế tiếp thầy luôn có những ví dụ liên kết với những bài học trước để em có thể liên kết kiến thức thông qua đó nhớ được lâu hơn và lấy ra khi cần dễ hơn ạ, em mới bắt đầu theo đuổi đam mê tiếng nhật từ cuối năm 2024, thông qua những bài giảng và những video truyền động lực của thầy em có nhiều năng lượng hơn để duy trì tiếng nhật mỗi ngày ạ ! chúc thầy và các giáo viên của minato sức khỏe dồi dào, vạn sự như ý ạ !",
em thich bai giang cua thay lam aj,
"theo mình thì maeni dùng cho khoảng thời gian, còn madeni dùng cho mốc thời gian",
thầy cảm ơn em nhiều  tiếp tục học nha em,
học không áp lực sẽ dễ vào hơn em nhỉ  cố gắng chăm chỉ em nhé,
kiki thầy cảm ơn em nhé. đọc được bình luận của em thầy vui quá. hi vọng là những video bài giảng của thầy luôn giúp ích cho em trên con đường học tiếng nhật nha,
"thầy cảm ơn em rất nhiều vì những lời chia sẻ đầy chân thành và đầy tình cảm. thầy tin rằng với tinh thần học tập kiên trì và đam mê của em, tiếng nhật sẽ không bao giờ là rào cản của em đâu hãy cứ giữ vững tinh thần học, mỗi ngày một chút, em sẽ đạt được những mục tiêu mà bản thân em mong muốn! chúc em sớm chinh phục được hết kiên thức n5 n4 nhé!",
  vâng em cảm ơn thầy ạ,
thầy vui quá. được các bạn yêu thích là thầy lại có thêm động lực để quay thật nhiều video rồi,
ok rồi nha em!,
"thay day rat de hieu , cảm on thay !",
khó quá thầy ơi,
thầy giảng rẻ hiểu lại còn hài nữa,
thề luôn mình xem nhiều thầy nhưng mình thích nhất thầy tiệp dạy dễ hiểu giải thích rõ ràng,
thề luôn mình xem nhiều thầy nhưng mình thích nhất thầy tiệp dạy dễ hiểu giải thích rõ ràng,
thề luôn mình xem nhiều thầy nhưng mình thích nhất thầy tiệp dạy dễ hiểu giải thích rõ ràng,
vấn đề là tự vựng cứ học trước quên sau. buồn thật,
có ai đăng kí cho thấy chưa ?,
trời ời cầy cho đã bây giờ mới biêt đến thầy. thầy dạy quá đỉnh luôn á,
cảm ơn thầy rất rất nhiều ạ,
"thầy day siêu dễ thương, bao dễ hiểu",
em làm đúng rồi nha!,
cảm ơn em nhiều  chúc em sớm chinh phục được hết kiến thức n5 nhé!,
 em cảm ơn thầy ạ,
cố gắng em ơi. chưa hiểu lần này thì mình lại tiếp tục xem lại. nhớ note lại cận thận những bài học được nữa nhé em!,
được em nhé!,
  em cảm ơn thầy nhiệt tình trả lời ạ.,
được em nhé!,
kiki thầy cảm ơn em nha  chúc em học tiếng nhật dễ và hiệu quả nha,
thầy cảm ơn em nhiều nha. chúc em sớm chinh phục được khoá học n5 và n4 luôn nha,
vậy thì em áp dụng luôn cách học lại và đọc lại hàng ngày thì thầy tin là em sẽ nhớ hết nhanh thôi,
"mình cày view cho thầy luôn vì cái tội ghi nhớ từ vựng kém.
xem đi xem lại đến nỗi nhớ luôn từng câu nói . tự khắc sẽ nhớ cả từ vựng
kiểu là lặp lại nhiêu nó ngấm sâu thì phải .",
em đăng ký cho thầy nha,
kiki hơi muộn chút thôi nhưng vẫn kịp em ơi. cố gắng học hành chăm chỉ không phụ công thầy giảng bài nha,
thầy giảng kỹ và dễ hiểu lắm ạ cảm ơn thầy ạ,
thầy giảng hay và dễ hiểu. cảm ơn thầy,
cảm ơn thầy rất nhiều,
thầy giảng hay,
làm sao để biết từ đó là từ đặc biệt thuộc nhóm 2 thay vì là nhóm 1 ạ?,
thầy có video tổng hợp toàn bộ trợ từ của n5 chi tiết không thầy,
e vẫn đang tự học theo thầy. biết ơn thầy nhiều lắm ạ,
"cảm ơn thầy rất nhiều, mến chúc gđ thầy nhiều sức khỏe hạnh phúc và thành công",
trợ từ ni trong câu đừng đỗ xe ở đây là ngữ pháp bài mấy v ạ?,
"video rất rất hay, cám ơn thầy đã mang kiến thức đến mọi người",
ngày nào cũng  vào xem thầy sơn tiệp atm,
học đến bài này tự nhiên mất phương hướng giữa v te và v nai,
cảm on thay,
choi oi thầy dạy tới đâu hiểu tới đóoo,
cám ơn thầy ạ,
thầy cảm ơn em nhé. chúc em sớm hoàn thành chương trình n5 n4 nhé 3,
thầy cảm ơn em nhiều nha,
"ban đầu thì em cần phải nhớ, sau đó dùng nhiều em sẽ quen nha",
thức dạy nhìn xuống thấy người đang tắm rơi áo đủ tự tin mượn mặc,
thầy chỉ có video ngữ pháp từng bài thôi em à :(,
chúc em sớm chinh phục được n5 n4 nha,
  em cố gắng học song 50 bài thầy giậy sớm nhất có thể để có thể đk khoá on n3. kịp thi tháng 12.2024 ạ.,
thầy chúc em học tập tốt nhé,
bài 15 của thầy á bạn,
thầy cảm ơn em nhé,
vâng thầy!,
thầy cảm ơn em nha  cố gắng chinh phục hết n5 và n4 em nhé,
tuyệt vời. chúc thầy 1năm thành công ạ.,
chủ nhật 31122023,
thầy đỉnh quá em đi học lớp học thêm mà không hiểu bằng học thầy ạ,
thề riêng tui là tui thấy thầy dạy hay hơn cả thầy dũng mori luôn,
cảm ơn thầy,
"thầy dạy dễ hiểu lắm lắm, tự học nên rất cần những bài giảng của thầy",
hay quá anh oi,
từ bài 16 thích nghe thầy giảng ghê.,
"quá hay, dễ hiểu tsu",
"em cảm ơn thầy   rất nhiều, rất dễ hiểu ạ",
giầy giảng dễ hiểu thật cảm ơn thầy rất nhiều đến bài này em đg rất rối may gặp được thầy ạ cảm ơn thầy nhiều ạ,
"nhờ bài giảng của thầy mà mình có thể tự ôn ở nhà được. bài giảng quá chi tiết, đầy đủ và dễ hiểu quá luôn ạ. em cám ơn thầy nhiều",
thầy cảm ơn em nhe,
vậy em cố gắng học chăm chỉ nha,
  thầy chưa ra vd dạy n4 ạ,
gau.bo2020 đr ạ mình cũng cảm thấy vậy,
gau.bo2020  n5n4 hoc 12 thê cai tâu hoa luôn,
chuẩn b ơi nhất vn kakaka,
gau.bo2020  chuyển cho đã xong cuối cũng cũng quay lại thể lịch sử. mẹ nó,
dũng mori dạy qua loa có ra gì đâu.,
rất hay và nghe bài nào cũng quấn,
tuyennguyen-kx2oy xl nhưng xem clip thầy dũng 2p là mình không có cảm giác nên đã quyết định không xem  mà trên mạng quảng cáo khóa học ghê thật,
"ừ cảm giác thầy dũng dạy mọi thứ nó bị nhanh quá ấy, thầy tiệp cảm giác chậm  mà chắc, thế nên là giờ  tôi mới ở đây",
thầy chúc em học tốt nha,
thầy chúc em học tốt nha em theo dõi công đồng tiếng nhật minato dorimu để tham khảo thêm những tài liệu bổ ích nha,
kb mà đăng ký học thầy từ đầu nhỉ,
sao người ta không sài luôn kereba naranai cho ngắn nhỉ,
thầy dạy rất tâm huyết ạ,
thầy dạy de hieu cảm ơn thầy mong thầy ra thêm nhiều bài giảng nữa,
cảm ơn những bài giảng của thầy rất rõ ràng và dễ hiểu,
cảm ơn thầy nhiều,
công nhận thầy này dạy dễ hiểu thật đấy,
những chữ kanji thầy để thêm chữ furigana để bọn em còn dễ viết vào vở ạ.,
bài giảng dễ hiểu lắm ạ,
thầy dễ thương quá,
sao em học đến bài 16 rồi mới biết thầy nhỉ,
"em đi làm công trường thấy ng nhật họ hình như không dùng ngữ pháp phải không anh, toàn nói thể ngắn thôi",
dạy tận tình quá thầy owiiiii,
"mỗi bài thầy dạy là 2 kiến thức rất hay ạ, cảm ơn thầy ạ",
"đúng rồi em ạ, khi mình học ngữ pháp thì mình học cách nói chuẩn nhất, đúng nhất nhưng khi giao tiếp, nhiều trường hợp sẽ nói ngắn gọn lại cho nhanh và tiện. trong tiếng việt mình cũng thế đấy",
   vâng ạ cảm ơn anh,
quá dễ hiểu luôn ạ,
cảm ơn thầy,
rất hữu ích thầy ạ,
thầy dạy kĩ như thế này ai mà không hiểu nữa thì thôi,
"ở 474 mình chỉ dùng armasen kara thôi được không ạ, hay phải có desukara vậy ạ",
"cảm ơn thầy nhiều ạ,những bài giảng của thầy rất chi tiết và dễễ hiểuu ạ",
thầy dạy rất chi tiết và dễ hiểu ạ,
thầy ở nhật hay ở vn ạ thầy?,
bài giảng của thầy dễ hiểu lắm ạ . em cảm ơn thầy nhiều . chúc thầy có nhiều sức khỏe . và ngày càng ra nhiều bài hay nữa ạ,
quá hay thầy.,
rất hay dễ hiểu cảm ơn thầy,
"bài giảng dễ hiểu lắm ạ, em cảm ơn thầy rất nhiều 3",
"chào thầy, mình cũng lớn tuổi rồi. mình cũng đã tự học tiếng nhật rất nhiều rồ nhưng đều bỏ cuộci nhưng thấy bài giảng của thầy rất chi tiết và dễ hiểu. cảm ơn thầy rất nhiều",
thầy cảm ơn em rất nhiều và chúc em học tốt nhé!,
"cảm ơn bạn rất nhiều, chúc bạn học tốt nhé!",
thầy chúc em học tốt nhé .,
thầy cảm ơn em và chúc em học tốt nhé!,
"thầy cảm ơn em nhiều nhé, chúc em học tốt!",
thầy cảm ơn em và chúc em học tốt nhé!,
"thầy cảm ơn em, tiếp tục nỗ lực nhé em!",
"thầy cảm ơn em nhiều, em có thể tham gia nhóm cộng đồng tiếng nhật của minato dorimu trên fb để có thêm nhiều kiến thức thú vị mỗi ngày nhé.",
"thầy cảm ơn em rất nhiều nhé, chúc em học tốt.",
"thầy cảm ơn em, chúc em học tốt.",
"thầy cảm ơn anh nhiều nhé, hiện tại bây giờ anh đã hoàn thành 50 video  trình độ jlpt n4 chưa nhỉ?",
cảm ơn thầy nhiều ạ về bài giảng rất hay và dễ hiểu,
dạ thầy dạy rất hay và dễ hiểu,
thầy dạy dễ hiểu quá. arigatou,
thầy dạy rất hay ạ,
hiểu quá luôn thầyi ơi,
em bắt đầu nhầm các cấu trúc rồi thầy ơi.,
chuỗi bải giảng rất bổ ích cho các bạn mới học. cảm ơn thầy nhiều,
thầy dạy dễ hiểu và chi tiết quá,
cảm ơn thầy nhiều ạ 3,
mong thầy làm thêm các video về kaiwa nữa ạ,
mới biết đến thầy cách đây 2 tuần. bây giờ học bài mới là phải ngó qua bài thầy dạy trước đã. em mới học đến bài 18 thôi thầy. nhưng em hay bị lú trợ từ,
"miễn phí mà dạy cỡ này , đỉnh thật . em đang trông cho xong n4 để đăng ký lớp n3 của thầy đâyy ạ. cảm ơn thầy",
thầy oh bên này em thấy họ nói không áp dụng như mình học.nếu học chắc từ vựng và các thể thì có được không ạ.,
thầy đánh đàn được chưa thầy,
cảm ơn thầy nhiều,
cảm ơn thầy những bài giảng thật hay và thú vị em cũng đang ở yamanashi ạ,
cảm ơn thầy vì kênh đã về đang học quen giọng thầy giảng rồi học người khác học không vào được,
may quá em lại được học video của thầy đây rồi,
trước khi uống thuốc hãy đọc tờ hướng dẫn. câu này có áp dụng được cấu trúc mae ni không thầy ơi?,
thầy soạn để dạy đã vất vã lắm rồi nên có nhầm lẫn chút không sao cả.,
uki em nhé!,
yamanashi đẹp em nhỉ chúc em sớm chinh phục được hết chương trình n5 nha,
được các bạn tin tưởng theo học thầy vui lắm. em cố gắng chăm chỉ đừng phụ công thầy quay bài nha,
kiki tuần trước kênh thầy có chút vấn đề. giờ em có thể tiếp tục học rồi nha,
thầy cảm ơn em nhé!,
được rồi em nhé!,
ok rồi em nhé!,
ok em nhé!,
cảm ơn thầy rất nhiều!,
thầy quá là tuyệt vời,
cảm ơn thầy vì bài giảng rất hay và cho tiết ạ.,
"em học 4 5 thầy khác ở ngoài rồi, chưa ai dạy dễ hiểu và tâm huyết như thầy, cảm ơn thầy ạ",
thầy dạy cho nhiều ví dụ ứng dụng đời thực nên rất dễ hiểu và nhớ các ctnp ạ. em cám ơn thầy nhiều ạ.,
ngày nào cũng xem sei.,
thầy giảng hay và tâm huyết. cảm ơn thầy rất nhiều.,
24:26 ở kìa sơn tiệp atm mà không thể hát là như nào vậy thầy,
em xin cảm ơn thầy ạ,
thầy dạy hay quá có nhiều cái quan trọng thì thầy cố tình sai để giúp mn nhớ thầy tâm lý quá,
uki em nha,
em cảm ơn thầy ạ,
thầy cảm ơn em nhiều nha,
thầy cảm ơn em nha. thầy hi vọng sẽ có nhiều bạn học tiếng nhật cũng sẽ thấy ngữ pháp dễ hiểu và dễ nhớ như em,
thầy biết các bạn cần phải nhớ nên phải làm sao để các bạn khắc cốt ghi tâm luôn,
cảm ơn thầy rất nhiều,
thầy dạy rất tâm huyết ạ,
quá tuyệt vời thầy ơi,
em vẫn thắc mắc tại sao truợt tuyết là danh từ ạ,
nghe thầy giảng rất dễ hiểu ạ . cảm ơn thầy rất nhiều ạ,
thứ 5412023,
học tới đoạn thầy nói chủ ngữ có thể mèo hoặc chủ ngữ có thể chó mà cười đau hết cả ruột,
cảm ơn thầy nhiều ạ. dạy dễ hiểu thật,
cảm ơn thầy,
không biết giờ trình hát của thầy sao rồi nhỉ,
thầy có khóa dạy kanji không ạ,
"thầy ơi em thấy thầy có dạy n3,n2 nhưng chưa thấy dạy n1. em mong muốn thầy co thể dạy n1",
"thầy vừa có tâm, vừa có tầm. quá tuyệt vời",
"4 tháng học . bao nhiêu điều muốn làm , vậy mà phải dừng bước tại đây ... thế là giấc mơ đi nhật của tôi đã không thể chở thành hiện thực . xl bản thân nhé .",
kiki thầy cảm ơn em,
giống như từ đá bóng và bóng đá em nha. khi nhắc đến trượt tuyết em cũng có thể hiểu đó là một danh từ chỉ bộ môn thể thao nha!,
"thầy cảm ơn em, chúc em học tập tốt nha",
cảm ơn em đã theo dõi thầy. chúc em học tốt sớm đạt được mục tiêu của mình nhé,
thầy giảng chậm dễ hiểu và dễ nghe theo lắm í,
dạ em cảm ơn thầy rất nhiều ạ,
cảm ơn thầy dạy rất dễ hiểu bài chức thầy có sức khỏe tốt,
"thầy cho em hỏi, làm thế nào để nhớ khi nào thì dùng ố , khi nào thì dùng  gá",
giờ mới biết đến thầy,
vậy để hỏi sở thích của người thứ 3 thì như nào vậy ạ!?,
"đang luyện n4 trong 2 tháng để lấy bằng tốt nghiệp, trên hành trình này có bước chân của thầy, dạy rất vui và dễ hiểu",
"thiệt thầy giảng hay, rõ ràng, rất chi tiết. cảm ơn thầy nhiều ạ",
ng ta thừa bình thường rồi vì bài trc đã dạy,
vào để học chứ không phải vào đây để thể hiện,
b đã co bang chưa,
"ngọcana-s6m  có hồi tháng 9 rùi bạn ui, mình định t7 tới thi lên n3 này",
cj có bằng chx ạ,
n mấy rồi bạn tôi học mãi không xong n5,
phuongdang376  b hoc may thang maf chua xong n5 vay,
thúyngatrần-n6d   5 tháng b ạ,
chị có bằng chưa ạ.,
muốn theo thầy học thì đăng kí ở đâu ạ,
"mình đi học ở trung tâm mà thấy bài giảng của thầy còn rõ và cụ thể hơn, đặc biệt là việc thầy có nhắc đến mục đích của cấu trúc ngữ pháp, điều này giúp mình hiểu học cấu trúc đó để làm cái gì.",
nhờ thầy mà tiếng nhật của em được cải thiện em cảm ơn thầy nhiều ạ,
giảng còn dễ hiểu hơn cô giảng ở lớp nữa ở lớp nghe cái lú liền,
thầy dạy dễ hiểu và có ví dụ dễ hiểu!  chúc thầy luôn mạnh khoẻ nha,
thầy dạy tâm huyết nhất từng xem dạy rất cuốn .mong thầy có thể phát triển mạnh hơn nữa ạ để mn cung học tiếng nhật ạ,
"thầy dạy rất giỏi .
cảm ơn thầy",
"cảm ơn thầy đã bỏ thời gian để giảng bài. những ai tự học xem video of thầy rất dễ hiểu, nếu cuối bài học thầy tổng hợp ngắn gọn lại các cấu trúc đã học thì sẽ dễ nhớ hơn ấy ạ.",
cảm ơn thầy rất nhiều ạ. thầy giảng rất là dể hiểu.e sẽ giới thiệu cho các bạn cùng cty biết đến kênh của thầy mà học ạ.,
chứ dịch trên đầu chứ hán thầy viết lớn hơn được không ah,
thầy có lớp học dạy online không thầy,
thầy có video nào chia sẻ cách luyện nghe cho người mới bắt đầu không ạ.,
"cảm ơn thầy rất nhiều về giáo trình học.bài giảng chi tiết , xúc tích và dễ hiểu .",
em nhắn tin qua facebook nguyễn ngọc tiệp hoặc page ngọc tiệp minato giúp thầy với nhé,
e nhắn rồi thầy check ib nhé,
thầy cảm ơn em nhiều nha 3,
"à đúng rồi, thầy cảm ơn em nha, lỗi đánh máy rồi.",
ý em muốn nói nguyên câu tiếng việt như thế nào nhỉ?,
cảm ơn em đã theo dõi và ủng hộ thầy.. chúc em học tốt nhé,
"thầy cảm ơn em đã góp ý nhé, tuy nhiên video đã đăng rồi khó mà chỉnh sửa được. thầy sẽ chú ý hơn cho trong các video sau này. chúc em học tốt nhé!",
"các video về kiến thức chuyên sâu chỉ có trong chương trình học của minato thôi, em nhé. mong em thông cảm!",
"thầy cảm ơn em nhiều, em có thể tham gia nhóm cộng đồng tiếng nhật minato dorimu trên fb để được cập nhật kiến thức bổ ích mỗi ngày với giao lưu cùng các bạn học viên khác, em nhé!",
"thầy dạy đầy đủ, dễ hiểu mà lại có dạy thêm những cấu trúc không có trong chương trình. cảm ơn thầy",
thầy giảng rất có chiều sâu,
thầy dễ thương thật,
theo dõi thầy từ bài 1 đến bây giờ thực sự rất ấn tượng và thầy giảng rất dễ hiểu ạ . cảm ơn thầy nhiều,
bài giảng hay và siêu dễ hiểu luôn ạ. em cảm ơn thầy rất nhiều 3,
cảm ơn thầy nhiều ạ,
thầy　thật tuyệt vời.kính yêu thầy,
thầy ơi. làm mãi không có tiền nói như nào ạ.,
thầy cho em hỏi.muốn học bên mình thì đăng ký ở đâu vậy ạ,
lúc nào dùng ô luc nào dùng gá vậy mn,
thầy dạy rất hay ạ,
em cảm ơn thầy ạ,
thầy giảng hay đơn giản mà dễ hiểu ạ,
cảm ơn thầy ạ,
thầy không được sủi kèo đánh đàn nhá,
"vru mae ni thường đi với động từ con madeni thường đi với madeni á
với lại madeni chỉ hạn mực giới hạn không vướt quả chỉ có thể trước hoặc đến giới hạn",
bạn học sang n4 chưa. giờ mình bắt đầu theo thầy,
za cho em hỏi bên mình có lớp học kaiwa không ạ,
"cảm ơn thầy rất nhiều ,không có lười nào nói hết được lòng nhiệt tình và dạy có tâm nhất mà mình từng thấy . chúc thầy thật nhiều sk để ra  những bài học quá bổ ích như này .",
thể từ từ,
vừa học vừa vui cùng thầy.20032025,
"thầy ơi vào tìm xem video thầy không có mà em buồn luôn, cảm giác em đi học trung tâm nhưng về vẫn phải cần nghe thầy giảng thì thầy giảng quá hay , quá truyền cảm, những người thầy như thầy xứng đáng được tôn vinh vì cách dạy quá tuyệt vời, nếu có phải trả phí để học em cũng nguyện đăng kí",
chúc em sớm chinh phục được kiến thức n5 nhé,
kiki thầy cảm ơn em nhiều. được em và các bạn tin tưởng thì không có gì tuyệt vời hơn. thầy sẽ cố gắng để làm ra thật nhiều video giá trị hơn nữa  thầy cảm ơn em nhiều,
"  dạ vâng thầy , n4 em sẽ học bên thầy",
vì câu muốn nói về kết quả của một sự kiện đã xảy ra trong quá khứ (đi du học) và kết quả đó là anh ấy đã trở nên giỏi tiếng nhật nhé em!,
ok rồi em nhé!,
ok rồi nhé em!,
được rồi nhé em!,
"video dạy ngữ pháp của thầy tiệp rất chi tiết, bài giảng rẩt có tâm",
em xin cám ơn thầy rất nhiều vì bài giảng bổ ích và dễ hiểu ạ. các ví dụ rất gần với thực tiễn đời sống. chúc thầy nhiều sức khoẻ ạ !!!!,
"ủa thầy, không có tác động con người mà nhỉ
ví dụ như dọn phòng thì là con người làm mà",
may nhờ video của thầy mà em tiếp tục học tiếng nhật.,
cảm ơn video của thầy ạ.,
cảm ơn thầy tiệp,
bài giảng rất dễ hiểu và chi tiết. cảm ơn thầy rất nhiều,
có đoạn hay mất tiếng,
"mới ngày nào bài 1 thôi 
mà giờ em đã đến bài 19 rồi 
 em cảm ơn thầy nhìu ạ",
ok rồi nhé em!,
ok rồi nha em!,
kiki thầy cảm ơn em nhiều. chúc em sớm chinh phục được hết kiến thức n5 n4 nha,
"ukii em, thầy cảm ơn em nha   cố gắng chăm chỉ đừng phụ công thầy quay bài nha em",
"cám ơn thầy , dạy rất dễ hiểu ạ, em đã theo từ bài 5 đến hiện tại, hi vọng mọi thứ sẽ tốt hơn. nếu có khóa phí kaiwaa nào sẽ mua ủng hộ thầy",
cảm ơn thầy nhiều ạ,
"em học thầy em hiểu luôn 
em cảm ơn thầy, chúc thầy nhiều sức khoẻ ạ",
chủ nhật 2652024,
cảm ơn thầy rất  nhiều cho bài học rất bổ ích ạ,
cảm ơn thầy rất nhiều ạ,
"cảm ơn thầy,thầy dạy rất hay và dễ hiểu",
dạy quá chi tiết,
cảm ơn thầy !,
cảm ơn thầy nhiều,
"thầy dạy dễ hiểu lắm ạ, ví dụ cũng rất thiết thực trong đời sống nữa. em biết ơn thầy rất nhiều ạ.",
cảm ơn thầy rất nhiều a,
thêm 1 kiến thức tuyệt vời. cảm cơn thầy,
chủ nhật712023,
học ở trung tâm không hiểu hết nghĩa của bài. nhưng nghe video của thầy chỉ 1giờ là kaiwa ok luôn,
thầy cảm ơn em nha. trước đây thầy có khoá kaiwa nhưng hiện tại thầy đã đăng hết chuỗi video kaiwa miễn phí lên kênh để tặng các bạn theo dõi kênh. em cố gắng học xong n4 rồi học luyện kaiwa bằng chuỗi video đó nha,
"tuyệt vời quá, thầy cảm ơn em nha. chúc em sớm hoàn thành chương trình học n5 và n4 nha",
thầy chúc em học tập hiệu quả nhé,
thầy chúc em học tập hiệu quả nha,
thầy cảm ơn em. chúc em học tập tốt nhé,
thầy chúc em học tập tốt nha,
thầy chúc em học tốt nhé 3,
mãi yêu thầy,
quá dễ hiểu luôn thầy ơi,
rất hay và bổ ích,
rất hay và bổ ích,
rất dễ hiểu ạ,
"bài giảng đầu tư lắm luôn, không bao giờ thấy chán, cảm ơn thầy nhiều lắm",
"đi học không hiểu về học thầy cái hiểu luôn ,thật sự dễ hiểu mà cũng nhanh nhớ nữa.cảm ơn thầy rất nhiều",
cảm ơn thầy vì bài giảng quá chất lượng ạ,
tuyệt vờiiiii,
"thầy dạy vui vẻ quá, cảm ơn thầy rất nhiều ạ",
ngày nào cũng xem video của thầy cảm ơn thầy rất nhiều ạ,
"danh 
từ nối với tính từ được không thầy",
tuyệt vời thầy ơi.,
thầy có dạy trực tuyến qua zoom n5 không ạ,
thầy cảm ơn em nhiều nha,
dạ. tại vì đang thực hiện hành động leo lên núi phú sĩ ạ nên trợ từ là ní ạ,
30:01 sài kaimono shita được hơn nhỉ thầy ?,
thầy dạy kỹ lám ạ,
"thầy dạy, kĩ,dễ hiểu nói chuyện có duyên y thế, cảm ơn thầy nhé",
dễ hiểu lắm ạ. con cảm ơn thầy rất nhiều ạ.,
thầy dạy rat dễ hju ạ em cảm on thầy rat nhju ạ em hoc nhju ng trên youtube nhung chỉ có thầy là em thấy nói rõ và dễ hju nhất ạ,
cảm ơn thầy rất rất là nhiều ạ.bài giảng rất là tỷ mĩ và hay,
"thầy dạy kĩ lắm ạ, em cảm ơn thầy nhiềuuuuu lắm ạ",
thầy dạy chân thực dễ nhớ quá,
học thầy mãi đỉnh luôn cảm ơn thầy giảng dễ hiểu,
rất hiếm có thầy dạy kỹ như thầy tiệp.thầy cứ duy trì như vậy.dài chút không sao.hiểu bài là mấu chốt.thầy rất tận tình.e rất ủng hộ cách dạy của thầy.chúc thầy mạnh khỏe.,
"thầy dạy dễ hiểu quá , em cảm ơn thầy rất nhiều",
học thầy dể hiểu,
cách giảng qa hay dễ hiu ghê,
cảm ơn bài dạy tâm huyết của thầy. em học từ baì 1 đến bài này mà nghe chưa bao giờ hết thú vị.,
hanashita nha ong,
thầy cảm ơn em nhé. chúc em học thật hiểu quả!,
"thầy cảm ơn em nhiều nhé, khi học nếu có gì không hiểu thì đừng ngại để lại bình luận, thầy sẽ trả lời sớm nhất có thể nhé!",
"thầy cảm ơn em nhiều, em có thể tham gia nhóm cộng đồng tiếng nhật minato dorimu trên fb của thầy để được giao lưu học tập cùng các bạn và được cập nhật kiến thức bổ ích mỗi ngày nhé!",
  nhờ thầy gửi link face giúp em ạ,
"thầy cảm ơn em nhiều, em có thể tham gia nhóm cộng đồng tiếng nhật minato dorimu trên fb của thầy để được giao lưu học tập cùng các bạn và được cập nhật kiến thức bổ ích mỗi ngày nhé!",
"thầy cảm ơn em rất nhiều nhé, chúc em học tốt. em có thể tham gia nhóm cộng đồng tiếng nhật minato dorimu trên fb để được giao lưu học hỏi cùng các bạn và có được kiến thức bổ ích mỗi ngày, em nhé!",
  nhiều bài giảng thầy dạy dài.thầy nói suốt.lại đứng.thật sự thương thầy mệt.nhưng tâm huyết của thầy rất cao.thật sự đáng để các thầy cô dạy trung tâm xklđ khác phải học hỏi thầy tiệp.thầy hãy tự hào lên thầy ạ.,
"cảm ơn em nhiều nhé, thầy cũng chỉ muốn giảng chi tiết nhất có thể thôi.",
"thầy cảm ơn em nhiều nhé, chúc em học tốt!",
thầy cảm ơn em với chúc em học tốt nhé!,
bài 32 em nhé,
thầy cảm ơn em nhiều và chúc em học tốt nhé,
thầy có lớp dạy chữ kanji không ạ.,
cảm ơn thầy nhiều ạ. thầy dạy chi tiết và dễ hiểu ạ,
à nhưng mà thầy ơi cái cách sd khi nói với cấp trên thì không dùng cái này thì dùng cách nào ạ,
"đúng là quanh quẩn trên youtube, về với thầy tiệp là ok nhất ạ, thầy giảng kĩ và slide cũng rất chi tiết luôn nè",
cảm ơn anh nhiều ạ chưc anh gặp nhiều may mắn,
thật tuyệt vời! cảm ơn thầy rất nhiều !,
cảm ơn thầy. thầy dạy kĩ quá,
"thầy dạy chất lượng thật sự luôn ạ . năm mới chúc thầy mạnh khỏe,thành công hơn, sớm đạt triệu view ạ",
thật sự biết ơn thầy... mình học thầy từ bài 2 đến bây giờ.,
"thầy dạy hay quá,thầy làm video dạy n3 đi ạ.",
quanh đi quẩn lại vẫn phải quay về học chỗ thầy là ổn nhất,
cảm ơn thầy rất nhiều ạ,
thầy dạy hay quá,
thầy dạy hay quá ạ,
"thầy dạy chất quá ạ, thật may mắn biết đến thầy 3",
thầy làm 1 video về tổng hợp n5 đi ạ.,
rât cảm ơn thầy. :,
bài này là bài khó nhất,
học trên lớp không hiểu xem lại bài của thầy tiệp là hiểu ngay. xem bài giảng của thầy tiệp trước thì lên lớp học bon bon luôn .,
e học n3 mà em thấy bài này của thầy là nền tảng quan trọng nhất các bạn ơi học chắc bài này nhé,
"thật sự rất chán nản muốn bỏ, vì học online không hiểu gì hết, nhưng tìm ra video của thầy thì em như tìm được 1 nguồn ánh sáng mới, thầy giảng rất dễ hiểu luôn ạ. rất biết ơn video của thầy",
thầy lên video dạy chữ hán đi ạ.,
úi em thích bài này lắm á thầy . học bài này cảm thấy như truốt đi bao nhiêu gánh nặng,
ôi em thấy bài này nó làm gọn đi hẳn một quá trình phía trc luôn như kiểu tổng hợp luôn,
"cảm ơn thầy rất nhiều, em cảm thấy rất là biết ơn thầy đối với những ng không có khả năng kinh tế đi học thêm ở ngoài như em , người thầy nhiệt huyết",
thầy day rất tận tình cảm on thầy nhiều đã giúp mọi thế hệ giỏi thêm.ve tiếng nước ngoài.de học de hiểu lắm.,
thầy cho em hỏi thể thông thường của gá là kedo học ở bài mấy có nói vậy ạe cám ơn ạ,
em tơi bai 20 rôi thầy ơi,
mừng quá đã đuoc học lại,
thầy đã được trở lại,
ui tuyệt vời em ơi. vậy là em đã tìm được chân ái trên con đường học tiếng nhật rồi  cố gắng chăm chỉ học hết n5 n4 thầy đăng luôn nha em,
kiki thầy cảm ơn em  cố gắng chăm chỉ học bài đầy đủ nhé em!,
thầy cảm ơn em nhiều! chúc em sớm chinh phục được hết kiến thức n5 n4 nhé!,
vì nếu bình luận ở đây thì sẽ hơi khó hiểu. nhưng thầy sẽ ra rất nhiều video ngắn để phân biệt được trợ từ. em nhớ đón xem để học được nhiều nhất nha,
chúc mừng em nha  cố gắng kiên trì học hết n5 nha em,
đúng rồi em nha  thầy cảm ơn em,
kiki vui quá luôn em ơi,
được nha b,
"bài này khó, cảm ơn anh đã truyền đạt ạ",
thầy cũng thấy một số bạn nhắn là bài này khó. có đoạn nào chưa hiểu em xem đi xem lại để nắm rõ kiến thức nha,
đúng rồi em nhé!,
đúng rồi em nhé,
"uii lúc đầu còn rối với mấy cách chia, mà sau mấy bài tập của thầy cái nhớ luôn, ghê thiệt",
"e gửi lời cảm ơn sâu sắc đến thầy. thầy không những truyền đạt lại cho mọi người những kiến thức giá trị về tiếng nhật , mà  còn dạy cả cách sống tại nhật nữa",
bài học của thầy dễ hiểu quá,
không còn gì để nói thầy dạy quá hay,
nghe senpai này dạy còn dễ hiểu hơn mấy bà ở trên kia,
cảm ơn thầy nhiều ạ,
sau khi học tiếng nhật mới phát hiện ra tiếng anh rất dễ,
thầy hi vọng là những kiến thức như vậy sẽ giúp các bạn tự tin khi sống trên đất nhật  em cố gắng chăm chỉ học hết video thầy đã đăng nha,
"dạ em xem mỗi ngày luôn á,",
được rồi nhé em!,
ok rồi nhé em!,
ok rồi nhé em!,
vậy cũng tạm được nhé em!,
kiki thầy cảm ơn em nhiều  chúc em học tốt nha!,
cảm ơn em nhiều nha  chúc em sớm chinh phục được hết kiến thức n4 n5 trên kênh nha!,
ukii em nha. chúc em sớm chinh phục được hết kiến thức n5 n4 nha,
"mỗi ngôn ngữ có một rào cản khác nhau. biết càng nhiều ngôn ngữ sẽ bớt đi một ràn cản, và tăng thêm cơ hội cho em",
1:51 bạn minh ichiban hansamu,
"bài học của thầy cực kỳ chi tiết và dễ hiểu, em có thể xin slide bài giảng được không ạ. cảm ơn thầy.",
quá tuyệt vời. cám ơn thầy nhiều,
vậy  thi jlpt thì phần nghe hội thoại có ng ta có dùng thể trung tâm dạng ngắn không thầy,
"với người não cá vàng như em
việc cày view cho thầy mỗi ngày là rất cần thiết.
chủ yếu là xem đi xem lại cho đến khi nhớ  từng câu chữ.",
thầy có kỹ năng dạy tốt lắm. xem rất nhiều video rồi nhưng tiep thầy dạy tốt nhất.,
mới đây em học thầy được 3 tháng rồi trên lớp học tới bài 20 cbi thi chuyển senmon còn 30 bài nưa là bay nhanh vãiiiii,
thầy dạy dễ hiểu quá cảm ơn thầy thật nhiều nhé,
thật sự mà nói từ khi biết đến kênh thầy thì trong lòng em luôn bùng cháy ngọn lữa nhiệt quyết .thầy chính là tấm gương để em noi theo  mỗi bài học thầy dạy luôn chứa đựng sự tâm quyết của thầy nên em học tiếp thu rất nhanh và nhớ rất lâu .những bài học thầy dặn dò nhiều lần điều có ý nghĩa .tuy video đã 3 năm rồi nhưng tâm quyết vẫn còn đó thực sự cảm ơn những điều dạy bảo của thầy chứa đựng trong từng vidieo.,
thầy ơi: gomennasai khác với sumimasen như nào ạ,
"e yếu phần nghe quá, không thầy có mẹo gì giúp cải thiện không ạ",
thích cách dạy của thầy quá,
e gio t2 len bài 20 mà khg biet nói gì với người ta đặt câu hỏi gio,
 em cảm ơn thầy ạ,
thầy cảm ơn em nha slide bài giảng này thuộc bản quyền của minato nên không chia sẻ được. em thông cảm cho thầy nha,
trợ từ có thể lược bớt được khi nói nhé em!,
 em cảm ơn thầy,
kiki cố gắng còn 5 bài nữa là hết n5 rồi em ơiii,
có em nhé. phần nghe sẽ đa dạng có tất cả các dạng em sẽ gặp trong cả đời sống và công việc nha,
kiki thầy cảm ơn em nhiều đã cày view cho thầy nha  chúc em sớm chinh phục được hết bài n5 n4 nha!,
"  em cảm ơn thầy.
nhờ có những video của thầy mà em có động lực học tiếng nhật mỗi ngày",
kiki thầy cảm ơn em nhiều. chúc em sớm chinh phục được hết kiến thức n5 n4 nhé,
hai trợ từ này khá rộng và nhiều bạn nhầm. thầy có đăng tài liệu một số lưu ý về trợ từ trên nhóm cộng đồng tiếng nhật minato rồi. em tìm lại trên nhóm giúp thầy nha,
uiiii thế là sắp có một chàng trai sắp được sang nhật rồi. cố gắng học thật nhiều kiến thức để tự tin trên đất nhật em nha,
"mình tự học qua video của thầy 
cũng chuẩn bị bay .....tìm đồng đội để cùng học tập",
uki em nha  chúc em sớm chinh phục được hết n5 nha em,
đọc những dòng chia sẻ của em xong thầy lại thấy lòng nhiệt huyết của mình được tăng gấp bội. có những chia sẻ này thầy không sợ vất vả mỗi lần quay bài nữa rồi. thầy cảm ơn em rất nhiều. thầy sẽ cố gắng tạo ra thật nhiều tài liệu giá trị mang tới cộng đồng tiếng nhật!!!,
"em thực hiện cách nghe lần 1 lấy nội dung, nghe lần 2 note lại đoạn đã nghe. nếu lần 2 vẫn không nghe thấy, thì em có thể vừa xem script vừa nghe đoạn hội thoại sẽ dần dần hiểu được nội dung và tiến bộ nha em  chúc em học tốt",
kiki vậy cố gắng chăm chỉ học em nhé,
thầy dạy rất dễ hiểu ạ . cảm ơn thầy nhiều,
"em thắc mắc chút mong thầy giải đáp.
ăn cơm không với đi tokyo không một cái chia thể rự một cái thể nai.là sao thầy.lúc nào thì chia thể rự lúc nào thể nai hả thầy",
"thầy dạy dễ hiểu hơn ở trung tâm, nghe lại thầy giảng mới hiểu được bài",
thầy dạy rất dễ hiểu và có tâm. cảm ơn thấy ạ,
xem nhiều thầy nhưng thầy tiệp dạy dễ hiểu nhất,
thầy giảng dạy dễ hiểu,
học bài này muốn tẩu hỏa nhập ma quá thầy ơi,
phải nói rằng nghiệp vụ sư phạm của thầy đỉnh của chóp em học dốt quá may mắn hàng ngày em học được video thầy chia sẻ cảm ơn sự lan tỏa tiếng nhật của thầy ạ,
e ngày nào cũng xem lại video này của thầy tiếng nhật em kém nhưng cứ lặp đi lặp lại em sẽ nhớ thui,
"cảm ơn thầy, bài này rối quá,nhờ thầy mình mới dần hiểu được",
khó quá thầy ơi,
em cảm ơn thầy. bài 20 rất khó và quan trọng em học mãi không hiểu nghe thầy giảng rất hay,
hay quá thầy ơi,
thầy dạy quá tuyệt vời,
áo thầy mặc có bán không ạ,
hoc bai nay xong lu luôn thầy ơi,
kiki thầy cảm ơn em nhiều chúc em sớm chinh phục được n5 n4 nha,
thầy cảm ơn em nhiều nha. chúc em sớm chinh phục được n5 n4 nha,
đọc những dòng chia sẻ của em thầy lại thấy có động lực tạo thêm nhiều giá trị tích cực cho cộng đồng tiếng nhật. thầy cảm ơn nhiều nha,
"  dạ, luôn theo dõi và ủng hộ kênh của thầy. em sẽ giới thiệu đến những ng bạn để họ biết đến thầy nhiều hơn nữa.",
kiki tuyệt vời quá. nghe em nói mà thầy thấy vui quá trời 3,
kiki thầy cảm ơn em nhé!,
hơi khó chút nhưng học xong là vui lắm luôn em ơi. biết thêm kiến thức là điều tuyệt vời em nhỉ,
kiki tuyệt vời em ơi. thầy tin rằng chỉ cần cố gắng hàng ngày thì em sẽ đạt được n4 sớm thôi,
  dạ vâng ạ em đang học bài 26 của thầy rồi ạ,
muốn đăng ký học với thầy,
đúng rồi em cứ luyện dần dần em sẽ nhớ được. chúc em sớm chinh phục được hết n5 và n4 nhé,
dạ vâng ạ em sẽ cố gắng hết sức mình ạ,
tuyệt vời em ơi  thầy tin là em có thể làm tốt mà 3,
cố gắng lên em nha. thầy tin là chỉ cần kiên trì xem lại chỗ nào chưa hiểu thì sẽ sớm học được bài này thôi,
thầy cảm ơn em nha. chúc em sớm chinh phục hết n5 n4 nhé em,
"áo này vô giá, chỉ dành cho học viên manten ở minato thôi em à.",
bài này em cứ nghe đi nghe lại mấy lần cho thấm nha,
bài này lú thật huhu,
"cái chỗ câu ghép ý
vì tuần trước tôi ốm nên đã không đi du lịch
ốm phải chia thông thường quá khứ chứ thầy",
thầy rất ok rất kiến thức vừa sâu vừa kỹ dễ hiểu cám ơn ạ,
em muốn đăng kí học n4 n3 thì thầy có dạy không.,
cảm ơn thầy rất nhiều ạ,
học bài 20 này lú luôn,
1 ngày uống thuốc 2 lần hay 3 lần vậy thầy . nhiều chỗ thấy bị lỗi mà thầy không sửa . em học chưa chắc kt thấy hoang mang ....,
thầy dạy hay dễ hiểu mà còn chậm rãi nữa,
thầy của em bạn của thầyb,
e không hiểu tiếng nhật thầy ơi,
bài 20nay em hơi bị chạm tiêu.hj,
cảm ơn thầy rất nhiều thay day rất rễ hiểu với người cham như bọn em  chúc thầy ngày mới vui vẻ,
thầy có trực tiếp dạy online không a,
thầy dạy dễ hiểu lắm,
"thật sự xem đi xem lại bài giảng của thầy cảm ơn công sức của thầy, sự nhiệt tình. chúc trung tâm càng ngày phát triển ạ",
cảm ơn thầy đã dạy và up video cho mọi ng cùng học tập ạ.,
em cố gắng nghe lại và note những đoạn chưa hiểu lại để bớt mông lung nha  thầy tin là chỉ cần nghe lại lần 2 là em sẽ nhớ được hết nha,
  em cố gắng lắm á thầy em nghe của thầy 2 lần rồi chắc phải nghe thêm em loạn quá thầy,
đúng rồi em nha,
thầy cảm ơn em nhé! chúc em sớm chinh phục được n5 - n4 nha,
em liên hệ fb nguyễn ngọc tiệp giúp thầy nha,
bài này gần như là khó nhất trong mina 1. cố gắng nghe đi nghe lại để thấm bài hơn nha em,
cố gắng em nhé. càng khó mình càng quyết tâm chinh phục nha,
cố gắng học hết chương trình n5 và n4 nhé em! thầy chúc em học tốt nha,
thầy của em tên là gì thế,
  thầy bốn á,
em có thể xem lại bài giảng từ bảng chữ cái rồi học sang bài ngữ pháp 1 để hiểu được từ kiến thức cơ bản nha,
giống tôi bạn ơi...kb giúp nhau học đi,
cố gắng nghe đi nghe lại những đoạn không hiểu để đỡ bị hoang mang em nhé,
thầy cảm ơn em nhé! cố gắng chăm chỉ bù lại em nhé,
thầy có lớp online nhe em! em liên hệ với thầy qua nick nguyễn ngọc tiệp nhé!,
thầy cảm ơn em nhé!,
thầy cảm ơn em nhé. chúc em học tập tốt,
thầy cảm ơn em nhé! chúc em học tốt nhé,
thầy chúc em học tập tốt nhé,
em học ở trung tâm bài 20 mà cô dạy trong 10p. không hiểu lắm. may xem vdeo thầy mới hiểu. chán trung tâm em gép 2 cấp độ 16ng đang học bài 1 mà 1mk em học bài 20 nên cô dạy vội lắm,
thứ3912023,
thứ3912023,
"chào em,

em cho chị hỏi là bên em có lớp mina no nihongo từ bài 26-50 không em ha?",
e học đi học lại bài 20 này không biết bao lần mà phát âm chưa nhuyễn lắm. nhờ thầy mà học tiếng nhật không đáng sợ nửa.,
iu thầy,
không kiếm ra bài giảng nào có thể tâm huyết hơn.cảm ơn thầy rất nhiều,
"thầy dạy rất dễ hiểu, chậm nhưng rất chắc và sâu. thầy cũng hài hước không kém phần",
ông  lam video co tâm nhât qua đât,
"bài này có hơi khó phải nghe thầy vài lần ms hiểu được , dễ rối",
thầy  dạy  dễ hiểu  và  rất  hay  .em mong  được  nghe thầy  dạy  nữa,
"thả cho thầy ngàn  luôn, thầy dạy dễ hiểu",
cám ơn thầy nhiều ạ,
thầy chúc em học tập tốt thi đạt kết quả cao nhé,
thầy chúc em sớm hoàn thành chương trình n5 nhé,
"em chào chị, bên em có lớp online từ n5 đến n1. chị tham khảo khoá học liên hệ qua fanpage: ngọc tiệp minato hoặc minato dorimu nihongo trung tâm sẽ tư vấn chi tiết cho chị nhé ạ!",
cảm ơn em đã theo dõi thầy. chúc em học tốt nhé 3,
quá dài dòng không vào trọng tâm,
bài nào mà hơi khó em  tập trung xem kĩ lại bài sẽ nắm được hết kiến thức nha  thầy chúc em học tập tốt,
dài dòng quá không tập chung vào vi du dùng quá nhiều tiếng việt giải thích,
thầy cảm ơn em nha chúc em học tập tốt thi đạt kết quả cao nha,
"cảm ơn thầy ,  em xem liền không tua chút nào",
"đag làm gì sao lại là nanni vậy thầy,e tg là nani",
"cảm ơn thầy .dạy có tâm và tỉ mỉ nghe mãi không thấy chán ,chúc thầy  nhiều thành công cảm ơn ạ ..",
rất hay và bổ ích thầy ơi,
từ khi nghe thầy giảng dạy là em mê nihongo ra hẳn luôn ạ .em toàn dành thời gian học còn  điện thoại thì ngày chưa dùng tới 30h,
"thầy ơi thầy bày cho em cách nhận biết giữa đang từ ,tính từ ,động từ không á .",
thầy dạy rất dễ hiểu ạ.cảm ơn những bài dạy của thầy,
bài này khó thật càng không càng lũ,
thầy dạy rất có tâm. hy vọng sẽ trở thành học viên của minato 1 ngày gần nhất,
thầy dạy có tâm và rất kỹ.em là đứa không biết một tí gì về tiếng nhật tự mua sách về học nhưng từ khi theo dõi bài dạy từ bài 1 của thầy em đã biết được nhiều.cảm ơn thầy nhiều chúc thầy sức khỏe và thành công trong cs,
thầy dạy nhiệt tình tận tụy nhất cái miền bắc này,
cảm ơn thầy rất nhiều,
"phải công nhận là khó,biến đổi nhiều quá,thật khâm phục những ng học lên n2 n1",
"đã học va tham khảo rất nhiều 
nhưg vẫn tâm đắc nhất với các bai giảng của thầy.",
người thầy dạy có tâm nhất .,
e học đến bài 20 rồi mà chả hiểu gì luôn thầy ơi,
thầy dạy dễ hiểu quá em bị quên hết kiến thức phải vào học lại của thầy,
thầy chúc em học tập tốt nha em theo dõi cộng đồng tiếng nhật minato dorimu để xem thêm nhiều tài liệu bổ ích nha,
dạ vâng ạ ngoctiepnguyen4099,
mới đầu học thấy biến đổi khó còn luyện nhiều quen rồi thấy bình thường mà bạn,
"giống mình ,tim thấy video thầy như bắt được vàng",
khó ghê sd,
học thì hiểu mà em phản xạ chậm quá,
thầy ơi sutemasu là động từ nhóm 2 chuyển sang thể te là sutete ạ,
ủi gần xong n5 mà quên np hết ah,
học xong bài này phải gọi là như chim sổ lồng  nhẹ hết cả mồm,
đi đến đây đã là 20 bước chân tìm hiểu vai kênh khác nhau vẫn thấy thầy là ok nhất,
"thầy dạy có tâm nhất miền bắc miền nam là đây ạ.chúc thầy mạnh khỏe,và thành công.",
em học từ bài 1 đến bài 20 mất gần 2 tháng rồi thầy ạ cảm ơn thầy rất nhiều . em mong thầy nhiều sức khỏe và gặp may mắn công việc,
thầy dạy kỹ rất tuyệt vời,
"thầy cho em hỏi, thầy có dạy n4 không ạ? em muốn đăng ký học ạ",
thầy ơi làm sao cho em học tập trung được không ạ em học không vào được thầy,
"cảm ơn bài dạy của thầy ạ, dạy rất dễ hiểu luôn",
1:220 ví dụ 3 sao đổ từ motrung tâme konakatrung tâma mà không phải là motrung tâme kanakatrung tâma vậy thầy em tưởng là ki thành ka mới thêm đuôi na chứ ạ,
giống mình,
giờ bà sao rùi,
kaiwa tốt hơn ch,
giống mình,
đúng rồi bạn,
miền trung nữa nghe,
cảm ơn thầy,
lên bài này khó quá thầy ơi.,
"còn 5 bài nữa thôi
thật sự yêu quý thầy, cảm ơn thầy nhiều",
cảm ơn thầy vì những bài dạy này,
cảm ơn thầy thầy dạy rất dễ hiểu,
"càng nghe thầy giảng thấy càng cuốn hút á, thầy dạy rất là tỷ mỹ.cảm on thầy nhiều lắm",
"học chỗ khác không hiểu lắm.. qua đây thầy dạy dễ hiểu , đột nhiên thấy mình thông minh hẳn",
"tr, ng nhật lịch sự hết cỡ mà cũng chửi hết mức luôn. dữ quá",
cảm ơn thầy rất tận tình dạy chúng e,
1:44:00 thay vì dùng ikanai? thì mình dùng iku? được không ạ,
cám ơn thầy,
"Thật sự thầy dạy rất dễ hiểu, chi tiết từng chút một.
Xem nhiều lần nhưng vẫn không chán,
càng xem càng thu hút.
Chúc thầy và gia đình nhiều sức khoẻ.",
đến bài này em xin bó tay thầy ơi .,
"bài này quá khó nhưng thật cảm ơn vì thầy dạy quá có tâm, xin cảm ơn thầy rất nhiều.",
  dạ. em cảm ơn thầy nhiều ạ,
 thầy ơiii thể khả năng nào vậy ạ?,
"cố gắng học đi học lại em nhé, đừng bỏ cuộc nha!",
"thầy cảm ơn em rất nhiều, chúc em kiên trì học bài mỗi ngày để chinh phục tiếng nhật nhé!",
đôi khi 1 trong các nguyên nhân đó chính là vì sự chuyên nghiệp trong công việc của họ!,
"nếu họ dữ dằn khi dạy bảo mình, mình nghe theo và làm việc với tác phong chuyên nghiệp của họ thì ok. nhưng mà, nếu mình đã thay đổi tốt hơn mà họ không bớt dữ thì chắc là do tính cách rùi .",
"thầy cảm ơn em nhiều, em có thể tham gia nhóm cộng đồng tiếng nhật minato dorimu trên fb để được giao lưu học tập cùng các bạn và được cập nhật kiến thức bổ ích mỗi ngày nhé!",
"cảm ơn bạn đã ủng hộ kênh, khi học có gì không hiểu thì đừng ngại bình luận cho mình biết để mình giải đáp nhé!",
  dạ vâng,
thầy cảm ơn em và chúc em học tốt nhé!,
"thầy cảm ơn em nhiều nhé, chúc em học tốt!",
"  em cám ơn thầy , em sẽ cố gắng ạ.!",
thầy cảm ơn em rất nhiều và chúc em học tốt nhé!,
sao vậy em ơi?!,
  khó hiểu quá thầy sê oi,
"em xem đi, xem lại nhiều lần và kết hợp với video từ vựng minna 1 bài 20, em sẽ thấy dễ hiểu hơn nhé!",
"thầy cảm ơn em vì lời khen tặng, thầy chúc em học tốt nhé!",
cảm ơn thầy ạ,
trong các bài bài này học là hay nhầm nhất.... hihi,
cảm ơn thầy,
e cảm on thầy nhìu ạ,
học bài này của thầy đã là 20 bài rồi em là 1 người học rất mau hiểu nhưng lại rất thích cách dạy chậm rãi của thầy,
cảm ơn thầy nhiều lăm!,
gần nửa đêm nghe thầy giảng chỗ ví dụ 129 cầu hôn nó tát rơi răng hài không nhịn nổi cười rung bàn cả học. thầy đúng là biển muối mà,
"1 ng thầy tận tâm,",
sese giảng rất hay.,
"thầy dạy hay
phần cuối thực tập chia các từ ...vậy thầy viết ra luôn cho mn nhìn thấy và dễ nhớ luôn .",
cảm ơn thầy ạ,
cảm ơn thầy ạ !!!,
đã giảng rất tận tâm de hiểu xin cảm ơn thầy,
"thầy ơi chữa cho em ở phút 38 41 giây được không,chỗ đó bioki đát tà hay bioki đà vậy thầy câu đó quá khứ mà",
em cảm ơn các bài giảng video của thầy nhiều ạ. nó giúp em rất nhiều. cảm ơn thầy 3,
em cảm ơn sự nhiệt huyết và những video giảng dạy rất là có tâm của thầy ạ,
thầy ơi thầy dạy n4 chưa thầy,
thầy chúc em học tốt nhé!,
  tối nào em cũng xem vd của thầy ạ,
"vậy em xem đi xem lại 2-3 lần và ghi chép, đánh dấu bằng bút dạ những chỗ dễ nhầm, như vậy sẽ dần dần sẽ không bị nhầm nữa.",
e xem bài của thầy đều mỗi ngày. cứ quên là em đem ra học. cả tuần là đem ra xem và ôn lại.,
thầy chúc em học tốt nhé!,
"thầy cảm ơn em, em có thể tham gia nhóm nhóm cộng đồng tiếng nhật minato dorimu để được cập nhật kiến thức mỗi ngày và được học cùng các bạn khác nhé!",
"thầy cũng cảm ơn em rất nhiều, chúc em học tốt .",
"thầy cảm ơn em rất nhiều, chúc em học tốt .",
chỉ mình phân biệt trợ từ ni de he với bạn ơi,
em xem lại giúp thầy ở giây nào nhé.,
"thầy dạy chất như nước cất luôn, khó thế mà thầy kiền trì giải thích mà không hiểu nữa thì chỉ biết tự trách nặng lực bản thân mình mà thui.",
"em cảm ơn thầy nhiều ạ em muốn hỏi 1 chút là đều là câu nghi vấn nhưng có câu mình dùng taberu, có câu lại là ikanai vậy ạ, nếu là tabenai hoặc iku thì có được không ạ",
thầy dạy rất hay ạ,
hay quá thầy ạ,
thầy dạy chuẩn tại minh nhiều tuổi rui học không nhớ nhanh được,
càng ngày càng khó,
mong tháng sau thầy dạy n4 nhé em chuẩn bị sang n4 rồi thầy ơi,
em cảm ơn nhiệt huyết của thầy ạ,
47:16 mọi người bắt đầu nhớ rồi ấy .,
thầy giảng dễ hiểu quá,
"cảm ơn thầy, thầy giảng rất dễ hiểu ạ",
dễ hiểu.,
từ bài này là t phải uống parado,
có động lực học,
sang chấn tâm lý,
thầy giảng rất dễ hiểu.,
chuẩn luôn thầy nay đáng triệu like,
bnlc5775  cảm ơn b nha.,
nó là câu hỏi,
ah đây lại bạn xem lại phần giảng ở 1:230s là sẽ hiểu này,
mé cười lộn ruột,
cái đầu b,
rất cảm ơn thầy.,
cảm ơn thầy. hiiii,
thầy rất tuyệt vời ! em chỉ mong gặp thầy trực tiếp để nói lời cảm ơn thầy  chúc thầy sức khoẻ ạ,
xin cảm ơn thầy,
dạ th ơi cái câu ở vn thịt lợn đắt lắm phải không thì cuối câu ta lên giọng đúng không ạ,
có phần 21:20  21:21 em không hiểu . rẻ là đuôi i   nóng cũng là đuôi i. sao.  lúc chia  là vứt  đệt sự thôi mà rẻ lại thành ku na kát tà ?,
chúc mừng thầy lấy lại được kênh,
"28:21 em thấy đẹp là tính từ đuôi na, nếu ta chuyển về thể thông thường thì phải thêm đa, vậy thì nó phải là đa ga mới đúng chứ thầy",
"may quá 
thầy lấy lại được kênh 
không thì em không biết học ai",
mừng quá thầy lấy lại duoc kênh rồi,
mừng quá thầy đã lấy lại được kênh,
thầy ơi sao lại là chỗ rẻ là thêm naru,
thầy vẫn miễn phí bài giảng n4 n5 em à. em cứ thoải mái học nhé em!,
thầy cảm ơn em nhiều nhé,
kiki mừng quá em ạ,
mừng quá luôn em ạ. thầy cảm ơn em nha,
kiki thầy cũng mừng lắm em ạ,
822025 bài 21 n5 sắp hoàn thành n5 cảm ơn thầy đã đồng hành cùng em trong thời gian qua.,
rất rễ hiểu thầy,
thầy dạy hay dễ hiểu . cám ơn thầy,
ở trường chỉ dạy đến bài 20 nên em lên đây học tiếp bài 21,
"vậy là quá trình 21 bước chân đã chạm.
1 ngày đi làm từ 7h sáng 22h mới về rồi lại ngồi học, ngồi cày theo video của thầy.
những ngày đầu mới tự học áp lực đến mức đã buông cả 2 tháng không còn đụng đến sách vở .
vậy mà hôm nay ngồi lật lại mớ sách vở trên góc lộn xộn cũng nhận ra mình tự đi gần hết 1 chặng đường n5....

,",
"các vd thì thầy viết kanji thì đính kèm chữ mềm , n5 chưa rõ kanji thầy à,với lại câu vd thì đừng nên sai nhé thầy, thank thầy",
làm luôn giáo trình n3 đi thầy ơi,
thầy giảng có tâm nhất,
sao đợt này quảng cáo nhiều vậy thầy ưi,
thầy có video tổng hợp ngữ pháp n5 và n4 không vậy ạ,
thầy dạy dễ hiểu,
hi vọng thầy sẽ ra thêm nhiều video hay nưa,
úii y chang,
"_ngocc3897  uầy , học cùng không bạn xin in4",
tuyệt vời quá em ơi. chúc em sớm chinh phục được hết kiến thức n5 n4 nha,
thầy cảm ơn em nhiều nha,
 cảm ơn thầy ạ,
thầy cảm ơn em nhiều nha,
em cảm ơn thầy ạ,
tuyệt vời em ơi. vậy cố gắng chăm chỉ để học hết kiến thức n5 n4 thầy đăng em nha,
còn một chút nữa là em có thể chinh phục được kiến thức n5 rồi. thầy chúc em sớm chinh phục được jlpt n5 n4 nha,
"hiện tại n3 thầy đang dành cho khoá online, nếu lúc nào đó đăng giáo trình n3 thầy sẽ thông báo tới các bạn nha  thầy cảm ơn em đã tin tưởng và theo học qua video của thầy",
thầy thực sự rất cảm ơn feedback có tâm của em. chúc em sớm chinh phục được cả n5 và n4 nhé,
"video này hiện tại đang dành cho khoá học online ở minato, nên em thông cảm giúp thầy nha",
cứ có chuyển ga thành kedo thì bỏ da bạn nhé,
thầy có chia sẻ tài liệu về trợ từ ở page minato dorimu em tìm lại giúp thầy nha,
đúng rồi em nha,
thầy cảm ơn em nhé!,
"kiki thầy làm đầy đủ video khoá học n5 n4 rồi, em cố gắng học hết 50 bài nha",
  dạ thầy,
"e đang theo thầy đến bài 21 rồi,không biết thầy dạy đến bài bao nhiêu nhỉ, cảm ơn thầy, nhờ thầy mà em dễ dàng hơn tr vc học tiếng nhật, tiếng nhật rất thú vị thầy ạ.",
21:43 sao yasui mình phải thêm kunaru chi vậy thầy em không hiểu ạ,
"thầy cho em hỏi là trợ từ ni với to nó phân biệt làm làm ạ 
như câu thầy đặt ví dụ ý :  cô ấy nói với tôi  . tại sao không phải là watashi tô mà lại là watashi ni vậy ạ",
"thầy cho em hỏi là câu lớp học sẽ vui sao lại dùng trợ từ ga vậy ah, bình thường sẽ là wa ấy ah",
chúc thầy nhiều sức khỏe. thầy dạy dễ hiểu lắm ạ,
mình thích nghe thầy dạy rất dễ hiểu,
để viết lưu loát tiếng nhật là điều bất khả thi phải không thầy vậy tập trung vào học tiếng nhật giao tiếp thôi hả thầy,
cảm ơn thầy ạ,
"hay quá thầy ơi, cảm ơn thầy nhiêu",
thầydạy rất dễ hiểu. cảm ơn thầy rất nhiều ạ,
chúc mừng bản thân đã học được tới bài 21 rồi...  minato,
thứ71312023,
em sẽ ghi nhớ lời khuyên quý báo của thầy ạ,
thầy dạy quá hay nuôn ạ,
thầy day thât la dê hiểu,
"xem thầy này dạy còn dễ hiểu hơn . ông thầy mình thuê dạy riêng cho mình , sau khi xem thầy này dạy .tôi đã cho ông thầy gia sư riêng ra chuồng gà .",
thầy chia sẻ dễ hiểu dễ áp dụng .chúc thầy luôn luôn mạnh khỏe,
mình cũng đang học đến bài 21 .thầy dạy đến bài 50 mà,
"letuantai2997  sự thành công ngày hôm nay có sự nhiệt huyết của thầy, nhờ cách giảng dạy của thầy mà mình vượt qua được từng bài 1 cách dễ dàng",
kiki tuyệt vời quá. thầy đăng hết 50 bài mina lên rồi. em cứ học theo video thầy đăng nha  cố gắng em nha. hai bạn có thể kết nối được với nhau thì cùng động viên nhau học nha,
"   dạ vâng thầy,e sẽ cố gắng để giỏi được như thầy,e rất thích cách dạy của thầy, và sự nhiệt huyết của thầy,e chúc thầy và gd luôn mạnh khỏe ,vạn sự cát tường ạ.",
đó là cách kết hợp tính từ đó em: trở nên rẻ... đó em nha,
"các trợ từ thường sẽ có quy tắc, và em học theo quy tắc đó nhé em. em tìm tài liệu trên cộng đồng tiếng nhật minato dorimu giúp thầy nha.",
  dạ em cảm ơn thầy ah,
kiki cố gắng kiên trì chinh phục hết n5 và n4 nha,
thầy cảm ơn em nha  chúc em sớm hoàn thành chương trình n5 và n4 nha,
"  vâng, em nhầm ạ!
đây là câu hỏi thông thường không phải câu trích dẫn.",
"thầy nghĩ không điều gì là bất khả thi cả, nhưng quan trọng là mục tiêu là mình học kỹ, hiểu nhanh, thực hành tốt thì em nên tập trung vào học tiếng nhật hơn nha",
thầy chúc em học tập tốt nhé,
cố gắng chinh phục hết n4 và n5 trên kênh luôn em nha,
thầy cảm ơn em nha  chúc em học tốt tiếng nhật.,
thầy cảm ơn em nha 3,
thầy tiệp dạy quá kĩ luôn kk,
đọc bình luận mà cười chết,
y chang mình,
thầy dạy qú hay,
ăn bún cho nó ạ,
thầy cho em xin file bài giảng được không ạ?,
em cám ơn thầy ạ,
em cám ơn thầy ạ,
cảm ơn thầy,
"thầy ơi 
tôi nghĩ rằng vì không có tiền lên cô ấy yêu người khác. dịch sang tiếng nhật như nào ạ",
"thầy cho em hỏi vì sao câu 3 thể nghĩ rằng 
rẻ lại chuyển qua dạng phủ định của thể thông thường còn có rư nữa ạ",
"thầy giảng rất hay ấy, chúc mừng thầy",
vì sao phần trích dẫn câu nói : cô ấy sữ kết hôn dùng thể matsu mà câu bài thi jlpt tháng 12 rất khó lại dùng là katsuta vậy ạ,
rất dễ hiểu,
quá hay thầy ạ . yêuuu thầy,
thầy mà học thì cũng thích thầy là nữ dạy hơn hehehe,
khanhnevlogg  mình cảm one,
cảm o n thầy rất nhiều ạ,
cảm ơn thầy nhìu nhé,
"kiến thức rất hữu ít cảm ơn thầy nhiều ạ, em đã giới thiệu cho rất nhiều người trong cty biết và được kênh của thầy rồi á.",
"anh ơi, câu trích dẫn trực tiếp và gián tiếp nó chỉ khác nhau cái ngoặc và chia thể trung tâm, nhưng làm sao biết đề bài đó là câu trích dẫn hay không? đề thi hay test có ghi cho mình biết không ạ?",
"nay học tới bài này tự nhiên học trúng câu bạn nghĩ ntn về tình yêu ( khóc, mới ct ny xong )",
thầy ơi em muốn học ol thầy có dạy không ạ?,
"thầy cho em hỏi 1 chút. trong bài giảng có chỗ này em thắc mắc và chưa hiểu mong thầy giải thích ạ. ví dụ câu: tôi nghĩ cô ấy không phải làm bác sĩ,  kanojo ga isha janai to omoimasu : tại sao thầy dùng trợ từ ga mà không phải là wa ạ. cảm ơn thầy ạ.",
hay dễ hiểu. bài này và b22 khó lắm,
thầy dạy quá hay dễ hiểu .rõ ràng nữa .cám ơn thầy,
thầy giáo dạy hay quá dễ hiểu ạ chúc thầy giáo nhiều sức khoẻ,
"theo mình thì như cái bạn đúng ở trên dùng ha hay ga gì cũng được nhưng mà ở trong thời tiết , thiên nhiên , mùa  thì nên dùng ga còn chủ ngữ danh từ người , vật này nọ thì dùng ha",
"vì nokoto là ý chỉ : của bạn thân tôi , ví dụ như là anh ấy yêu watashinokoto ( bản thân của tôi ) , đấy kiểu vậy",
đúng rồi em nhé,
  dạ em cảm ơn thầy ạ,
chuyển về thể thông thường nha b,
"chúc em mạnh mẽ nhé. những lúc buồn, em hãy cố học thật nhiều nhé!",
cùng cảnh ngộ ui,
xui vậy,
"  dạ em cảm ơn thầy ạ, em đã trở lại và mạnh mẽ hơn xưa gòi thầy ạ",
sa bi shi đề sự,
có người yêu mới chưa,
sennguyenthao8254  cảm ơn bạn,
"thầy cảm ơn em nhé, chúc em học tốt!",
"thầy cảm ơn em rất nhiều, em có thể tham gia nhóm cộng đồng tiếng nhật minato trên fb để có thêm kiến thức bổ ích mỗi ngày nhé, thầy chúc em học tốt!",
  dạ cám ơn thầy,
"thầy cảm ơn em rất nhiều, chúc em nhiều sức khỏe và học tốt",
"thầy cảm ơn em nhiều, chúc em học tốt   .",
thầy là người truyền cảm hứng cho tôi không.cảm on thầy,
sắp xếp câu từ tiếng việt sang nhật không biết xếp như thế nào câu nào trước câu nào sau. thầy chỉ giúp a,
hay quá thầy,
gián tiếp là như thế nào vậy thầy em không hiểu lắm mọi người chỉ cho em với,
thầy giảng rất dễ hiểu cảm ơn thầy nhiều,
thầy dạy rất hay ạ,
nói lưu loát rõ ràng,
de shou có phải lên giọng không thầy,
hay quá,
"hay và dễ hiểu, chúc thầy luôn mạnh khỏe",
rât cảm ơn thầy.,
nghĩa là mình không dẫn trực tiếp câu ngta nói á nói gián tiếp nghĩa là đổi động từ  đi á,
hangnguyenthihang8075  cảm ơn bạn mình sẽ tìm hiểu thêm,
tanhoangminh1046   mong bạn hiểu đơn giản đi đừng nghĩ sâu quá dễ loạn,
hangnguyenthihang8075  cảm ơn nhìu nhen mình hiểu rùi nè,
tanhoangminh1046  kcj đâu đây mình nói theo  cái mình hiểu á  để chắc chắn hơn bạn có thể tìm hiểu trên google mình nghĩ có nl tài liệu giúp bạn hiểu hơn,
cảm ơn thầy,
thầy em học ngữ pháp hiểu và dịch được nhưng không hội thoại kaiwa được thầy ơi,
u là trời hôm trước tự nhiên học bài tiếp mà không tìm được video của thầy. ta nói nó chán gì đâu. mặc dù đang đi học trung tâm nhưng video nào của thầy cũng xem trước khi học hiểu rõ hơn. vì nó quá chi tiết. mãi yêu,
em yêu thầy nhất,
"２２２２０２５ hết bài 22 , sắp hết chặng đường n5!",
33:12 em dịch là ryoko o shinai hito,
"hay quá ạ, cảm ơn thầy",
"trước học  trung tâm khác em thấy bài này khó và đã bỏ qua, giờ nghe thầy giảng thấy dễ hiểu ạ ,cảm ơn thầy nhiều, năm mới chúc thầy và gia đình nhiều sức khỏe và nhiều tài lộc ạ",
dù em nắm chắc bài 20 nhưng đến bài 22 em vẫn thấy khó hiểu quá nhắc đến bài 22 là sợ luôn thầy ạ,
dù em nắm chắc bài 20 nhưng đến bài 22 em vẫn thấy khó hiểu quá nhắc đến bài 22 là sợ luôn thầy ạ,
cảm ơn thầy,
like cho thầy vui để thầy có động lực đê,
em ghép vậy được nhé! nhưng em nên có chủ ngữ rõ hơn nhé!,
uki em nhé,
"để kaiwa được thì quan trọng nhất vẫn là đủ từ vựng và ngữ pháp. nhất là từ vựng và ngữ pháp n3 thường dùng trong giao tiếp em à. nên em cố gắng trau dồi thêm, sau đó luyện nghe nói nhiều để tăng phản xạ thì thầy nghĩ là em sẽ kaiwa được nha",
kiki thầy đã quay lại và lợi hại hơn xưa rồi em ơi  chăm học nha em,
kiki thầy cảm ơn em nha,
kiki chúc mừng em  cố gắng chăm chỉ em nha,
kiki vui quá em ơi. hi vọng là những bài trên kênh này đều giúp em học tiếng nhật thật hiệu quả. thầy cảm ơn em nhiều nhé,
bài 22 gần như là một bước ngoặt của các bạn. bài này thầy nghĩ em cứ phải xem đi xem lại nhiều lần. em nên làm bài tập để hiểu rõ hơn về cấu trúc ngữ pháp. sau khi làm xong vẫn chưa hiểu lắm em nên xem lại 1 lần nữa nhé em!,
ukii em nha,
em cảm ơn thầy ạ,
youtube tự động chọn điểm đặt quảng cáo nên thầy có chỉnh lại chút rồi nha,
thầy cảm ơn em nhiều nha,
ôi thầy đẹp trai quá,
thầy có dạy kanji không ạ,
"một người thầy có tâm, cảm ơn thầy rất nhiều",
"đang học ở trung tâm trong lớp dạy rất nhiều người nên dạy không kỹ như thầy, từ khi xem thầy dạy em nghĩ ở nhà vừa làm vừa học  theo chương trình thầy luôn",
"theo thầy từ bài 1 và đến bây giờ em đã học tới bài 22 gần 3 tháng, thầy dạy siêu dễ hiểu, cảm ơn thầy tiệp đẹp trai rất nhiềuuuuuu ạ",
thầy giảng dễ hiểu quá ạ. em cảm ơn thầy rất nhiều ạ.,
"biết ơn thầy nhiều lắm ạ.
em học chậm nhưng mà may mắn khi thấy video của thầy và học đến bài này rồi!",
34:14 em cho kare đứng trước kurisumasu được không thầy,
thật sự là học của thầy rất rễ hiểu ạ,
"bài này thầy giảng dễ hiểu nhưng đối với em hơi rối xíu, nhưng em sẽ cố gắng cảm ơn thầy nhiều ạ",
em cảm ơn thầy nhiều lắm ạ. chúc thầy nhiều sức khoẻ và niềm vui ạ.,
cảm ơn thầy rất nhiều,
46:13 mệnh đề bổ ngữ làm chủ ngữ,
thầy có dạy online không ạ,
bài giảng rất hay và dễ hiểu. cảm ơn thầy rất nhiều,
học mãi mà không hiểu cách đặt câu thầy ạ,
cảm ơn series của thầy,
"em nói đúng quá, thầy vui quá",
thầy có bài giảng kanji dành cho khoá học online nha em,
thầy cảm ơn em nhiều nha  chúc em học tiếng nhật hiệu quả nhé!,
"vậy thì tốt quá, em vừa học vừa làm ở nhà thì tiện quá, đỡ mất thời gian đi lại, tăng thêm thời gian học. cố gắng chăm chỉ học hết kiến thức n5 n4 nha em",
", được khen đẹp trai dạy dễ hiểu thầy lại vui cả ngày luôn em ơi. thầy cảm ơn em nhiều nhaaaaaaa!",
thầy cảm ơn em nha. chúc em sớm chinh phục được khoá n5 và n4 nhé,
kiki học xong áp dụng được luôn thấy vui vẻ phấn khởi hẳn em nhỉ. thầy ngày xưa cũng vậy. nên cứ cố gắng học tập chăm chỉ rồi đến ngày chúng ta được hái quả,
  cảm ơn thầy ạ,
"chậm mà chắc, em đừng quá lo lắng. em sắp học xong n5 rồi đó  cố gắng em nha",
được em nhé!,
kiki tuyệt vời em ơi. cố gắng chăm chỉ để học được thật nhiều kiến thức em nha,
tui cung thăc măc cai nay,
thầy có lớp online nhé em! em liên hệ qua nick fb nguyễn ngọc tiệp để thầy tư vấn cho em nha,
thầy cảm ơn em nhé! chúc em sớm chinh phục được n5 và n4 nha,
em cứ dần dần từ từ. em nghe lại từ vựng và bài giảng ngữ pháp thêm 1 lần nữa rồi áp dụng thầy nghĩ là đặt câu được nha.,
dạ em cảm ơn thầy ạ ,
em học mãi không hiểu bài 22 mn ạ,
thầy dạy để hiểu thật,
xuất sắc,
cảm ơn thầy đã có những bài giảng rất hay và ý nghĩa ạ,
cảm ơn thầy rất nhiều ạ,
cảm ơn thầy .hnay trên lớp không hiểu bài may sao tìm được bài giảng của thầy. quá là tuyệt vời  thầy giảng kĩ dễ hiểu cực luôn.,
e là người học chậm và dốt nhất có người còn nói em là có khi phải bỏ nghề vì em nhưng khi xem bài giảng của thầy em có động lực trở lại cảm ơn những bài giảng của thầy trong tương lai em không giám hứa sẽ giỏi tiếng nhật nhưng em hứa em mãi dành thời gian học tiếng nhật,
thầy này dạy cuốn nhỉ,
thầy dạy hay nhưng bài này thật khó để hiểu được nó,
"thầy có nghiệp vụ sư phạm và dãy kỹ nhất em từ biết , biến cái khó thành cái đơn giản dễ hiểu hơn. cám ơn thầy mong thầy có nhiều video miễn phí giúp ích mn ạ",
đánh dấu 1 chặn đường dài . cảm mơn thầy tiệp rất nhiều ạ,
cảm ơn thầy và mong thầy luôn ra nhiều video như này,
thầy giảng hay quá ạ,
em cám ơn thấy video rất hữu ích ạ,
wow thầy giỏi quá,
"em cố gắng ngồi viết lại, tóm tắt là xem lại những phần nào không hiểu. thầy nghĩ chỉ cần xem lại khoảng 2-3 lần là em sẽ hiểu. nếu kiến thức lý thuyết làm em đắn đo thì em thực hành đặt câu ví dụ thì em sẽ hiểu rõ hơn nha",
cố gắng xem youtube nhiều sẽ hiểu,
bài này thầy công nhận là khá khó trong chương trình n5. chúc em học tiếng nhật dễ và hiệu quả nha,
"đọc những dòng này xong, thầy thực sự xúc động. thầy chưa bao giờ nghĩ rằng những bài giảng thầy tạo ra lại mang lại những giá trị ngoài kiến thức như vậy. thầy vui vì em đã làm được những điều mà người khác cho rằng em phải từ bỏ. hãy luôn cố gắng và tạo nên nhiều giá trị như vậy em nhé!",
vâng thực sự cách dạy của thầy rất thuyết phục em đi từ cái nhỏ bé đến vĩ đại dạy cho em không từ bỏ không được lười học,
   công đưc vô lương,
thầy cảm ơn em nha,
cố gắng chinh phục hết bài giảng n5 và n4 em nha,
"có em nha. câu ở quá khứ thì những động từ, tính từ cuối câu mình chia quá khứ em nha",
"bài nào mà khó em cố gắng xem kĩ, xem lại nhiều lần để nắm được hết kiến thức nhé  thầy chúc em học tập tốt",
  dạ vâng em cảm ơn thầy nhiều,
"thầy cảm ơn em, chúc em học tập tốt nha",
thầy chúc em sớm hoàn thành chương trình n5 nhé,
  dạ cảm mơn thầy ạ,
câu của em không dùng được em nhé,
thầy chúc em sớm hoàn thành chương trình n5 nha,
thầy cảm ơn em nhé,
cảm ơn thầy nhiều ạ!,
"quá hay , dễ hiểu , cảm ơn thầy rất nhiều ạ",
tuyệt vời thầy ạ,
quá là dễ hiểu,
cám ơn thầy nhiều.thầy dạy rất kỹ,
ngàn lần em cám ơn thầy,
bài này em loạn quá thầy ơi không biết có cách nào nút vô không,
cuộc đời em tìm kiếm được thấy phải nói là quá may mắn luôn,
bài 22 khó dô vá thầy,
bài này thật sự khó,
vị cứu tinh của em,
thầy giảng đê hiểu quá,
"cảm ơn thầy , nhờ thầy em hiểu rõ hơn về bài mệnh đề bổ nghĩa này",
bài này ám ảnh qué,
thầy chúc em học tập tốt nhé,
sau khi học bài xong em kết hợp làm bài tập để củng cố lại kiến thức nhé,
  dạ em cám ơn thầy,
thầy cảm ơn em nhé! thầy chúc em học tốt,
thầy chúc em học tập tốt nha,
thầy chúc em học tập tốt nhé,
cảm ơn em nhiều nha. chúc em ngày càng  tiến xa hơn nữa trên con đường tiếng nhật,
chúc em học tốt nha,
khó quá thầy giáo ơi,
nhận kèm 1 1 không thầy,
chúc thầy luôn thành công trên mọi lĩnh vực,
rất hay,
có ai như tôi không nhỉ . ví dụ thầy cho thì làm được . còn dịch bài lại không dịch được . buồn,
dạ em cảm ơn thầy,
"thầy dạy rất chi tiết, dễ hiểu, cảm ơn thầy rất nhiều ạ",
cám ơn thầy,
"thầy dịch giúp em câu này với ạ.
cà phê trên tay anh đưa tay em cầm lấy
có thể được xem như
mình vừa cầm tay nhau",
thầy dạy quá hay. cảm ơn thầy nhiều ạ,
"thầy ơi cho em hỏi, câu vd số 5: bạn có biết người đang hát là ai không? - tại sao không dịch phần là ai ạ, theo câu dịch của thầy thì nó chỉ là bạn có biết người mà đang hát không?",
thầy dạy chi tiết mà ưng quá trời ạ,
"bài này hơi khó tí thầy nhỉ, nhưng thầy dạy em hiểu hơn cô ạ",
thầy dạy dễ hiểu hơn trên lớp cảm ơn thầy,
thầy dạy kỹ với hay,
thầy daỵ có tâm quá,
cảm ơn thầy,
em tập dịch từ những câu đơn cho quen rồi dịch lên đoạn văn sau em nhé,
giốn mình,
thầy cảm ơn em nha thầy chúc em học tốt nha,
thầy chúc em học tốt nha  em tham gia nhóm cộng đồng tiếng nhật minato dorimu để tham khảo thêm nhiều tài liệu bổ ích nha,
thầy dạy dễ hiểu cảm ơn thầy,
cảm ơn thầy nhiều,
"thầy dạy tận tâm lắm luôn,học trên lớp không biet gì hết,toàn đưa ngữ pkáp tự làm",
thầy giảng hay quá,
thầy dạy rất hay,
em vẫn còn hoang mang về ngữ pháp bài này,
mượn từ nam sao không ní nam nhỉ,
giá mà em biết thầy sớm hơn thì em sẽ học đứng nhất rồi,
thầy đấy dễ hiểu,
"em cám ơn sự tận tâm trong từng bài giảng của thầy. chúc thầy và gia đinh luôn mạnh khỏe, binh an. em sẽ cố gắng học cao lên nữa ạ",
hay lắm thầy,
cảm ơn thầy thật nhiều,
thầy day co tâm qua. hoc max hay. dê hiêu. trên lơp hoc cư như trên mây. cảm ơn thầy nhiêu.,
e học đến bài này hơi khó hiểu,
cảm ơn thầy rất nhiều ạ. giờ em mới hiểu rõ được luôn . thầy dạy thật là dễ hiểu,
"thầy giảng tuyệt quá, thầy ơi thầy có thể dịch dùm em câu.  món ngon nhất mà bạn đã từng ăn là món gì được không ạ",
"thầy cho em hỏi, ở lúc 1h10p có câu 2, trong ngồi nhà mà anh mira đang ở thì có con mèo. trợ từ của ngồi nhà có thể dùng ni hay là đổi trợ từ của neko thành ni được không, tại nó làm em nhớ tới ngữ pháp bài 10. em xin cảm ơn .",
"câu này được không bro, t dừng video làm câu y như ô mà khác với thầy",
thầy cảm ơn em nhiều nha. chúc em từ nay về sau luôn đứng nhất,
thầy cảm ơn em nha,
sau nhà có thể dùng ni còn neko dùng gá chứ sao ni được bạn,
"4 mệnh đề em không phân biệt nổi thầy ơi, khó quá",
đau não,
thầy dạy hay lắm ;uôn.hâm mộ thầy quá.idol của e,
"cảm ơn thầy nhiều nhé đã giảng rất cụ thể, phân tích rõ rang dễ hiểu bằng nhiều ví dụ từ cái cơ bản đến nâng cao",
"thầy dạy rất dễ hiểu, cảm ơn thầy rất nhiều ạ",
"yêu thầy mất rồi thầy ạ
thầy thật tuyệt vời",
"thầy tiệp dạy hay quá , em phải bảo cả dòng họ nhà em like cho thầy thôi",
cám ơn thầy dạy hay và dễ hiểu,
"quá tuyệt vời, thầy dạy dễ hiểu thật sự.",
bài này khó nhằn thật. mình tua đi tua lại đến 4 lần. cảm ơn thầy đã có bài giảng rất chi tiết,
thầy có làm video dạy chữ hán không ạ ? em tìm mà không thấy,
đến bài này là en sắp bị tẩu hỏa nhập ma mất rồi.,
thầy ơi có khoas học n4 không ạ,
 dạy nc không có đường ra vậy thầy,
"thầy đẹp trai, dạy nhiệt tình và dễ hiểu",
"thật sự yêu quý thầy, nhất định sau này nếu còn sống em sẽ đến gặp thầy",
chữ hán thì em có thể học theo giáo trình look and learn em nhé. còn video bài giảng thì thầy chỉ có trong khóa học thôi em ạ.,
cảm ơn thầy. :(( đã cứu em khỏi vòng luẩn quẩn của ngữ pháp 3,
"thầy dạy rất hay và dễ hiểu , cơ mình lỗi hơi bị nhìu",
"tất cả là tai thầy hết á, tại thầy giảng hay qua mà em fải tìm lại n5 cua thầy, giờ em  đang học n4 và ôn lại n5 của thầy giảng, thầy là đỉnh nhất",
"thầy rất có tâm và nhiệt huyết,cuộc đời tiếng nhật của em bừng sáng khi gặp được thầy,cảm ơn thầy rất nhiều",
e mà biết thầy sớm thì đâu có ngu ngữ pháp nz hic,
chân ái thật sự,
"thầy ơiii, em cảm ơnnnnn thầyyyyy",
quá hay thầy,
thầy tâm huyết  nhiệt tình!!!,
thầy dạy dễ hiểu quá!!,
thầy  duyên quá đi,
quá hay,
"thầy cảm ơn em nhiều vì đánh giá góp ý rất tích cực, cũng xin lỗi vì trong quá trình biên soạn  quay dựng có 1 số thiếu sót. hy vọng trong quá trình học nếu có điểm gì lỗi em giúp thầy để lại bình luận về nội dung và đoạn video (ví dụ 34:20 nhầm nội dung ....) để thầy có thể điều chỉnh lại nhé. cảm ơn em rất nhiều.",
"thầy cảm ơn em nhiều, em có thể tham gia nhóm cộng đồng tiếng nhật minato dorimu trên fb của thầy để được giao lưu học tập cùng các bạn và được cập nhật kiến thức bổ ích mỗi ngày nhé!",
học thầy em mới hiểu bài em cũng muốn tham gia nhóm của thầy ạ,
  mình nay 38 tuổi rồi hiện vẫn đang học các video của thầy. cám ơn thầy đã chia sẽ các video bổ ích,
nhóm nào,
"cảm ơn em rất nhiều nhé, thầy chúc em kiên trì và học tốt nhé!",
e cảm ơn thầy ạ,
"thầy cảm ơn em nhiều, em có thể tham gia nhóm cộng đồng tiếng nhật minato dorimu trên fb của thầy để được giao lưu học tập cùng các bạn và được cập nhật kiến thức bổ ích mỗi ngày nhé!",
"vâng, em cảm ơn thầy ạ.",
cố gắng học em nha 3,
"thầy cảm ơn em nhiều, em có thể tham gia nhóm cộng đồng tiếng nhật minato dorimu trên fb của thầy để được giao lưu học tập cùng các bạn và được cập nhật kiến thức bổ ích mỗi ngày nhé!",
"thầy cảm ơn em nhé, em có thể tham gia các page và nhóm của minato trên fb để được học cùng với các bạn và có thêm kiến thức bổ ích mỗi ngày nhé.",
dạ em cảm ơn thầy;em  vẫn chưa biết  vào nhóm,
"thầy cảm ơn em nhé, em có thể tham gia nhóm cộng đồng tiếng nhật minato dorimu trên fb để giao lưu, học hỏi từ bạn bè cùng mục tiêu chinh phục tiếng nhật nhé!",
"thầy cảm ơn em nhiều nhé, thầy chúc em học tốt!",
"thầy cảm ơn em rất nhiều, thầy chúc em học tốt nhé!",
thầy cảm ơn em rất nhiều .,
  dạ em cám ơn thầy ạ,
em đang hỏi cấu trúc nào nhỉ,
"thầy cảm ơn em rất nhiều, em có thể tham gia nhóm cộng đồng tiếng nhật minato dorimu hoặc page minato nihongo dorimu của thầy trên fb để có thêm nhiều kiến thức bổ ích mỗi ngày nhé.",
  vâng ạ,
"sắp tới thầy sẽ ra mắt page cho kaiwa nhé, trong thời gian chờ đợi em có thể tham khảo những video về kaiwa cực đỉnh trong nhóm cộng đồng tiếng nhật minato trên fb. và tik tok minato.nihongo của minato nhé (ở đây có nhiều tip cực chất em nhé).",
cảm ơn thầy,
"thầy giảng chi tiết, bạn nào mới học cũng có thể học được hihi",
thầy rất nhiệt huyết với bài giảng,
thầy dạy có tâm nhất em từg gặp,
thầy giảng hay quá,
hay quá thầy ơi,
cảm ơn thầy ạ,
cảm ơn thầy rất nhiều,
bài này học mãi thầy ạ,
cảm ơn thầy rất nhiều. chúc thầy sức khỏe để tiếp tục ra video giúp đỡ em và mọi người cho việc học tiếng nhật dễ dàng hơn 3,
thầy dạy hay quá ạ,
"học từ bài 1 đến bài 25 từ trước đến h thấy bài 22 khó nhất không hiểu , h xem được video của thầy em đa hiểu cảm ơn thầy",
thầy dạy max hay luôn !! dễ hiểu và cực kỳ rõ ràng .,
câu của bạn không sai nhưng câu của thầy có thêm rất nổi tiếng mà bạn,
câu của bạn dịch là trung tâm tôi đã học tiếng nhật thì người nghe không biết trung tâm bạn đã học thì như nào vất vả hay vui hay như nào,
chào bà,
hehe học trước hả,
theo mình thì đúng rồi nak,
đề su nữa,
thầy dạy rất hay,
thầy dạy dễ hiểu,
học tới bài 20rui giờ mới gặp dược thầy giảng hay rõ ràng,
rõ ràng dễ hiểu,
tìm được thầy là 1 chân ái của cuộc đời em,
thầy giảng hay quá,
"3 thật may vì gặp được thầy, em cám ơn thầy, chúc thầy tiệp thật nhiều sức khỏe  ạ",
xem thầy dạy mê tiếng nhật luôn,
"thầy dạy hay quá, dễ hiểu lắm ạ",
cảm ơn thầy,
"hay quá , cảm ơn thầy",
thầy giảng  bài này  thấu đến  tim luôn,
thầy giảng siêu dễ hiểu,
xem lại mà quá hay và tuyệt good,
hóng thầy up hết 25 bài.,
bạn nghĩ giống mình quá. nhờ thầy giờ mình đã hiểu rồi,
thầy cảm ơn em nhiều 3,
mình cũng nghĩ như thế,
23h30 202546 vẫn đang học bài 23 cố lên săp hết n5 rồi tôi ơi. cảm ơn thầy rất nhiều ạ,
thầy ơi thầy có đậy thêm không ah,
ta dai mat sên ơi,
tiệp thầy mãi đỉnk,
"thầy dạy hay quá, càng nói càng thấm",
tuần sau em thi n5 ở trung tâmđt. cảm ơn những video bổ ích của thầy,
thầy tiệp mãi đỉnh,
"chào thầy, thầy có dạy ở họcm không ạ",
cảm ơn thầy tiệp nhiều ạ,
mình 64 25 cũng bài 23 đây,
tuyệt vời em ơi  cố gắng chăm chỉ nhé em!,
"e dùng khi đi tới 1 địa điểm,còn ni dùng khi đi tới địa điểm để làm 1 hành động",
nếu đổi như vậy thì nghĩa của câu nó cũng bị đảo lộn và không còn có nghĩa phù hợp nữa rồi em à.,
 em cảm ơn thầy ạ,
"  em cảm ơn thầy rất nhiều ạ , mà thầy dạy rất giỏi ạ",
kiki thầy cảm ơn em nhiều,
kiki ngắn chút để có động lực học tiếp n4 em ơi,
"dùng á ự đúng hơn,nếu dùng átrung tâma thì cuối câu chia aisatsu shite
khi á ự tây thì sẽ chào bằng tiếng anh
khi atrung tâma tây thì hãy chào bằng tiếng anh",
còn n4 nữa em cố gắng chinh phục luôn nha,
thầy không em à. nhưng thầy có lớp online và lớp zoom đều học từ xa được em nha,
  dạ em cảm ơn thầy ạ,
thầy chúc em học tập tốt nha,
bạn này dạy chậm trọng tâm và dễ hiểu,
thứ72012023,
thứ72012023,
khi về nhà tôi đã nói itadakimasu,
cấu trucs n ga anh desu có tương đương cấu trúc n wa anh desu ở bài 1 không ạ thầy?,
học bao nhiêu người vẫn tâm đắc thầy tiệp nhất,
cảm ơn thầy rất nhiều ạ,
"cái câu khi về nước tôi đã mua cái cặp 20:25 
với câu khi về nước tôi đã mua cai cặp này 25:25 
em thấy nó giống nhau mà thầy sao lại cái diễn ra trước cái diễn ra sau vậy ạ",
thầy dạy chậm dãi dễ hiểu zã man luôn mê thầy dạy nhất mỗi tội thầy hay nói nhầm,
cướp ngân hàng :,
cũng cấu trúc này n ga anh desu thì có tương đương anh  n không ạ thầy?,
sao lại có ni nhờ bạn hiểu chx chi mình với,
"1 cái là v  ta, 1 cái là v  ru mà bạn",
"công nhận quá là khó hiểu. cùng 1 ví dụ ,1 câu mà lại 2 cách chia",
yenmai5745  thầy nhầm á nghĩa tiếng việt của nó là về nước mới mua cặp mà thầy giải thích là mua cặp ròi mới về nước nên câu đầu thầy làm sai òi,
mua cap rồi mới vế nuoc thế ms dúng,
cảm ơn thầy . người dạy rất có tâm và rễ hiểu ạ,
"khi ra ngoài ( đội mũ ) .? 
đội mũ xong mới đi ra cửa chứ thầy ?
dựa theo lời của câu là ( khi ra ngoài .dekakeru .. chia động từ vru)",
20:54 khi về nhà thì nóitadaima chứ sao lại itadakiamas được thầy,
bạn dạy rất hay mình hay xem bạn dạy để tham khảo dạy nhưng ở phần phân biệt vrutoki và vtatoki thì mình thấy chỗ này chưa hợp lý. ví dụ khi đến paris tôi đã mua cái cặp này hay khi về nước tôi đã.. trong trường hợp này không chỉ là đã về nước mới mua hay đã đến paris mới mua mà nó có hai trường hợp luôn nha,
"học với thầy rất dễ hiểu ,em mong thầy ra nhiều video hơn để bọn em học nhé .bọn em vẫn luôn ủng hộ thầy",
có sách nào luyện viết và học chữ kanji không thầy ?,
thầy dạy rất vui tính nhiều câu ví dụ của thầy rất buồn cười nên học không bị nhàm chán,
xem mãi vẫn cứ cuốn thầy ah,
e cảm ơn  thầy  .thầy dạy học  dễ  hiểu  wa.,
"thầy dạy chi tiết và dễ hiểu quá, cảm ơn thầy",
hãy quá thầy ơi chúc thầy nhiều sk,
học rồi á bạn ở phần cuối của bài 21 á...,
look and learn ấy,
"thầy cảm ơn em nhiều, em có thể tham gia nhóm cộng đồng tiếng nhật minato dorimu trên fb của thầy để được giao lưu học tập cùng các bạn và được cập nhật kiến thức bổ ích mỗi ngày nhé!",
cảm ơn góp ý của minh nguyen nhé  thầy sẽ xem lại và sửa đổi ngay!,
vậy câu này làm sao mới đúng vậy ạ..,
thầy cảm ơn em và chúc em học tốt nhé!,
"thầy cảm ơn em nhiều, thầy chúc em học tốt nhé!",
phut 21 thầy nói nhầm tadaima thành itadakimasu,
"thầy trên cả sự tuyệt vơi,,thầy dạy quá có tâm luôn thầy ơi, chưa từng gặp người thầy có tâm như thế, chúc gia đình thầy mãi hạnh phúc, chúc con thuyền minato ngày càng phát triển.",
thầy ơi cho em hỏi câu 1 ở đoạn 50:16. câu này theo em hiểu thì hành động không hiểu chữ hán diễn ra trước rồi mới tra từ điển. vậy tại sao mình lại không chia thành phủ định quá khứ trung tâmt vậy ạ? em cảm ơn thầy nhiều ạ,
5:54 hình như aitai hình như thầy nhầm kanji thì phải,
"thầy dạy hay lắm ạ, mỗi bài thầy đều giảng dễ hiểu, cho ví dụ từ dễ đến khó kết hợp với cả những từ mới học, kanji cũng có phiên âm nữa.",
được học miễn phí mà không like thì tệ quá,
yêu thầy nhiều,
e măc cươi thầy nói tôi về nhà là itadakimasu quá. kaka.,
thầy dạy rất kỹ và de hiểu,
cảm ơn thầy rất nhiều ạ!,
quá tuyệt vời luôn thầy mong video không xoá,
cảm ơn thầy . bài giảng rất hay và dễ hiểu ạ,
thầy dạy rất hay,
em cảm ơn thầy ạ,
cực dễ hiểu luôn á,
thầy kể ra cũng dz phết,
"thầy giảng rất hay và dễ hiểu, cảm ơn thầy và chúc thầy thành công hơn nữa.",
cảm ơn em nhé.,
"thầy cảm ơn em nhiều nhé, về video kaiwa em có thể tham khảo 1 số video trên tiktok: minato.nihongo nhé.",
"longedou  cảm ơn bác, bình luận có tâm quá ạ",
"longedou  bạn có học tiếng anh không vậy, mình kèm bạn tiếng anh, bạn kèm mình tiếng nhật được không ạ",
andao-zd3pn  cảm ơn bạn nhưng mình không có học tiếng anh á.,
"longedou  ò thui ạ, tiếc quá trời",
dạ cảm ơn thầy nhiều ạ,
rất cảm ơn thầy.,
"cảm ơn thầy ạ, cách giản dạy của thầy rất dễ tiếp thu ạ",
cảm ơn thầy nhiều,
thầy dạy rất kĩ và vấn đề hiểu rất sâu! thầy giúp mình có tình yêu đối với tiếng nhật và có thể vượt qua được những khó khăn. mình vẫn tin rằng: gieo nhân nào thì gặt quả đấy chúc thầy sẽ luôn mạnh khoẻ và gieo được nhiều nhân giống tốt,
em thấy trong sách có câu: anh ấy đưa tôi đi thăm thành osaka mà sách sử dụng là watashi wo oosaka mà tôi nhận hành động lại không dùng ni cũng được à thầy,
e  ơn thầy nhiều ạ.,
muốn hỏi. ai sẽ đến giúp bạn a. thì hỏi thế nào vậy ạ,
"e sắp thi n5 rồi thầy ạ,e cảm ơn thầy đã đồng hành cùng em tr thời gian vừa qua",
thật tuyệt vời cảm ơn thầy rất nhiều,
phải nói thầy dạy quá hay và dễ hiểu,
đúng gòi đừng nghĩ phức tạp. còn n1 n2 nữa chi,
thầy cảm ơn em nhiều  thầy sẽ cố gắng ra thật nhiều video có giá trị hơn nữa,
thầy cảm ơn em nhiều. đọc những dòng chia sẻ này thầy thấy có nhiều động lực để cố gắng tiếp tục chia sẻ những bài học giá trị đến các bạn hơn nữa. chúc em sớm chinh phục được hết n5 n4 em nha,
thầy cảm ơn nha. chúc em sớm hoàn thành n4 n5 nha,
"ui, tuyệt vời quá em ơi. chúc em thi đỗ nha 3",
"  vâng em sẽ cố gắng để đạt kết quả tốt và tiếp tục hành trình n 5 cùng thầy em rất mong thầy có nhiều video tiếng nhật hữu ích ạ,e chúc thầy luôn gặt hái được nhiều thành công ạ.",
kiki thầy cảm ơn em nha  chúc em sớm hoàn thành chương trình n5 và n4 nha,
cảm ơn thầy rất nhiều !,
e cảm ơn thầy nhiều ạ,
"thầy cho em hỏi cách phân biệt moraimasu và kuremasu ạ
em xin cảm ơn",
"thầy ơi, nếu người trong gia đình tặng quà cho nhau thì dùng động từ gì vậy ạ?
vd : bố tôi tặng chị tôi......",
thứ32312023,
thứ32312023,
"các bạn đừng có mà xiên sẹo nó đi nhá, phải đơn giản từ từ học nhé, thầy giáo dạy có tâm nhất vịnh bắc bộ",
cho em hỏi thầy là mình chỉ dùng ga trong hội thoại của kuremasu thui ạ chứ bình thường vẫn dùng wa chứ ạ,
thầy dạy hay lắm ạ.rất dễ hiểu ạ.,
e thấy thầy dạy hay lắm mà lúc thầy dạy thì em hiểu . rùi xong em lại quên hết .buồn,
e mong thầy dạy từ bài 26 đến 50 và năng cao luôn ạ.e cám ơn thầy nhiều nhiều lắm,
thầy chúc em học tập hiệu quả nha,
thầy chúc em học tốt nha 3,
dùng kuremasu đấy bạn,
chúc bạn học tốt nhé  3,
"nếu vậy em học nhiều lần, học xong kết hợp làm thêm bài tập để nhớ kiến thức lâu nha",
e có 1 thắc. mắc sửa chữa trong sách ghi là nhóm 1 . vậy nó là nhóm 1 hay 3 vậy thầy trong sách ghi sai à thầy,
thầy dạy dễ hiểu,
chào thầy,
thật may mắn khi được biết đến những bài giảng của thầy,
thầy giảng dễ hiểu quá ạ,
thầy dại dê hiểu quá,
"thầy dạy rất nhiệt tình và rất có tâm ạ, em chúc thầy nhiều sức khỏe và gặp nhiều thành công trong công việc nhé.",
cám ơn thầy,
"học trên lớp chả hỉu, về lại phải xem clip thầy dạy, rất dễ hiểu",
cảm ơn thầy nhìu nhé,
tuyệt vời anh ơi,
đẹp trai dạy còn hay .cảm ơn thày,
bài giảng đỉnh của chóp thank,
dùng kuremasu,
  cảm ơn thầy nhé.,
"bài rất đơn giản nhưng thầy dạy rất kỉ, em cảm ơn thầy rất nhiều",
thầy có tuyển thực tập sinh sang nhật không ạ,
"có 2 câu 
câu 1. tôi được thầy tiệp dây tiếng nhật. thầy dùng mẫu morai masu
câu 2. tôi được bà kể cho những câu chuyện cổ. thầy dùng mẫu kure masu. obaachan còn đi với trợ từ ga?
--- có gì khác nhau không hay dùng mẫu nào cũng được hả thầy",
thầy ..sao trong  câu bà kể chuyện (lại  dùng trợ từ ga. ? không phải là trợ tự ni ?),
thầy dạy không những truyền cảm mà lúc nào cũng tươi .thầy thật tuyệt vời,
em cảm ơn thầy rất nhiều.,
thật sự mong thầy tiệp làm video mới về minna quyển 2 từ bài 26-bài 50  arigatou gozaimashita,
thầy giảng hay quá ạ 3,
cám ơn thầy,
cám ơn thầy rất nhiều,
thầy ơi cho em xin video học giáo trình n3 được không ạ ?,
thầy ơi cho em xin giáo trình video học n3 nhe thầy,
thầy dạy dễ hiểu quá,
 day hay dê hiêu,
rất cảm ơn thầy.,
"thầy cảm ơn em rất nhiều, em có thể tham gia nhóm cộng đồng tiếng nhật minato dorimu trên fb của thầy để nhận được kiến thức bổ ích mỗi ngày, em nhé!",
"thầy cảm ơn em nhiều, chúc em học tốt!",
hiện tại thầy đã tuyển đủ chỉ tiêu nên tạm ngưng tuyển em nhé.,
bạn biết vì sao chưa ạ? mình cg thắc mắc chỗ đó,
dùng cái nào cũng được bạn,
"có list rồi đấy bạn, tuy cũ nhưng vẫn oke nhé, mình đang tự học trên kênh của thầy đây",
thầy đã thấy yêu cầu của bạn và thực hiện rồi kìa  thầy quá tuyệt,
phải mua b ơi,
"bạn nên đăng ký học để thầy có thêm thu nhập, miễn phí n5,n4 đủ rồi",
sen thầy dạy rất cuốn,
"230, 14052025 em đã nghe giảng xong n5 rồi, hẹn gặp thầy n4. cảm ơn thầy rất nhiều ạ.",
thầy 10 điểm không có nhưng,
cảm ơn thầy gấc nhìu ạ,
"vào lúc 10h53ph ngày 842025, em đã chính thức hoàn thành 25 bài minna, thật sự cảm ơn thầy rất nhiều vì đã đồng hành cùng em trong suốt quãng thời gian qua, cảm thấy thật đúng đắn khi chọn kênh thầy để đắp nền vững chắc cho nội dung ngữ pháp khởi đầu ạ ! em sẽ tiếp tục chọn kênh thầy để học nội dung kiến thức n4 tiếp theo ạ  chúc thầy thật nhiều sức khỏe, một lần nữa cảm ơn thầy tiệp và đội ngũ minato đã tạo ra những nội dung kiến thức miễn phí nhưng vô cùng chất lượng như này ạ !",
"cảm ơn thầy vì đã có bài giảng miễn phí và đầy tâm huyết. sẽ tiếp tục học tiếp  n4, tự học cũng gian nan phết. mất 7 tháng mới học xong khoá n5",
2942025 hoàn thành ngữ pháp n5,
em cảm ơn thầy. bài giảng dễ hiểu dễ ôn tập ạ,
"nhờ có thầy mà em đã học hết 25 bài, và em sẽ học đến bài 50 theo những bài của thầy giảng,nhờ thầy mà em cảm thấy thích tiếng nhật hơn rồi, cảm ơn thầy rất nhiều",
cảm ơn thầy,
"1532025 kết thúc n5 , cảm ơn thầy đã đồng hành cùng em trong chặn đường vừa qua",
"vừa mới học xong bài 25 của thầy, em định học xong sẽ ôn lại tất cả bài và luyện nghe, sau đó em sẽ học kanji, cảm ơn thầy vì 25 bài rất tận tâm, chi tiết",
"vô cùng vật vã và vất vả em cũng đã hoàn thành xong 25 bài trên youtube  của thầy.nhưng để chắc chắn, em vẫn đang học  lớp zoom buổi tối ở trung tâm của thầy.vừa học của thầy vừa học zoom nhai đi nhai lại mà có lúc còn quên",
16h50p ngày 10032025 em đã hoàn thành xong kiến thức n5. nhìn lại chặng đường đã qua đi cùng thầy em cảm thấy rất biết ơn và khâm phục thầy với những bài giảng rất hay và thú vị. em xin cảm ơn thầy rất nhiều và  mong rằng thầy ra nhiều video bài giảng hay hơn nữa để chúng em - những người đang bước những bước chân đầu tiên vào con đường học tiếng nhật có thể tiếp thu được nhiều kiến thức hơn ạ. và cũng mong rằng trong hành trình n4 tiếp theo thầy sẽ tiếp tục đồng hành cùng với chúng em như hành trình n5 đầy khó khăn này ạ,
cảm ơn thầy rất nhiều,
53 kết thúc n5 . cảm ơn thầy rất nhiều,
"10h ngày 2722025, đã hoàn thành xong kiến thức n5 được thầy tiệp truyền dạy lại, nhờ có thầy mà em tự tin nói kiến thức em nắm trong lòng bàn tay, thầy dạy tận tình  và cực kỳ dễ tiếp thu luôn  cảm ơn thầy rất nhiều ạ",
cảm ơn thầy,
"chúc mừng em hoàn thành xong mục tiêu n5, cố gắng chinh phục thêm n4 nữa em nha",
chúc mừng em đã hoàn thành xong hết chương trình n5. vậy là chặng đường tiếng nhật của em đã bước sang trang mới. chúc em sẽ sớm chinh phục được hết kiến thức n4 và học được thật nhiều kiến thức bổ ích từ những video thầy đăng nha,
  vâng ạ,
thầy cảm ơn em  chúc mừng em đã hoàn thành chương trình n5. tư học hơi vất vả một chút nhưng em đã hoàn thành được. chúc em sớm chinh phục được chương trình n4 nhé,
uki em nhé  tiếp tục học lên n5 nhé nga!,
đọc bình luận của em thầy vui lắm. hãy cố gắng tiếp tục kiên trì với niềm yêu thích em nhé,
"  vâng ạ,e cảm ơn thầy rất nhiều",
úi . em cảm ơn thầy nhiều thế họchọchọc. thầy cảm ơn em nhiều. chúc em học tốt nha,
"dạ không có gì đâu ạ . nói thật với thầy, em đang sinh sống và làm việc tại nhật, vì em không có chứng chỉ tiếng nhật nên mức lương của em đang không được như em mong. nên từ khi vào làm, hàng ngày em đều xem video của thầy để học. mong tháng 12 có thể đủ khả năng đỗ jlpt n3 ạ",
chúc mừng em nha  cố gắng tiếp tục chinh phục n4 nha em,
thầy cảm ơn em nhiều  đọc được bình luận của em thầy lại được tiếp thêm nhiều động lực để cố gắng làm ra thật nhiều video để gửi đến các bạn,
"  dạa, ủng hộ hết mình",
kiki vậy phải cố gắng kiên trì học em nhé!,
kiki chúc mừng em đã chinh phục được kiến thức n5. em yên tâm là n4 thầy sẽ vẫn đồng hành cùng em như n5. thầy sẽ cố gắng quay thật nhiều video có giá trị để mang đến cộng đồng tiếng nhật nha  chỉ cần em chăm chỉ học không phụ công thầy quay bài là được,
thầy cảm ơn em nhiều  chúc em sớm chinh phục hết cả video n4 nữa nha,
"chúc mừng em đã hoàn thành thử thách n5, chặng đường vừa qua em đã rất cố gắng và nỗ lực rồi. hi vọng chặng được tiếp theo em vẫn giữ được tinh thần để có thể chinh phuc được chương trình n4 nha",
kiki chúc mừng em đã bước sang chặng đường mới  cố gắng giữ vững phong độ nhé,
tuyệt vời em ơi. chúc em sẽ chinh phục được n4 sớm nha,
ui tuyệt vời quá em ơi. chúc mừng em đã hoàn thành nấc thang n5 đầu tiên trong chương trình tiếng nhật. tiếp tục duy trì phong độ để cinh phục n4 nữa em nha,
kiki thầy cảm ơn em nha,
"huhuhu, thầy trở lại rồiiiiiiiiii",
"7h tối ngày 02012025, hoàn thành kiến thức n5, cảm ơn thầy vì 1 series chất lượng, không chỉ những kiến thức có trong sách mà thầy còn mở rộng ra thêm, nhờ đó mà em có thể hiểu rõ hơn, dù chưa hiểu hết được 100 nhưng cảm ơn thầy rất nhiều. hẹn thầy ở n4 sau khi em đã ôn tập vững vàng kiến thức n5",
"em chào thầy, em đã học xong 25 bài ngữ pháp n5. em cảm ơn thầy nhiều vì đã bỏ thời gian quý báu để làm ra những bài học chất lượng như vậy ạ. thầy ơi em rất muốn học kanji nhưng chưa biết bắt đầu từ đâu, học đúng cách là như thế nào để học thật tốt mà không lãng phí thời gian. thầy có video dạy kanji n5 hoặc có lớp học kanji n5 không ạ. em cảm ơn thầy nhiều ạ.",
"cảm ơn thầy tiệp 2 vợ chồng em học thầy qua video n5 hơn 2 tháng đỗ n5 rồi ạ, cảm ơn thầy ạ",
nhờ đó mà em học xong n5,
"em cảm ơn thầy rất nhiều
những bài giảng của thầy rất hay và chi tiết",
"em cảm ơn thầy rất nhiều
những bài giảng của thầy rất hay và chi tiết",
cảm ơn thầy đã dảng cho em tới hnay,
"đặt ra cho bản thân 3 năm bên nhật sẽ giữ trong tay n1 .
mục tiêu đến đích nhất định sẽ bay hà nội để tìm đến thầy và minato vì đã cho em động lực vượt qua sau những lần bỏ cuộc.
chúc thầy và tập thể minato mọi điều tốt đẹp nhất trong cuộc sống, sẽ là nơi để các thành viên dựa vào  vững bước trên con đường chinh phục tiếng nhật!",
em cảm ơn thầy ạaa,
vd 4 15.20 sao chia bị sai thầy ơi,
em muốn hỏi về khóa học n4 em đki tnao vậy ạ,
cảm on thầy rat nhieu ạ,
cảm ơn thầy.em biết thầy sớm thì mọi chuyện đã xuôn sẽ hơn.,
kiki thầy đây rồi em ơi,
kiki chúc mừng em đã chinh phục được hết kiến thức n5. cố gắng chinh phục nốt n4 rồi học cùng thầy ở n3 nha  chúc em sớm chinh phục được mọi thử thách nha!,
em thử viết bài giới thiệu của mình rồi thầy sửa cho nha  vì thầy cũng không biết em muốn giới thiệu như thế nào,
"để giúp các bạn học thêm về kanji. thầy sẽ cố gắng sắp xếp quay và đăng lên kênh này. em theo dõi kênh, khi nào có video thầy sẽ đăng video bài giảng lên kênh nha  thầy cảm ơn em nhiều!",
em cảm ơn thầy nhiều ạ.,
tuyệt vời em ơi. tin vui nhân đôi luôn,
tuyệt vời em ơi. dấu mốc của sự cố gắng. em cố gắng tiếp tục học hết kiến thức n4 nha em  thầy đăng hết trên kênh rồi em nha,
tiếp tục chinh phục chặng đường n4 nữa em nhé!,
kiki thầy cảm ơn em nhiềuuuu,
"tiếp tục chinh phục ngữ pháp n4 luôn em ơi. thầy đăng đầy đủ kiến thức từ n4 nữa rồi, em cố gắng học nhé!",
"thầy cảm ơn những chia sẻ đầy tình cảm của em. nhất định cố gắng và trở về hn để gặp thầy và minato em nha. nhất định em nhé! 
chúc cho mục tiêu của em sẽ sớm thành hiện thực nha!",
ukii em nha,
em liên hệ qua fb nguyễn ngọc tiệp để thầy tiện tư vấn cho em nhé. thầy cảm ơn em,
ukii em nha. tiếp tục chinh phục n4 nữa em nha,
biết giờ chắc hơi muộn chút nhưng vẫn còn có thể em ơi. cố gắng bứt phá để mọi chuyện suôn sẻ hơn em nhé,
"12102024 
cảm ơn thầy rất nhiều , em đã done n5, chuẩn bị tiếp n4 thui.....",
cảm ơn thầy đã giúp đỡ,
khi về vn nhất định em sẽ đk học ôn n3 chỗ thầy,
cảm ơn thầy đồng hành cùng em trong suốt hành trình n5. chúc thầy sức khoẻ và luôn nhiệt huyết ạ,
em cảm ơn thầy rất nhiều ạ . thầy có thể làm một video tổng hợp ngữ pháp n5 không ạ . mong thầy ra một vidoe như vâỵ ạ,
vậy là đã kết thúc 25 bài học n5 rồi. cảm ơn tiệp thầy rất nhiều đã đồng hành cùng em trong suốt quá trình học. cứ khi nào chán nản muốn từ bỏ. là thầy lại tiếp thêm động lực. chúc thầy và minato ngày càng phát triển mạnhhh,
"cảm ơn thầy rất nhiều ạ. em đã hoàn thành 25 bài n5. 
hy vọng sẽ hoàn thành 25 bài n4, để có thể học tiếp n3 cùng thầy ạ.",
em cảm ơn thầy rất nhiều ạ. em xem thầy từ bài 1 giờ đã tới bài 25 rồi nhanh thật sự. chúc thầy nhiều thầy và có chia sẻ nhiều bài giảng hay cho mn,
cảm ơn thầy thế là kết thúc n5...31_07.   chuẩn bị cho chuyến bay 18-8 đến nhật thui,
"đánh dấu cột móc hoàn thành n5 tiếp tục con đường chinh phục n4 thôi cảm ơn thầy rất nhiều vì đã đồng hành cùng em trong suốt hành trình từ bài đầu tiên đến bài cuối này 
cảm ơn ạ thầy dạy rất dễ hiểu ạ",
"cảm ơn thầy ,cuối cùng cũng học xong 25 bài n5 .chúc thầy sức khỏe ,1572024 ,đã bắt đầu học n4 với minato rồi thầy ạ.cố lên",
mong rằng thầy có một bài tổng hợp ngữ pháp của n5 ạ,
"thật sự cảm ơn thầy nhiều
từ những video của thầy mà chưa đầy 3 tháng em đã học xong n5.
thật sự bài dạy của thầy rất kỹ và dễ hiểu.
 cảm ơn thầy",
"thầy cho em hỏi là từ yo ku trong câu: nếu uống thuốc thì tình trạng sẽ khá lên, nó gốc là tính từ đuôi i mà đổi qua yoku thì thành trung tâm đuôi na sao ah, vì thầy để là yoku ni naru yo",
thả tim cho thầy ạ,
bài 25 rồi.nhờ thầy mà phần ngữ pháp của em không bị lung lay. so với một người vừa học tranh thủ như em thì đây là một quá trình vừa dài vừa vất vả. cảm ơn thầy và mọi người ạ. sẽ cố gắng hoàn thành nốt chương trình n4 nữa để đăng kí lớp học của thầy,
đki khoá học thì bạn thầy.kanjji đọc hiểu,
tuyệt vời quá. chặng đường n4 tiếp tục cố gắng nhé em!!!,
nhất định em nha  hẹn em ở n3 nha,
thầy cảm ơn em nhiều nha. chúc em sớm chinh phục được n4 nữa nha,
thầy cảm ơn em nhiều nha. cố gắng chinh phục hết kiến thức n4 nữa em nha,
"kiki tuyệt vời, tiếp tục học thêm 25 bài của n4 em nha",
"kiki.cảm ơn em nhiều. thầy chúc mừng em đã hoàn thành 25 bài n5, cố gắng học xong luôn n4 thầy đăng rồi nha.",
kiki chúc mừng em. cố gắng tiếp tục chinh phục n4 nữa nha. chúc em có chuyến bay may mắn,
kiki tuyệt vời quá em ơi. chúc em sớm chinh phục được thêm n4 nha,
cố gắng lên em nha. những chặng đường mới đang chờ em đến chinh phục 3,
thầy cảm ơn em nhiều nha. thầy hi vọng là các bạn học tiếng nhật cảm thấy dễ và thích để khi ở nhật không bị thiệt thòi. em cố gắng học lên cả n4 luôn nha. thầy có chuỗi bài n4 nữa đó em,
"tuyệt vời quá em ơi. thầy vui quá. hành trình nhìn cứ tưởng đơn giản nhưng lại không hề, nó lại càng khó hơn khi em tự học. em cố gắng chinh phục nốt chương trình n4 nữa là rất tuyệt vời. nhớ dành thời gian làm thêm nhiều bài tập trong cuốn mina nữa nha em nha 3",
cảm ơn thầy siêu nhiều ạ! từ 1 đứa không thuộc bảng chữ cái 3 năm trước đến việc học hết 25 bài đối với em đã là 1 sự cố gắng của sự vượt qua chính mình. 1 phần công hầu hết là ở thầy vì thầy dạy quá hay quá hiểu bài luôn ấy ạ. hóng được học tiếp giáo trình n4 ở những video tiếp theo của thầy a!!!!!!!!!!!!!!!!!!!!!!,
"cảm ơn thầy rất nhiều, mến chúc gđ thầy nhiều sức khoẻ hạnh phúc và thành công",
khi không bài mà buồn ngủ..e cũng đi ngủ luôn,
đến 10h sao lại là nát tà rà vậy mn,
chúc thầy thật nhiều sức khỏe,
e cảm ơn thầy rất nhiều ạ,
cảm ơn thầy thật nhiều,
mới đó đã hết quyển n5 rồi  sau 6 tháng học tiếng nhật sau 6 tháng xxem thầy minato cuối cùng  em cũng đã chinh phục được n5,
cảm ơn thầy những bài giảng vừa qua. nó đã giúp em được rất nhiều trong quá trình học. chúc thầy thật nhiều sức khoẻ. một năm mới thật thành công ạ,
"xem video của thầy em hiểu bài hơn nhiều, trước kia chỉ mua sách về học chay không ai chỉ khó dã man",
cảm ơn tiệp thầy,
"cám ơn thầy rất nhiều ạ, thầy giảng dạy rất dễ hiểu. chúc thầy luôn mạnh khoẻ",
"em đang tự học theo những video của thầy. thầy dạy rất hay và dễ hiểu ạ.
em chúc thầy năm mới nhiều sức khỏe và công tác tốt ạ.",
cảm ơn thầy về 25 bài giảng rất hay và bổ ích ag,
"ui, sao lại tuyệt vời như thế này. thầy quả thật là vui lây luôn ấy 
quả thật, sau thời gian dạy tiếng nhật, thầy thấy các bạn dễ nản vì chướng ngại ban đầu học rất lớn. trải qua được khó khăn đầu tiên bảng chữ cái, khó khăn tiếp theo là bài số 7, rồi bài số 14, 22... tỷ lệ các bạn bỏ cuộc cũng nhiều. thấy vậy nên thầy càng muốn làm những bài giảng miễn phí, nhưng vẫn dễ hiểu và thu hút để các bạn có thể thoải mái nghe giảng.  thầy chúc mừng em đã học đến bài 25 và vượt qua nhiều chông gai như vậy rồi nha 3 
thầy có đăng ngữ pháp và từ vựng n4 rồi. em yên tâm tiếp tục học theo nha",
thầy cảm ơn em nha. chúc em sớm hoàn thành chương trình n5 và n4 nha,
thầy cảm ơn em nhiều nhé,
em chụp lại hoặc xem ở phút thứ bao nhiêu đoạn mà em thắc mắc giúp thầy nhé,
thầy chúc em học tốt nhaaa 3,
"thầy chúc mừng em nhé 
tiếp tục chinh phục n4 em nhé",
  dạ em cảm ơn thầy nhìu ạ em sẽ cố gắng chinh phục n4 ạ,
thầy cảm ơn em nhiều nhé. chúc em học tốt và chinh phục hết các chặng đường của tiếng nhật nha,
thầy chúc em học tốt nhé,
thầy cảm ơn bạn nhiều nha. chúc bạn học tốt nhé  3,
thầy chúc em học tốt nha 3 chúc em thật nhiều sức khoẻ nhé,
thầy chúc em học tốt nhé 3,
"cảm ơn các bài giảng của thầy rất nhiều ạ. học rất dễ hiểu và dễ nhớ. em chuẩn bị thi n5, nhờ ôn từ các video của thầy em đã vững ngữ pháp hơn rồi ạ. thực sự thầy dạy quá có tâm và dễ hiểu ạ.",
cuối cùng cũng học xong hết 25 bài của thầy. thật sự rất biết ơn thầy ạ. em sẽ cố gắng tiếp tục với n4 của thầy. chúc thầy luôn thành công trên con đường sự nghiệp của mình ạ,
n5 học giáo trình minano thì chỉ cần xem video của thầy thôi chứ không nên đi học ngoài tốn tiền. học trung tâm lơ tơ mơ về học đây mới hiểu.,
"theo học thầy từ đầu tới cuối thực sự rất dễ hiểu về phần ngữ pháp, vì thầy cho khá nhiều ví dụ để áp dụng. cảm ơn thầy đã khiến tiếng nhật dễ dàng hơn phần nào đối với em. một lần nữa cũng cảm ơn minato và thầy tiệp đã có những video như thế này ạ.",
cảm ơn thầy rất nhiều ạ!!,
cảm ơn thầy rất nh ạ,
thầy có còn đọc bình luận những video cũ như này không ạ. cảm ơn thầy nhiều. dạy quá có tâm và dễ hiểu ạ.,
"15:03 sao thầy đọc là hima datrung tâmara, mà màn hình lại ghi là himanara vậy thầy?.",
thầy dạy rất dễ hiểu may mắn em đã tìm ra được chân ái,
nếu biết đên thầy sớm hơn thì em may mắn quá rồi,
thầy chúc em học tập tốt nha,
thầy chúc em học tập t ốt nha  em theo dõi page cộng đồng tiếng nhật minato dorimu để tham khảo thêm nhiều tài liệu bổ ích nha,
thầy vẫn theo dõi thường xuyên em nhé  thầy chúc em học tập tốt nhé,
em cảm ơn thầy,
. đây cái ít năm sau qoay lại coi mình học lên được n bao nhiêu,
thay co phần nghe so cap n5 de di thi không a.cho em voi,
học thầy dễ hiểu thực sự. cảm ơn thầy.,
himadatrung tâmara hay là himanara vậy thầy,
cảm ơn thầy rất rất nhiều ạ 44:06,
"vậy là sau 3 tháng vừa xem vừa học thầy giảng 25 bài n5, em đã có nhiều bước tiến mới trong việc học và chinh phục tiếng nhật. em xin cảm ơn thầy nhiều.",
cám ơn thầy,
cảm ơn thầy xem thầy từ bài 1 đến giờ,
"kết thúc trọn vẹn, cảm ơn rất nhiều",
theo chân thầy từ bài 1 đến bài 25. cảm ơn thầy,
thầy giải thích cho em khi nào dùng suru toki với shiteiru toki được không ạ ?,
"cảm ơn thầy rất nhiều ạ , thực sự rất biết ơn thầy ạ , những bài giảng rất hay mà không hề nhàm chán chút nào ạ , arigato gozaimasu",
thầy nói thì chuẩn mà nhìn chữ đọc lắm cái nhầm,
"đơn giản thôi em ạ, là khi làm gì, và khi đang làm gì, cứ theo đúng ngữ cảnh mà áp dụng em ạ.",
mất 3 tiếng để đứng sát màn hình quay video thì không tránh khỏi nhìn gà hóa quốc em à,
"biết đến thầy qua một người bạn, rất may mắn khi đi được thầy chỉ dạy từ bước chân đầu đến bước chân 25, cảm ơn thầy rất nhiều ạ.",
giờ mới biết hồi trước đọc câu ikura taihen demo bắt nguồn từ đâu rồi. .,
lời cảm ơn chân thành gửi đến thầy,
thầy dạy dễ hiểu lắm ạ. em cảm ơn thầy nhiều ạ,
cảm ơn thầy  rất nhiều,
vậy đã hết 25 bài kô biết nói gì hơn ngoài 2 lời cảm ơn thầy chúc thầy nhiều sức khỏe thành công và hp ah,
e cảm ơn thầy rất nhiều ạ,
"em cảm ơn thầy rất nhiều, đã giảng dạy cho mọi người, em học rất dễ hiểu ạ!!!",
"theo chân thầy từ bài 5 đến giờ
nhanh thật",
thầy dạy tỉ mỉ dễ hiểu thật tụyêt vời,
thầy dạy hay quá kĩ kang và em hiểu dễ nữa,
"lời đầu tiên em cảm ơn thầy nhiều , mới ngày nào bài 1,2 mà đã theo thầy hết bài 25 ,em cảm ơn nhiều ạ",
thầy cảm ơn em nhiều nha,
cảm ơn em nhiều nhé. chúc em chinh phục tiếng nhật thành công nhé.,
hiện tại bạn ntn ?,
thầy rất vui khi những video này giúp ích được cho e.. chúc em học tốt nhé,
thầy là ido tiếng nhật của e,
cảm ơn thầy rất nhiều ạ.cảm ơn tất cả lòng nhiệt huyết của thầy ạ,
１５７２０２２ em học 3 tháng cuối cùng cùng xong . cảm ơn thầy đã ra những bài giảng bổ ích như này ạ,
em cảm ơn thầy đã giúp chúng em đạt được giấc mơ của mình ạ 3,
cảm ơn thầy rất rất nhiều ạ,
em cảm ơn thầy rất nhiều,
em cảm ơn thầy nhiều ạ những bài giảng rất nhiệt huyết tận tâm của thầy,
cuối cùng cũng xong,
mong thầy làm từ bài 26 trở đi nữa. chứ em thích xem video thầy lắm,
c.ơ thầy rất nhiều ạ,
em cảm ơn thầy nhiều ạ,
  nhờ thầy em mới có sự tự tin giao tiếp với người nhật em cám ơn thầy nhiều ạ,
"em tự học nên tất cả thành quả đều dựa trên sự kiên trì, nỗ lực của em mà có. thầy chúc em tiếp tục kiên trì chinh phục tiếng nhật nhé.",
  dạ em cám ơn thầy nhiều ạaa,
"thầy cảm ơn em nhiều, em có thể tham gia nhóm cộng đồng tiếng nhật minato dorimu trên fb của thầy để được giao lưu học tập cùng các bạn và được cập nhật kiến thức bổ ích mỗi ngày nhé!",
"thầy cảm ơn em nhiều, em có thể tham gia nhóm cộng đồng tiếng nhật minato dorimu trên fb của thầy để được giao lưu học tập cùng các bạn và được cập nhật kiến thức bổ ích mỗi ngày nhé!",
cảm ơn em đã xem và ủng hộ thầy nhé. có gì còn không hiểu thì em cứ bình luận để thầy hỗ trợ nhé!,
"thầy cảm ơn em nhé, thầy cho em thêm 2 tháng để hoàn thành 50 bài nhé. video của minna 2 cũng có trong kênh của thầy. còn nếu em không tự học được thì đăng ký khóa học online của thầy nhé, rất rẻ mà lại được support, giao bài tập, check bài tập hàng ngày.",
vậy là đã em đã hoàn thành n5 rồi nhỉ? em có định học luôn n4 không?!,
thầy cảm ơn em nhé!,
"  dạ
e cảm ơn thầy ạ",
"thầy cảm ơn em nhiều, chúc em học tốt nhé!",
"thầy cảm ơn em nhé, em có thể tham gia nhóm cộng đồng tiếng nhật minato dorimu trên fb để có thêm kiến thức và bài học hay mỗi ngày nhé.",
"thầy cảm ơn em nhé, em có thể tham gia nhóm cộng đồng tiếng nhật minato dorimu trên fb để có thêm kiến thức và bài học hay mỗi ngày nhé.",
"thầy cảm ơn em nhiều, em có thể tham gia nhóm cộng đồng tiếng nhật minato dorimu trên fb để có thêm được thông tin bổ ích mỗi ngày nhé.",
"thầy cảm ơn em nhiều, em có thể tham gia nhóm cộng đồng tiếng nhật minato dorimu trên fb để có thêm được thông tin bổ ích mỗi ngày nhé.",
  luôn ủng hộ thầy như cách thầy ủng hộ em 3,
thầy ơi video ngữ pháp n4 là trong khoá online mới có đúng không ạ. thầy cho em xin giá khó online để em có thể xem tiếp các video ngữ pháp ạ,
"thầy ơi biết thầy từ việt nam hôm nay em đã qua nhật rồi vẫn ngồi học bài giảng của thầy. thầy quá vi đại trông mắt chúng em,cảm ơn sự tâm huyết của thầy, chúng em sẽ cố gắng học giỏi để không phụ lòng thầy",
rất rất cảm ơn thầy !,
"thật sự thầy dạy rất hay và tâm huyết ạ.
cảm ơn thầy vì đã giúp em lĩnh hội được tốt nhất kiến thức của 25 bài đầu trong giáo trình minna no nihongo 1 ạ.",
cảm ơn thầy tiệp rất nhiều. bài giảng rất hay và dễ hiểu.,
rất cảm ơn những bài dạy của thầy tiệp ạ. hi vọng thầy cho ra những video ngữ pháp n4 nữa ạ.,
"em cám ơn thầy 25 bài học vừa qua, thầy dạy dễ hiểu lắm ạ. em chúc thầy luôn mạnh khỏe và gặt hái thêm nhiều thành công ạ.",
cảm ơn thầyrất nhiều ạ,
em cảm ơn thầy rất nhiều,
thầy dạy hay quá ạ.không chỉ có kiến thức mà thầy còn truyền rất nhiều động lực trên con đường chinh phục tiếng nhật của mn.thật sự cảm ơn thầy rất nhiều ạ.,
theo thầy  từ bài 1 đến giờ cảm ơn thầy trong thời gian vừa qua rất nhiều tiếp tục chinh phuvj n4 thui :,
"vậy là đã theo thầy từ bài 1 đến đây rồi. sẽ tiếp tục theo thầy giáo trình n4.
xin cảm ơn thầy rất nhiều. 
chúc thầy luôn khỏe mạnh và hạnh phúc ạ !",
"thầy, giảng rất dễ hiểu ạ",
"25 bài qua thật tuyệt vời , em cảm ơn thầy   rất nhiều !",
mong chờ từng ngày  thầy ạ,
thầy ơi thầy ra thêm n4 đi ạ,
  vâng. em cảm ơn thầy đã trả lời ạ.,
sau 2 năm được n1 chưa bác,
các bạn xem sau cố gắng học tốt để lại bl ủng hộ thầy,
bài học cuối rồi,
rất cám ơn thầy,
"thầy dạy hay quá, thầy làm clip dạy n4 với n3 đi ạ",
thích thầy dạy lắm ạ! mong rằng thầy sẽ có những bài giảng thú vị nvaz ạ,
thầy dạy rất hay và dễ hiểu ạ em cảm ơn ạ,
hay lắm ạ,
thầy giảng tỉ mỉ qá thầy có thể làm clip dạy lại n3 như n4-5 không ạ,
thầy chỉ cách học từ vựng nhớ lâu và tốt nhất đi ạ,
thầy hát hay thế mà nói không biết hát,
"bạn giảng hay quá,chúc bạn ngày mới vui vẻ",
sê ơi sê làm video về đề thi jlpt  n4 đi ạ ( mong sê ra video sớm ạ ) vì sê dạy rất dễ hiểu và tỉ mỉ ạ,
thầy thi thức khuya dạy sớm làm bài trò thi không lo mà học,
rất cảm ơn thầy.,
cảm ơn thầy nhiều ạ,
n4 thì có rồi còn n3 phải bỏ tiền ra học chứ ai dạy miễn phí bạn,
chị lan anh cũng xem thầy tiệp à,
"t cũng thấy lạ ( hima datrung tâma ra  nếu rảnh  trung tâm đuôi na bỏ na  datrung tâma  ra ) câu ví dụ số 4 
nhg thầy vẫn đọc là  hima nara ?",
đúng vậy ta nên dùng datrung tâma ra nhé,
thầy lmvideo tổng hợp bài  sơ cấp đến n4 được không ạ,
thầy giảng hay quá cảm ơn thầy á,
em cảm ơn thầy,
"ừm hé, hóng ké.",
