Comment,Label
Nhân cách của ông này đéo bằng bãi cát dưới chân t .,1
Cái ông già đó làm thầy giáo làm gì nữa cho ổng đi luôn đi tôi dạy cho ông không kiếm được việc làm gì khác nữa đâu nghèo chết luôn cũng được nghĩ sao mưa lớn mà đeo tai nghe vào giảm bớt mưa không bị khùng hả mưa lớn đeo tai nghe cũng vậy à,0
thầy dì mà kì vậy,0
Thầy giáo mất dậy,2
Có tài mà không có đức cũng như không,1
Thầy giáo nói đúng mà. Nhưng mà....hành xử như 1 đứa con nít và không có đạo đức. Chuyện cắt bớt clip hay không cắt bớt thì cách nói chuyện 1 ít vậy mọi người thấy rõ rồi. Chứ nghe cả buổi chắc cho ổng lên báo,0
Thầy như cái đầu bui,1
Lớp tui cũng vậy mỗi lần nghe không rõ hỏi lại bị chửi,1
Thầy giáo vì không có đạo đức,2
"không dạy được cho đàng hoàng thì nghỉ việc con mẹ nó đi cho khỏi mệt , giảng bài không nghe rõ thì giảng lại có chút xíu thôi mà cũng vậy thì dạy làm gì??",0
"Ksao ksao, không có lỗi gì cả, thầy làm thế, chơi bời kìa",1
Ông thầy như cccc hahah,1
Kim jong un đã có mặt tại Việt Nam,1
Là thầy giáo kiểu gì mà nói năng ngộ vậy ? Có suy nghĩ trước khi nói không đấy ?,0
Ông thầy coi chựng tui đó bình thường ông đâu tui đốt nhà ông chôm ông xuống dưới đất,0
Ngày xưa ông đồ dạy được là có cả tài lẫn đức bây giờ có mấy ông bà tốt nghiệp đi dạy chả ra gì không tài không đức mà vẫn dạy được đúng thật là đời,0
Đuổi thầy giáo ra khỏi trường,1
"Mình cũng đang đi dạy. 
Rất coi thường loại GV như này, rất ảo quyền lực. 
Học sinh hỏi bài là rất đáng quý, là gv mà gắt gỏng là yếu kém về mặt sư phạm.",0
thầy giáo vô đạo đức mà cũng đòi dạy,0
đúng,0
Nói được làm được nha ku,1
thầy kiểu gì vậy,0
(^^),1
Ủa giảng lại để tiếp thu kiến thức chứ sao,1
thấy giáo có tri thức mà chẳng có đạo đức gì cả,1
Có ăn học nhưng lời nói không băng môt người nông dân,1
Má nó mắt dạy người ta đống tiền cho máy đứa nhỉ đi học mà không cho thằng nhỏ học,1
Ông thầy đó mặc váy kìa,1
Thầy giáo không biết học online,2
"Từ từ, chúng ta không biết trước đó như thế nào. Chúng đa đang phán đoán dựa trên 1 đoạn video cắt lởm khởm. Điều này rất có thể là do bạn nam sinh kia cố tính cắt ghép, hòng đóng vai nạn nhân.",0
Có tài mà không có đức làm gì cũng vô dụng,0
Trực xúc ông thầy chóooooo,0
????????????,1
Khoa Điện _Điện Tử mà gặp mưa nữa nên thông cảm chút,0
iu anh này quá thầy gì mà láo hế,0
Ông thầy như gì ấy nói chuyện vô duyên cực không hiểu sao làm thầy giáo được trường bị mù mắt rồi à,0
Chắc con cháu nhà thầy cũng không có miếng duyên nào đâu gv gì mà kì cục hs không bình thường thì giảng lại cở t mà chửi t vậy là thời ổng tới,0
Đè đầu cỡi cổ học sinh,1
"Nữ sinh thì đổi tình lấy điểm còn  thằng đực a đeo cần  , lót tiền cho thây qua môn thôi",1
Cái loại người này thì còn biện hộ cái gì. Là một đoạn ngắn nhưng cũng đủ để phản ánh cái đạo đức tồi tàn của giảng viên rồi.,1
Ko phải vô dụng mà là bỏ đi,0
"Thằng này là thầy giáo đó hả mọi người,t nghe nó nói chuyện mà t cứ tưởng đâu là bên nghiệp vụ bị sổng chuồng,nên nó chạy bậy qua đây,nên nó hơi dữ cứ nghe mấy em SViên nói ra câu nào là nó táp liền câu đó,gần cuối nó sợ hết nên nó tranh thủ táp liên tục luôn trời,tội cho mấy e SV,học onl like đã mệt rồi,mà nghe còn không rõ nữa,hỏi lại thì bị chó điên cắn nữa,thì làm sao các e SV học vô được,mong nhà trường xem xét lại trường hợp này,chứ nó đã điên rồi,nó đã không được bình thường rồi,mà còn bắt nó dạy học nữa,cho nên nó mới cắn bậy như vậy đó",0
Thầy này có tri thức nhưng không có đạo đức khác gì rác rưởi ?,1
Tui thấy thầy giáo nói vậy là không hay,2
Bắt công An liền,1
28 Anh này tôi không nghe gì cả đi ra khỏi lớp,1
Uầy uầy tôi tên Trường Thịnh,1
Dm thây Cô Tao Mới bi dinh chi,1
Còn cái ông thầy mất dạy,0
làm giáo viên mà làm kiểu đó thì khỏi làm cho r,0
Vô duyên bất lịch sự,0
thay nhu loz,1
Nam mô a Di Đà Phật,0
Xưa mình học tại lớp học mà thầy còn bảo :cái gì các em không hiểu được thì mạnh dạn nói thầy giảng lại .sao giờ này có loại này mà thầy giáo nhỉ,1
"Dm cái thằng này mà là thầy giáo ,sau này đi làm giang hồ mới đúng chứ .",0
Sao ông trời. Không mưa ở ông thầy để sấm sét đánh cho  thủng lỗ tai thầy ra nhị,0
Mưa toa không nghe thì  nhắn tin cho em ấy  làm bài gì gì đó mưa ai mà nghe,0
"Đạo đức nghề giáo của thầy rớt rồi, lụm lại đi thầy.",2
lạ,1
"Mấy a nam sinh kểu đó sau này thành tài học xuất xắc lắm á , chớ người mấy người bình thường là bỏ qua luôn không qtâm rồi (ý kiến riêng)",0
Cái loại thầy giáo md không có đạo đức về mà học đạo đức lại đi,0
"A đù, tới khi ông thầy không nghe...ổng cũng đuổi người ta....",1
Lắm chửi quá ha ? Nhờ ph nói giúp anh ấy nếu không nói thì ông nghỉ làm thầy ik ha ? Dạy chi ok,0
Mưa 5o thì mình đeo tai nghe vô lắm gì mà ch. ửi v ha z lúc nhỏ ngta nói m z sao ?,1
Có tri thức nhưng kém đạo đức,1
Ko biết dạy thì làm thầy giáo để làm gì,2
Thầy chơi vậy hơi quá nha,2
Cái đạo đức bỏ đâu rồi,1
nhà trường thử kik thầy ra khỏi trường đi,1
Quá tệ,0
Ông thầy gì kỳ cục vậy dạy được thì dạy không dạy được thì thôi mẹ con cái nó có biết gì đâu,0
Đuổi việc là đúng rồi,0
Quỷ yêu chứ thầy gì ngần này.,2
"Ông thầy này không có đạo đức
Chắc đuổi ông ra khỏi trường khỏi dạy",1
có tài mà không có đức thì cũng vứt vào sọt rác,1
0,1
Vậy thằng thầy này đeo có tai.nen không muốn nghe sinh viên giải thích.vi có giải thích thì nó cũng có nghe được đâu.,1
Làm ơn cho tao biết tên thằng thầy này với.day trường nào.o tinh nào,2
thầy giáo thật quá đáng,2
Thầy này mà gặp t là chỉ có nghe t chửi,0
"người có kiến thức chưa chắc có đạo đức, thầy giáo vậy chắc chắn bị đuổi việc rồi",1
Giảng được thì giảng không được thì thôi chứ mắc gì phải đuổi,0
"Thầy này không xứng về vườn, vô tù xứng hơn nhiều! Vô đạo đức thì không làm được gì!!!",1
Chắc tôi là tôi cho thầy này một cái tràng free fire luôn rồi quá,0
quá bức xúc,0
0:14 Kêu Công An bắt liền,1
ông thầy này kì ghê luôn á,0
Thầy giáo như thế nào nếu cả lớp đồng lòng out hết cho ông thầy nhớ đời,2
Thầy cac,1
Gặp t là t rời luôn r,0
Ai ai chẳng có điểm yếu bạn Tuỳ người có nhưng không biết giữ bạn hiểu không,0
Thằng thầy giáo bị ngáo á. Đuổi luôn đi. Nhận tiền giảng dạy mà như bố đời thế á,1
"Tháng 8, Tháng 9, Tháng 10, Tháng 11, Tháng 12, Tháng 1, Tháng 2, Tháng 3, Tháng 4, Tháng 5",1
Cho thằng thầy này mất dạy luôn đi.,0
WTF,1
"Cậu học sinh trong clip này chỉ vì trời mưa to mà bị đối xử như đứa nghịch ngợm, thật không gì vô lý hơn. Mưa to không nghe rõ, đâu phải lỗi của cậu ta. Tôi thật không ngờ ở thế kỷ 21 mà còn xót lại loại thầy giáo thời thực dân phong kiến đô hộ. Rõ ràng trình độ học vấn của ông ta không thể đem ra mà đo trình độ văn hóa. Hiện giờ ông ta còn dạy học không? Nếu còn, ông ta đã hiểu ra ông xứng đáng làm thầy không? Nhà trường có thay đổi qui chế tuyển dụng thầy giáo không?",0
thầy gì mà kì vậy không thấy thầy nào như thầy nào,2
ảo thật,0
ai có sách đắc nhân tâm kêm đạo đức mẫu giáo tặng cho ông thầy này đi,0
Thầy giáo chắc kiếp trước ăn hành nhiều lắm,2
Thầy ác lắm rồi đó nha,0
Ông thấy nổ mẹ địa chỉ nhanh,0
Thầy giáo này như cớt !!!!!!!,2
Thầy kiểu chi vậy?,0
Thầy có thể là thay này moi ngày ăn cuc nên moi thiếu dao duc nhu z^^,0
Thầy đi làm vì lương,1
ông thầy này không xứng làm thầy,0
Thứ không có đạo đức nghề nghiệp mà lại chọn nghề giáo viên,0
Báo cảnh sát 113 đi,0
Thầy giáo dang sĩ nhục sinh viên của cả lớp,2
Buồn quá sinh viên đang học online bị thầy đuổi ra khỏi lớp online tội nghiệp sinh viên quá thầy giáo dạy học online không có tâm gì cả mà làm thầy giáo dạy học online làm gì cho buồn phiền,0
"Tội nghiệp sinh viên quá đang học online nói thầy trời mưa không nghe rõ nhờ thầy giảng lại bị thầy đuổi tất cả học sinh , sinh viên ra khỏi lớp online tội nghiệp sinh viên quá thầy dạy online không có tâm gì cả",0
Có tài mà không có đức cũng v thôi,0
Tôi xin tài trợ thùng xốp,1
Thằng thầy này chắc phải lên án thôi,0
Đuổi việc ông thầy này đi,1
Ông thử ở đó đi rổi ông biết,0
Thằng thầy trong lip này đáng bị đuổi,1
"Ông thầy nói hơi quá, nhưng tui thấy nếu có giảng bài lại thì em học sinh kia chưa chắc nghe rõ gì trời mưa, 
học sinh có thể lưu video giảng bài khi nào hết mưa thì nghe lại (có thắc mắc gì tiết sau thì hỏi) , 
Nếu giảng lại sẽ mất x2 thời gian của học sinh khác , 
Tất cả bình tĩnh điều có thể giải quyết",1
La 1 giao vien khi hoc sinh không nghe ro hay chua hieu bai thi giao vien phai co trach nhiem giang lai do moi la gia vien tot doi voi ong thay nay la nguoi không co dao duc thi không the  chap nhan vao nganh gi het an noi doi voi hoc sinh thieu van hoa tay chay,1
Từ đầu đến cuối tui đều nghe tiếng mưa to luôn á,0
Thầy đi dạy để làm gì ...thầy ở đây thì chết mịa thầy,2
"Nhà trường đuổi việc thầy đi hộ cái,giảng lại có sao đâu mà nặng lời vậy,nhà trường tặng kèm sgk đạo đức cho thầy nhé",1
Làm thầy giáo thì chưa chắc đã có trí thức,1
tại bão yagi mà ồn đúng rồi,0
"ủa vụ này chìm rồi hả mọi người, không thấy kết quả đâu hết. chắc ém được rồi ha",1
Thằng thầy này mọi người nên xem lại,0
dậy học bao năm mà không cân nhắc việc mình làm là thấy không ổn rồi,1
Trường nào mà có thầy cô thái độ lòi lõm thì đừng mong phụ huynh người ta thông cảm nha,1
ông thầy chắc không có não đâu,0
Cho ổng nghĩ là vừa. Thầy vậy sao mà dạy học sinh.,0
Thầy giáo hay là đầu đường xó chợ vô văn hoá? Như vầy không đuổi khỏi ngành thì chờ đến bao h.,2
Tùy người thôi chứ tôi là hs khác tôi không ngồi yên để ông thầy nói vậy đâu ?,0
Sao ông thầy nết vô duyên v,1
"Nếu không có khả năng thì nghỉ mẹ đi đừng làm giáo viên nữa, làm giáo viên mà như vậy thì vứt, có tài hay không thì chưa biết nhưng thấy là không có đức rồi",1
"Ông,thầy,mất,dạy",0
Có phải đâu,0
Video 3 năm trước rồi mẹ,0
Vậy cho nó nhanh,0
Vậy Nghỉ học đi qua trường khác học,1
Thằng thầy mà gặp tôi là câm như hến khoá mồm rồi,0
hóng kết quả vụ này,1
Neu đung nhu thì đuổi cô thang thấy giáo đo đi,1
"Ổng làm như nhà ai cũng có tai phone vậy, lỡ người ta mua máy tính nhưng chưa có tiền mua phone rồi sao, học sinh chứ có phải người đi làm ngoài xã hội đâu, tui khi xưa nhà nghèo được sắm cho cái máy để học mà phải giành dụm tích góp cả tháng mới có tiền mua phone",1
Tôi  là học sinh mưa thì tôi kêu đổi trường,1
mọe ông thầy như cái gì gì ấy là tôi tôi nghỉ luôn,0
"Thay giáo vô văn hóa quá, vô đạo đức, vô lương tâm",1
Đồ không có ý thức đồ không có đạo đức,1
Thầy này chắc lương 2 triệu,0
Thầy giáo kiểu này thì noi gương  cho học sinh kiểu gì,0
Không có đạo Đức thì đừng chọn nghề này,1
Thầy giáo mà không có tí đạo đức nào,0
Tại thầy mất da ị mà,0
Gặp tôi thằng thầy này rén ngang liền,1
Người có chi thức nhưng mà chưa chắc đã có đạo đức,1
Thầy giáo đó hả trời,2
ai cho ổng dạy hay v,0
đạo đức bé xíu như con kiến vl luôn,1
Gặp tui tui chửi thẳng luôn dù gì hả thầy dậy kiểu đấy nhận tiền mà hả dạy kiểu mất hết lương tâm dù sao cũng bị đuổi tui chửi thẳng luôn thầy kiểu đấy mong nhà trường thấy được đuổi vc thầy cho học sinh đỡ cực có thầy cũng như không,1
Thầy giáo này khó tính thấy sợ luôn!Nghe không rõ thì đuổi ra khỏi lớp.,1
Ông thầy kỳ cục quá học sinh nhà đang có mưa thì cứ nói lại đi mà chửi học sinh biết chửi là một việc sống không đó là một việc rất là hỗn nó cũng chính là học sinh của mình mà nấu lẩu lâu lâu đại học thì sao thì ông đừng bao giờ nhớ nó nữa nhớ nó làm chi nó còn không bao giờ gọi tên ông mà một tiếng thầy nữa rồi đó biết chưa,0
Thấy thầy này nên bị đuổi ngay đi á,0
"Thầy có đủ tứ tri , nhưng lại vô tri",1
Ông thầy thế này chẳng khác gì tính cách của Nờ Ô Nô ngày xưa đâu,1
"Có cái khúc thầy không nghe thấy kìa sao thầy không thoát ra đi ,không có tai mà đòi nghe học sinh nói",1
MÁ ông thầy mất dại cho về học trường cải tạo đáng sợ rồi bắt ổng nộp tiền  bồi thường cho tất cả học sinh rồi vứt ổng vô xọc rác cho rồi ai đồng tình like >:(,1
thầy mất dạy,2
"Người thấy có tri thức,nhưng không có đạo đức",1
Chắc ông thầy ms thất tình,0
Gặp tui vô cái lớp này là tui tự out máy có mic với cam đâu mà bật nếu nói vậy khác gì nói máy người giống tui khuyết tật à gặp tui trong cái lớp đó là tui đem clip lên trường gặp giám thị để hỏi luôn dịch mà chắc cũng có giáo viên trên đó mà (học online lúc nào tui cũng quay video để đỡ trống ổ cứng),1
オンラインで勉強していたら質問するためにクラスから追い出されたのが残念です,1
Chắc cậu bé vui lắm,0
Ông thầy mắc dại!!! Chó đẻ chứ éo phải người,0
Có tài mà không có đức thì cũng chỉ là đồ bỏ đi.!,0
Đuổi bà luôn,1
"Mọi người à, chữ sinh viên mọi người viết rõ ra đi chứ viết SV hay sv tui lại hiểu nghĩa khác trước rồi mới nhớ ra à là sinh viên, ôi tôi đã bị MXH tha hóa rồi",0
Bạn cũng nên report tài khoản google của ổng để ổng khỏi phải dạy học online nữa cho ban hẳn tài khoản vì đ*o thành người ( lựa chọn đồng tình ),0
AI ĐỒNG Ý THUÊ GIANG HỒ ĐẾN TẠT AXIT NGƯỜI NHÀ CỦA THẦY THÌ LÊN TIẾNG ĐI!!!,1
lúc nào cũng bảo có gì không hiểu cứ hỏi thầy cô nhé mà mở mồm ra hỏi một câu thì tỏ thái độ luôn,1
Ko thể chấp nhận đ đuổi mẹ việc luôn đi,1
Ông thầy khốn nạn,0
Giờ là 2024 rồi! nhìn lại sự Việc thì thấy thày giáo xử lý đúng kh6ong vì một cá nhân ảnh hưởng tiến độ của tập thể đuổi ra khỏi lớp là đúng!,0
Thầy thông minh nhưng chưa chắc thầy đã có đạo đức,1
Mai mốt trả báo lại con của thầy,2
"Giờ con mới biết , sẽ có những canteen và có một canteen tên galaxy Food & Drink chủ tiệm ở đó là dì con 
Con không nghĩ rằng trường đại học sư phạm kỹ thuật như vậy",0
Nếu nó không nghe rõ thì bảo nó bật lại áp,0
"mình mà là em đó
mình chửi lại thầy luôn",0
"Cùng tên với tôi nha 
Ông đó nha ông ngon qua nhà tôi dậy coi 
Tôi đấm ông bây giờ 


Và cảm chị vì đã cho em coi video yêu chị",0
"Ko chừng thầy mệt quá nên không suy nghĩ mà nói, mong mọi người thông cảm cho thầy thay đổi lỗi lầm ạ..",2
Thầy xứng đáng bị đuổi việc,1
Đuổi việc moẹ đi,1
"Ổng làm như người bình thường của ổng có mắt đại bàng, có tai thính như bướm đêm, mũi thính như chó v.",0
Thầy giáo như vậy cho về hưu sớm. Có trí thức mà nói chuyện còn hơn gian hồ còn thua người không học,0
Thầy gì không đạo đức vậy.,1
Sv nguon channel dtt ch2,1
"Thầy giáo cậy mình có tri thức mà bắt học sinh làm này làm nọ .Chỉ cần giảng lại là mọi chuyện yên ổn rồi .Thêm cái bắt học sinh nói câu cứ như kiểu học sinh bị tàn tật không bằng .Nghề nhà giáo bây giờ ham tiền ,không còn có tâm như xưa nữa .Cần loại bỏ những người này ra khỏi nghề ngay!!!",0
Trình độ có mà thái độ thầy ngộ quá,0
THẦY J MẤT DẠY THẾ,0
"Học sinh bình thường
Còn ông thầy không bình thường",1
Có học cũng như không. Thầy giáo này phải lên án chứ .Học sinh xin nhắc lại mà kick ra là sao.,0
"Thượng bất chính, hạ tất loạn",1
Tôi không thể hiểu ông thầy này.,0
"Thầy giáo này rất đúng với câu nói: ""có tài nhưng không có đức thì cũng vứt, bạn chẳng là gì cả"" Tội những ai hôm đó học với thầy giáo khó tính khó nết này thật",0
Nhà trường bênh quá nhỉ….,1
Thầy giáo ác vãi,2
Đuổi giáo viên,2
Giải thích gì nữa doan líp nghe og thầy nói quá rõ rồi,0
Thầy này bị mắc day rồi,0
ở đại học tự học là chính chứ khó bắt thầy cô giảng kĩ được nhưng thầy nói vẫn hơi quá nặng lời,0
Không cần làm nghề này đi. Khó chịu,0
ra khỏi lớp luôn học làm gì một con người không có đạo đức thì không đủ tiêu chuẫn làm giáo viên,1
Thầy giáo đúng là ác quỷ,2
thay ac qua,1
Học cho lắm vào rồi thất đức,0
Chỗ đó mưa to mm gì đuổi học sinh xin đọc lại bài hộ,1
"ông thầy này kí quá
nếu không có luật của YOUTUBE là tôi chửi rồi",0
"Tôi thì"" thôi học hành caiconme gì nx nghỉ conme nó đi """,1
Cái ông thầy này vô duy*n vậy,1
"Giáo viên: không hiểu chỗ nào hỏi lại nhé
*Học sinh hỏi lại
Giáo viên: t Kick m chết mẹ m nè con",2
"Thày này không có đạo Đức quá sức tưởng tượng không chấp nhận được ,chẳng lẽ trong cuộc đời của thày ,không có lúc gặp bất trắc hay sao,dù bất cứ giá nào phải sống hết phẩm chất đạo Đức của mình ,nhất là Những người Thày cô thương cho cháu SV dừng buồn nghe con,cuộc sống nó có nhiều phức tạp lắm ,nhẫn nhục mà chịu khó học và sống cho nên người nghe con",0
làm thầy gì tầm này,0
"Gặp tôi là tôi thưa lên bộ giáo dục,đănv lên mạng,đưa lên nhà trường,đăng lên tất cả nền tản mạng,đưa cho phụ phụ huynh,họp phụ huynh thì đưa lên luôn,bốc phốt ổng cho ổng ra vườn biến khỏi nghành giáo dục nhục nhã mất mặt quê.......cho ổng thấy mama luôn",1
Lên trường chửi chết mẹ ông thầy lun  ik,0
Đây là vừa mới thất tình nè,1
giáo viên trường sư phạm lạ vậy,1
Đuổi việc ông thầy giáo đó đi  giảng lại cũng được mà đâu có câm đâu,0
Ông thầy kỳ quá,0
"Hỏi người khác có đủ giác quan tay chân miệng là kỳ thị người khuyết tật , người khiếm thính....có học cao bao nhiêu đi nữa mà đạo đức không có thì cũng là đồ bỏ",1
"Kỷ luật  các  giảng  viên  thiếu  đạo đức  ,nói  chuyện  mất dạy, lớn  già cái đầu để  bọn nhỏ chỉnh",1
như thế mà dầy làm mẹ gì,0
Vất mẻ đi vô ff mà chơi,0
Có đầu có tri thức mà có tóc mà không có óc thì dạy làm cái đ.é.o gì ??,1
Học online tôi cũng như vậy và tôi cũng rất là ông thầy đó vì ông đã cho tôi ra khỏi nhóm vì lý do nhỏ Trời mưa to quá không nghe rõ và ông kêu tôi và tôi rất là nhà tôi đang mưa to tôi không nghe kịp,0
Thaynhucoincard,1
Thầy giáo về học đạo đức lại đi,2
Troll,1
Đuổi học sinh ra khỏi lớp = đuổi mình ra khỏi trường,1
Tên thầy giáo mất nết này đang tra tấn tinh thần học sinh.,2
Tri thuc không bang dao duc,1
thầy giáo như c,2
Ông thầy đó có đạo đức không nhỉ?,1
Gì kì vậy trời,1
Coi mà cay giùm luôn á,0
"Đây là ý thức tồi chứ còn gì nữa, thế mà cũng làm thầy được",0
coi mà tức ngta không hiểu hỏi lại là đr còn đuổi ngta ông thầy vô duyên,1
Trời mưa: ** **,0
thầy như chubin,2
Thầy ngáo,2
thằng thầy như này thì nghỉ ik học làm gì nữa vô duyên thiếu đạo đức,1
"Con người khoác trên mình hai chữ thầy giáo và là người rèn luyện nhân phẩm học sinh, ăn nói thô lỗ và thiếu văn hóa ,không biet hoc ra mà đức không có thì vứt, làm thầy mà ăn nói như vậy không xứng đáng, tiên học lễ hậu học văn các dòng chữ này với lượng tâm làm nghề giáo chắc không xứng, rèn luyện học tập tấm gương đạo đức bác Hồ mà n nói vậy thì nên bước ra khỏi ngành,",0
thầy giáo này chỉ làm xấu mặt nhà trường thôi chẳng làm gương gì cho học sinh mà còn xúc phạm,0
"Này ngta điều tra rồi, thầy có sai nhưng không hoàn toàn. Ban đầu nhắc nhở không hiểu thì hỏi, lúc không nghe được thì không nói gì, lúc đặt câu hỏi mới nói, kiểu thầy nóng tính nên cho rằng sv không tập trung. Có cho vào lại và cuối giờ có giải thích, nhắc nhở rồi. Ổng sai và cũng đã xin lỗi. K tìm hiểu mà cứ nặng lời, phán xét lung tung, khác nào sự nóng tính của thầy đâu.",0
người có tài mà không có đức thì cũng như vứt,1
Thầy như con cakkk,0
Gặp t là t chửi ông thầy như chó rồi**,0
ông này phải để nhà trường dạy,0
Thầy nói đúng mà,0
thầy giáo có đạo đức không vậy,2
giáo viên chứ có phải đại ca hay giang hồ đâu,0
Nếu nói được thì tui sẽ nói là 'MẮT DẬY',0
Thằng này đáng bị đuổi,1
Ui giảng viên kiểu này từ thời phổ thông tới đại học tôi bị hoài.,0
"trời mưa  to thì mình cũng giải lại chứ ,chứ đâu mà đuổi người ta ra ngoài",0
"ông này hay  nhiều ng dell có tai nghe thì sao ạ? trời mưa là do thời tiết chứ có phải a đó làm ra mưa đâu ạ? nhiệm vụ của thầy cô giáo là giảng bài cho hs hiểu, nhiều thầy cô còn muốn mấy hs nói để mình giảng lại còn không được, ông này còn ý kiến",0
"Thầy ?? Thầy giáo ở trại à ngộ vậy  cho ông thầy cái cuốn sách đạo đức ""lớp1"" học lại giùm đi nha chứ thiếu đạo đức lắm",2
bị đuổi là đáng,0
ông thầy giảng kiểu này chắc bị phụ huynh kiện quá,0
"Nếu tình huống lớp học đúng theo như clip chia sẽ. Học trò nói mà thầy không nghe. Mời thầy cũng theo nguyên tắc của tự riêng thầy đưa ra, thầy hãy đi ra khỏi lớp online.",1
thầy này nghiêm khắc quá -_-,0
Không có đạo đức nghề nghiệp,1
Chuyển trường đi hoặc lên trường báo cáo hiệu trưởng cho xong,1
"cho thầy này về vườn và kèm xử phạt cấm làm giáo viên mãi mãi, cái thái độ này mà làm thì hỏng cả nền giáo dục nước nhà.",2
"Day học  ,chứ  đâu  phải  day  vo  đâu, su  phu",0
Thay.giao.ba.tron.noi.bay,1
Thầy giáo thật không sứng đáng làm giáo viên   nghĩ làm giáo viên luôn đi,2
tại mày là con ổng mà,0
:text-green-game-over::text-green-game-over:,1
Vậy là thầy mất dạy rồi,0
Làm thầy mà không có đạo đức sau này ai còn đạo Đức với thầy,0
Giảng lại không giảng mà đủi làm thầy kiểu gì đấy,0
Đuổi việc tặng kèm sách đạo đức lớp 1 cho ổng,1
De con chau chung ta dot con hon ton tien de theo hoc voi may tha ng thay mat day nay,1
Thang cho thay nay,1
Yeu cau tháng thấy này đi học lại,1
Ông thấy mất dai,1
Khi các bạn bị những trường hợp này hãy nói khăng định tôi không thích tôi có đóng tiền đầy đủ tôi được quyền người bị đuổi là thầy,1
Ông đó không có đao đức,0
"Tui ra tui tự lấy tài liệu tui nghiên cứu con mẹ nó luôn đi chứ học với ông này chắc ông chưa đánh tui mà tui chết vì điên máu rồi lên cơn đau tim đăng xuất luôn á, ui là trời. Lấy tờ giấy ra viết Cộng Hòa Xã Hội Chủ Nghĩa Việt Nam luôn cho lẹ, report nhanh tay lên nhà trường luôn chứ không cần nhiều lời",0
Thây di ki dây ha khoi hoc luôn đi,1
"Học sinh này nó hiền chứ , người khác thì chắc hẹn thầy cuối giờ rồi",0
Cái ông thầy giáo này kì vậy?Tự dưng đuổi a nam sinh ra khỏi lớp thì thật là hành động dở hơi.,0
Ôg thầy như vậy ác quá>:(,2
Ông thầy này ra Hồng Bàng dạy giùm đi!!!,0
t đi học mà gặp thg cha này chắc nghĩ luôn quá thà đi làm việc tay chân còn hơn,0
Sinh viên này hơi hiền. Phụ huynh cũng nhát cáy chứ phải t t gọi cả nhà báo cả công an tới nơi,1
Thầy gì mà ác thế khỏi học đou :/,0
Sao thầy không có đạo đức vậy thầy đấy không biết học tính đạo đức hay sao ấy,1
"Ông thầy ổng giảng lại tí có chết không mà làm gì dữ v gặp t rời luôn và báo với nhà trường, phụ huynh ️",0
tự nhiên kêu từng sinh viên nói thế phí thời gian quá trời luôn,0
Nhanh thật mới đây 2 năm r,1
"Thầy giáo kiểu đó thì thoiii, khỏi dạy nghỉ dạy đi ha",0
"Gặp tôi ông thầy đuổi ra khỏi lớp là tôi đi luôn, bực nghe thôi hết muốn học",0
Làm thầy như v thì nghỉ mọe đi,1
Ôg thầy này nói còn lắp bắp hơn mấy sv,2
"2:14 không có tai không có mắt thì là quái thai à. Kiến thức thì có mà đạo đức thì nghèo. Hay chỉ có ông thầy không có đủ giác quan như người bình thường mới ghen tị với sinh viên. Ngta cũng lớn thành sinh viên rồi mà dạy dỗ như kiểu dạy bọn trẻ mới lên ba ý. Ông đuổi hc trò của ông thì ông đang tạo cơ hội cho các sv được chơi game, lướt mxh và chat chít, đi chơi ngoài lung tung ngay trong giờ học đấy, bạn làm đã và đang làm học viên của ông này có thể lên án và bật lại ổng thì càng tốt vì cái tôi quá cao của ổng",0
Ủa?? Trời mưa to nó không nghe mắc gì đuổi nó? Lỡ nó không có tai phone thì sao hả?? Nếu chép bài không kịp vô học chính thức nó lại là người bị chửi.. ?!,0
neu ma tui la tui boc phot lien luon,0
Mấy loại thầy như này thì đình chỉ luôn,1
"thầy này đã không qtam hs thì thôi lại còn phát ngôn như v,không có tí tình người gì cả",1
cho thay di tu cho binh tinh,0
Phải t là t out rồi,0
Ông này phải gọi là thằng thầy mới đúng. Thăng thầy mất dạy,0
Thằng thầy chứ giảng viên hay thầy giaó gì cái loại này,1
Người như thầy ý hc làm gì hc với người không có đạo đức thì nghỉ mẹ đi,1
"Ngta không nghe thì kick mình không nghe thì đuổi ngta ra khỏi lớp
CÓ TÀI MÀ KO CÓ ĐỨC",1
Đừng ghép thầy ngọc vào tội thầy ý,0
wtf cái éo gì mà đủi người ta ra khỏi lớp,1
nhìn giống y hệt anh tui;0,1
Hs mất tiền hc mà ông thầy không dạy. Rõ là bổn phẩn của người giáo viên mà,0
tặng ông thầy giáo cách làm người đi,1
Mat day,1
"Thầy: Mưa to nghe không rõ thì đeo tai nghe vào, mắc gì tôi phải giảng nhiều lần?
Vẫn là thầy: TôI NgHe kHÔng rÕ, rA kHỏi lỚp
Học sinh:",0
gặp t ra mẹ luôn cho nhanh,0
thật là tri thức,0
à à vậy là không bình thường,1
Hỏi sao vn mãi không khá được,1
Mog thầy ra đi luôn đừg quay trở lại nữa làm nghề giáo mà không có cái đức thì nó làm mất cái tâm của nghề lém thầy ơi,0
Tôi là vợ của thầy trên clip tôi thay mặt xl,0
"cái loại thầy đuổi hs vô cớ thì chỉ có nghỉ việc cho lành , loại gv này không xững đáng để giảng dạy các thế hệ trẻ",1
"nói thật chứ giờ sinh viên rất nhạy công nghệ và không có khó khăn như hồi xưa. và các địa phương có chế độ cho sinh viên vay 0% lãi suất sau 4 năm học. thẩm chí sinh viên có thể xoay sở việc làm thêm nhưng vẫn đảm bảo việc học. đại đa số bây giờ ăn chơi, sao lãng việc học, không định hướng, và bất chấp,....
việc đeo tai phone học online thì quá bình thường. mưa lớn vẫn không tác động được nhiều. việc thầy giáo có lời không thông cảm và từ ngữ không đúng thì mặt đạo đức quá rõ nhưng nó nằm trog hoàn cảnh là việc dạy nhiều sinh viên và quản lí rất cực. bạn nào thử quản 1 nhóm mà gà, vịt,...lộn xộn (ví von) thử xem. có mà giỏi thì gánh lun cho khoẻ chứ.",2
"Thầy gì đâu mà kì cục ghê,kêu thầy hiểu trưởng đuổi việc ông này đi",0
Khiếp thầy giáo vừa không gương mẫu không có đạo đức gì cả!!!,1
Thật a??,0
thầy tâm lý không có ổn định,0
"Toi bị ù tai, mà lớp ồn, lại thêm ngồi ở khá xa bục giảng, nên khi nghe giảng chữ được chữ mất, nhớ hôm đó, trong giờ Tiếng Anh, thầy có giảng nghĩa của 1 số từ để học sinh dịch bài.
Có 1 từ toi không hiểu nghĩa, cố đợi thầy giảng đến khúc ấy, thì lại nghe không rõ, toi có nhờ thầy giảng lại thì thầy quát, toi mới giải thích là mình bị ù tai, ổng mới nói: ""em ù tai là lỗi của tôi à?""
Nghe mà tăng huyết áp.",0
"chắc ông này không nhớ lời giảng hồi nãy mà ổng vừa giảng 
nên đuổi luôn hs 
ông này đe dọa hs mà không sợ bị phụ huynh phản ánh à?",0
Ông này não có vẫn đề,0
"tiên học lễ  hậu học văn có học mà không có đức thì vứt , người thầy không thể nảo phát huy câu đó thì cũng phải vứt thôi,mưa lớn vậy ai nghe được?",1
"Nhìn là bình thường cùng thể loại với cô công nghệ tui r 
Ae cùng 1 nhà",0
Cảm ơn thầy nhờ vậy mà làm giảm sự cạnh tranh ở ngoài xã hội xuống vì nhờ thầy mà có mấy thg thất nghiệp r.,0
"Thầy mới là sai nhắc 2,3 lần thì sao nào thầy cũng lớn tuổi rồi nên cũng phải có ý có tứ 1 chút
(Quan điểm cá nhân .Sai thì xin lỗi nha.)",1
Hiệu trưởng xử lý nhu nào cho du co cho vao hoc cung không duoc dung nhu vậy day nguoi để dua xa hội di len thi lai đưa xa hoi lao dốc,0
2năm rồi,0
đuổi ông này đi luôn đi chứ để đó làm gì,0
Th đấy giờ còn dậy không ?,0
không đủ kiên nhẫn thì đừng làm giáo viên có tri thức mà v á,1
Thầy nói đúng nhưng dùng từ ngữ không đúng với cương vị người thầy mà giống dân chợ búa hơn,0
Đúng là có tài mà không có đức,0
thầy này bị sao vậy,1
Thằng này mà cg làm thầy sao...????,1
Người thầy 2 tuổi,2
Có tri thức mà không có đạo đức cũng như không thà có đạo đức không có tri thức cũng được ( Vừa nên có tri thức và đạo đức mới xứng đáng làm giáo viên ),1
ủa v thầy tưởng e muốn bị ù tai lắm à,0
Loại ích kỉ! Bạn là cái rốn của vũ trụ hả! Sao bạn lại ngồi cuối lớp! Biết ù tài thì leo lên đầu bàn mà ngồi!,1
"Tội học sinh quá ,có gia đình nào có nổi cái taiphone đâu",0
"mỗi lần không hiểu bài về nói với mẹ thì mẹ luôn bảo cuối giờ không hiểu hỏi thầy giảng lại , ủa thế h có không mưa to mà hsinh không hiểu thì cũng nên giảng lại chứ",0
người có tri thức mà không có đạo đức thì xã hội vứt để lại chỉ làm ô nhiễm xã hội,0
Căng nhỉ.,1
"Thầy muốn học sinh chết
Thầy kiểu, yeeeaahhh cuối cùng thằng này cũng chếttttt, yeeeaaaahhh",0
Thầy???,2
đổi khỏi dạy thầy mất đức,0
Sv là sục vật hay sinh viên  ???,2
"Ủng hộ việc học tập theo học phần do học sinh tự đăng ký, thế thì thầy nào có thái độ không tốt sẽ không có ai học",1
Thầy gì mà đạo Đức còn không có thì làm giáo viên hỏng rồi,0
"Thầy dạy môn gì nhể, để tôi cho ông đi dạy mấy thk cặn bã xã hội nhá, dạy mấy thk đó ms được, tại ông giống nó mà, à quên, chắc ổng bị đuổi việc hay vô tù gì r",0
"Chất lượng của thầy cô giáo thời giờ đi xuống quá. Là người uốn nắn những tài năng tương lai mà như này thì là đang hủy hoại những tâm hồn sáng và kèm theo nhân cách nó nát . Những thầy cô như này nên cho ra khỏi ngành đừng để con sâu làm rầu nồi canh. Mà hãy là ng thầy tận tâm, có đam mê với nghề, thầy cô như cha mẹ mà cha mẹ như này thì học trò và con cái của  họ ra sao, QUẦN ÁO RÁCH THÌ CÓ THỂ VÁ LẠI ĐC, NHÂN CÁCH RÁCH THÌ CHỈ CÓ VỨT ĐI .",0
loại thầy giáo này nói như vậy không có ngày hôm nay đâu làm mất cả uy tín nhà trường,1
thầy không có ý thức,1
mong thầy bị đuổi,2
Học quá mất khôn,0
Haizzzz ông thầy này nên cho ổng sách đạo đức lớp 1 để bổ sung thêm đạo đức đi học lại lun đi cho bình thường cái cảnh học nó khổ như thế nào,0
Loại thầy giáo kiểu này đuổi nó ra khỏi ngành .trò  nghe không rõ hỏi lại .nhờ thầy giảng lại cho ..em nó nói rất tử tế ..ông ấy đáp lại lời như vậy là sao ????mình còn nghe tiếng mưa to vậy mà ...bản chất thầy tồi tệ thật,0
ủa,1
thay giao nhu cut,1
nếu mà đã dễ tự ái thì đừng làm nghề thầy giáo đi làm nghề khác đi,1
có tri thức nhưng không có Đạo đức,1
THẤY GIAO VÔ ĐẠO ĐỨC,1
"thầy dạy sử iu dấu của tui không bao giờ làm z đâu nha , thầy tui dể thương lắm luôn",2
Đạo đức ng thấy này thua ng thất học nữa kì cầu học laj đạo đức,1
nghe mà tức á,0
Thầy giáo như vầy thì thôi thà nghỉ học còn hơn. Học giáo viên mới,2
Bà mình xưa học trường này luôn nghe ba kể là có nữ sinh tu từ ở góc cây á nghe ba kể xong không ngủ được,1
Thầy giáo nghỉ đi,2
Học sinh thời bây giờ rất áp lực,0
Tôi cũng là gv tôi ghét nhất thể loại gv này . Trước mắt đem đoạn clip này đem lại trường cho hiệu trưởng đó xem rồi coi giải quyết như thế nào,0
Người có tâm luôn hiểu học sinh,1
theo mình nghĩ nếu như là bị cắt bớt thì giảng viên cũng phải lựa lời chứ như vậy ảnh hưởng nhiều đến sinh viên lắm,0
"Thầy ki bo , thầy rất xứng đáng bị đuổi về trường mầm non",1
"giờ ông thầy giáo bên nhà ông thử coi nhà ông coi lúc đó trời mưa lớn quá đi thì ông giảng bài cho máy anh chị kia coi .Ông hỏi anh chị kia .ông hỏi là thầy giảng mấy em có nghe không
thì anh chị kia nói là dạ nghe,mà bên nhà ông có mưa lớn thì,ông không nghe thì mấy anh chị kia cũng đâu nghe đâu đúng không",0
"Thằng cha đó cũng có nghe người khác nói gì đâu mà lại mắng chửi ngta, còn bắt nói có đầy đủ giác quan, người này nên bị kích ra khỏi môi trường gd",1
Vậy thầy đi làm chó đi cho tai nó thính,0
giáo viên cần có đạo đức nhung ông này thì toi cho ve nhà làm ruộng,1
Giáo giáo dục loạn lắm,0
Đã  là  nhà  giáo  mà  thiếu  đạo đức  nên  nghĩ  là  tốt,0
Hiện  nay giáo  viên  đã  mất  nhân  tính  quá  nhiều  nên  cho nghĩ  về  nhà  đi  học  lại  cho tốt,2
Đúng là có nhiều kiểu thầy…. Đừng để học sinh của mình gọi mình  là thằng thầy…. Như thế thật uổng một đời làm nghề,0
"Ai cũng được học môn đạo đức nhưng không phải ai cũng có đạo đức
Thật luôn, hs không hiểu thì giảng lại là chuyện bình thường? Hs trả tiền là để tiếp thu kiến thức chứ không phải tiếp thu những lời nói của những người không có đạo đức. Kêu ngt mang tai phone vô? Thế sao ông không đưa tiền để tôi mua luôn? Kêu mn nói họ tên, có đầy đủ tai mắt mũi miệng chi? Có miệng để chửi ổng hay gì? . Có thể có người nói mình vô duyên, mất dạy... Vì xưng ""ổng"" với những người lớn tuổi, nhưng...hãy đọc câu đầu tiên mà mình ghi đi , ít ra thì tôi còn bình thường chửi ổng và xin nghỉ học chứ không phải chịu đựng những cái xấu xí trong tuổi học trò.",1
Thầy giáo không giảng lại cho học sinh vì thầy mất dại,2
"Sinh viên không nghe rõ thì giảng lại , mắc gì ổng phải đuổi sing viên ra khỏi lớp online , sao ổng kì quá",1
Dạy không được thì nghỉ dạy đi.Dạy chi cho mệt?,0
"khi bố là hiệu trưởng trường và mách cho bố 
Thầy kiểu:️️",0
Cái thằng thầy này chắc chửi 1245245 cái vào mặt,0
Gặp tui gặp trường hợp này hack kick ngược lại luôn cho bỏ ghét,1
Lớp t mà cs 1 đứa không nghe kiệp là ổng nói lại 3 lần,0
"Vụ này, giáo viên này chỉ có ơ VIỆT NAM thui",1
thầy đó y chang bà cô tiếng anh mình dạy không đàng hoàng cho đi luôn,0
thầy gì mà lạ quá vậy,0
Nghe thay nc v biet ong thay mất dạy roi,1
"tui kiểu ""ủa""",0
"ông thầy này cho ddi hc đạo đức tiểu hc là vừa,kiểu này ba mẹ không dạy r",0
Mé cái ông thầy vô duyên này,1
"tin 3p, tới 4p luôn cìa",1
"ông này thái độ cực kì mấy dạy: đã không có tâm lắng nghe hs, không có sự thông cảm mà còn có hành động không đúng mực—> nên bỏ nghề đi ông già ạ",0
Thầy này cần cho về chăn gà loại không sứng đáng làm thầy,2
Ổng bị ảo đấy,0
"cái này hơi giống trường hợp của tui nhưng khác là tui nói : t có đầy đủ giác quan còn m lá súc vật.
cái kết là tui bị đuổi khỏi lớp nhưng đell ai nghờ tui được quay lại lớp vì ôg thầy  thừa sấp mặt",1
"Không phải ai tốt nghiệp sư phạm rồi đi dạy cũng xứng đáng được gọi bằng Thầy, bằng Cô",1
Không làm được hình nghỉ hộ tôi cái thằng nào dám cho tôi ra khỏi nhóm tao cho dòng họ mới chết hết nè,1
fun fact: lí do các bạn ghét những ông bà thầy cô nóng tính,2
Làm như ông nội người ta không muốn làm ngừi muốn làm con thú à,0
Thầy giáo thời xã hội chủ nghĩa phong cách phải thế.,0
Tôi Nguyễn văn a.. hiện tại tôi đg thèm gái thầy kiếm tôi vài e nhe,1
"đúng rồi còn gì, mưa to thì tự phải đeo tai nghe chứ",0
Thầy giáo l giữ ạ,2
Có trí thức mà không có đạo đức thì đừng làm giáo viên,1
"Thầy từ sao hỏa xuống à 
Bức súc vãi",0
"Ông giáo này không có tí đạo đức nghề giáo như vậy nên tốt nhất đừng làm thầy giáo. Thầy giáo có năng lực nhưng không có tí đạo đức nào thì cũng vứt. Học sinh không hiểu hoặc chưa nghe rõ thì thầy cô phải giảng giải lại cho rõ và liền mạch hơn. Chứ không phải giáo viên mà chửi đong đỏng lên, làm xấu và mất thể diện và uy tín của nhà trường cũng như nghề giáo viên như vậy, làm thầy giáo mà chả có tí đạo đức hay tâm nào vậy. Giận quá mất khôn, học sinh khác ngồi học bình thường chủ vì nói không lưu loát, nên đã bị thầy kick oan, chán quá chán với loại thầy giáo như này.",0
"Ơ hơ hơ hs này nhờ thầy cô nhắc lại lớp tui chx ns gì cô(thầy) đã ns 1 tràng luôn rồi còn nhắc nghe không rõ, không hiểu phải hỏi lại",0
Mưa to người ta không nghe thấy mà xúc phạm người ta,0
"Thầy bố láo,  chắc 100% gia trưởng trong gd luôn. Nhà truong chắc cũng bao che thôi",1
Có tài không có đức thì vứt,1
đây là đeo nhưng nghe vẫn không rõ ạ!,1
làm vậy cho ông thầy đó sa thải ra khỏi trường đi,1
Cho xin cái địa chỉ nhà bạn ei,1
Thấy tội nghiệp cho em ấy,0
ông thầy ác quá,0
quá bức xúc,0
Thầy giáo có tri thức nhưng không có đạo đức thì coi như bỏ,1
Bác Hồ có nói người có tài mà không có đức là đây nè. Nó đầy ra trong xã hội này.,1
Không biết ông thầy này đạo đức vứt ở đâu nữa,0
"Học sinh dù có thế nào thì phận làm thầy cô vẫn phải thương yêu, chỉ dạy tận tình nếu họ là một người thầy tốt",2
Ai cũng hiểu chỉ mình thầy không hiểu,0
"Vụ này lâu mà xem lại vẫn tức....hs không nghe thì đuổi, ổng không nghe cũng đuổi",0
cảm ơn thầy,2
Ông thầy này đuổi thẳng được rồi đó,0
"Có lẽ thầy không bình thường câu này rồi muốn biết phải hỏi , muốn giỏi phải học bonus cho thầy cái cuốn đạo đức lớp 1",1
nếu được 1 like thì liker sẽ may mắn.,2
4:05,1
Thầy giáo giữ quá,2
Em chào thầy,1
Bởi vậy bây giờ đâu ai tôn trọng nữa,0
"Ông thầy giáo có ăn học , lại làm thầy và chắc đã có gia đình và làm cha của những đứa con mà hành xử không giống một con giáp nào cả . Cái kiểu trịch thượng với học sinh không đáng mặt làm thầy ! Đáng ra thầy phải bao dung , chia sẽ với học sinh , điều kiện của mỗi học sinh mỗi khác không giống nhau , đằng này thầy còn nhân tiện của học sinh này mà dằn mặt các học sinh khác .  Tôi thấy đừng cho dạy nữa , muốn dạy thì phải nổ túc Nghiệp vụ Sư phạm , hoặc với khả năng đang có thì thầy có thể làm bảo vệ là tốt nhất !",2
nhà trường giải thích kiểu gì ấy? đoạn mà ông bắt bật mic nói Nguyễn Văn A gì gì đó cũng đã quá đáng lắm r  t mà là hs đấy là t chửi thẳng vào mặt ổng r,0
đây mà là thầy em em bỏ học,1
"Mưa to vậy thầy còn kêu đi ngủ, đóng cửa lại!",1
Thầy giáo gì kì vậy,2
Thầy này dễ nổi khùng lắm... dẹp,0
Mẹ thằng thầy giáo ích kỉ cho nó khỏi làm việc luôn đi mọi người,0
Thế bây giờ mới gọi là giáo gio,0
Thằng khùng lỗ tai có vấn đề hả?,1
Bó tay luôn đó nha,0
Ko làm được đừng làm thầy hs mãi moi làm thầy được mà đây làm được rồi lại coi như mình giỏi rồi,2
Ko có thầy giáo nào mà nói chuyện như gì cả,0
Thầy,2
Thầy keo vãi :/,0
Nha truong cán lam viêc voi thây giao.  Không thê đuôi hoc sinh nhu thê,1
Thầy như buồi đầu,1
Ông này đáng bị đuổi khỏi trường là đúng rồi.,0
.,1
thay giao nghiem khac qua cung không phai la 1 cai tot,1
Tui không ten ng van a gì do tui không cos du giac quan nhu ng binh thuong OK chua,1
"Giảng lại là được mà
Cớ sao phải mắng chửi như thế cơ chứ
Hs không nghe rõ cs thể do mạng của họ hoặc của cả thầy,hoặc như trên vid đó
Em 10 tuổi nhưng em phải nói như này
THẦY ĐÚNG LÀ ĐỒ VÔ ƠN",0
Thay giao mat day,1
Đổi giáo viên thôi chứ học này sao học,0
thang do ten gi nha o dau vay moi nguoi,1
Ông thầy bi gi vây???,1
Ông này ở bình dương à,1
"Quan trọng không phải là cho vào học lại hay không,quan trong là cái cách nói chuyện ấy,má nó đầy đủ miệng tai lsao,",0
"Thầy này là phải bị đuổi ra khỏi trường chứ gì nữa,tôi thấy là không ưa rồi. Thầy gì đâu mà ác thấy sợ á.",0
Biến khỏi ngành giáo viên đi cho đẹp trời thầy giáo mà làm qq gì giữ vậy dell day được sao dell xin nghỉ đi nói chuyện kiểu đó mà nói là nhắc nhở. Mang trên vai con chữ để người khác gọi bằng thầy để làm kiểng à,0
Thầy ăn ở tốt vậy. Sao sét chưa đánh thầy vậy,1
Học trò muốn làm cha,0
Kiện luôn,0
Nhờ có thầy mà nhiều học sinh chưa ra trường đã lấy vk,1
"27 tai ông thầy này bị cắt luôn rồi à, tôi ngồi coi video còn nghe rõ chán",0
Thầy giáo dạy kì vậy,2
Thầy giáo bây giờ nói như máy thần mất cho vo học cần nhà trường vào việc cho cắt không được dai nữa.bo tiền triệu tiền trăm moi năm mà giờ như vậy thì như nào bien minh làm gì phải sử Phat và làm gương thông cảm cho tụi mày rồi cok tụi tao thì sao,1
Chắc ông này học hết lớp 1 cô giáo chết,1
THẦY SÚC SINH,2
Ko làm giáo viên được thì nghỉ việc đi,2
Ông thầy âm binh,0
Mày là con cặc gì mà tinh tướng,0
Dạ được dạ không được vậy thôi,1
Đúng là quá đáng,0
"Ít nhất cũng hỏi rõ : ""e đưa cam máy quay mưa thầy xem"" để xem nó có cà khịa không ? Nếu đúng thì nhắc nó chỉ giảng lại 1 lần nữa, hs trang bị tai phone hay tự khắc phục ...v.vv . Sao lại đuổi thẳng cổ ?",0
Như tôi nói với mẹ tôi rồi report ổng lùn và chuyển qua lớp khác,1
"Cái cách cư xử, đối đáp của anh thầy là cách cư xử của ""bề trên"",  ảnh hưởng của tư tưởng thầy là cha, chỉ phì hợp với tiểu học. Ở đây môi trường đại học chỉ được gọi là giảng viên, tức là người trao đổi truyền đạt.",1
Thầy vô duyên vậy ?,1
Có ông thầy như này đuổi cổ sớm còn hơn coi mà nổ máu,0
Ai muốn đuổi ông này ra khỏi trường dơ tay bấm like,1
Nghe mà tức.thay này nên đuổi khỏi day,0
khác gì xúc phạm bản thân êu thầy,0
Nói gì thì nói sinh viên này ngồi học gây ồn cho cả nhóm học nghe cũng khó chịu cơ còn lắm chuyện,0
Ông thầy ít ác quá,0
ủa mưa to thì giảng lại mắc mớ gì đuổi thầy cak gì lạ v ?,0
Gặp ông thầy này là em đấm ổng cho mấy phát rồi,0
Phải nói là những lời nói của ông này với học trò của mình như là người mua bằng để dậy học  nên mới có những lời lẽ thiếu chuẩn mực của một nhà giáo chân chính . BGD vào cuộc ngay đi ạ,0
Ủa phải thầy không vậy . Giang hồ trường học . Bộ giáo dục ơi đuổi ngay . Chính ông nói học trò cũng không nghe nữa mà,0
ĐẾN NAY 1 NĂM RỒI. THẰNG THẤY THẤY BỊ KỶ LUẬT NÓ CHƯA ZAY,1
Đấy mà là thầy giáo à!,0
Vậy cũng làm thầy được nể,1
thầy đến tháng nên thế,1
Ông này nên bỏ việc đi là vừa,1
Em bị đuổi học,1
Quá vô trách nhiệm,0
Mình tên hoàng nè,1
Thầy quá kì,2
"Mặc dù không mưa hay mưa thi học sinh Ko hiểu thì thầy cô giáo phải giảng lại , lúc tui đi học thầy cô cũng phải giảng đi giảng lại nhiều lần .
Ông này rất chi vô duyên lun í.Làm thầy ,gì mà không lương tâm vậy >:((((",0
Tin 3 phút mà thấy 4 phút 18s,1
thầy nghĩ luôn đi chứ mưa học online chi nữa,0
Tôi sống 30 năm tôi chưa thấy trường hợp này,1
xe điện,1
xe mô tô,1
xe máy,1
nhà trường kỉ luật thầy đi tròi oiiiii chứ t xem mà t tức quãi,0
chắc hồi đó thầy không có học gdcd hã thầy?,2
Một người tri thức đầy đầu nhưng dell có 1 chút ý thức,1
Chắc ông thầy đó có tri thức mà ổng không có đạo đức á,0
"tự nhiên lôi hình thầy vũ khắc ngọc vào làm hình nền video làm gì, ngta mà không biết người ta tưởng thật lại ảnh hưởng đến uy tín của thầy",0
Quá đáng,0
Nghe mà muốn đập luôn cái điện thoại mấy anh em ơi chứ cái gì mà bắt người ta phải làm thất kia làm thế nọ không làm được thì đuổi người ta ra khỏi lớp chắc là tôi là tôi kiện luôn cái lớp đó rồi đó bật cái mình,0
Ông càng đó mà thấy tức á bực bội quá đi mất người ta không nghe rõ thì dạng lại một lần chứ có sao đâu mà phải đuổi người ta ra khỏi lớp học online vậy trời cực,0
Tôi theo phe của anh ấy chứ tôi không theo phe của thằng thầy đó đâu,0
Thằng giáo này cần phải đào tạo lại giáo dục công dân và đạo đức,0
cho ong thay do nghi lam luon di,0
Ông này xứng đáng bị out ra khỏi trường. Ai ủng hộ không ạ,0
tôi đây mà  thấy thầy đó là đập thầy luôn,0
Ác thật chứ,0
Thầy người ta là nếu không hiểu thì giảng lại còn ông thầy này thì thua,1
"Vậy mà cũng làm thầy được, tôi chịu.",1
"Sao lai co loai thay nhu the.....that duc.,cho ông này mất dạy luôn",0
Giờ mà láo nháo lên mạng phát cả thiên hạ biết còn bị thêm kỉ luật giờ không phải muốn làm gì làm,0
Mứt dậy,1
"thầy ơi là thầy,",1
"2:16 Phải đầy đủ giác quan???  Lz mẹ, thế t là ng bị khuyết tật là e0 đủ tư cách làm sinh viên để đi học à??? 
Ông thầy này sao rồi m.n",0
Mong nhà trường đuổi việc ông Gv này,1
Rất khó chịu và muốn chỉ trích với ông Gv này,0
Rất khó chịu và muốn chỉ trích ông thầy Gv,0
Lắng nội dung ông ta nói chuyện thì mọi người cũng hiểu ông ta không phải người tốt,1
"Thầy nên giảng lại ,vì lí do bạn ấy chính đáng ,,thầy phải truyền đạt cho HS dù là hoàn cảnh nào chứ.",0
Tri Thức Bắt Cóc Đạo Đức A,1
Thằng cha này lãnh lương đi dạy mà giống ông nội người ta quá. Không biết bị đuổi chưa .,0
"Trời mưa thì kệ người ta chứ mắc mớ thầy lại đi mời khỏi lớp , người ta không nghe thì phải giảng lại cho sinh viên nghe!
Thầy đúng là có tài nhưng không có đức, chắc thầy cảm thấy thế nào?",0
Ông thầy này kì cục và,1
Tao ma con di hoc nhu ngay sua thi og thay nhap vien la co,0
Ông này mà cũng được dạy láo,0
Ngồi  đó mà nói 1 tràng thì cũng mất nước bọt mà còn bị học sinh và cộng đồng mạng ghét giảng lại cho các con thì cũng thế.,0
Thay dien duoi ra khoi truong  cho roi,1
"Thầy saii, rất sai luôn á, nghe mà bức xúc",0
K có đạo đức,1
Trôi quá nhanh vãi qua 1 năm rồi,0
Lớp ông thầy giáo này mà có ng khuyết  tật thì sao,1
Thầy này mà làm thế thì tui báo hiệu trưởng lun,0
Mỗi lần thầy cô hỏi hỉu hôn để tôi giản lại ai mà dám nói hong hỉu hog hỉu một cái bị ăn chửi liền hỏi tại sao nảy giờ tui giản em không nghe không hỉu,1
Nhiều khi cũng chả có tài ấy chứ... nhiều khi hs lấy lý do mưa chẳng qua muốn thầy giảng lại đi chứ nãy e nghe e vẫn chưa hiểu thầy nói gì ấy chứ,0
Đuổi việc ông thầy này đi,1
Ma,1
Vậy thì thầy nghỉ dạy luôn đi. Tôi mà là hiệu trưởng thì sau khi xem clip này thì sẽ send 1 mail với nội dung  Từ ngày mai a không cần phải đi dạy và hãy đi học đạo đức nhà giáo lại đi nha,0
"Ông thầy lỏ vãi 
Gặp t là t chử thẳng mặc kệ ởi lại lớp hay không",1
Làm thầy có tâm xíu đi thầy giáo,2
Tức,1
Những con người đúng là không có đạo đức,0
"không chấp nhận được thầy kiểu thế đây ,  gấy áp lực người ta",1
"Có 1 sự thật không biết các bạn có biết không?
Đa số giảng viên ở các trường đại học đều có mối quan hệ bà con với nhau. Không là con thì cũng là cháu thì mới vô trong đó làm được.
Chỉ rất ít giảng viên là người có năng lực thật sự. Còn lại đa số là trèo từ từ thông qua con đường liên thông, và sự trợ giúp của anh chị chú bác trong quá trình gác thi.
Nên chuyện giảng viên không có tâm là chuyện rất bình thường.",0
Thời gian thầy lý sự thì thầy giảng lại có phải hay hơn không ? Thầy này không được bình thường !!!,2
ÔNG THẦY NÀY DẠY LÀM J THỨ VÔ DUYÊN VÔ ĐẠO ĐỨC ĐÃ MƯA TO THÌ GIẢNG LẠI IK VÔ DUYÊN VỪA THÔI CHỨ,0
"Ha, thầy giáo gì kiểu này, dạy học sinh mà dùng lời lẽ của hàng tôm, hàng cá để nói với học trò như này thì ông này nên bị đuổi khỏi nghề giáo đê ! Chứ để ông này dạy , thì học sinh sớm đi nhặt ve chai hết rồi. Gặp tôi thì tôi thì tôi chửi ông này trên Facebook hay Zalo rồi ! Hoặc là đến trường nói phong long giống như tát nước lạnh vào mặt ổng luôn á . Ổng nói lại tôi đành đánh ổng vậy. Ổng võ cao hơn tui hông????",0
em cũng tên nguyễn trường thịnh,1
Nhưng mà tôi nghe 1 đoạn thì nên nhỏ nhẹ thôi sao nói thế được? Với lại tôi nghe tiếng mưa và sấm sét khá to ( ý kiến riêng),1
Con người ta đóng tiền vô học chứ không phải mà để giáo viên la,0
Lúc nao cung bao cat bot la sao. ??? Co tai ma không co Đức sao được lam th..  nhi,1
Đuổi như thế thì nghỉ dậy đi,1
"Nghĩ mình có tri thức thì thích đối xử với học sinh như thế à ? 
Nhà trường trả tiền cho thầy là để thày dạy học sinh mà lại nói chuyện thiếu đạo đức thiệt chứ ghét",0
Ông nầy bị đuổi là dua,0
Thầy giáo này về làm vườn là vừa rồi,2
thầy giáo gì không có tâm,2
thầy này thì chiu,2
y trang ôg thầy hóa lớp 9 t,1
Thầy này không học môn đạo đức lớp 1 rồi,1
Coi chừng nha thầy bọn nó vô trường đập cho nhập viện đó,1
đi làm bảo vệ tường đi chứ làm thầy chi z chú bảo dệ,1
Ông thầy quá sai luôn trời mưa to nói học Sinh đàng hoàng rồi họ nghe,0
Người thầy của năm,2
"Phải đuổi ông thầy này, cắt bớt hay không không pít nhung 1 đoạn nv đã đủ hiểu thầy không có đạo đức nghề nghiệp, hs không nghe dõ hay không hiểu bài mà không giảng lai thì làm thầy giáo giảng viên làm gì đuổi việc",1
không cần biết clip ngắn dài như thế nào nhưng ông thầy ăn nói kiểu nầy thì phải đưa ra lời xin lổi chính thức đến lớp học là tối thiểu,0
Khi sinh viên bị đuổi khỏi lớp và ông thầy được nhà trường lấy cặp sách và giáo án của ông thầy vứt ra trường và còn để lại thông báo là: Vì thầy dọa sinh viên nên chúng tôi đã không cho anh dậy nữa. Thầy giáo chính thức đi vào thất nghiệp.,2
"Sv
Mọi người : đó là ghi tắc của sinh viên
Tui: súc vật",0
Thầy zì kì vậy,2
đây không phải thầy  thầy gì mà hổn vậy,2
Gặp ông thầy này thì thôi dell học nữa cho lành đuổi mẹ đi,0
"có gì đâu ông  Toán lớp tui cũng dzậy đóa, hs có bảo ph nhg mà bảo xong cũng chả làm gì được á, tui còn bị đuổi 2 lần nên mấy buổi sau chỉ vào điểm danh đầu giờ, cuối giờ chứ không thèm không",0
Troi mua con nguoi ta ok nghe ro cung kho chiu nua,1
làm như thế cũng làm cho sinh viên tập trung hơn nhưng hơi thô bạo và ích kỷ,1
Cho mày ( thầy giáo đuổi học sinh ) Vào tù luôn,2
không làm được thì cố mà lam chứ còn gì nữa,0
"ông thầy như kiểu dạy để kiếm tiền chứ không có uy tín để dạy học, ông này nên bị đuổi việc chứ không thể tiếp tục như này được. Vai trò của giáo viên là đào tạo các học sinh để nên người chứ, đọc có không nghe rõ muốn giảng lại mà đuổi khỏi lớp thế này thì chịu",0
Sao th này lại làm gv được nhỉ,1
Nghe không được thì tự chịu,1
Thầy đó cho khỏi làm thầy luôn đi,0
Hảo ông thầy,2
Có mà làm thầy thật là độc ác,0
"Còn ngồi trên ghế nhà trường mà thầy đã tiêm nhiễm thói xấc xược,bố láo cho các em.Thử hỏi sau này lên làm thầy các em ấy có bị thầy ảnh hưởng không.Luôn dạy phải tôn sư trọng đạo nhưng người dạy đ giữ được đạo thì về nhà dạy con mình,đừng dạy con người khác kẻo làm hư tụi nó.",0
Tôi mà thế báo cáo hiệu trưởng luôn cho đuổi việc luôn đỡ nói,0
Thầy hiệu trưởng: gan nhỉ,1
Hy vọng ông thầy này sớm về vườn,0
"Trả tiền để ổng dạy chứ có phải không công đâu mà làm như v, thôi nghỉ mẹ đi trả tiền dạy học không phải đi chơi, ăn tiền ng ta thì phải làm cho đàng hoàng không có ai mà chi tiền cho giáo viên như v cả đâu",0
Thời ấy lúc nào cũng nghe càng không cho học sinh học lại cơ,2
Dù clip có bị cắt bớt những lời thầy nói cũng không thể chấp nhận được. Ai cho thầy giáo có quyền mạt sát sinh viên,2
Có học sinh mất dạy thì cũng có thầy giáo mất dạy. Không đáng mặt làm thay đổi đi,1
Bên người ta mưa to thì nhắc người lấy tai phone làm gì kick sinh viên ra cho ổng nghỉ việc luôn đi,1
Rủ ổng lên bộ giáo dục đào tạo solo,0
"Thầy gì đâu à
Nghề giáo viên để giảng dạy cho học sinh mà vậy đó",2
Thầy giáo nói chuyện nghe có duyên quá há !,0
Thầy gì đâu vậy học sinh kiểu đó chắc đã nghỉ học từ đâu,0
Thầy tự vả luôn lỗ tai thầy bị điếc nên không nghe rõ r,0
Thầy giáo chợ búa,2
Tôi gặp ông này tôi đánh một phát không còn liêm sỉ,1
"Tôi mà gặp ông này chắc phải chửi thề quá.Học sinh thì nói thầy nói lại ạ,bên em mưa to không nghe rõ.Thầy nhắc lại được không?Thầy thì đuổi học ẻm.Còn bạn kia nói thầy không nghe rõ thầy còn chửi.Không công bằng",0
Thấy giáo không có đạo đức,1
ông thầy này vừa mới trốn trại ra,0
"không cần biết lí do là gì , khi sinh viên, học sinh yêu cầu giảng lại thì hỏi xem học trò mình không hiểu chỗ nào, giảng lại chỗ đó, không có tư cách làm thầy",2
Thầy này phân biệt dữ vậy tàn tật không học được à,1
"Tui ma lam HIEU TRUONG tui duoi viec ong thay luon khoi giai thich.  ""Gieo nhan nao gap qua nay"".",1
"mày tưởng mày dậy đh mà giỏi à, mấy kiến thức cũ rích, như cái máy lặp lại, giỏi giang gì mà hách dịch",1
"thầy đuổi ôk thầy, thầy là cái đinh mục gì, mấy cái kiến thức vớ vẩn, ra vẻ.",1
Chán'-',1
Mình  có  trí thức  những  cũng  them một  tí  lượng tâm  có đâu  ạ  mùa  dịch  ở  nhà  and  nhậu  nen lên  giờ  dạy  cao  có  như  người  mất  của  đây  mà,1
Ông thầy  ca  chon  mua to nhà  nghèo  thì  làm  gì  có  tai phon  làm  gì  có  mái nhà cách  âm  ông  giàu  ông  không bao giờ hiểu  được cái  khô  chạy  vai để  có  điều  kiện  học  online,1
Có đức mà không có tri thức thì còn có thể thay đổi được chứ có tri thức mà không có đức thì vứt,0
"mưa thì có tai phone để chưng hay gì,hoặc xin nghỉ cũng được chứ ai bắt",1
"Gì mà có đủ giác quan , rồi người ta bị khuyết tật không đủ bộ phận rồi đuổi ra khỏi lớp à , coi mà tức , mọi người thấy đúng không ạ",0
Thầy giáo mà nói chuyện chẳng ra gì,0
"Quá thiếu đạo đức, gặp mình là không để yên đâu",0
Có khi dẫn đến tâm thần vô phương cứu chữa của 1 học sinh,0
Đi ngủ là bình thường có điềm r,0
"Thầy kiểu này chắc dạy vì tiền lương,  cái gì cái nói chuyện phải tôn trọng học trò nó mới nể,",0
Thầy gì hắc ám,2
"Thầy hơi tí là dỗi hà, trời mưa to quá tất nhiên là không nghe thấy rồi, tội bạn hs quá ik :((",0
Thầy gì Mà ác vậy,0
Cho dù chưa phản ánh hết nhưng tôi vẫn thấy ông ấy hơi quá . Học sinh nhờ giảng lại mà quạo thế,0
Thầy nối thế thôi chứ không đuổi đâu cô tôi cũng bảo  đuổi mà cũng có đuổi đâu,0
Ông thầy đấy phải đuổi việc,0
"Trở  lại  ngôn  từ  của  giãng  Viên  , truoc  đó  mot  bạn  noi  với  ô  ,mưa  to  nghe không  rõ   ,ý  kiến  với  ô  giảng  Lại  bài  ,sau  đo  ô  có  lời  Noi  vô  hoc  ,không  đao  đức   &  tách  sao vien  ra  khoi  lop  hoc  t t .  ô  lại  tiep  noi  cả  lop  hoc  tự  gioi  thiệu  tên  và  noi   , có  tai  nghe ro  , Có  mat  , miệng  bình  Thường  . Cuói  cùng  ô  phán  một  câu  ông  không  nghe  rõ  !trong  khi  ở  nơi  Đó  không  có  mưa . Vậy  Tự  ông  cho  ông  không  phải  nguoi  binh  thuong   !   không  chấp  nhận  để  ông  giang  vien  nay  , đến  truong  , vì  toan  thê  phụ  huynh   không  chi  trả  tiền    cho   mot  giang  viên   vô  Đạo  Đức  thiếu  trach  nhiệm  ,thì  sẻ  bị  ô  nay  nhồi  nhét  kien  thuc  lẫn  Văn  hoá  tư  tưởng  giống  Ô  ,dẫn  đến mẩm  móng  Tương  lai  con  ,em   VN  Bằng  Con  số   0  !  Ảnh  Hưởng   nghiêm  trọng  đến  Nhiều  thế  hệ  & XH   dần  Bị  suy  thoái  về   Đạo Đức !",0
Đạo đức lớp 1,1
nếu đó là ông ta thì ông ta nghĩ gì,1
đúng,0
ông thầy đáng ghét púa,0
Ông thầy này chắc không có đạo đức rồi nghĩ sao trời mưa học sinh nghe hong rõ rồi kick học sinh luôn ms ghê ông thầy không có đạo đức,0
Thầy dạy dại làm gì không nên đi dạy,0
Có tri thức nhưng đạo đức thì bị chó tha r,1
thầy này học sinh xin phép lịch sự nghe lại thôi mà cũng đuổi học vô tâm tiệt,0
Ông này làm đúng . Hồi tui học còn gắt hơn,0
Có ông thầy như này thể nào cả lớp chả ghét hết,0
Hmmmmmmmm,1
Cái ông thầy này không biết còn phải là con người nữa không,0
Đúng là ông thay vo dung tôi nghĩ nên đuoi ong thay này ra khỏi trường đi,0
Cho tháo giầy về vườn đuổi gà cho vợ đi,0
"Nếu mà thầy không nghe vậy học sinh
 lấy gì mà nghe đúng chị tin 3 phút",0
Nghe phúc hát thấy ấm âp quá殺,1
hứ,1
Cách hát của đức phúc luôn làm hài lòng tất cả mn.,1
What'sao thầy giáo mà kiểu này á,0
Mét nhà trường,1
mình mà ở đó tự thoát luôn ! phản  ảnh lên cả trường luôn,0
Thày cì,1
Nghe rõ mà ông thầy vô duyên thế ổng ngồi trong lớp ngheko rỏ còn mình thì xem lại video mà nghe rỏ từng câu từng chữ mà mắt gì đuổi người ta,0
Thay ma vay cho ve vuon gap,1
"""Thầy cằng""",2
ông thầy rất không có đạo đức,1
có.ý.thức.không,1
Ko.dạy.được.thì.nghỉ,1
"Ko
Đạy.đưó",1
BlvckVines đã làm video về vụ việc này,1
Dổi việt luôn đi dạy làm gì cho mệt,0
Đạo đức nghề nghiệp là không có!! Nghỉ việc là vừa,0
hồi trước đi học dù nghịt những thầy cô vẫn nói chuyện nhẹ nhàng. chứ đâu như ông này,0
học tốn tiền mà còn bị sút phạm hì đeo cần học làm gì,1
Làm thầy giáo kiểu gì vậy quá đáng vừa vừa thôi,0
"Thầy Thành dạy môn lý thuyết tín hiệu của trường Sư phạm kỹ thuật đây mà, môn này học xong không hiểu gì hết.",1
Hảo thầy,2
Ông Thầy này ác quá,0
"Cái loại thầy giáo như này, hạnh hoe học sinh, cây mình là thầy giao , không coi học sinh ra gì. Mong bộ giáo dục, phải có hành vi ky luật nghiêm khắc , những thành phần giáo viên biến chất , để nên giáo dục VN , ngang tầm thế giới.",2
Làm biến giảng dạy thì đừng chọn nghề sự phạm,1
Thầy này cho nghỉ hưu đi là vừa,0
"Cái này phải gọi là thằng thầy nè, có trình độ không hẳn là có đạo đức",1
Người có tri thức chưa chắc đã có ý thức,1
Nên đuổi việc luôn thầy giáo này đi,0
Sao không chia sẻ link nhờ (,1
cho ông thầy này ra khỏi ngành...,0
nhắc lại có làm sao đâu,1
Như vậy còn được nhưng lớp mình chỉ làm ồn và nghe không rõ một chút thì xác định hạ hạnh kiểm trừ bài kiểm tra giữa kì có khi cho cả lớp ở lại,1
"sao thầy ác thế
Hs bảo giảng lại có sao đâu
mà lại đuổi",1
Hảo thầy giáo mọi cảm súc của con người mà ông thầy thật sự rất vô lý,0
Thầy gì mà láo thế giống dân sống đầu đường só chợ nc day,1
không có đạo đức,1
Người ta không nghe rõ thì người ta nói không nghe rõ mà mắc gì đuổi,1
Xác minh hay không ..Quan trọng là học sinh ngoan nói chuyện lê phép ..ma bị kích ra là co thật..thầy giáo vậy thị dạy ai đây..,1
Thầy nóng tính và khắc khe quá ! Còn dọa bốp Cổ học sinh nữa chứ !,0
Có tài nhưng không có đức ️,1
Thằn nay nó có học đạo đức đâu mà,0
Hảo thầy,2
Giáo viên nhân cách còn không ra gì. Đòi dạy ai,0
Thầy giáo gì mà không có chút văn hoá!,2
Thầy gì ác thế như thế cả lớp rời khỏi lun đi dọa dọa,0
Người không có trí thức.. Thì lam sao có tư cách làm thầy,1
"Sao không hỏi anh sinh viên kia có thật thế không đi cứ phải lằng nhằng thế cho nó ngắn gọn, cần gì phải đưa lên báo.",0
Ông này chắc cho về nhà chăn trâu quá . Người ta không nghe rõ là thầy thì phải nhắc lại cho người ta để người ta còn học hành nữa .Hết boeets ông thầy này luôn,0
Ban noi dung toi day cung co ba chi dau hoc cao hieu rong nhung không co dao duc,1
Ông này có đạo đức  hay không vậy ! Không có thì làm thầy giáo gì không biết nhỉ.,1
hihi,1
chia sẻ cho thầy đi,0
mưa to thì tay nghe vô không lấy tai nghe,1
Dù clip có thiếu đi nữa thì với một giảng viên mở miệng nói “ mắc mớ gì tui phải nói lại” là thấy không đủ tư cách làm thầy,0
Cho thầy về vườn mấy đúng,2
ông thầy đáng ghét,0
"giáo viên là truyền đạt lại kiến thức cho học sinh học sinh có thành tài là do công lao của thầy dạy dổ ,tục ngữ có câu không thầy đố mày làm nên là không sai",2
"Theo mình thì gặp giáo viên dữ hoặc nghiêm khắc mọi người thì các em sẽ chăm ngoan và nghiêm túc hơn nhưng theo mình gặp giáo viên dữ trong đầu óc mình vô lớp chỉ có tâm lý sợ hãi và đối phó th ạ , theo mình gặp giáo viên hiền vẫn thích nhất ạ",2
Thầy giáo như thế giận làm gì chứ,0
Học GDCD lúc nào cũng giảng : phải có đạo đức. Mà chắc gì giáo viên đã có chx mà dạy cho học sinh,0
Có thấy nào mà ác với con người ta vậy không,0
"tôi mà có viên gạch là tui không ngại ném vào đầu ông rồi đó 
""Có Tài Mà Không Có Đức""",0
"sao không nói với cô hoạt thầy chủ nhiệm để cô hoạt thầy nói với thiệu trưởng sử lí, vậy cho dễ hơn không",2
cho thay,0
Thấy này về nhà làm.ruong đi ok,1
Thầy như này thì chết dở rồi chắc học sinh ra trường chắc thất nghiệp hết0,0
Khi thầy giáo tới tháng:,2
Tin 3 phút mak 4 phút,1
Thầy giáo đạo đức kém,2
Ái chà chà,1
"vô đạo đức,vô nhân tính",1
"Thì đăng full video buổi học đi, nói mồm thằng nào nói không được  có uy tín dell đâu mà sợ mất",0
"thầy gì, công nhân, truyền đạt thôi",1
"trường sư phạm là đào tạo ra giáo viên, giảng viên tương lai đấy hả, rồi sau ra 1 lũ như ông thầy kia à",2
"Sinh viên được gia đình bỏ tiền ra cho đi học, và giảng viên nhờ có sinh viên mà có việc  và có thu nhập...do vậy cũng có thể coi sinh viên chính là khách hàng",2
"đủ má nghe nói mà cay giùm học sinh, gặp tui là mời lên phường giải quyết",0
"nhà trường kiểu : rất xin lỗi bác phụ huynh, sao thầy làm thế
thầy kiểu: tôi làm gì đâu oan",1
Tại sao là người nhà giáo mà ông thầy lại cục súc vậy nhể? : |,0
Sao không bật lại,1
Thế là có thêm bảng kiểm điểm và rút kinh nghiệm khắc phục.hs mà có thái độ là đuổi học liền.,0
Thằng này chắc hồi nó học bị thầy cô đuổi mắng nhiều quá nên nó làm nghề này để nó chả thù lại cái gì đã mất,0
là mình nghỉ luôn,0
"Một câu nói , đã đưa thấy thành xuống là thằng giáo",0
Chị em học ổng là em chết,0
sao không bảo không dạy thì ok biến,1
Hồi đó mình học online trời mưa không nghe rõ mình kêu thầy nhắc lại thầy rất dịu dàng và nhắc lại cho mình!,2
Thầy sử lý tình huống không có tính sư phạm thiếu tính gd học sinh,1
Người thầy như này không được,2
"Dạy học sinh Nên người 
Mà gặp thầy giáo thể loại này học sinh nào thành tài",0
Coi tin 3 phút mà thấy con nhỏ nó nói không,0
Giống thầy mình >w<,1
Lớp xong rồi còn được dạy thêm,1
Đúng là người có tri thức chắc gì có đạo đức.Đuổi luôn việc đi,0
Đấy mà là thầy,0
thay giao nay gap tao thi biet sai o dau ngay,1
Mình làm thầy để dạy dell để chửi Làm thầy mà tướng mình là văn võ triều đình Có ăn có học nhưg khôg có đạo đức với nhân phẩm,2
Đạo đức ở đâu? Văn hoá ở đâu?,1
"Ủa thầy giáo gì kì z, z ông nghĩ làm luôn đi nv ai học vô nữa",0
Vậy mà còn làm thày được à,0
Chỉ có những giảng viên như này mới có sv kế cận ghét học lại môn để kiếm lời à nên loại bỏ khỏi ngành nhà giáo .chả qua ah là giảng viên thôi chứ không phải ah ma sv có việc khi ra trường nhé,1
Thầy giáo bị tâm thần ròi thông cảm đi,0
Vậy đợi thầy nghỉ em mới nghỉ chớ,1
Thầy này không học được đạo đức này,1
"Gì kỳ vậy trời? Người ta không nghe thì thầy lại đuổi, còn thầy không nghe cũng đuổi người ta ra khỏi phòng học. Đúng ra là ông thầy đó không nghe thì ông thầy đó cũng phải bị các thành viên trong lớp học đuổi ngược lại mới đúng.",0
Đúng là thầy không có đạo đức,0
Dynamic graphics gameplay very addictive game play Christian fox football from,1
Tôi muốn thầy hiểu rõ lí do,1
cay thế nhờ...[nghiến răng],1
hừ....tôi mà là bố Hoàng tôi đến tận lớp học tôi đấm mù mắt luôn,0
Tôi là tôi cho ăn vitamin đạo đứa luôn đấy,0
thấy láo vải,1
"phải tao , tao cho 1 trận",0
Ok,1
Láo toét,1
Cho ông này nghỉ 1 tuần rồi tặng sách Đạo đức đi ạ,0
Khi thầy giáo tới tháng,2
Đấm ô thầy này đi,1
Hôm nay 4p r:/,0
"Ông thấy không nhiệt tình trong công việc, cho ong nghỉ hưu đi",0
Đạo đức ảo,1
"thấy mất dạy, chả có người giáo viên nào như thế cả, không nghe rõ thì nhắc lại, thế thì chỉ có là thầy lười, không muốn giảng lại",0
Loại người thầy như này là nhà trường sẽ đuổi dạy ngay,0
Ko cs tai phone thì lmf sao tại sao cs ng' thầy kiểu đấy nhỉ,1
v học làm gì nữa,1
Ông đó đúng là không có đạo đức,0
"Làm nghề nhà giáo không có đạo đức cũng tốt nghiệp làm giáo viên được,không cho ông này về vườn lại nể sgd",1
Người này không có đạo đức,1
Đạo đức giả,1
Thầy gì mà ác thế,0
Thầy cứ tưởng thế là ngầu,0
"ỦA,THẦY KHÔNG NGHE RÕ THÌ THẦY TĂNG TIẾNG MÁY CỦA THẦY LÊN,MẮC MỚ GÌ ĐUỔI HỌC SINH CỦA THẦY HẢ.",1
Đuổi ông thầy này đi khỏi cần dạy nữa ý thức tồi,0
Má thế còn đòi làm thầy giáo,0
Ác,1
Sao nhà trường không đuổi cái thầy đó đi nhờ,1
Có tri thức nhưng không có đạo đức thì dù có giỏi đến mấy cg không thành công,1
Ông thày kho tính quá,0
Gặp t t đập rồi á,1
Ông này thăng thiên sớm,0
cảm ơn Thầy nhìu aj^^,2
Người này không xứng đáng làm thầy. Nên đi học lại đạo đức,1
ông thầy này ác ghê thế hông nhắc lại cho HS mà còn đuổi hs ghê thế,0
"Thầy tôi là trùm trường,là đây chứ đâu",0
Tui thề luôn gặp ôg thầy vô văn hoá này chắc xin nghỉ học luôn,1
"Nói vậy thì ra thể thống gì vậy , mình nói vậy để thấy rằng thầy phải ra thầy , đạo Đức chuẩn mức , dạy phải có tâm .",1
Thầy ông nội à,0
Chúng uhj,0
đi học đóng tiền. đúng ra bạn học sinh là người đuổi ông thầy thì đúng hơn. nhà đéo có tay nghe lấy gì đeo. còn máy tính cùi bắp lấy cam đâu ra,1
Thầy giáo kiểu gì kich học sinh,2
"Kể cả khi ngồi trên lớp, sv có đủ mắt mũi tai để nghe, nhưng sv chưa hiểu thì đạo đức nghề nghiệp của thầy cô, là có trách nhiệm giảng giải cho sv hiểu khi được các e đề nghị. Giọng về vườn là chuẩn lắm",0
Tội nghiệp cho em Sinh viên,0
Có tài mà không có đạo đức,0
"Làm dọng dậy t lên trườg cạo đầu ô thầy chứ làm thói như z 
Tứk á :/",1
"Ko bình thường yêu thương , thấu hiểu mà còn gay gắt kiểu này học làm gì nữa",0
"Làm Thầy như thế này thì bị đuổi việc mốt khỏi dạy HS, đúng là thầy giáo không bình thường giảng dạy.",0
trường đuổi dạy thầy đi,1
Thầy dạy kiểu này tui mong đuổi omg này ik lun cũng được chứ dạy kiểu này là toan,0
Ủa thầy nói mấy ông giáo dục nghe liền .còn học sinh lên tiếng chẳng ai nghe .có cảm thấy một ruột không vậy,0
Ông thầy bị lãng tai mà,0
Nghĩ đi mất đạo đức,1
Đeo kiến giã dạn đó mà,0
"chắc hôm đấy thầy dạy nhiều nên mệt, dẫn đến căng thẳng, hoặc không...",2
Em học sinh hiếu học và ông thầy thiếu đạo đức,1
Em chưa học ai như thây cả em  học thầy mưa to đang còn dạng lại nữa,1
tin 3 phút thành tin 4 phút mất tiêu r,1
Thầy vãi vậy,1
Người thầy ác độc,1
"Với tư cách là một giảng viên, tôi cho rằng người thầy thiếu kỹ năng sư phạm, thiếu kỹ năng năng giao tiếp. Dù sinh viên có sai đến đâu cũng không sử dụng ngôn từ  như thế và quyết định như  thế.  Dù không chấp nhận vẫn có thể nói theo cách khác.  Hơn nửa,  chỉ bực  một sv lại đem câu chuyện ứng xử cho các sv còn lại. Sai lại chồng  sai. Các đồng nghiệp của tôi nên có cách nhìn mới xem người học như là một khách hàng. Người dạy như vậy thì còn giáo dục được ai.",0
có tài mà không có đức,0
Ủa thầy gì mà hung dữ vậynếu là tui chắc tức lắm thầy giáo như vậy là phải trừ điểm đạo đức,0
Người mà người ta đã có tài thì chắc gì người ta đã có tâm,0
Kiện ông ta tội tỉ nhục sinh viên khi nạt nộ bắt họ tự nói có đi tai mắt mũi...nội dung không liên quan bài học,0
Đề nghị ngành giáo dục đuổi cổ ông giáo mất dậy này...,1
"Ông ""thầy"" này quen bắt nạt học sinh, ra đời nghiệp không quật mới lạ!",0
Xin infor ông thầy này để tôi cho bay cái,1
Chắc nam sinh tức lắm,0
Thầy như zay  nghỉ dạy đi,0
Thây giao thao day,1
Ko bình thường những người có rris thứ chắc gì đã có đạo đức,1
Thầy giáo mà như vậy thì dạy học sinh kiểu gì thầy giáo gì mà không có đạo đức gì hết dạy học sinh làm cái gì .,0
Ông thầy này mai mốt mua sách đạo Đức lớp 1 học lại đi,1
Ông này ngông vãi,0
Phải mjk là chửi nhau rồi,0
"Thầy gì kì,thầy có tri thức mà nói chuyện không nghe lọt lỗ tai chút nào️",1
Ko bao giờ thi vào cái trường này nữa....,1
Thay âm binh chương  khí,1
Nói quá nhiều mà không nghe thì quạo đúng rồi nên theo tui nghĩ ông học sinh đúng,0
"""Không thầy đố mày làm nên"" Haizzz thầy này tính nóng như kem",0
thấy giáo gì đâu tính như con nít không bằng :>,0
gặp trường này chắc tui cho ổng hot tóp tóp lun quá,0
đồ ông thầy đáng ghét . đề nghị hiệu trưởng đuổi việc cái ông thầy này .,0
Cũng là cái  dây kinh nghiem. Rồi rút hoài không hết,0
Thầy nói mỗi lần không hiểu tui giảng lại cho còn thầy giáo này thì khác rất là mất dạy,0
"Chỉ là lỡ thôi, giả dụ có người khiếm khuyết thì sao nhở, kiểu không giống người thì ra khỏi lớp ư??",1
Thầy ác thế,1
Thầy giáo bị khùng hả trời,0
nhu lop tui thi thay cuoi xong thay bao thay xin loi de thay giang lai thui,1
thầy giáo này làm không đúng tẹo nào,2
MC nói phải rõ nhé không bị thầy đuổi đấy..,0
"Thầy bắt nói, rùi bảo anh này tôi không nghe gì cho ra ngoài. Khả năng tai thầy kém ...cho ra khỏi ngành đi",0
thầy giáo không có trách nhiệm để dạy học sinh,2
Hèn chi sinh viên thất nghiệp nhiều toàn là thầy cằng,0
Ngành giáo dục biến chất rồi nếu kg kịp thời chấn chỉnh,0
ai nói đây là người coi,0
Thay giao không co dao duc,1
"Tôi thấy thầy giáo bắt mọi người đọc tôi tên gì có đầy đủ miệng, tai giác quan đầy đủ như người bình thường là xúc phạm, nếu tôi đang học tôi sẽ xin nghỉ vì bị xúc phạm",1
Có tri thức nhưng không có đạo đức thì thầy thiếc làm gì ?!,1
Đó là lí do vì sao học sinh không bao giờ  hỏi thầy cô giảng lại bài,2
"Cha mẹ ngưòi ta cho con đi học thì cũng phải tốn tiền , chứ mượn thầy dạy không đâu .Thầy cư xử còn thua dân nông chúng tôi.",0
"Cái Ô thầy Bảo clip Chx phản ánh đúng , nhưng Nói như vậy là cũng  không được rồi",0
Thầy cô thì cứ nói không hiểu bài thì nói để  giảng lại nhé các em,2
"@aicong5611  cô tôi toàn hỏi có ai thắc mắc o, lop không ns gì",1
Lớp mình nhiều mà thầy cô cũng giảng lại kĩ lớm,1
Đúng đó nhưng lớp tui hơi khác là có lần tui nói với thầy là chỗ này em không hiểu thầy : à hiểu hết rồi à chuyển sang bài 3 nhé,0
Phải hỏi chứ mình bỏ tiền ra mình học thì mình là sếp còn thầy cô là lính nhiệm vụ thầy cô là phải cung cấp kiến thức cho mình,0
"Tại sao không record, thâu Băng lại bài giảng, Nhớ thông báo trước khi thâu tiếng nói. sau khi xong, send gởi the Link đến group class. Bên nước ngoài, mỗi khi có lớp Trainning đều làm như vậy, ai trong room cũng sẽ thấy cảnh báo ️ record sign khi join the class",0
Anh thầy này nhắm mắt tôi cũng biết là con trai hiệu trưởng.mn bớt căng thẳng lại đi,0
Thay giáo này ở đâu cho mình địa chỉ giùm,0
cho ông này về hu cho rồi thầy gì đâu nói chuyện mất dạy quá có tri thức mà nói chuyện kiểu ngoài đường á,0
"thế thì làm thầy giáo làm ji nx nghỉ luôn đi
đk là không biết xấu hổ",0
"Nói thật gặp chỗ tui là ông thầy này đi làm răng lại rồi,kính là kính thầy giáo chứ,không phải loại này",0
Thầy giáo lạ quá,2
Người không có đạo Đức,1
Ko thấy cái tâm của thầy giáo ở đâu cho nghỉ việc là vừa,2
Khi mà bạn muốn làm côn đồ mà bố mẹ bắt làm giáo viên,0
ai muốn ông thầy này pay ghế thì ấn like nha,1
Người ta đóng tiền để học mà đã học trực tuyến rồi thì thôi mà còn,0
Thay giao không co dao duc,1
27 đấy tahày nói không nghe tại sao thầy không nói hs nhắc lại mà hs nhắc lại lại đuổi ra khỏi lớp cơ chứ,0
đáng lý ra hs không nghe rõ tại trời mưa quá to thì thầy phải nhắc lại cho hs chứ,0
Thầy mà nói giọng này thì cái tư cách và đạo đức không có rồi,0
Gật đầu lịa lịa hỏi hiểu không thì thưa không,1
"Ông thầy này mà ở gần nhà tôi, tôi chửi cho mấy phát",0
đủi việc thui:>,1
Thấy giáo này chắc chanh thủ dạy để hết giờ đi tán gái hả gì mà tỏ thái độ không ra gì như gì nè tèn .thầy này chắc đạo đức không có quá à.các thầy cô nên rút kinh nghiệm đạo đức từ người thầy giáo này nha mọi người,2
Duoi day luon di,0
"người ý thức nhất là đây r , hazz",1
Học sinh không nghe thấy bị mưa to thay đổi ra khỏi lớp thầy không nghe thấy gì thì thầy cũng ra khỏi lớp,1
Tin 3p mà đăng 4p?,0
Cả thế bị cắt.nhưng nói thế là không được.,0
Trường nào để em né ạ,1
Hảo thầy giáo,2
Ơ ổng ns đúng phết mà ồn thì đeo tai nghe vào,0
thay nay bi khung roi,1
Thầy Giáo Mất Dạy Quá Nên Tôi Yêu Cầu Sở Giáo Dục Và Đào Tạo TP HCM Đuổi Việc Giảng Viên Đi,2
Phải tui tui đuổi dạy luôn,0
Ôg ý cũng có đủ đâu vì HS nói thế nhưng hơi lắp bắp nên cũng bảo không nghe thấy thì ôg ý cũng không đủ,1
Haizz người trí thức một người thầy không có đạo đức,1
đuổi việc ông thầy giáo này rồi bảo ổng tặng thêm quà cho sv này đi ạ,0
ông thầy này dô ziên quá >:(,0
Bởi có những cục phân như thế này hỏi sao nền giáo dục không thối nát,1
Nếu mà là người thầy có tâm và có đức thì học sinh không nghe rõ giảng lại 1 lần nữa có chết gì đâu mình có tâm mới đào tạo được học sinh giỏi,0
làm thầy chứ có làm ba mẹ đâu mà đuổi thế trời,0
Ông này mà làm giáo viên được mới hay đấy,0
Đúng thế,0
Hên tui mai mắng không cặp ông nầy,1
"chả hiểu kiểu gì đọc thôi mà ổng không nghe thấy thì ông thật sự là điếc rồi thề đấy.đúng là một thầy giáo""KHỐN NẠN MÀ"" TỨC DIÊN VỀ ỔNG MẤT",0
Nghe rõ tiếng mưa thế mà ông thầy bị tự kỷ à,0
"Ông này mà thầy giáo cái gì có học thức mà cư xử thiếu văn minh thiếu tôn trọng và coi thường ng khác , bắt học sinh phải khẳng định mình có đủ các giác quan khác gì đang coi ng khác không phải là con người",0
Thầy có học nhưng không có đạo Đức,1
còn ạ gì nữa,0
thày gì mà khốn nạn quá xem mà thấy tức thay cho sv,0
Mời thầy về vườn,2
Làm thầy giáo mà thiếu đạo đức,2
Vô duyên à,1
Thầy này gặp tôi chắc ổng bùn quê lắm :((( tui đâu có mún học đâu mà đuổi hay không đuổi ::((,2
Gặp v chắc cho ổng khỏi làm giáo viên lun,0
cho xin ít riviu,1
bộ giáo dục đâu sa thải ông này đi,0
"Sao thầy giáo vô lí vậy,hs không nghe rõ phải giảng lại sao lại đuổi hs ra ngoài đã thế lại có những từ thiếu đạo đức,ông thầy này đáng bị đình chỉ công tác",0
Thầy kiểu gì vậy,1
Tui mà là hiệu trưởng thì tui đuổi việt ổng luôn rồi chứ thầy giáo gì kì vậy,0
Thầy giáo thế này không có tâm dạy mà kiểu thế thì dạy làm gì,0
Có tài mà không có đức là người vô dụng.,0
thầy giáo vô duyên quá,2
Vô đạo đức,1
Thầy gì vậy,1
ong thay vo y thuc,1
Day hoc cái kiểu đó học sinh có muốn hỏi thì cũng không có dám hỏi nữa làm ảnh hưởng tâm lý của học sinh không có được hiểu thì mới hỏi lại chứ hiểu rồi hỏi làm chi cho mệt la một người thầy giáo mình phải biết mấy điều đó nhé chứ cần thầy dạy học làm chi nữa không có xứng đáng là một người thầy dạy học đó nhé,0
Ông thầy bày đặt biện hộ,0
ông thầy ngáo đá,1
Sư phạm hay mô phạm vậy.Loại giáo này nên cút khỏi nghành.,1
Đuổi đi không nói nhiều giáo viên không đức ok,1
THAY GI MA MAT DAY QUA,1
Đeo tai phone có khi còn nhỏ hơn,1
Người có tri thức chắc gì có đạo đức.,1
Vậy cũng cho làm thầy,2
Nói thật chứ không học online  học ở lớp cột thầy xin nhắc lại còn bị chửi.  .,0
thay can hoc sinh chu hoc sinh co can thay dau,1
kiểu tôi muốn solo riêng tẩn cho ông này 1 trận xem mà cay vãi,0
Thay giáo vậy cho nghĩ đi.,1
ông thầy này ở Nam thì may đấy nếu ở Bắc mà gặp mink thích thể hiện quyền lực à tán phát bay màu luôn bây h bố láo bố toét,1
"Đúng r , quá""khốn nạn""",0
Đừng cắt ghép nữa. Tôi tin có gì đó mới khiến thầy bực tức đến mất kiểm soát như vậy.,1
Nên à hãy đưa ông thầy đó xuống học lớp 1 một đạo Đức nha mọi người,1
Xúc phạm học sinh như thế là tui không đồng ý đâu . Với lại nếu như tui là thầy hiệu trưởng trường đó là tui đuổi thẳng cổ vè rồi,0
"Có ăn có học, mà không có đức, coi như bỏ",1
Người có ăn học mà không có đạo đức vậy thì có ít gì cho xã hội này,1
Người đứng đầu Tri thức  mà lại có lời lẽ như vậy buồn thật làm thầy chi nữa  nhà trường chỉ bao che bảo vệ uy tín thôi cha mẹ vất vả lo cơm áo gạo tiền mà giáo dục lại tồn tại một số người không có đạo đức nhân cách nhà giáo,0
"Ông thầy này nói mồm điêu ít thôi,chỗ người ta mưa to không nghe gì là đúng rồi,còn người ta bật mic lên nói “em có mắt tai mũi miện như người bình thường”xong là ổng nói “tôi không nghe gì đi ra khỏi lớp”,mà có cái chuyện siêu nhỏ ấy thôi mà cũng đuổi ra khỏi lớp,quá khốn nạn mic lên chửi luôn chứ ngồi im đó mà nghe mấy câu mồm điêu rác rưởi từ ổng làm gì",0
Vl?????,1
Ông thầy nghỉ dạy đi là vừa,0
100000h,1
10.0.0000,2
Giáo viên thế này chỉ có đuổi đi,1
Ông thầy gì mất dạy vậy,0
THẦY ÁC QUÉ,1
có tài mà không có đức thì bỏ,1
Cho xin nick ông thầy,1
Thầy này nên dơi khỏi trường nhường chỗ cho giáo viên khác có tâm hơn..,1
ông thầy này quá kì,1
Thay gi không co oc!!,1
kiểu này chắc ông thầy bị nghỉ việc lun,0
Giáo viên tệ bạc ️️️,2
Học nhiều quá lú hết,0
Rại kiể gi,1
Tui mà có trong phòng học đó chắc ghi âm lại đưa lên ban giám hiệu nhà trường r,1
"Nghe không rõ thì học làm gì, nhắc mãi cũng không nghe được",1
thời buổi khó khăn .    các thầy cô mát lòng cho,2
Tự nhiên chửi người ta đó là do mưa chứ đâu phải là do người ta người gì đâu vô duyên,0
ông thầy này dô duyên quá,0
Thật nhà mái tôn ý mưa to nhiều khi đeo tai nghe cũng không nghe gì thật.,0
Day gọi la thay giao day u cha me hoc sinh cung phai tra tiền de con e minh di hoc chu không phai hoc Nho dau nhe,1
"Ông thầy đó học toán giỏi nhưng quên học đạo đức , bạn tui bữa hởm cũng không nghe rõ thầy tui giảng lại chứ làm gì mà căng dữ vậy",0
bị ngaolon rồi hả,1
ổng củng không nghe rõ,1
Hời ví dụ người học sình nghỉ học thì  thầy hông có lương đâu,1
Tin 3 Phút,1
"Thầy bị sao vậy, đi dậy học sinh mà yêu cầu này nọ rồi đuổi khỏi lớp là sao, tứkhông á . Cậu học sinh nhà bị mưa to nó bảo giảng lại thì phải giảng chứ, ông có phải thầy giáo không hả. Dù không phải cậu sinh viên đó nhưng t nghe t tứkhông á",1
ông thầy gì mà md v tr ...nghe mà ức chế á sa thải mịa đi,0
Hgm,1
THẦY GIÁO NÀY QUÁ LỪA DẠY,2
Mât trí à trơi,1
Thầy * * thế tui mà bị thế là tui học trường khác lun á chứ ở đây học ol khó chịu * *,0
Chỉ nghĩ cho tài năng mà không có đạo đức,0
thầy giáo vô lý như này là gần bị đuổi việc rồi đó,0
khầy có tâm,1
Thầy gì mà ác quá vậy cậu học sinh chỉ sinh giảng lại thôi tui mà là hiệu trưởng tui sẽ trừ lưng đó làm còn nhẹ đó,0
Ông này cần học lại giáo dục công dân,0
Ơ kìa thấy giáo kiểu gì á chắc đuổi việc,1
"thầy hơi cổ hũ quá, thầy nên suy nghĩ lại và xin lỗi học sinh này. Mn nói thầy từ chức thì vô lí quá, biết học để làm GV khó thế nào không, ai chả có sai lầm, họ sửa là tốt rồi",2
Má,0
Má,0
Má,0
Má,0
Ông thầy không đạo đức,0
Haizzzz đúng là hết cả lời với ông thầy,0
? Sai sai ????,1
Theo tôi thấy thì ô này là cả vẫn đề từ trong nhân cách rồi không thì tâm lý cũng không ra hồn thì giữ làm gì hc online chứ lên trường biết lão làm gì đánh hs á hay lôi cả tổ tông hc sinh lên chửi hay bắt nói là mình dell phải là 1 người không bình thường,1
Biết khó nhọc thì phải biết giữ cái loại dựa vào danh giáo viên thích làm gì thì làm thì không thể chấp nhận được phải đuổi,1
Khon nan,1
"Giáo viên này vô học quá ....Các em tự học theo sách ,hoặc yêu cầu nhà trường  thay giáo viên .
Rất may không có con cái học gã ,vì hỗn hào kiểu này, làm hư các cháu .
Quả thật , vẫn làm giáo viên nữa , dễ bị ăn đòn quá .Biết là sai đó , nhưng nhà trường không dạy được, thì để phụ huynh dạy:  cho bõ tức .",2
Cho ông này lên bản điểm số đi anh em,1
Noi gi kỳ vay troi,1
Nghe thầy đuoi hoc tro that là buon,1
Ai cho ông thầy này dạy học vậy,0
Đầy đủ,1
Thầy này chắc không được bố mẹ giáovducj,0
Tao lạy giờ môi trường nào cũng có dạng người này nhỉ ?! Thích đàn áp tinh thần người khác kiểu như mình là vua một cỏi nhỉ ?! Bắt tao nói họ tên và nói mình có đầy đủ giác quan như người bình thường thì xin lổi đó là sự sỉ nhục .thà thất học còn hơn có học mà như thế. Ở nhà chắc vợ con ông giảng viên này khổ với ổng lắm . Cho ông giảng viên này đi làm cai ngục hợp hơn à,0
thời này ai cũng có camera chạy bằng nồi cơm :>>>,1
Đuổi việc ông thầy này đi,1
"Em tên là (giấu tên) em có đầy đủ giác quan và có não và có đạo Đức , cho em hỏi là thầy có não và đạo đức không :M ?",1
"Thầy ới,  bớt mất dạy nha thầy",2
Nhắc sinh viên kiểu đó cho nghĩ là vừa. Thầy giáo mà ăn nói kiểu đó. Lở sv nào không hiểu hỏi lại chắc cũng bị đuổi. Thầy giáo kiểu không có tâm không muốn dạy. Bắt sinh viên mở wc lên con nói mấy câu kiểu đó là thấy quá đáng. Thấy ông thầy đang sĩ nhục sinh viên của ổng. Ổng làm ổng như ông trời,0
"Cái này cũng chả đáng gì để phải cảnh cáo. Thầy này chỉ muốn tránh né, xin lỗi 1 câu có chết đâu",0
Anh thợ dạy,0
Hảo thầy,2
Đúng là có tài nhưng không có đức vứt đi,0
"ông thầy kiểu gì vậy,sv đã bảo là mưa to không nghe rõ ,mà đầu video đã nghe thấy tiếng mưa rất to rồi mà ông thầy vẫn đuổi ra khỏi lớp,không đáng làm thầy!!",0
Thầy ác quá,2
Má,0
Cô tui mà có học sinh như vậy là mừng kắm rồi ham học,1
28 pha này ông thầy điếc thật r,0
Đặt địa vị ba mẹ vào nghe thầy giảng thì t nghĩ sẽ có 1 buổi gặp mặt trực tiếp cùng Ban Giám hiệu nhà trường chứ không phải qua webcam nữa,1
Tui không biết ông thày này đạo đức ở đâu mà ưng đuổi là đuổi . Tui mà gặp ổng là tui cho ổng lên thiên đàng chúc thẩn kinh cho vừa lòng,0
"Ơ, cô tôi đây còn mong các em hỏi bài thoải mái, trời mưa người ta không nghe rõ thì hỏi thôi chứ bảo ông trời ông đừng làm cho trời mưa nữa à cho cháu học à",1
Thầy này nghỉ đi,1
"ông thầy chủ nhiệm của anh hai tui cũng có cái dụ tên gì rồi đủ mắt mũi miệng. rồi anh hai mạnglag vô trễ cái ổng call mẹ, đag thi chx làm bài tập ổng gửi được cái call mẹ! ulatr!!!",0
Cho thang nay nghi viec Di,0
Kai loai thay nay phai cho vien gach vao mom,1
Thầy gì mà như thế với học sinh đúng là vô tri thức,0
tao mà thế thì ......,0
có trì thức nhưng không có đạo đức,1
Thầy đó nói sai r :((,0
17/9 sinh nhật tui luôn ó,0
Cho ra khỏi nghành chứ để chi?,0
Híc mới bị cắm sừng đây mà,0
Ông này không có con học onlai thì phải tri thức thì có thừa đạo Đức quá hẹp hòi,1
Đến lúc học trực tiếp t đấm cho không trượt phát nào vớ vẩn,2
thầy giáo quá đáng hết sức/ nếu mà ví dụ sv có hoàn cảnh khó khăn thì thầy phải biết cảm thông chứ,0
sướng thế còn gì :-),0
Sinh vien la tuong lai cua dat nuoc,1
Cho nghi viec la vua,0
Gặp trường tui là đuổi việc rồi,1
Ông thầy độc ác,1
ông thầy  này thái độ vậy tr?,1
Có lẽ thầy làm sai nhưng sinh viên suốt ngày nói câu thầy giảng lại thì thầy tức chưa kể còn là bài khó không nghe ông đuổi,2
thằng này mà là thày à.,0
T cũng khuyến khích các em có gì chưa rõ cứ nói. Như thế thì việc học mới đạt kết quả. Chứ không hết giờ mà không ai hiểu thì giờ học đó thu được lợi ích gì?,0
️️️️️,1
"Ngành nghề gì cũng có người thế này thế kia, chả giêng gì cái nghề cao cả. Ko nói đến ông trong video",0
Thằng này không phải thầy giáo đâu nha mọi người .,2
Kím cháu cây phóng lợn oi ( thêm 1 lần nói chs đừng nghĩ là thiệc ),1
rớt liêm sỉ à,1
Ác quá đi,0
đây là thầy giáo á,2
Bảo sao giờ ra đường toàn học sinh - sinh viên ngồi nói chuyện như bọn giang hồ du côn.,1
Tui mà là hiệu trưởng tui đưa ổng đi bán muối,0
Vãi  cả  thầy  làm  thầy  cũng  hay  á,2
Ủa trả tiền học thì giảng lại có sao đâu lại chửi sinh viên ông thầy mất nết,1
Giáo sỹ thức như hột me,1
Đúng kiểu có tri nhưng không có đạo,0
Vô duyên,1
"Sv không nghe, thầy đuổi sv. Thầy không nghe, thầy vẫn đuổi sv.",2
Nghe ức thật sự,0
Xuống đi ông nội ơi cho mấy người ở phía sau có đạo đức có tâm có tài lên thay thế.phia sau còn nhiều người lam,0
Đây là khi thầy thất tình  cọc sang học trò,0
Thay không,0
"thầy kiểu gì thế , chưa dạy ai hay là không thích dạy",0
ông thầy này đáng bị đuỏi việc chứ ở đó đuổi học sinh,0
"cái này cũng gặp,nhà còn ồn nữa,phóng volume điếc tai",1
tôi mà ở ha là ổng tới số,0
"Má, dù mình nhỏ tuổi hơn ổng nhưng vẫn muốn nói ổng là thứ mất dạy",0
"nhìn muốn chửi cho ôg thầy mấy phát
không hiểu nỗi khổ của sv",0
"Ai có địa chỉ mặt bạn thầy đó không ạ , hoặc cho e số đt e hỏi thăm",0
Vô lí,1
gặp tao éo học,1
Thấy này mất sách rùi,1
Học không quan trọng,1
"người thầy không có đạo đức , nói lăng không có ý nghĩa",1
người ta biết mình là người bình thường rồi còn nhắc lại làm gì,1
Ong thay nay không co i thuc va dao duc ti nao,1
Ông thầy này mà gặp đúng học sinh cá biệt thì chỉ có xác định,0
Như vậy là không được,0
Cấm không cho ông đó dạy luôn đi,0
ông thầy này làm giang hồ luôn đi chứ làm giáo viên gì nữa,0
Ông thầy vô duyên với không có đạo đức,0
Người thầy này kì kục quá,2
cho ông nghỉ luôn giờ,0
xem mà tui cay ông thầy,0
Tao mà thầy hiệu trưởng chắc tao đuổi nó rồi đó,0
Ủa ảo thật,0
Ko ngờ cũng có nhiều những Giáo viên quá đáng đến như vậy,2
Đồ không có đạo đức thầy gì đâu  mà không có đạo đức không có ai là muốn học đÂu,0
Cho dù có cắt ngắn hay không cắt mà dm mà thầy giáo mà m nói chuyện như thế m nghe có lọt lỗ tai không,0
Cái này gặp trường tui là cho về vườn rồi,0
Thu 2 nink sao học môn khác,1
Ông  này mất nết lắm nè,0
Có tài mà không có đức là đồ bỏ đi.,0
Có tài mà không có đức,0
Người thầy vô tâm,2
ghẽ,1
Mốt nó mời phụ huynh mới biết mẹ nó hiệu trưởng ba nó giám đốc sở giáo dục mới hay,0
Thay toi dau co mua to thi cho nghi hoc lop,1
Ông thầy này cần uống VITAMINS đạo đức mới ổn,1
Đang quạo bắt dạy học,1
"Làm nhà giáo có tri thức nhưng đíu có đạo đức, về vườn sớm",1
Trường hợp này cho về quê chăn bò được rùi dạy học mà bố láo thế làm thầy giáo chi cho mag tiếng,1
Ông đó không có đạo đức,0
"E tôi cũng là thầy nhưng phải giữ đạo Đức, vậy mà có nhiều người khen là “ô giáo”, tui bảo đừng tự mãn nhé chú. Còn tuỳ người nữa mà, được cái biết nghe lời tui.",0
"Đạo Đức ngành Y, ngành giáo dục xuống cấp trầm trọng",0
Thôi đừng chửi,1
Tui thấy ông đó bị đuổi việc chứ không phải anh kia bị đuổi khỏi lớp,0
Vô đạo đức,1
"Vãi nồi ,người có tri thức chắc gì có đạo đức  tui mà học được cái ông này chắc tui nghỉ học luôn quá",0
Có tri thứ mà không có đạo đức thì lên mấy em lớp 1 mà hc chúng đi,1
Có thể là ông thầy giáo quên rồi nên không chịu,0
Thay ca chon Cho di Chan bo di thay ghet,0
Nghe giống giọng as,1
Thì giảng lại có sao đâu,1
"Nghe mà bức xúc
Cho thầy này về vườn ngay và luôn",0
thầy này không dạy được thì nghỉ nghề đi,0
"ây , có tui trong lớp kìa , đoạn sau là quay á . chứ không phải thật đâu nhem",0
Ông thầy giáo khùng,0
Thay giao nay ra duong không bi chung danh thi tiec qua. Thay giao thieu dao duc,1
Thay giao ca chon vay?   Thay giao trinh do hoc thuc ma ăn noi qua te,1
Nhà trường phải đuổi việc thấy luôn tại vì đuổi học sinh ra mà không phải nhẹ đâu phạt vậy còn nhẹ,1
Người có kiến thức chắc gì đã có đạo đức,1
27 thế là thầy không có tai như người bình thường rồi,0
Thầy tui mà như vậy thì thà không học còn hơn,2
Thầy vậy khỏi dạy luôn đi,1
Thầy giáo nói thế là đúng rồi cái cái cực cúc,0
Tên thầy ác quá,2
Người học có đạo Đức nghề nghiệp đây. Tốt nhất loại thầy này trả về khỏi phải dạy đi,1
Là sao ông thầy này bị sử ntn rồi mình thằng HS kia có bị đì hay không,1
Thầy như vậy thì đừng cho ổng dạy nữa..thầy gì nc bố láo..phụ huynh phải kiện ông thầy này.,0
Ông thầy này khó tính quá hs không nghe được thì giảng lại có sao đâu mà la,0
Thầy giáo kiểu đó nghỉ dạy đi là vừa giảng kiến thức cho học sinh cũng không được,0
Thầy mất trí thức,1
Trò rất lịch sự nhờ thầy nhắc lại .dù thế nào tui cũng không chấp nhận những lời thầy nói,0
Muốn là người lịch sự thì phải đi cùng đạo đức với chí thức mà đi chí thức không là không có đạo đức còn có đạo đức mà không đi cùng chí thức cũng như bỏ .,0
Tin 3 phút mà có 4 phút??????,1
Nên tống cổ thằng này thôi mất dậy quá chừng đi thầy kỳ quá,0
Nghỉ việc đi làm xấu mặt giáo viên Việt Nam ghê,0
Gê ông này phải báo công an,1
Thầy giáo mà không có đạo đức thì bỏ đi,2
làm thầy cái kiểu gì ý,0
Về nhà đi cho rồi khỏi phải dạy mắt công luyen lũy cái tính sáu mất đạo đức như ông về nhà làm vườn đi cho rồi,0
Em bing thuong nhung thay không binh thuong,1
Thầy gì không có đạo đức,2
"Uk, còn cái kiểu thầy giáo như  thầy á thì nhà trường đuổi là vừa",1
Có tri thức mà không có đạo đức thì cũng như không,1
Lại một ông có bằng đh đông đô.,0
Ông thầy mất dậy,1
Thầy giáo không có tâm thì dạy làm gì?,2
Ủa thầy giảng lại để hiểu đell được á,1
Loại này mang danh thầy giáo,1
"Loại này mang danh thầy giáo, nhưng không có tâm , thì tốt nhất nhà trường và bộ Giáo dục nên đuổi việc loại người này, làm thầy mà không có tâm thì làm sao dạy học sinh đến nơi đến chốn , chỉ biết có mặt để đến tháng lãnh lương",1
Đuổi việc rồi Tặng sách đạo đức từ lớp 1 tới lớp 12 cho ngoan hơn chứ ổng mất dạy quá,0
Cái thằng thầy giáo đó mất đạo đức,1
Vậy không học rồi nói vậy đi ngủ cho lẹ rồi cũng chửi :/,0
Dạy mà không mang theo cái đạo đức rồi làm gì được ? Làm thầy mà thiếu đạo đức .,0
Thầy gì đâu mà vô duyên,0
Thầy giáo thiếu đạo đức,2
thầy giáo gì đâu mà đuổi học sinh ra khỏi lớp một cách vô lý như vậy,1
Thầy giáo không có đạo đức,2
đạo đức ở đâu thế thầy ơi,1
Người không có ý thức à,1
Thầy vô duyên vậy cô lớp e vậy là sẽ đồng ý liền luôn,1
Lỡ người ta không có tai phone thì sao. Làm thầy phải ra dáng thầy chứ mà nói kiểu vậy thì làm thầy để làm gì. Làm thầy mà không có văn hóa.,0
Thầy này cho đuổi ra đi,0
Con tôi học onl mà nhiều ngày mưa quá tôi phải cắm tai phone mà còn không nghe được giáo viên phải giảng đi giảng lại rồi còn hỏi các cháu có nghe rõ không có hiểu không không hiểu thì nói để cô giảng lại chứ gặp thầy như vậy chắc lớp học chẳng còn ai,0
Thay giao co hoc thuc ma noi chuyen nhu nguoi không co hoc z troi,1
Kì vậy mưa to thì dạy lại có sao đâu,1
Đúng rồi bạn.,0
Đáng lẽ là cấm KHÔNG BAO GIỜ ĐƯỢC ĐI DẠY,0
Đuổi khỏi ngành.,1
Hên gặp học sinh hiền đấy gặp đứa khác chửi rồi,1
Cái ông thầy như thế này ai mà dám học,0
Thầy sao gì mà kì vậy,1
Ủa lỡ ngta không còn tai phone thì sao mà kêu mưa to thì đeo tai phone vô,1
Thay giao ma cu xu the nay Sao? An noi giong xa hoi den qua.,1
"Để t ca này Ah kia có coi vd này, thì cho link vô phòng học để tao chửi cho ns biết, thấy giáo mà t tưởng ông nội ngt không",0
"Mình mà có ở đó là thật mình báo lên nhà trường đuổi việc thầy giáo ngược lại í chứ? Các bạn không do thời tiết không ổn nên không nghe, tại sao lại đuổi các bạn í ra khỏi lớp",0
nhà trường không phải là con đường duy nhất hoàn thiện nhân cách của một con người. Giáo viên chỉ dạy theo cách chạy thành tích.,0
Thầy cô trường tui chỉ cần nói không nghe rõ hay lúc nãy em có việc là thầy cô tự động giảng kĩ lại,2
"thầy gì mà ngang ngược,kì quá",0
"Có đi dạy thì mới hiểu sao mà thầy lại như thế! Sinh viên giờ khôn lắm,không nhất thiểt nó troll thầy thì giọng phải điểu, nhiều khi rất lễ phép! Rồi học online thì hs lười học, khi hỏi thì đang ngủ hay làm việc riêng, hỏi tới thì đỗ thừa mưa bão,... Nói thiệt mưa thì đeo tai phone vô thì làm sao mà không nghe, vì việc chuẩn bị thiết bị học là bắt buộc rồi. Nhiều khi gặp sinh viên lý do lý trấu riết ai mà không nóng! Chưa kể clip chưa đầy đủ thì không hiểu hết bối cảnh được! Thầy dạy sư phạm phải khó vậy thì các ông thầy bà cô khi ra trường sau này mới có tính kỷ luật và trung thực được! Dễ dãi quá nữa ra dạy ai đây!",0
người gì đâu mà king vậy,0
Học bị đuổi hử???,0
Gì dọ,0
Người có tri thức chắc gì có dạo,1
Thầy gì mà không bình thường đạo đức v,0
Thầy này là bó tay,0
cho ông này ra đảo luôn,0
Nhìn thầy giáo mà chửi học sinh ra khỏi lớp như vậy ớ thì nghỉ rằng thầy mới chính là cái người mà đi ra khỏi lớp ớ,1
Đúng là không cóđđ,0
Thầy giáo như vậy mà có hs ngoan mới lạ,0
Thầy này gặp t t cho đôi vả rồi mới nc,0
"Thầy gì,công nhận ác thật sự :(((",1
Học online mưa to vậy thì ai mà nghe được thầy giáo vô trách nhiệm quá,0
"Thầy dạy kiểu đó thì c
Về quê chăn vịt đi  còn không lấy cái quần của ngta mà đội cho đỡ nhục ạ",1
"ông thầy vô trách nhiệm , học sinh không nghe rõ rồi mà còn không giảng lại nữa .  làm thầy mà như này là tôi thà bỏ học còn hơn học một ông thầy vô trách nhiệm  .",0
Thầy có tâm,2
Về vườn đi. Nhớ tiền phụ huynh nộp đủ đó nghe,1
mat mo gi duoi hoc,1
1 cái tai phone rẻ nhất cũng 200k 1 cái.,1
thay gi ma laos chos,1
Thầy z kì vậy,2
Má dậy mà chửi nghỉ dậy đi má nó,0
Giang lai co go dau,1
Giáo viên chưa chắc gì mà có đạo đức,0
Rõ ràng rồi gì mà cần điều tra cắt ghép,0
Người thầy này nói với học sinh kì quá nếu học sinh không nghe rõ thì thầy cô giáo phải giảng lại ạ,2
Vậy là người câm người điếc không được đi học rồi.,0
nếu chỉ có mỗi cái học giỏi mà không có đạo đức thì vứt đi còn người mà có đạo đức mà không có tri thức thì cũng chả làm được việc gì ai đồng ý nào,1
Ơ hay thầy giáo gì mà khó tính vậy,2
Người có tri thức mà không có đạo đức không có cả  lương tâm bỏ đi cả lý trí,1
Gặp loại ng này là đuổi ra khỏi trường luôn chứ đừng nói là ra khỏi lớp,1
"Đúng là có tài mà không có đức, thật là một sự xúc phạm",0
Gặp mình là ông thầy đó bị chửi dỡ lắm,0
Chưa bao giờ gặp người thầy nào như v,2
Gặp o thầy không có đạo đức,1
"Thầy giáo không có đạo đức gì hết , người vô ý thức . Thế cũng làm được thầy giáo tôi mới lạy",1
Trời ơi nghỉ đại đi bày đặt nói như vậy nữa!,1
Đúng rồi đó!,0
Giọng chị cute quá,0
"thầy vậy khỏi làm thầy đi,đang học đuổi người ta",1
Thây giao phai thiêu đao đưc,1
Có tri thức nhưng không có đạo đức thì không nên làm giáo viên,1
Thầy mà không có tri thức không có đạo đức thì đáng gì là thầy nữa,0
Thầy vậy thì dạy làm gì,1
Thầy gì kì vậy tự nhiên nghe không rõ mà bị đuổi,0
má nó,0
"Ơ kìaaaaaa ông thầy kì vậy ? Nhà trường lên tiếng là đúng rồi đấy , không xứng đáng làm thầy >:(",0
Ông này không có tư cách để đi dạy ng khác,0
Mai tôi mách công ty ha,1
Thầy giáo dạy cái gì vậy hả,1
thầy giáo dì kì em giận quá chân à,2
Ông thầy giáo này phải cho nghỉ việc mới biết,0
ông thầy giáo này không được,2
Có thầy như vậy thì khỏi học chuyển trường đi thầy gì mà không có đạo đức học sinh đã giải thích rồi mà còn kick không hiểu ông thầy này luôn,1
Ôi thật nực cười cho thấy giáo,2
Ông thầy này mắc cười ghê,0
Thầy gì mà vô duyên thấy sợ,0
Lam nha gjao ma noj chuyên voj sjnh vjên nhu zây .,1
Tiên học lễ hậu học văn cho ông học lại,1
Thầy cô em em nhờ nhắc lại là nhắc liền có hôm em nghe không rõ mà không kiêu cô nhắc là bị là rồi,0
"Này nha, ông mà đừng dùng bạo lực với sv đó nổ địa chỉ tao đấm không trượt phát nào đó,tôi đang nổi điên lên đó nha ,đừng có chọc tức tôi nha,",1
Ông thầy láo thế,0
Thay giao ma lam vay mai sau sv nhu the nao thay giao that su khon nan,1
Ở nhà chắc vợ con nó cũng bị nó tra tấn suốt ngày thoi,0
Ở nhà chắc vợ con nó cũng bị nó tra tấn suốt ngày thoi,0
"Mk cũng đã gặp trường hợp như này,hôm đó trời mưa,wifi nhà mình bị yếu,gvcn gọi mình,nhưng máy mình bị lag,không thể mở mình mic được,gv kick mình ra luôn,mình đã xin vào lớp rất nhiều lần,gv không cho mình vào,gv yêu cầu mình nộp bài hôm đó,và mình cũng đã giải thích là hôm đó gv không cho mình vào nên mình không bình thường chép gì vào vở,gv gọi bame mình,bame mình cũng rất bức xúc và đã làm đơn nộp lên nhà trường,nhà trường không thèm quan tâm",1
Thằng thầy đó là ai,0
Làm thầy nhưng không làm gương cho các em học sinh,2
Tức nhất cái câu “ mắc mớ gì tôi phải giảng lại cho anh ...”,0
"ai đã từng là thầy cô của thằng thầy này chắk đau lòng lắm , vì đã dạy 1 trò không đủ đạo đức nghề nghiệp .",0
Quá Đáng!!!,0
ủa gì kì zạy ngta không nghe giảng lại chứ mắc mớ gì đủi rồi ngoài,0
U là trời,0
Ui xời coi chứ nó bùm cho bầm mặt,0
Thầy này không có đạo đức gì cả.. nếu thầy có tâm không bao giờ có những lời nói như vậy,1
Thầy về chăn heo đi thầy ơi,2
Ủa lỡ g người ta không tai phone thì sao,1
Người có tri thức chắc gì đã có đạo đức với nhân cách,1
Đuổi thầy giáo khỏi trường để không mang tiếng,1
Đuổi thầy giáo này đi không đạo đức,0
"Ông thầy này khó chiu, ngôn từ giống kẻ đầu đường....",1
"Vậy kính mong bộ giáo dục xem lại thầy giáo , ..?",1
Thầy này có vẻ bo doi,1
Người thành công luôn có lối đi riêng là đây ... thầy giáo .,1
cái thầy đó là chuẩn bị tới công chiện,0
Thầy kì cục vậy nè đúng không mọi người,1
"Dù cắt bớt hay chưa thì ng thầy giáo trc hết phải có cái đức mới dạy người được,ngôn từ của thầy chả khác gì ng không có đạo đức và học thức,thầy dạy theo cảm tính của thầy thì chúng tôi mong nhà trường cho thầy thôi dạy,còn về việc clip cắt ghép cũng không nói lên thầy là người đúng vì thầy xử xự như ng vô học",1
"Thầy như thế này thì về hưu thôi,dạy làm gì",0
cay thế nhờ,1
Thầy giso kỳ quá .Đuổi việc luôn đi,0
"Lúc đó em nói là em tên là... Đó , có mắt , tại nhưng mưa lớn không nghe rõ , coi ổng nói cái gì rồi ổng nói em nữa thì em cãi tay đôi với ổng luôn !",0
Tui mà là SV thù tui sẽ nói : em ki nghe rõ bạn nói thầy không nghe rõ rồi mắc mớ gì thầy đuổi em thầy cũng không nghe mà,0
Dữ quá,0
Hahaha,1
Thầy giáo này không được trách mac Sinh viên,2
"Thầy mà như thế thì đừng dạy , thầy giáo mà không có đạo đức tí nào  
gặp tôi là ra khỏi lớp lâu rồi khỏi cần kick",0
Cho con đi hoc râp thăng thây không co đao đưt thôi sông,0
Trương đai hoc thanh phô la đây  bao đơi,1
Có hay không là do tụi nó hết,1
Mày làm thay hay làm dan xa hội,1
Định chỉ ổng đi và tui thấy là ông thầy ấy chắc cũng ăn nói như thế với các nhiều con em của chúng ta đúng không ạ vậy nên tôi xin nhà trường định chỉ cái ông thầy đấy đi ạ vâng tôi xin cảm ơn,0
"Hc sinh:
(Trả lời câu hỏi các kiểu)
Thầy giáo:
Em nói lại đi thầy nghe không rõ
Hc sinh
(Méc thầy hiệu trưởng của trường)
Hiệu trưởng
Cút za ngoài!(nói giáo viên)",2
Ông thầy nói cái giọng muốn đấm cho một cái,0
Thật quá đáng,0
Thầy giáo không dạy mà làm thầy giáo không có đạo đức,2
"Chắc tao lấy vitamin đạo đức,phan vô đầu ông thầy này quá,tao nói đúng không ae",0
Có ôg thầy giáo như thế này thì học gì nữa,1
ông này chắc đéo học đạo đức hay sao ấy.,1
mn thấy ông này như thế nào chứ tôi thấy không có đạo đức gì cả SV không nghe dõ phải giảng lại chứ thế này  kiểu dì chả bị đuổi,0
Người có đạo đức thì không bao giờ nói chuyện như vậy,1
Ông thầy giáo dậy không được thì nghỉ làm đi,1
Ông thầy giáo này đáng bị xử tử,0
Ông thầy đó phải bị đuổi việc ông không học hành không biết được đâu,0
Thầy dạy thế này thì nghỉ làm đi,1
chắc gì có đạo đức.,0
ông thầy giáo kìa quá,0
"Dù là cắt bớt, nhưng ngôn từ của giảng viên là thật và như vậy là quá không phù hợp. Phù hợp nhất là nên loại khỏi ông nay ra khỏi ngành giáo dục.",0
"Cho dù đoạn clip có đầy đủ hay không thì cách phản ứng của GV cũng thật quá đáng!GV mà vậy thì sao đào tạo thế hệ sau.Quá đáng nhất là câu yêu cầu SV khẳng định bản thân có đầy đủ tay mắt thì chẳng khác nào bảo bạn nam sinh kia không có đầy đủ tay mắt và cũng như đang xúc phạm tới những người khuyết tật,thật là quá đáng!GV có quyền không giảng lại cho SV đó nhưng không có quyền nhục mạ SV như thế!",0
Ngươi không có trí thưc,1
Là một ông giáo đấy sao làm gương được cho toàn học xinh cả nc đây,0
Thấy giáo Tháo dầy nói chuyện mất dạy... đúng là trình độ nó nằm ở bằng cấp chứ không phải nằm ở đạo đức của con người,0
Xác mình gì nữa quá rõ rằng rồi mà,0
Thầy giáo cô giáo bây giờ vô đạo Đức lắm. Cho con đi học tốn kém đủ thứ mà còn gặp phải thầy cô thế này thì chán thật.,0
láo,1
Ông không lên làm thầy .,1
cái này là hỏi cung Đi tù chứ học gì thằng thầy này,0
Thầy kì vậy học sinh nó Ko nghe thì giảng lại cho nó mắt mớ gì đủa nó nó ăn hết của nhà thầy hả nhờ thầy mà học sinh làm Giang hồ nhiều ha,2
láo vkl,1
"Đổi việt, đổi việt.
Ahihi",0
GV chưa học đạo đức hay sao vậy trời,1
Thầy ông nội,0
"Trồi oii , cái nết của thầy giáo + với cái nư của não thầy giáo nó ra cái điên vô duyên của thầy giáo",2
Ông thày này giạy ai được,0
Đúng là thầy không biết dạy học sinh mà còn chửi học sinh đúng là,0
Thầy này phải đuổi ngay quá mất dạy,0
Thầy không có dao đức. Chỉ bình thường ăn tiền,1
Thầy vầy là chết rồi,0
Ko có đạo Đức thì còn đòi dạy người khác vô đạo Đức tốt nhất đuổi việc,1
có tài mà không có đức,0
Chắc tối 2 vợ chồng gây lộn.Hay thầy thua số má hay trận việt nam thái lan vừ rồi nên thầy không vui.,1
"Đuổi cái thằng giảng viên đó mẹ luôn đi điều tra xong rồi không làm gì hết thì người chịu thiệt là học sinh rồi, chả lẽ mỗi lần học mà mưa thì bắt buột phải nghỉ học hôm đó rồi hôm sau hỏi bài học ngày hôm đó thì học sinh đó phải trả lời như thế nào ?",0
"Cho sv nghỉ, thì thầy cũng nghỉ luôn đi thầy",1
Cái Miệng Hại Cái Thân Là Hay Thật,1
Đề nghị tịch thu bằng cấp. Loại người này cho đi lượm ve chai xứng đáng hơn,1
"Em có lần bị thầy tát,cú,đặp nơi mặt mà em mới lop4",0
Vô lý,1
ác,1
#NAME?,1
Học trực tiếp tại trường lớp nhiều khi giản học sinh nghe còn không rõ huống chi là qua mạng,1
Có đao đûc không,0
mưa lớn thổng nghe mà còn đuổi người ta  ra khỏi lớp mời ông thầy đó lên sở giáo dục đi,0
Ông thầy này bị thieunang cmnr,0
O lớp con tôi học onlai .thỉnh thoảng có người vào linh của lớp nói tục rồi chửi nhau .vì vậy nhà trường hợp phụ huynh lại dễ nghi mua phần mềm de dạy và thu tiền của học sinh vậy dung hay sai,1
Người gù đâu không có đạo đức hay sao ó,1
Đây là những người không có ý thức,1
Thầy không có trí thức!!!!,1
"Học sinh bị mưa không nghe rõ,,,khi hắn ta bắt hs đọc tên...thì lại nói không nghe rõ..không chấp nhận bạn kia..",0
Ông thầy không có đạo đức hả,1
Nghề giáo viên cao quý lắm mong sẽ không ai làm nhọ nó,0
Ông thầy này được cho học lại sách đao đức chưa,1
Thầy như này đuổi xớm thôi,1
Thầy giáo nầy tôi đề nghị đủi thẳng ra khỏi nghành. Nhé.,1
thầy gì đâu mà kì cục vậy,0
Thầy không vó í thức,1
Ông thầy nói sao học sinh nói vậy mà doạ đuổi học,1
Dai hoc con tôi như vậy thì tôi lợi nhà  hỏi thăm sức khỏe rồi,1
đúng là người không có đạo đức,0
Ko nghe 1 câu động viên nào cả. Ví dụ các em cố gắng tập trung nghe kỹ hơn 1 chút. Thấy thấy 1 số mic bật lên tiếng mưa khá lớn. Chúng ta cùng hoàn thành tiết học tốt nhất có thể. Trình độ có mà phong cách Sư Phạm thế thì không bằng 1 đứa trẻ đánh giày ngoài phố,1
ôg làm thầy tui hơi lâu rồi á,1
Thầy giáo vô văn hóa với đạo đức giả,1
"Người coa học thức mà đi nói chuyện với SV như vậy hả nếu muốn
Giúp đỡ người ta vượt qua khó khăn trong những tháng dịch thì phải cố giúp chứ còn không muốn giúp thì thôi đi 
Ai đồng ý cho ông thầy này ra khỏi trường không dạy nữa",0
Thầy z là mê tiền thoi chứ dạy qua thoi thầy md hơn hs,2
thầy như vậy làm sao mà dạy,1
Thầy này nên nghỉ việc là vừa,0
Đồ thầy gì mà vô đạp đức trâm trọng.,0
"Chỉ là nhắc lại thôi mà có gì đâu mà phải nói như vậy chẳng phải trên lớp thường nói""NẾU CÁC E KO NGHẼ RÕ HOẶC KO NGHE ĐC THÌ HỎI THẦY (CÔ)""hay sao",1
Thầy kì quá học sinh học dở tại ông,0
không co đao đưc a,0
tội nghiệp các sv quá,0
gap tui la tui to cho khoi day luon,0
Hoc thi hoc nhung vai nhe nhang honf đuoc la em hoc onllai thay em đau có la em em hong hoc đuoc thi thay cieu ban khac,1
Con chò,0
Thầy bố láo,1
Giáo viên mà không có đạo đức gì hết,0
Mình là người mua mà,0
Dưới tháng thầy,2
Ông thầy vô duyên gê,0
Gặp hacker như tôi thì biến,1
có tài không có đức thì thua đồ phế liệu,1
Chơi ông thây luôn,0
Đâp ông thây luôn sơ gì,0
Thầy không có đạo đức à dại mốt nó hư hết nguyên lớp luôn,1
haiz,1
"thầy nên nghĩ dạy đi , mưa to đeo tai nghe mà không nghe thì giảng lại chứ cái gì mà đuổi học ,  phụ huynh của em mà đứng kế bên thì chửi thầy",1
thầy giáo như này không sứng làm thầy giáo,2
Cái này 4m chứ không phải là 3m,0
Thay oi ac the ba tay thay gi ma ac the tui không co che nhung ma ac hiet,1
không biết có bị trốn trại tâm thần không nhỉ,0
Tui mà là học trò đó là nghĩ mẹ luôn đi,0
Trời ơi >:(,1
"Cái loiaj thầy này bị đuổi khỏi trường là SV vui lắm 
Ổng cux không nghe thấy gì nên djt, đuổi luôn ổng",1
ủa ông thầy không có tai hay sao không nghe anh an nói ?,1
Thấy không có Đạo đức,1
có thầy như vậy tui thà nghỉ học luôn cho rồi,0
"Tri thức cao mà đạo đức không có , thầy ý thức còn kém hơn cả học sinh lớp 1",1
Trời ơi học sinh nói to như vì mưa quá to vậy mà thầy cho ra luôn! Buồn nghê,0
thầy giáo gì mà kì cục khỏi làm thầy giáo lun đi,0
Thầy kiểu này thì ai muốn học nữa ạ,0
hỏi sao học sinh nó đi học bị ở lại lớp hoài thầy dạy như vậy chất Hs giỏi cũng thành dốt,1
Đáng ghét. Ông này không nên làm thầy gì cả. Haizzz,0
thầy gì mà kì vậy,0
Day dai lam chi,1
thầy giáo khốn kiếp,1
thật là không có ý thức,0
Người ta học có đóng tiền đàng hoàng ổng làm cái gì thấy ghê vậy,1
Ông thầy đó bị khùng quá vậy trời,0
Thầy giáo như vậy thầy hiệu trưởng đuổi luôn Cái thầy này luôn đi cho ông ta dạy làm gì thầy như chẳng đáng dạy cho học sinh,0
Cho ổng về nuôi gà đi.tư cách người thầy gì khc người vậy trời.,0
em tôi cũg bị thế nè,1
thầy mà vầy mẹ mình chửi và kêu dạy được  thì dạy không dạy được để người khác dạy,0
Cho ông thầy về vườn đi,0
chời thầy giáo không cóa đạo đức kìa,2
"Anh sinh viên mới hỏi có 1 lần mà ông thầy ........mình Cạn lời , thầy giáo không hề gương mẫu , mong nhà trường đuổi cổ ổng đi cho lành !",2
Thầy gì mà không có đạo đức vậy,0
Giáo viên như vậy thì dạy gì nữa  đuổi đi,1
"Ủa,ông đó có đạo Đức không vậy,nghỉ luôn đi",0
Ông thầy này vô duyên quá nói chuyện ngang ngửa,0
"ông này á , nên cắt chức và cho xuống làm công nhân",0
Thầy gì mà không có đạo đức,0
Mấy anh hc sinh hên là học on lai nếu hc ở trường thì .....,1
Đuổi học sinh ra và cái kết thầy bị đuổi lạib,2
Thầy giáo giang hồ hổ báo.,2
không biết ông thầy có dạo dức không nữa chứ tui là người xem mà con thấy tức nữa học sinh này không nghe nhờ giảng lại mà ổng kích không thương tiếc rồi ồng bắt học sinh kia nói ổng nghe không rỏ thì lai kích  tiếp,0
Đuổi ông thầy đó luôn đi thầy gì mà như dậy,0
Thầy này có câu sóng gió phủ đời trai tương lai nhờ nhà vợ,1
Ko sức đáng để làm thầy,2
thầy vô đạo đức chỉ  vì mưa mà đuổi,0
"Thầy kiểu gì không có đạo đức,vô văn hóa như thế  Đuổi việc luôn đi",1
Học online trời mưa không nghe là đúng rồi sao cứ phải chữ học sinh bức xúc với hành động này chứ học học mà gặp ông thầy này là chết luôn rồi  tức mà không nói lên lời luôn á,0
Ông thấy đó mà là thầy tôi thì,0
di me thay gi ma ac,1
Thì nghĩ học,1
"Một người thầy như này nhìn là biết người sinh ra củng chả ra sao
không dạy được con cái mà đi mua chức thầy cho con cái như vậy.",0
vậy mà cũng làm giáo viên đai học được hay thật đấy,2
"Là thầy có tri thức mà không có đạo đức  
Thì đừng làm thầy ông mà làm thầy tui thì tui kêu ba tui cho ông nghỉ lun
Tui tặng ông bài bày thơ này 911, 1 tông 1 lép 1 dép vào mồm",0
thầy bố láo,1
"có tài mà không có đức
trong xã hội này không cần những người như thế",0
Thế mà làm thầy giáo,0
thay te qua,1
thầy mà nói kiểu này thì làm thầy giáo cái gì nữa. thôi nghỉ mà đi làm phụ hồ không muốn dạy thì thôi đừng có mà thái độ,0
Hi,1
Học cho lắm tắm cũng ở chuồng… he he,0
Cái này tôi là tôi nghe rõ ràng tôi nghe rõ 100% tôi không có nói Thề Tôi không có chửi thề lại nha Nhưng mà ý thức là vui anh quá Tôi là tôi không nhận cho ông thầy chuyển như thế này tôi không nhận,0
Thầy giáo dạy  kiểu gì  vậy,0
Học  sinh  bình  thường  hết  có  mỗi  thầy  là  không  bình  thường  thôi.,0
Má kiểu này làm thầy ntn đây có fai làm gì ai cũng có tai nghe,1
Với lại người có chí Thức chat có đau dua  ông thầy này rất là say nếu như ông thầy đặt trong hoàn cảnh như cậu học sinh thì  ông cũng sẽ phải kêu giảng lại  (khi gặp vấn đề nào đó hãy đặt bảng thân mình vào vấn đề của người đó  ) tui chỉ nói nhẹ vậy thôi chứ tui không nói gì say nữa,0
Chung hoàn cảnh.......,0
Da em chỉ nói một câu thôi làm thầy được thì làm không được thì thôi trời mưa chứ đâu phải là người ta  giả bộ đâu,0
đuổi thầy giáo đúng hơn dó,2
gặp tôi tôi chửi vào mặt ông đó rồi chuyển trường,0
Đúng ông thầy ai cũng gét,0
thầy loại này nên nghỉ....,0
Ông thầy này muốn nghỉ việc lâu dài nghỉ hưu  đó mà,0
Vậy mà làm thầy,0
Thấy như thế không phải là thầy,0
Ko có đạo đức,1
đúng là người vô ý thức gặp tôi thì tôi chửi cho mấy câu làm thầy kiểu này thì nghỉ đi đúng là vô ý thức,0
Ra đường khệnh khạng vậy kiwwur gì chả vỡ mõm.,0
Thay không co đao đuc,1
"Thầy giáo chết bầm, giờ học online mới thấy rõ Thái độ giảng dạy ntn, học trực tiếp thì thái độ của mấy Thầy ntn ? Đối xử với hssv như vậy? hầu như là tất cả Thầy giáo đều giảng dạy mất kiên nhẫn, và thường xuyên có thái độ , ghét thật sự những người làm nhà giáo mà có thái độ như vậy. Ăn học cho cao, hiểu biết nhiều mà hành xử như một người vô giáo dục . Đề nghị bộ GD tiễn vong ông Thầy giáo này về nghỉ hưu đi.",0
thầy ác vãi,0
Ông thầy vô duyên,0
Thường mưa to là hay có tiếng ồn của mưa áp đi nên e không nghe rõ thầy giáo giảng là đúng .sao thầy giáo có thể đối với học sinh học online như vậy,0
Bạn em nghe không rõ cô giảng lại 4 - 5 lần cho bạn nghe rõ cô vẫn nói bình thường,0
Mât dai,1
Thầy giáo hơi kì cục kẹo pit pa pon đề nghị thầy ăn kẹo mút pitpapon,2
ông thầy mắc dạy,0
"Không phải làm thầy, không còn sót lại con người vô thức đâu. 
Thầy này muốn bỏ nghề nè....",0
Ông thầy này chắc không có đạo đức quá,0
ông này hâm hâm,0
"Hừ phản ánh không đúng sự thật vậy việc giáo viên đó làm nhục sinh viên có làm giả được hay không
Việc đuổi sinh viên ra khỏi lớp vì lí do đó có làm giả được hay không
 mà nhà trường ở đó còn bao che nực cười",0
Thầy không dạy được thì nghỉ đi trời mưa người ta muốn giảng lại thôi không dạy được kí đơn nghỉ đi thầy là cái gì  mà nói vậy,0
Cái loại này mà làm thấy gì vậy trời,0
cắt bằng đi,1
Đuổi cổ khỏi ngành,1
Thầy này phải ăn đấm mới thông não được,0
ông thầy dô diên,0
"Thầy ác quá!
Thế này thì???
Chịu!",0
"Thầy giáo , giảng viên sư phạm ăn nói như 1 người thất học",2
"Xấu với sinh viên như vậy, một ngày nào đó ước bị đình chỉ công việc suốt đời đi",2
Đạo đức ở đâu đấy,1
Có ông thầy như thế này nghỉ học cho đẹp trời,0
quá đáng lắm mong nhà trường xử lý việc này,0
Đúng thật là tức đúng là thầy này học sinh đã nhờ dại lại mà lại không người ta ra khỏi nhóm học nữa,0
Ông thầy đó cũng bị điếc,0
Lớp em bị hoài,1
muốn chăm chỉ học còn gặp thêm ông này,0
làm thầy kiểu đó thì làm giang hồ được rồi,0
Ủa người ta không nghe rõ thì giảng lại một câu tiếc gì câu nói đâu mà lại kick người ta ra,0
Ông thầy láo vãi,0
chị ơi ông thấy địa chỉ ông đó ở đâu vậy em qua nhà ổng đập luôn chứ em tức quá,0
Ông này khùng hay sao á,1
không dậy học sinh thì dậy  làm chi cho ông thầy đó nghĩ là vừa,2
"what, mưa to mà không giảng lại mà bị đuổi ra khỏi lớp mà không rõ lý do á
mưa to thì HS không nghe thì có thể giảng lại cũng được có sao đâu 
thầy giáo chi mà ác dữ zậy trời
găp trường tui á hả là bị đuổi việc luôn á chứ không phải giỡn đâu
người gì đâu mà không có đạo đức vậy thì làm giáo viên làm chi
đúng không mọi người?",0
rõ ràng là tiếng mưa lớn lại đuổi ngta ra .,0
Đề nghị tẩy chay  trường,1
"Nhưng học sinh thứ 2 nói ai cũng nghe được tại sao ông thầy không nghe vô lý dạ 
Cx có khi mưa to đeo tai nghe vô cũng không nghe được cái đó là đúng 
Mưa to đến nỗi không nghe được bài luôn ý",0
Đúng là không có đạo Đức mà,0
học sinh không nghe rỏ thì nhắc lại có gì đâu mà đuổi học sinh ra khổi lớp học,1
Cộng đồng mạng kéo đi quán trâu thời gian ông,0
Thầy gì kì vậy nhắc lại đâu có mất nhiều thời gian đâu,2
Tôi cảm thấy quá bực mình khi thấy ông ta đối xử như thế,0
ong thay nay không co dao duc,1
Gặp tui là tui chửi lại chứ không có im vậy đâu,0
Thầy gì vô duyên có học chò thế phải vui chứ,1
Qi,1
;-;,1
Đó là trong suy nghĩ của mấy đước big brain đếy,0
Không co đao đųc,0
Ta nói mấy ông thầy nhu vay chi có học lại đào đức thôi,0
Ô thầy vô đạo đức,1
Vậy mà gọi là thầy hả,1
:((((((((((((((((((((((((((((((((,1
vo li that su,1
Thầy giáo truong toi thi rat tam li,2
"ao that day
:}}",1
Mang tiếng là thầy giáo mà dạy học thế này dạy làm gì .Có đạo đức có chi thức để làm cảnh .Thầy thế thì gương mẫu lắm. Làm gương cho học sinh noi theo thế đấy,0
Ông thầy này tôi chù ổng bị đuổi ra khỏi trường luông á tôi ghét ông thầy này,1
trời cái này mà là tui thì nói thẳng báo với nhà trường cho nhanh,0
Bây giờ hoc online phu huynh mới rõ bộ mặt của thầy,1
Thầy giáo kì quá mình buồn lắm,0
Người có trí thức mà không đạo đức thì dạy chi cho mệt thân vậy??? Sao không nghỉ luôn đi!,0
Thầy gì mà ghê thế,0
ông thầy không có đạo đức,1
không có tri thức không có......... thì làm được gì?,1
nhà trường đuổi luôn đi chứ tình hình thế này thua đạo đức 1 đứa mẫu giáo,1
Là thấy giáo học cao mà không hiểu rộng.,0
Thầy giáo gì mà kì cục vậy trời,0
Giảng viên mà như giang hồ,0
SV này vẫn kính trọng thầy,1
Người lớn mà đạo đức không bằng một hs lớp 1,1
"Ông thầy này nhà trường lên cho về vườn người có chí thức chắc gì có đạo đức 
  vô nhân hoá nhà người ta  bị mưa to xin thầy giáo giảng mạng nhưng không cho",0
CHÍNH XÁC LUÂN HOÀNG ƠI,1
đuổi việc luôn đăng thông lên mạng cho khỏi trường nào dám nhận,1
cái ông thầy này quá đáng thế nhờ ?,0
Thầy ác quá,2
ThAy ơi là thÀy,0
thầy giáo gì mà vô ý thức với học trò của mình,0
Thầy giáo quá đáng,2
Thầy giáo gì mà chửi học sinh giữ vậy thầy mà dạy như vậy là sẽ không có học sinh nào mà còn học nữa,0
"Ôg dạy như gì á ,vô nhân đạo thì khỏi dạy sv lun ik",0
"Thầy giáo kiểu gì vậy, trời mưa to không nghe thấy thì giảng lại hộ đi, gì mà đuổi cả học sinh ra, Vào trường tui là nghỉ việc ngay và luôn",0
"Sinh viên: Dạ bên em mưa to em không nghe được ạ
Thầy: Em không nghe rõ thì cút",1
"Thầy kiểu như là t là thầy giỏi nhất thế gian này rồi,thầy nc gì đâu không như lọt tay, thầy ơi cảm thấy không thích dạy nữa thì mất dạy sớm đi",0
ong thay ac qua,1
vãi làm thây kiểu vậy nghỉ luôn đi,0
Cái này mà là tôi tôi tôi nói thẳng thắn ra là “thầy dậy thì phải dạy cho học sinh hiểu để sau này còn đi làm con thầy đuổi ra thì cứ việc con em thì tứ chi đầy đủ. Ko cần phải nhắc lại ok “,0
haiz dạy  làm gì,0
haiz đúng là thầy giáo không biết đạo đức mà sao mà không đi làm nghề khác đi mà làm giáo viên làm gì vậy trời,0
Ông này giáo viên fake gồi,0
tui mà bị vậy tui ngi luôn cái trường đó hứ,0
ông thầy nầy mới chưởi lộn với vợ,0
Người  dì  nghu  dây,1
"thầy giáo âm binh, cà chớn",2
Thầy mà như thế này thì không biết nhà trường kiểu gì,0
Team học sinh 398k người yêu tảy chay thầy giáo này,2
"thầy giáo độc ác quá trời luôn, trời mưa to thế magf ác quá! nếu là mình là mình báo cảnh sác luôn á",0
"Thôi đi..thôi đi..thầy đừng có nguỵ biện. Tất cả mọi người ở đây điều nghe nghe rõ những lời nói khó nghe của thầy. Cái gì mà phải khẳng định đủ mắt, tai, mũi, miệng. Cư xữ sao cho học sinh nó thương. Cái thời đi học của tui giảng viên dễ thương gần gũi lắm kìa...ai mà khó khăn rắc rối như thầy. Nhắc tới môn thầy, nhắc tới tên thầy chỉ toàn áp lực. Khấn trời cho mau qua môn",0
Đuổi việc og thầy,2
Đây là một số. trong những số thầy cô giáo có thái độ không tế nhị và ... với học sinh.po tay,1
Em cũng không nghe rõ nữa thầy ơi,1
Ông thầy bố láo,1
thật quá đáng,0
không có đạo đức làm thầy giáo làm gì chi cho mệt,0
Thầy kiểu như này tôn trọng nó làm gì.,0
cho thằng thầy giáo đó nghĩ giạy đi,2
Thầy giáo này không được tốt,2
"Thôi mà bớt tiêu cực đi dạy học cũng có gì dễ đâu, chắc cũng áp lực tinh thần các kiểu...vv... Dù có..lố thiệt.      
THÔI MÀ ỦNG HỘ THẦY ĐI",0
nhìn đầu thầy bực mà óc thì như trái nho,1
hảo thầy giáo luôn,2
Thầy có tri thức mà làm vậy à,1
Ơ thầy có ăn học mà làm vậy à,1
Mình thấy thầy này  lắc đầu,1
Thầy hiểu trưởng kiểu: chắc tôi cho ôg khỏi dạy luôn quá,0
Nếu em là hiệu trưởng thì em đã tống cổ ông này về quê chăn vịt rồi ý. Đáng lẽ ra ông thày phải kiên nhẫn giảng lại cho hs để hs có thể hiểu bài chứ ông này thì phải tống cổ về quê thôi.,0
"Video được được đăng lên
HS:Em muốn phản ánh sự việc này,chính giáo viên kia đã xúc phạm và đuổi thẳng em ra khỏi lớp học online
GV:Ko đúng,tôi không làm điều đó,đó chỉ là video được cắt ghép
Giảng Viên:Tôi cũng đồng ý,video có thể được cắt ghép
Nhà trường:Lập tức xem xét và xác minh,minh oan cho trường và cho uy tín của trường
Cơ quan chức năng:Chung tôi tuyên bố,học sinh này đã bị cảnh cáo vì video có cắt ghép
HS:Nói thầm(m* bọn chức năng và nhà trường,cho tiền nhau rồi bao bọc lẫn nhau hèn gì không được làm gì)",0
Người ta nghe không rõ nhắc lại không được hay sao mà đuổi học người ta thầy giáo dạy không có đạo đức bộ thầy giáo bị câm hả nói Hai lần không được ha,0
Làm thầy kiểu gì mà không có ý thức gì cả,0
Wow kiểu này là nghỉ làm,0
gặp t là t bật lại rồi hỏi thầy vậy thầy có lãnh lương không vậy lương đó đâu ra,1
"Ông này chửi học sinh như con mình
Quá đáng
Chắc ông nói như vậy chắc người nào cũng có đầy đủ máy móc",0
Người có trí thức chứ không có đạo đức,1
thầy giáo nhiều lúc mắc sai lầm (nghiêm trọng ),2
Làm thầy như vậy thì bỏ nghề đi,1
Người này o nên làm thây về nhà nuôi lợn cho xong đi,1
"Đúng là độc ác, học sinh ở nhà đã khổ rồi mà còn làm vậy nữa",0
"đề nghị cho thầy nghỉ dạy đi,cho thầy mất dạy luôn",0
thầy gì đâu mà kì chắc không thèm học lun,0
Khổ bạn kia quá ! Bạn đúng là chăm học lớp tôi chúng nó không có đứa nào học chăm nhe bạn. Tôi mong các nhà trường không có những người như này.,0
Thầy này khỏi dạy lun,0
úi giời ơi hảo thầy,2
Bay màu,1
Người thầy này mà ra xã hội không bị đấm cũng bị đá,0
Mình cũng có thấy lớp 5A lớp cháu mình cũng thấy có đứa hỏi thầy thì bị chửi tôi cũng không biết được nhưng tôi phải báo cáo với nhà trường vừa từ lúc cháu tôi học về kể cho tôi nghe,1
Og thầy đó bị ngáo hả không nghe thì giản lại đi sao kick người ta,1
kk,1
Sao không đũi ông thầy luôn đi,1
Người như này cũng là thầy giáo,0
Người có tri thức chắc gì có đạo đứa,1
Ông thầy này làm âu ế  của nghề thầy giáo niêm đủi thẳng,2
Hazz... Tên này đúng là ác nhân,0
"Thầy . Chí ngủ rồi , hay vào dạy mà quên gắn não",0
"- Chắc đạo đức rớt mịa r
- Hiệu trưởng đuổi việc ổng là zừa",0
tôi mà là hiệu trưởng đuổi việc ổng rồi,0
"thầy giản 1 lần đi thầy đi ngủ đi há, không có học sinh nào học đâu",2
tin 3 phút mà sao 4 phút thế này,1
Chắc là chưa đọc đạo lí làm người của thầy Huấn ấy mà,0
"Bộ mặt thật của giáo viên,còn ở trong trường khủng khiếp cỡ nào",2
Ko có đạo đức,1
Đạo đức không có thì dạy làm gid,1
hiệu trưởng đâu,1
nghe ông này nói cũng muốn đấm,0
"đuổi học viên ra khỏi lớp sau đó bắt những ng khác phải điểm danh theo kiểu ngang ngược
ngoài ra còn có những lời nói rất khó nghe. dù có cho học viên vào lớp lại. thì đây cũng là 1 lỗi cực lớn. không thể bào chữa để biện minh",1
Oi doi oi ....,1
Có gì đi nữa mà Thầy xử lý như vậy là bậy rồi! Hiếp đáp SV riết wen! Kỷ luật ngay!,0
Có ông thầy này dạy tôi chắc tạch môn ổng quá,0
"ông thầy này đừng làm thầy giáo, làm ăn xin là vừa, người 
 không có đạo đức",1
Hên là có quay lại hehe,0
tội anh quá Thầy như vậy thà không trả lời còn hơn mn ạ ?,0
"Ông này nà làm giáo viên nhi hứ ""KHÔNG XỨNG OK""",1
Thầy không có đạo đức,1
Hồi đó mình còn học cấp 3 thầy cô mình còn ghê hơn dậy nhiều,0
O,1
cho ông thầy này nghỉ việc luôn ik,0
Vô văn hóa thật,1
người như vậy là không được rồi,0
Bạn nói Trí Phải không có gì là sai cả ông thầy này đã được tôn vinh được giải thưởng Nobel là mất dậy,0
Cái này là không có đạo đức mà chỉ ham tiền,0
"Thầy kiểu gì vậy, nghe thấy ức chế ghê. Bảo sao không có sv giết thầy.",1
What cai gi,1
Cc thầy,2
"Thế thì còn gì là thầy giáo 
Vãi :(",0
thầy giáo đấy không đúng là một thầy giáo vô đạo đức,2
Giảng lại một câu thôi mà làm gì đuổi ngta ra khỏi lớp rồi khi người kia ra rồi lại bảo mấy người kia nói này nói kia nhìn là thấy không có tri thức trong người r,1
"Thế thì đừng dạy nữa nha thầy, giáo viên mà không có trách nhiệm dạy dỗ học sinh. Học sinh nghe không rõ thì giảng lại chứ mắc mớ gì lại kick",0
"ông thây có tri thức toán - tv  , nhưng không có đạo đức",1
"Ôi thầy gi thiếu đạo đức...thầy và trò như 2ng bạn mới hay.,và sao này trò rảnh còn tới thăm chứ NC kiểu vậy thì.....",2
Chắc ỗng là trùm mafia,0
Làm thầy kiểu gì không biết,2
Thầy như thế thì nghỉ làm thầy luôn đi,1
Ko nghe rõ thì được quyền giảng lại chớ,1
Hihi,1
cho ong mot vien vitamin dao duc di roi cho cuon sach dao duc lop mot la vua,0
Bị tầm lao không chịu tắt mic,0
Ông thầy mới chơi đồ,0
Trời trời. .. làm thầy dạy văn hóa chứ đâu phải dân đầu đường só chợ đâu mà ăn nói kém văn hóa vậy,0
thầy gì đâu mà không có một miếng đạo đức luôn,0
Chắc ông mới trật con lô nên nóng tánh,0
Tôi đề nhị hiệu trưởng : từ chứ ông này,0
thầy v cho nghỉ luôn đi,0
Những người có tri thức chắc gì đã đạo Đức,1
Cho thay nghi viec la vua,0
có đạo đức chết liền,0
có mình ở đây thì báo nhà trường rồi,1
ong thay nay bi vi vay chui nhu dung roi,1
"ỗng không có đạo đức mà
  hahahaha",0
Thầy giáo vô tâm,2
Đúng là thầy cần thêm vitamin ĐẠO ĐỨC mà,1
"Cắt gì thầy giáo sư gì ky jay, ro va thực tế, cắt bớt gì thi nội dung cung như jay",1
Bị đuổi giồi,0
Làm thầy giáo  mà không có đạo Đức thì thôi luôn,0
THẦY MẤT DẠY,2
Thầy giáo dạy hay he. Rồi dạy ai chèn. Cái này đi đòi nợ sẽ ok lắm chất lời 1 là 1 2 là 2,0
Dạy kiểu như học két học vẹt.học chi qua,1
Chứng minh có nhiều kiến thức mà chửi học sinh,1
làm gì thì làm mà cứ cái gì mà học sinh nghe không rõ mà đuổi ra khỏi lớp,0
Vô lý thế? Thày giáo đội lốt đầu gấu à? ;))),1
Ông thay vo giao giục,1
Thầy c nè,1
không có đạo đức thì đừng làm thầy làm gì,1
"Thầy gì kì dzậy học sinh không hiểu thì giảng lại có sao đâu, học là để hiểu kia mà",1
Có TRI THỨC nhưng chưa chắc có ĐẠO ĐỨC.,1
Có trí mà không có đạo đức thì vứt,1
đúng là có thầy thí cóa thầy that,2
thầy gì mà không ra hệ thống,0
Thầy này cho nghỉ day La vừa,0
"Những người không có trí thức,thì không có đạo đức.",1
"thôi, đừng làm thầy nữa",1
Tôi nói nha ông thầy như ông thì đừng làm thầy người kg có đạo đức và người có đạo đức khác nhau,1
"làm việc không có đạo đức thì :
cút nghỉ làm nhá thầy xã hội chỉ cần những người có đạo đức chứ không cần những người mất dạy 
như thầy nhá",1
mưa to thì phải giảng lại chứ thầy lại không chú thích về thời tiết,0
đình chỉ thẳng luôn,1
Xin vĩnh biệt thầyyyy,1
"thầy này không có đạo đức , tôi mà là hiệu trưởng thì cho ông này ik nghỉ vài chục năm cho thầy này đỡ mệt",0
Thầy giáo tào lao quá,2
tôi tên Nguyễn Văn an tôi bị điên,1
thầy hiểu trưởng kiểu;Mày chết m  dới teo,0
Đạo đức ông này vứt đâu rồi nhỉ ?,1
Sao du duyên quá z tr,0
Phải tôi tôi out luôn,0
vô duyên,1
thầy tôi mà dậy là tui chửi ông thầy luôn,0
Làm nhà giáo thì dễ chứ để có đức để dạy hs không thì phải suy nghĩ quá,2
Chắt tao cao đầu á,1
"TÔI LÚC ĐÓ KIỂU:
-KO CẦN THẦY ĐÂU TÔI HỌC THẦY KHÁC ! OK !",1
Thầy gì mà ác như quỷ vậy đuổi việc ông đó luôn đi,0
Thấy giáo kiểu gì vậy đuổi thầy giáo đi ra khỏi ngành luôn đi,1
ông này bị làm sao í nhà người ta mưa to mà cũng đuổi ! thật buồn cười !haaaaaa,0
Thây giáo đây à côn đô thì có,1
"Ai cũng có đầy đủ tai mắt , riêng ông thầy kg có đạo đức ...",0
Thầy đuổi vô lý,1
Sao cô tui cũng nói ví dụ là nguyễn văn a giống vậy,1
Cô tui mà thấy học sinh á là cô tui không la đâu,0
em mà vô lớp mà em tạo 1 cái em cho nó cút luôn :((,0
Lớp con cô giáo rất là yêu thương học sinh lắm trời mưa học Sinh không nghe là co giảng bài lại,2
Thầy làm gì mà không có đạo đức vậy,0
"Thầy kiểu này thì chết thế mà thầy hiệu trưởng vẫn tuyển được
Ái muốn thầy này ra khỏi trường giơ",0
đúng là thầy không có đạo đức,0
Ko xứng đáng làm giáo viên với 1 tư cách như vậy cả,1
BA MẸ EM ĐÓNG TIỀN HỌC MÀ THÂY KO CHO EM HỌC. Em không có tai nghe  mà ️️,0
DEO CO DAO DUC,1
thầy gì như con nít vậy trời,0
ông này ổng không phải người bình thường,1
"Lớp tui chịu vào học là mừng lắm rồi,lớp tui là cái gì cũng nhất khối hết nói chuyện nè ăn vụng nè ngủ nè đánh lộn nè phá hoại tài sản nhà trường nè cải lộn với Thầy cô nè cái gì cũng nhất khối hết",1
Thầy chx uống thuốc nha mn đừng thông cảm,1
Thầy giáo  cần hc lại đạo đức nha,2
Miền nam mới ntn.chứ ngoài bắc .thầy cô ntn thj không ăn đấm vỡ mồm,1
"Người ta sinh viên học mưa nghe không rõ là chuyện bình thường hỏi nhắc lại bình thường thôi mà làm căng lên dạy không thu phí chắc , ông này cho học lại lớp 1 đi chứ dạy gì nữa",0
"Giờ mới biết :
Cô mình còn dễ chịu 
Ai không hiểu cô giảng liền lun",1
Phút 1:12 Thầy nói Bốp cổ anh chết,1
Đang học ba nó đứng kế bên nó có nhưng ông thầy sát Định,1
Thầy gì mà kì cục,0
Ông thầy vô duyên. Muốn quýnh ổng gke lun,0
"Lỡ mở xấu quá loại luôn lảng tai ,mẻ môi loại luôn",0
same,1
Ngành giáo dục nhưng lại thiếu môn giáo dục công dân,0
Cho thằng thầy này về cuốc ruộng đi,2
ủa vậy sao mấy học sinh kia không nói lại ?? để cho thầy giáo bình thường hiểu chứ sao lại ngồi coi bạn mình bị đuổi vì lý do tào láo của thầy giáo ( lag lag sao ta),0
Có tri thức mà không có đạo đức thì sống ở đời làm được gì,1
Thằng thầy này ở đâu vậy mn,1
Học online khó hiểu lắm,1
Cô tui cũng như vậy,1
Đề nghị nhà trường xã Thái người giáo viên này,1
Đề nghị nhà Trường kĩ,1
Bác Hồ bảo là có tài mà không có đức thì vứt,0
Đuổi ổng lun đi,0
thầy gì kì vãi,0
Người ta Nghèo nàn mà làm gì có aiphon,1
cho ông thầy học lại đạo đức đi,0
Thầy ntn thì vứt,1
xợ quá à,0
ông thầy này phải đuổi khỏi ngành,0
ông thầy kì quá,0
"Thầy hiệu trưởng: thôi thôi, anh hay quá, tôi cho anh nghỉ dạy luôn ha.",0
"ui trời ơi 
có ông thầy thế này chắc chết
ulatr ,độc mồm độc miệng",0
Thầy gì mà kì vậy hs nói to hết cỡ rồi mà,0
Ông này ác quá,0
"Ông thầy này vô lý vl,hết chuyện rồi tự nhiên sv kia vừa mới ngập ngừng vài câu là ổng đuổi lun.Rảnh ghê!",0
"Anh này can đảm quá đi 
Thầy cô em thì có cô hiền cô hơi thung dữ nhưng vẫn giãn lại cho các học sinh nhưng mà khác cái là cô đang giãn thì chả ai nghe cả 
nếu lớp em có 40 học sinh thì không nghe giảng tới 10 học sinh 
Còn mà mưa to quá thì khỏi học luôn mà lúc nào học sinh học online không quá 30  
Còn mà tiết cuối lần nào em thấy chỉ học đúng 20 đừa thôi chỉ có em và mấy đứa sợ mẹ đánh mới học thôi còn mấy đứa kia hết tiết 4 là đường ai nấy đi không học tiết 5",0
"ÔNG THẦY NÀY KO CÓ ĐẠO ĐỨC, NHƯ VẦY LÀ KO ĐC. PHẢI THÔNG CẢM CHO HS CHỨ",0
Thầy gì mà không có tâm,0
Thầy gì kì cục thế,1
Dạy ông thầy đó học lại giáo dục công dân,0
Gặp tôi tôi điện cho nó chửi ổng rồi bài đật nói cho em đó vào l,0
"Ông này mà thầy giáo gì . cho ông ta về vườn ngay và luôn cho học sinh và phụ huynh được nhờ , uổng công mười mấy năm của ông ấy mài ghế nhà trường để lấy cái bằng .",0
Trường tôi con muốn h online mà không đ l n,0
"OK bik ai quay được video này nhỉ,ông thầy coi được video chắc nhục chết",0
Thầy giáo á mọi người,2
Hiệu trưởng trường kiểu : thoy ngày mai thầy về nhà ngủ ik nhá,1
Những loại đó không đủ tư cách để làm thầy giáo,0
Cho ông thầy nghĩ dạy luôn đù lip không đầy đủ thì mình là người có tri thức củng không thể làm vậy được,0
có trí mà vô ddaoj đức thì vứt,1
Có giảng lại cũng không giảng  dạy làm gì vậy hả,1
Người thầy gì ác thế nếu có học này không học nữa luôn ý,1
Trời ơi thầy giáo gì vậy cách nói nghe khó chịu ghê  cần xem xét lại tư cách này của thầy giáo,0
Người có kiến thức nhưng chắc gì có đức,1
"tin
3
phút",1
ông này không phải người có học thức,1
"Thầy hiệu trưởng said :”Cậu bây h không cần đi dạy nx đou.”
Thầy giáo :” Thầy ôi cho e 1 cơ hội ạ thầy ôi.”
Thầy Hiệu Trng said:”Thôi cậu đừng dạy hc nx  dạy kỉu lày thì haizzz à mà quên để tui tặng cậu sách đạo đức lớp12345",0
"Cô của e hỉu hết rồi nhưn cô vẫn sợ hs không hỉu lắm cô e còn giảng 3,4 lần á",1
Đề nghị hiểu trưởng trường. Cho thầy này nghĩ hưu. Vì có HS nói ai cũng nghe rõ. Nhưng thầy không nghe rõ. Và tặng thêm cho thầy cuốn tập văn hóa và đạo đức. Để thầy học lại. Chất lâu quá thầy quên rồi.,2
"Loại này phải cắt lương đuổi việc 
    Nhìn cay mắt thật",0
Trời ơi thầy giáo cái kiểu này thì chỉ có mười ra khỏi trường còn hơn là mời học sinh ra khỏi lớp ha,0
cho ông thầy bị đuổi khỏi trường luôn đi,0
Thằng thầy này cho đi học lai cách làm người đã,0
Thầy cô hồn,1
chắc anh hai em học trường đó quá,0
"Thầy giáo lạ nhề , bí tay lun 
Nhà trường cho thêm tour thầy hiệu trưởng đi khắp lớp học với tên khác nhau mỗi ngày để đi kiểm tra các lớp online có gặp khó khăn gì không giùm e ạ",1
"thầy như vậy làm thầy chi nữa,nghỉ nó luôn đi",0
cái ông này thiệt là quá đáng với học sinh trời mưa to thì giảng lại có sao đâu chừng nào giảng nhiều lần thầy mệt thầy mới la nhưng trong trường hợp này lại khác học sinh không nghe thì giảng lại 1 lần thôi có gì đâu mà đuổi sv ra khỏi lớp tôi mà là công an là tôi phải bắt ổng thôi hoặc là kêu hiệu trưởng đuổi ông thầy giáo ra khỏi trường không cho dạy nữa ác quá ai cho dạy,0
nhà em giàu quá ha thầy,2
Không có đạo đức hả anh,1
thầy gì mà giữ vậy trời,0
Ông này làm vậy mà cũng đòi làm thầy,0
mận,1
Mận vải,1
Roi xu ly thay giao chua,1
Ông Thầy Giáo láo cá. Ra ngoài ăn nói như này có ngày vỡ mồm,0
Thầy md quá không có tri thức,2
Ủa bộ làm thầy  là muốn làm cái dì thì làm hả muốn chữi ngta sao thì chữi hả  tr . Jk học chứ bộ jk làm nô lệ ha mà hà sác con ngta dữ z . Lm thầy cô là như làm cha mẹ phải nói sao cho ngta nghe hĩu chứ muốn đuỗi là đuỗi .,0
Tên thày nói những lời này không chấp nhận ... học online  là một  thiệt thòi cho học sinh ..mà gặp tên thày này không chấp nhận,1
Thày này bộ giáo dục  nên cho nghĩ là vừa.. tính ra thua côn đồ mà,0
thay không co dao duc va mat lich su voi hoc sinh,1
thầy gì mà kì vậy,0
Lam thây ma noi như thê thi con day ai đươc nưa .vê quê câm câu đi,0
Mình đã sai mà còn la lớn nữa không hiểu ông thầy kiểu gì,0
Thầy giáo gì mà vô duyên vậy,0
Ông thầy này vợ lấy người khác nên bị khùng khùng,0
LoL,1
Ông thầy không có đạo đức,0
Thật là thầy giáo có tri thức mà không có đạo đức,0
"Học sinh không nghe thì nhắc lại,làm như mình làm vậy là không được lên tivi",1
m,1
Tội sinh viên nghê,0
DÔ DUYÊN,0
"thầy như này thì nghỉ luôn đyy, dạy cho mang tiếng",1
Ông thầy là tôi là vua mõm,0
Người ta gọi đó là lưu lanh giả danh tri thức,1
giáo viên thế này thì ối đồi ôi,2
"Làm giảng viên mà kiến thức ăn nói như người chợ búa, thà ô nghỉ việc ra chợ mua bán còn tốt hơn á",1
Hiệu trưởng said: anh dạy giỏi rồi ha về nhà ngủ đi,0
tui cũng có lúc học máy không lên tiếng,1
ông thầy kì cục,1
Mình nghĩ.......bó tay với vụ này,0
Ủa tin 3 phút mà mỗi lần coi thấy 1 2 phút gì mà bây giờ 4:18 phút lun,0
Thầy này kì quá,2
Mua to sao ma nge thây,1
làm giao vien ma không co dao duc,1
"Gặp tao là tao trả lời,nhà em nghèo đéo có tai phone thầy à,thầy dạy được thầy dạy éo dạy được thì nghỉ khoẻ",1
Thầy cục súc quá,0
Hảo thầy,2
Má thầy này nên đuổi việc,1
Tội anh kia ghê á,0
Ác độc quá đi,0
Vào lớp tôi thì thầy này toang rồi,1
si thối là vại não có ván đòi,0
"cong dang ky thi nguoi bi khiem thi,thai do dao duc không co dung lam thay nua,neu nhung be bi hien it noi nhung em tui ong lam nhu vay se anh huong tam ly be",1
cái thằng thầy giáo fake,2
Ko the chap nhan hanh vi cua ng thay nay,1
"Đây là clip bị cắt nha, chứ sự việc là nam sinh không chú ý việc học gọi không trả lời được nên bị kick nhé. Thông tin sai hết rồi",0
Thầy o đâu thầy bữa nào  e đến thăm thầy được không,2
"Gặp trường tui là đuổi việc rồi , trường tôi mỗi lần vào học là thầy chọc cho cười rồi học thôi ️",0
Thag thầy cho để,2
cho nghỉ việc,1
"trời mưa to giảng lại có sao đâu, sao phải đuổi đi làm gì?",1
Thây giao nay ngay xưa đi hoc lôn trương san xuât lươi câu tôi nghiêp cho me thây wa sinh pai ngươi con như thây đao đưc cua thây bi xuônng câp trâm trong  mong thây tư nguyên tư chưc đưng lam bân  danh nganh giao duc.,1
Coi mà tui cười,0
Đuổi dạy m,0
Gì kỳ vậy :/,1
Cho tiền nó đi học lại nhân cách sống  đi.thầy cái gì mà thầy.,0
Thầy ngộ quá,2
..........,1
Thầy không đạo Đức tức chết đi được,0
Cho ông thày này học lại môn đạo Đức đi,1
Đr á,1
You sướng thế,1
Wow,1
Lớp2 tui cũng như vậy đó mà cô kể truyện khi rảnh,0
Fan tuyền l ơi tui là học sinh nhưng cái lớp của tui Á mỗi khi cô chủ nhiệm đi là cả lớp quậy nói chuyện ôm xòm à ông có cách nào để trị mấy bạn lớp tui không,0
Ước có thầy như bạn:((,2
Chắc tụi nó cười rồi tụi nó học  ĐỪNG NGHĨ THẰNG ĐẦU CẮT MOI NÀO CŨNG HAM HỌC ĐÂU,1
Same,1
"Lớp mình cũng y chang nè , cô vào cái là mới không dám nói , nếu có nói cũng chỉ nói bé thôi",1
Thầy giáo gì mà không có đạo đức,0
Trường này có nhiều giáo viên ức hiếp sinh viên,2
"Tôi cực kì không hài lòng với cách hành xử của gv này, nếu tôi là cấp trên của gv đó thì tôi sẽ kỉ luật thẳng tay luôn, trước mắt là cấm lên lớp, sau đó tùy vào mức độ vi phạm họp kỉ luật thì sẽ đưa ra án phạt cho thỏa đáng. Học online năm 2021 xảy ra bao nhiêu vụ từ gv đến người học. Trước đó đã nóng vụ MC Lê Anh rồi, trường Nhân văn chỉ kỉ luật nội bộ chứ chẳng công khai.",0
SV không nghe thì thầy giảng lại chứ mắc mớ gì mà chửi SV vậy!Nhìn như thế chắc thầy bị đuổi khỏi trường chứ không phải SV!,0
Thần thầy nói chuyện với học sinh cái giọng mất dạy,0
ô cái ông thầy này ảo thật đấy,0
Em thấy thầy này có vấn đề về não,1
ĐÚNG LÀ GIÁO VIÊN 2 MẶT,0
TRONG CÁI TRƯỜNG HỢP LÀY NẾU LÀ MÌNH THÌ SẼ GHI ÂM  ĐỂ GỬI BAN GIÁM HIỆU,1
Cô tôi giảng tui không nghe rõ cô chỉ giảng lại thôi,1
Thầy giáo này tên gì vậy,2
Bên chỗ ông có mưa to đâu,1
Má ông thầy mưa to ai mà nghe,0
Thầy mắt dạy như gì vậy,0
"Đuổi ông này đi khỏi chi ông dạy nửa, cho ổng đi ăn xinh đi",0
Em tui cũng bị zậy hum qua,0
"Ông là giáo viên mà hỏi giảng lại ông không chịu thì thôi ông nghỉ luôn đi he ,chắc nay thầy mới bị vợ đuổi ra đường nên hơi cọc",0
Ông thầy này không có đạo đức gì hết,1
Mất dạy không có đạo đức,1
vô đạo đức,1
chỗ tôi mưa to kêu thầy nhắc lại thầy vẫn nhắc lại bình thường có sao đâu,1
Ông thầy kì lạ quá,0
Làm thầy cô mà không có đạo đức thì vứt,1
Thầy Kiểu :Mé Xin Fb Của Em Kia Ko Dc Còn Gặp Thk Này,1
Ông thầy đó khùng,0
"quá đáng vl
đạo đức vô duyên",0
Nhờ dịch mà giờ mới  lộ ra những thành phần cận bả của xh nhiều đến vậy,0
E mới muA IPHONE mà trong hộp không có tai phone,0
Ông thầy này cho ra khỏi ngành đừng đứng lớp nữa,1
Người này không đáng làm thầy,1
"Ko muốn dạy thì bỏ nghề đi,dạy kiểu đó làm gì",0
Cho dù cắt bớt hay không nhưng lời ông ta nói trong video la liên tiếp chứ không cắt ghép nối lại thanh video ok ông ta đúng theo câu có tai mà không có duc,0
"Ơ hay , học online có lúc giáo viên nói nhỏ , có lúc giáo viên nói to , học sinh không hiểu thì phải giảng lại chứ , vô lý , làm giáo viên không được thì nghỉ đi cho người ta dạy",2
thầy này không có đạo đức ạ sao đuổi học sinh ra lớp nhiều thế,1
Thầy mất dạy,2
Dịch SV 0 đi học được cả nước chứ ai muốn.gian viên 0 có ý thức ăn học nhiều chi nói vậy,0
Đúng luôn,0
Nhắm dạy được thì dạy còn không về vườn chăn bò đi thầy giáo vô giáo dục,2
Xin lỗi con ai người đó bênh nhe,0
Ủa học online phải thông cảm chứ. Nếu nói như ông này thì thôi thà học trên Youtube còn hơn,0
Ghê quá,0
ông thầy này hình như hồi nhỏ chưa học đạo đức tôn trọng à,1
Coi mà ức chế ghê,0
Người có tri thức chắc gì có đạo đức,1
Thầy này rất là không biết gì học sinh không nghe mà còn kíck người ta nữa,0
"Mày dại như thế thì đừng dại nữa,một người mà không có đạo đức thì đừng làm người",1
Thầy gặp gia đình em là toi thầy rồi,2
đạo đức giả cao quá,0
Thầy giáo như vậy là chết luôn rồi . Học trò cần thầy giảng mà làm vậy ra hệ thống gì nữa  hiệu trưởng nên xem xét hành động của thầy giáo này lại . Xem mà tức cả người ️,0
"làm người còn không xong, làm thầy ai được, về học lại đạo đức lớp 1 đi thầy ơi",2
Tui đặc biệt thích mấy cái drama như này xảy ra trong lớp .,1
Tui mà là anh đó chắc tui chuyển lớp tui kêu cô hiệu trưởng đuổi việc ổng luôn á,0
Đúng là không công bằng,0
Có tài mà không có đức thì vứt,1
Thầy giáo ngủ với hs nữa là,2
Báo cáo có đủ mắt tai mũi họng và còn đủ bộ sinh dục luôn,0
Thầy cũng có lý đúng  nhưng hình như thầy có bức xúc,0
Nống ong thầy,2
Bức súc,0
Thầy giáo không có đạo đức,2
"Thầy mất đạo Đức quá
Tri thức thì nhiều
Đạo Đức thì ít",1
Sứ,1
ông thầy:'người có đức chắc gì có tri thức'.,1
Dỉvg sgifggygdhddo,1
Sao không thoát hết cho ổng dạy học 1 mình đi ?,1
ôg thầy hơi bị ch*,1
"Tôi sống chưa bao giờ đánh giá con người qua địa vị và công việc của họ ! 1 thằng làm hồ , đôi lúc lại biết điều hơn 1 thằng bác sĩ !",1
Vbvhh,1
tức mai mốt không học trường này,1
Nhà trường đuổi thẳng cổ giáo viên,1
Tri thức không có đạo đức thì cũng là rác rưởi,1
"thầy này thì hc làm ji
( phẫn nộ)",1
Thầy vô học,1
Ông này nên bỏ nghề đi. Tôi thấy ông ta không có lòng vị tha để làm 1 thầy giáo,0
Giảng Lại Ko Đc Hả Alo,1
Nhưng thấy ông thầy nói có lí,1
Lua loi ma noi cho vua long nhau,1
cho no moi lay,1
Lạy thầy lun á thầy,2
loại thầy này chỉ làm nhục cho nghành giáo dục,0
Chắc thầy lười dạy,2
đó là bạn của chị tôi tên là HOÀNG VĂN PHÚC đó là tên bạn chị tôi thầy ấy là thầy thể dục úi dùi ui,0
Vậy khỏi làm thầy luôn đi nghỉ đi cho khoẻ,1
"ông là host thì không record là mún nói gì nói hả kém hiểu bit cn điện tử v, tụi sv chắc không bit xài app rec ha",1
Đầu thi to mà óc thi bằng trái nho,1
Kỷ luật thầy giáo nay đi. Làm thầy mà ăn noi kg ra gì,0
Bực mình thầy cứ kiểu gì,0
Ông thầy này dận dữ que đi à,0
Tôi là người ngoài thôi mà nghe còn thấy bị tổn thương nữa kia mà,0
cs học mà như vô học,1
Loại thầy này nên đuổi cổ về quê chăn bò thì hơn,1
thầy giao này đáng để đuổi việc,1
ông thầy đạo đức kém nhát trường,1
tôi mà ở đó tui tới nhà ổng nghe cùng lun,0
Og thầy mất dạy,2
Ông thầy đó kìa quá,0
Sài Gòn mưa rất to nên nghe không được,0
"Ông này ác vậy má
Là thầy 
Sao được trời ơi",1
Đúng là một người không có  đạoh đức\,0
Những người có tri thức nhưng chắc gì đã có đạo đức bố mẹ dạy cho,1
Ổng làm thầy kiểu gì vậy trợi,1
Trờiiiiiiiiiiiiiii ơi,1
Thầy giáo Mất Dạy Thế Dạy Học Kiểu này Học hành được gì,0
ông già không có đạo đức hả ông,1
Thầy giáo giỏi nhưng cái đạo đức bị chó gặm r,2
vô lí,1
Dzm học vói thày nhu vạy . Học phí lại cao hon nủa . Về cho bố mẹ dậy vẩn tốt hon gap ông này,1
Quá kì quặc nên bị đình chỉ,0
Thầy quá xàm,2
Nhập anti group đã,0
Mik kiểu ngon rồi,0
"người xưa có câu:""có tài mak không có đức thì vứt"". Vậy ông thầy này vứt rồi nhỉ? bức xúc dùm bạn học sinh luôn á, ai thấy đúng không?",0
Thầy này đuổi việc cho luôn,2
"tôi kêu học sinh không hiểu chỗ nào thầy giảng lại mà cả lớp im re, phải chi có em y/c tui cũng mừng rơi nước mắt huuuuuuuuu",0
Ông thầy không có đạo đức,1
thầy không có đạo đức,2
Có trí thức nhưng đéo có đạo đức,1
Em cúng hoc on LAI mà em không bi sao em hoc bang cô mà em hoc lop 3a1,1
đi me thay thay cho nguoi ta đi học mà tiền chu lo day không a,1
Không hiểu nổi thầy mà nói như vậy,0
Ông thầy này ông nghỉ luôn cho nó khỏe,0
Ai biết thằng thầy này tên gì ở đâu không,0
Cho ra khỏi ngành.không có tố chất của nhà giáo,1
ổng khỏi làm giáo viên luôn đi,1
Thầy tôi hiền lắm không như này đâu,2
Cho ông học đạo đức lp 1,0
Làm thầy mà lại như thế này thì dạy HS kiểu gì,0
hoc sinh nho giang lai thi giang di,1
thay gi ma ki da,1
thay không co dao duc ha,1
Thà nghĩ học luôn đi,1
Con người ta đã cố gắng học vậy rồi ông chửi,0
thầy giáo kiểu gì vậy?quá đáng.Tụi nghiệp thằng nhỏ,0
Chán thầy co quá,2
gặp tôi là chửi luôn ông thầy,0
Hay quá ad ơi!!!,2
Thầy giáo mà nói chuyện kiểu v là sao tr . Học sinh không nghe rõ thì giảng lại thôi có chết ai đâu mà làm căng v,0
Thầy mà như thế,0
Nhà trường đuổi việc thầy giáo hộ tôi cái,1
Ông thầy giáo này buồn cười thật,0
Không có tri thức,1
sướng mưa to được đi ngủ nhức nách,0
"Những người như này thì không nên làm giáo viên, cái này sẽ làm hạ thấp cái giá trị đạo đức, cái văn hóa của những người trong ngành giáo dục xuống. Ai ai cũng biết rằng làm giáo viên thì luôn luôn ân cần và giúp đỡ học sinh, chứ không phải là như thế này, xong lại còn bảo các học sinh khẳng định rằng là có đủ miệng và tai giác quan như người bình thường, chán=(",0
O vn thay giáo trả lời như vậy. Chứ ở Mỹ thì không co chuyện thầy giáo trả lời với hoc sinh như vậy đâu nhe.ở mỹ thầy cô giáo rất ân cần và luon tôn trọng với hoc sinh.,2
"Xin là xin vĩnh biệt thầy nhá 
Hảo thầy",1
Nhờn,1
Người thầy không có đạo đức thì không có quyền dạy học sinh,2
"???? Từ chối hiểu tình huống này mình không hiểu được lý do ông thầy này tức giận là gì bạn sinh viên lịch sự thế rồi còn gì không giảng thì từ chối chứ, không hiểu được ông thầy này tâm lý có bình thường không thế",0
Tôi tứk ông thầy lắm rồi đếy,0
"Coi mà ức chế Sao lúc đó không thông cảm người ta:"") Mà lúc sau mở miệng ra bảo người ta thông cảm:"") Thông cảm nỗi gì giáo viên kiểu vậy nghỉ dạy là vừa có học thức nhưng không có nhân phẩm:"")) Mà còn xúc phạm nhân phẩm sinh viên sao không nhìn lại nhân phẩm mình đi:"") Gv như cái quần đùi:"")) Ức chế",0
Giáo viên kiểu gì,0
dậy mà cũng làm thầy giáo được,0
Xin vĩnh biệt Thầy,1
"Em học lớp 9, 2 Tuần trước thứ 6 cả lớp có 1 bài kt 15p toán trên mạng, nguyên cả lớp không vô được chỉ có khoảng hơn 10 đến 15 đứa vào được thoi, cái tuần sau thầy đọc điểm toàn là dưới trung bình có ít đứa 6 7 điểm thoi, rồi thầy đổi thừa là "" do các em không vào kiểm tra trước để nếu có lỗi báo lên "" mà trong khi đó nó có thể bị lỗi bất kì lúc nào, cuối cùng những đứa không làm được 0 đ ( có tui nữa đó)",0
yêu cầu kiện giáo viên,2
"cứ làm rõ là được. giờ nhiều ng lươn lẹo nên ông thầy không tin cũng 1 phần. giống chuyện cậu bé chăn cừu, con sâu làm rầu nồi canh",0
"thay nay noi chuyen lao wa mat day,, ma cho no day hong het con nha nguoi ta con gì,,,",0
Thầy gì mà vô ý thức vậy,1
Thầy giáo dạy mà như bắt lỗi vậy ớ như gì vậy ớ,1
Ko biết ông này có dạy môn giáo dục công dân không nữa nuế có  vậy sao dậy không biết sao làm sao lun . kì biết sao làm thầy giáo luôn ta đúng là vô văng hoa vô học,1
"Mưa to không nghe rõ thầy cô phải giảng lại, nhưng thầy đx đoe dọa học sinh",1
Ông thầy bị ngáo á,0
cái này không được rồi,0
Sao không thoát hết cho vui,1
Thk thầy này thì vứt thầy như***,2
",cho nghỉ dạy luôn",0
Cái ông này chỉ có bị đuổi ziệc thoi,0
làm cái gì cũng vậy cái nghề đi với cái tâm,1
Thay gi ma ngu vay,0
Đúng là người thầy có tâm nhất quả đất,2
Khi giang hồ đi làm giáo viên khác gì ki ki không,0
Hello,1
làm thày là gì,0
hi,1
Thầy âm Bìinh chương khí,2
"Cái loại như vậy chắc phải bị xe tông hay gì để cho cụt tay, cụt chân cho chừa",0
Thầy gì đây nhể,1
Chính thầy còn nghe không rõ còn đuổi người ta.,1
"Rồi làm thầy kiểu gì vậy, thầy này bị đủi việc đi chứ dậy kiểu này thì dậy làm chị",0
Gặp tao mà bị đuổi mà không làm gì sai như này thì vui ối dồi ôi luôn,0
Ông thầy gì mà vô duyên thế?!!!!,0
Má ông thày dū ghê vąy ai  hoc onlli,0
May thay giao hay la gi?,1
Thầy vì vô trách nhiệm v học sinh đã nói lễ phép như v mà không giảng lại học sinh có lý do đàng hoàng như v mà không giảng lại còn la người ta nữa thật là thầy giáo vô lý và vô trách nhiệm,0
Nhưng học online không đeo tai nghe mà chị,0
Ông này không có chách niệm mà làm thầy giáo,0
ông thầy này chơi đồ rồi:,0
"CÓ TRI THỨC KHÔNG CÓ ĐẠO ĐỨC THÌ CŨNG BẰNG THỪA.
ĐỒ QUÁ ĐÁNG",1
Mất dạy thầy mà như thế á,0
Chỉ là có mưa không nghe rõ thôi mà đuổi khổi lớp online,0
Ông thầy này kì vậy!!!!!!,1
"Mà sao cậu HS không đeo tai nghe vào nhờ , nếu đeo tai nghe vô thì đâu có bị đuổi khỏi lớp",1
???,1
"không nghe hở người ta nói là đeo tai nghe vào nghe không rõ ,người ta có đóng tiền học online đàng hoàn chứ không phải là không có đóng t , dù cho không có đóng tiền thì với một người thầy như vậy cũng không thể nói một cách vô lý và thiếu đạo đức như vậy được.",1
Ko nghe rõ nhưng đâu phải bị điếc đâu mà không nghe 1 tí,0
"@ro1463  bạn nói chuyện có logic không vậy , không nghe rõ và nghe một tí thì người ta có hiểu bài không . Người ta có đóng tiền học online , người ta phải có quyền để hỏi , mọi người ai cũng có quyền tự do ngôn luận nhưng không sai trái là được , chứ mắc mớ gì mà bạn vào nói như vậy . ông thầy đó nói năng vô lý và thiếu đạo đức , cả luôn bạn kia chứ dou phải một mình người ta . Bạn phải đặt mình vào trong cái trường hợp của người ta chứ",0
@musiclight4966  =^ đạo lí rất hay 10₫,1
"@musiclight4966  trong cái chuyện này cả 2 đều sai , chỉ là ai sai ít , ai sai nhìu =^",0
@musiclight4966  bạn chuyện như là bà cô hiệu trưởng không bằng,1
mình chỉ nói vậy thôi chứ mình không có ý xấu xấu gì hết  chỉ là chuyện của người ta mình chỉ nói thôi chứ không muốn cãi qua cãi lại cho mình xin lỗi bạn,0
"Ông thầy : chỉ là nhắc nhở cảnh cáo, rồi có mời vào học lại.
Dù đó có nhắc nhở, nhưng cái cách giao tiếp đó của ông thì ông quá xúc phạm con người, ngta có đầy đủ tứ chi, mới được tuyển vào trường học, nếu bị dị tật là đi trường khuyết tật học rồi.
Hành vi xúc phạm người khác vậy, có thể bị phạt tiền và ngồi tù đấy.",0
Xàm,0
Thầy giáo dạy kì vậy,2
QUÃNG THANH TAi ĐIẾC KG LIẾC THÌ ĐUÔi MÙ.THẰNG RÙ PHẢI CỒNG.CÁI ÔNG THẦY ĐỪNG HỒNG LUÔN BỊ GẠCH ĐÁ NỔ THANH VONG,1
người ta không nghe rõ thì giảng lại đi chứ mắc mớ gì mà lại đuổi học sinh ra,0
Học trò đó kg phải con tôi...mà tôi còn nổi nóng vì những lời của thầy,0
"Đề nghị nêu tên và trường mà thầy dạy
Thầy kg nghe lời học trò nói....như vậy thầy điếc rồi",2
tôi đề nghị nhà trường đuổi việc ông thầy này ngay,1
Đề nghị đuổi thầy này ra khỏi ngành giáo dục,0
Thầy này nói chuyện vô giáo dục,1
Nhờ thầy mà e thấy được mặt thật của con người là vậy,0
người thầy bị thiếu đạo đức mất rồi,0
"thầy này mà vào lớp 5 tôi , 2 ngày phải chuyển lớp",1
Thầy  tao lao,1
"Thầy rất đạo đức nhưng chỉ là giả thôi
Thầy hiệu trưởng cũng cá mè một lứa",0
Thầy là giáo viên không nghe sao hiểu bài .tâm lý cho máy e hs quá,0
Cho thầy nghỉ dạy,0
ông thầy này hiền heng,0
Thầy có tài không có đạo đức vô dụng,1
Thay giao không co tu cach cho thay ve vuon bach thu choi voi de,1
"@Robloxsang  Cái này nói đúng ra là người thầy nói với học sinh , sinh viên như vậy là quá nặng lời nói vậy có khác gì bố mẹ hay trách móc khi con sai lầm đâu làm như vậy sẽ tổn thương đến tâm lý",0
thay,1
Trời ơi,1
Đâu phải ai cũng thế,0
Ko nghe được thì giảng lại,1
>:(,1
"Mình cũng đã bị,học xong khi cô báo danh mình đã điểm danh mà cô nói không nghe báo vắng,ma cay vkl.",1
Cái ông đó bị điếc hay gì á,0
Ông này là GV trường điện tử nếu trường sp thì hỏng hết.....,1
Thầy mà ngôn ngữ như thằng xã hội đen,0
vậy là ông thầy không có giác quan hoặc ổng là ng khiểu năng... nên ai giống ổng /ổng kick,0
Đúng là cái ông thầy giáo mất tích này nha,0
Có tài mà không có đức thì coi như vứt dzo sọt rác,1
Gặp lớp tui là nó thoát hết rồi,1
Giáo dục bay giờ bày đạt nhiều việc học nào là thay đổi chương trình học trong khi đó nghay bản thân giáo viên còn chưa học song giáo dục công dân thì đòi dạy ai,0
Có tài mà không có đức thì đừng có làm thầy giáo nữa,1
bình thường,1
Có tài mà không có đức,0
Hẳng là đeo tai nghe khi trời mưa đã nghe được,0
Ông này mà thày chi...,0
Học ông này thà nghĩ học luôn cho khoe,0
Kêu giảng dạy lại thôi mừ chứ gì mà căng vậy nhở giảng viên gì mà khó chấp nhận vãi,0
có chí mà không có đức thì cũng vứt,1
"Đổi nghề đi anh trai,có trình độ nhưng chưa có tâm với nghề nhé",1
"Làm thầy mà không có đạo đức thì nghỉ đi dạy làm gì, học hành là tương lai con cái người ta, anh ấy đã nói rất nhẹ nhàng và tôn trọng người thầy rồi         nhắm không dạy được thì nghỉ đi!! Thầy như này không đáng để học sinh nôi gương!",0
Ông thây ̀ cần t dậy không,1
không hỉu kiểu gì với thầy luôn,0
"trời ơi học online khó khăn rồi mà còn gặp thầy dữ thì thôi chịu luôn
mong nhà trường xử lí điều bức xúc này",0
Thầy kiều này vứt đi,1
Giáo viên như này thì không khác gì mấy anh chăn bò gọi gì là giáo dục.ạ.,0
Ông thầy địa chỉ đâu để mình kiếm nhà,0
"Gặp em thì em sẽ nói 
Thầy : em không nghe thì nghỉ đi 
Học sinh : Ủa... Chỗ tui mưa to thì tui nói nghe không rõ , chứ mắt mớ gì kich , bộ thầy đạo đức giả hả ??
Thầy : ơ thằng này láo nhờ cho em vô sổ trừ hết điểm của em 
Học sinh : tui sẽ hack nick fb của ông",1
thời giáo bố láo,2
Ông thầy này em gặp đâu em đập đó không có đạo đức,1
Tội dữ vậy ༎ຶ‿༎ຶ,0
Hoc online thoi chu co phai bi chat doc da cam dau phai noi day du giac quan khon nan,1
dau phai sinh vien nao co tai iphon,1
Cho xin,1
Ông thầy có vẻ hơi quá đắng í,0
Gặp tôi là hiệu trưởng phạt 20tr kệ tiền ăn covid luôn,1
Kiêu thầy hiệu trượng đủi thầy ra đi,1
Có tài không có đức,1
"vay ca lon 
the rong at vay",1
thay nhu,1
Ông thầy không có đạo đức,0
mat day,1
Thầy giáo gì mà tồi tệ quá,0
pha xử lý này của thầy là thầy cút luôn rồi thầy ơi,2
Đạo đức quan trọng hơn tri thức,1
Lúc đầu anh kia không nghe không giảng lại vậy tại sao ông không nghe lại kêu hs mình nói lại nó thật sự sai,1
Giảng viên dạy điện năng nhưng điên nặng,1
xchos đẻ,1
"Thầy hiệu trưởng: anh giải thích tôi xem tại sao anh làm vậy.
Ông thầy: giải thích các thứ
Thầy hiệu trưởng: Sao!? Do trời mưa tôi không nghe rõ!
Ông thầy:Trời mưa không nghe rõ thì đeo tai phone vô chứ mắc gì tôi phải nói lại.Tôi đuổi thầy hiệu trưởng khỏi trường !!!
Thầy hiệu trưởng: ??????? NANÍ ???????
Ông thầy: ..............................
Thế hai ông ngồi nhìn nhau.",0
Hồi trước do mic hư nên bật míc lên nói míc bị hư không hiểu sao cả lớp lại cười?,0
Tức,1
Đuôi thây  đó  điiiii,0
Ôg thầy kiểu..... Hc phù hợp là thầy của các hs nếu Trường hợp này thì tôi sẽ là ng đuổi ổng ra khỏi cái Trường này khỏi dạy luôn chứ ở đó kick hs ra không đúng chuyện,0
Cho về vườn trồng rau nuôi heo cho ngẫm nghĩ lại những gì mình nói.,2
Có học thức dạy tri thức mà lời nói kém học thức.nghi dạy cho mẹ rồi.,1
Thế không dạy được thì nghỉ đi cho xong chứ không có giáo viên nào mà hs kêu giảng lại mà không giảng cả,0
"Rồi không có cái tai phone thì seo? Kêu ổng cho tiền mua đi, thật là tri thức",1
Ông thầy này bị gì vậy mới nhắc cái câu đó  thôi mà nói ngặp ngừng là đúng ò,0
Cô em mưa là cho nghỉ sợ không tiếp thu được,0
Mất dạy,0
Thầy này chắc học xong san chấn tâm lý luôn,0
Cac ban lo hoc di,1
Có tiền làm việc nhưng chẳng có tiền học đạo đức,1
tao sợ thằng thầy ghê to nghĩ luôn đổi trường luôn chắc tuôi sợ thầy đó,0
vãi thằng thầy,0
thầy như  gì vậy trời,1
Tư cách kiểu này mà cũng đòi làm thầy,0
Trời ơi tui mà là og cậu học sinh ngày thì ơ thì thầy đuổi đi mai là có chuyện vui cho thấy đấy,2
Thầy mà dậy đó,0
"BDH: thầy họp với tôi
Thầy:giải thích các thứ
BDH: a bị đủi . mắc mớ gì tôi phải ns lại",0
Làm thầy hay làm chó vậy đã làm thầy cô thì phải có tâm còn làm kg đượi ra làm giang hồ đi khỏi nói đi nói lại vậy hỏi sao học sinh hư,1
Dap thang vo mat thang thay giao ..giao vien an noi mat day vay ma con lam duoc thay giao..,1
"Ổng mà ns với con tôi vậy là tôi đấm cho hộc máu mồm rồi.dạy học sinh còn hỏi có mồm,thính giác...vvv,đó là súc phạm còn gì.đó không phải tri thức,mà là đạo đức tồi không đáng dạy con ngừời khác",0
"Đề nghị hiệu trưởng nhà trường đó đình chỉ công tác thầy giáo đó ngay,mưa gió là việc của trời,mắc mớ gì học sinh đó hỏi thầy giáo 1câu lịch sự,mà ổng trả lời súc phạm học sinh đó vậy",0
Thầy giáo không truyền cảm hứng khi học mà còn tạo thêm áp lực cho học sinh.,0
Học toán cho lắm vào rồi không học GDCD,0
Co ông thây măt day zây,1
"Ừ, thì xác minh đi. Nếu đúng coi xử lý sao, hứ",1
Yêu cầu đuổi việc và thu lại giấy phép của ông thầy giáo bố láo đi,2
Lam bo đời đo,1
"Hiệu trưởng kiểu:từ giờ anh bị đuổi về quê vì dám kick học sinh ra ngoài
Ôg thầy kiểu:tôi xin lỗi vì tôi đã làm sai như vậy
Học sinh kiểu:đuổi og đó đê eeeyyyyyyy
Hiệu trưởng:gì anh nói gì tôi không nghe rõ nói lại coi thui ngày khỏi làm nha 
I am godd boy",1
Thầy mất dạy thật,2
Như vậy mà chưa đủ gì nữa,1
Sinh viên Nguyễn Văn An nói ông thầy không nghe thì nên đuổi ông thầy ra khỏi lớp giống bạn kia,1
Thầy giáo gì thứ này,2
Thây la 1 ng đê hoc sinh tôn trong ma ă noi vô duyên nhieu khi mưa to co tai hoc sinh cung không nghe,1
Theo tôi tay lắm chân bùn người miền nam là (miệng nam mô bụng chứa bồ dao găm) đó,0
Trời đất ạ thầy gì kì:/,1
"Giáo viên là để giảng dạy ,dạy học người khác chứ không phải là đuổi học chửi vào mặt người ta với thái độ vô lý như vậy cái đồ ông thầy thiếu đạo đức",0
"Ăn học nhiều ngu quá,, thiếu tri thức và đao đức của người thầy,, đổi nghề đi",0
Tội Quá :(,0
Đúng là thay gì mà không có đao đưc  nha truong duoi ông thay này đi,0
thầy mất dạy,2
Cái gì vậy trời Vô duyên dữ vậy,1
Thầy giáo việt nam kĩu này thì cho thôi việc gấp kg thôi là học sinh bị ngu hết,0
Nếu người ta không có tai phone thì sao,1
ác quá,0
Đấy giáo viên cứ có mấy cái kiểu vô lý kiểu đó  hỏi xem coi tại sao bọn tôi không vắng chứ,0
".













.






.





.





.





.





.





.





.",1
Đâu cái này là thầy gọi mà,0
Đang chơi game thầy gọi không chú ý bị đuổi học là đúng rồi,0
Đúng,0
@attt3876  liên quan?,1
"@attt3876  mỗi con người,ai cũng khác ai,có ng nghe phát hiểu luôn nhưng có ng không hiểu chứ chơi game gì ở đây,bạn hút cần sa có phê không vậy?",0
"@thanhathutaoplscomehome3136  bạn ơi, cô giáo tôi hỏi đang học đến đâu không trả lời được là không chú ý",2
"@attt3876  thế có người giỏi cái này,bạn không giỏi được cái đấy thì bạn có chấp nhận việc nó bĩu môi,chê bai bạn không?",1
@thanhathutaoplscomehome3136  ủa đang nói chuyện nọ xọ chuyện kia,1
@attt3876  với cả ngoài nhà anh SV ở đầu video bị mưa thì ai nghe rõ được?,0
"@thanhathutaoplscomehome3136  đeo tai nghe, cô giáo tôi bảo thế",1
@attt3876  tiếng mưa to thế tai nghe cũng không giúp được nhiều,1
"@thanhathutaoplscomehome3136  tiếng mưa to đeo tai nghe vào là hết,các bạn nghe thấy mà mình không nghe thấy",0
"@attt3876  mưa nhà bạn yếu được chưa,còn mưa ở nhà anh SV mưa to,với cả anh ý học tầng 1 mà?bảo sao không nghe thấy",1
​ @thanhathutaoplscomehome3136  chơi game hoặc làm việc khác nên không nghe thấy,1
@attt3876  thế sao mình đeo vào không hết?? Giải thích hộ cái,1
@arcticnix8841  bạn cho max volume tai nghe lên,0
@attt3876  cho lủng màng nhĩ hay gì,1
@arcticnix8841  cho nghe thấy,1
"@attt3876  hôm trước nhà mình cũng có mưa rất to còn có sấm sét nữa, bật lên hết cỡ cũng không nghe được nhiu đâu",1
@arcticnix8841  tai nghe đểu,1
"@attt3876  nói chung học nghe không rõ thì học sinh có thể hỏi lại, còn nếu đang chơi game mắc gì phải hỏi",1
"@arcticnix8841  đang chơi game thầy gọi trả lời bài,thì phải trả lời ,không lẽ phang thầy",2
@attt3876  rồi đang ghi bài thầy cô nói nghe không rõ bộ không có quyền kêu giảng lại à?,1
@arcticnix8841  ò ảo nha sv mà không có đồ tốt thì sv qq. Nó đang cày rank tự nhiên thầy gọi phát thì chả bối rối rồi lấy lí do cãi cùn,1
"@whatever2859  lúc thầy giảng không nghe thì có thể nói giảng lại, còn chơi game không nghe thì lỗi là do bạn",1
@arcticnix8841  nghe nhoá đoạn clip này đã bị cut hiện công an và …… nó đã bị cut rồi và kho ai bình thường a bạn này đang làm gì,0
"@whatever2859  nếu chơi game thì lỗi là của bạn ấy, nhưng học bài trời mưa nghe không rõ thì có thể kêu thầy cô giảng lại !",2
@arcticnix8841  tại phone rồi còn cãi,1
@whatever2859 nói thế mà không hiểu,0
@whatever2859  đúng bạn,0
"@arcticnix8841  những cái đứa bảo nghe không rõ thì sao không bảo ngay từ đầu,mà lúc thầy gọi đến rồi mới kêu em nghe không rõ,mình nói thật là học online như này 70% là ngồi chơi bà làm việc riêng",1
"@attt3876  đang học trời mưa thì nghe không rõ, lúc đầu không có mưa nên nghe rõ",1
@attt3876  90 ấy chứ,0
@attt3876  đúng rồi lúc đầu nghe không rõ bảo luôn chơi đến lúc gọi thì sự a sử ớ thầy bực mình vì chơi game trong lớp tức không làm gì được cắt clip lên phốt og thầy,1
"@whatever2859  đúng rồi bạn ơi, bạn nói rất hợp lý, khổ thân ông thầy",0
@arcticnix8841  ngáo,1
@attt3876  không bình thường ai ngáo à,0
@arcticnix8841  bạn,0
@attt3876  nói không hiểu rồi bảo tui ngáo,1
"@arcticnix8841  kệ nó đi bạn, chắc hút cần ngáo nên nói vậy rồi, mình không nên cãi loại đấy",0
@yumcookie989,1
Bị mưa to xâm nhập,0
Lở nhà không có tai phonl gòi sao,1
Làm thầy làm gì ý thức và đạo đức còn thua cả zang hồ,1
What the hell,1
Thầy gì đâu mà kì vậy,0
Ông thầy có tâm  ghê luôn thầy mà đạo đức thì như cái gì ấy thầy mà không dạy học sinh nói chuyện lịch sự gì cat,0
ĐÚNG LÀ OG THẦY ÁC ĐỘC,0
tui mà học thầy ni tui chửi đéo ngắt,0
wow xam,1
Đời là bể khổ,0
Kiểu này cho ông thầy về làm nông dân đi,0
Thầy giáo gì mà không có đạo đức,2
Thấy giáo mà như trẻ  vậy trời,0
ông t đó không yên với hs,0
Có tri thức mà không có đạo đức thì vứt,1
"Giáo viên này vô đạo đức quá, tự nhiên đuổi ! Người ta không nghe được thì có sao ! Nhắc lại thôi ! Ông nội này vô lí quá à nha",0
Theo tôi thì cậu học sinh này cũng sai bởi vì đây là tình huống bất ngờ mà cậu còn quay được trước lúc đó nữa thì theo tôi là cậu này cố ý gài ông thầy ( suy đoán cá nhân thôi nha ),0
"""Người có đức mà không có tài thì làm gì cũng khó
Người có tài mà không có đức là người vô dụng""
Thầy quá là ảo?? Rảnh vc, nói nghe không rõ thì kick?? U là tr-?",0
Ông thầy này không biết dạy thì nhờ  nhà trường đuổi,1
"Là ai quay mà bạn, lúc cậu kia bị đuổi ra khỏi lớp làm sao quay được khúc sau??? Cái này là clip dài ngta chỉ cắt khúc trên thôi.",0
trường tôi hs chịu vào học online là mừng lắm rồi,0
thay kì cuc,1
Thầy giáo bị gì â,0
Thầy giáo như vậy mà nhà trường nào thu nhận dậy trời,1
ông thầy dô duyên vô cớ đuổi người ta ra lớp,1
Người gì sao khó chịu,1
Mất dại,1
Không thể nào học thầy như vậy!,0
Nhà trường còn giữ ông thầy này lại thì trường chẳng còn chút uy tín nào,1
Toi la hieu truong la ki luat thay giao do lien,1
vua bat cai nay xog mua,1
Nghỉ luôn đi học làm gì nữa,1
thằng thầy lên phòng hiệu trưởng lúc đó trời mưa xog rồi á mới lên nghồi ghế vào nè rồi định nói xog ông thầy hieuj trưởng nói gì ông nói gì tui nghe không rõ thôi thôi cút về làm ăn xin đí,0
Gặp teo nhá kéo cả lớp lên chào og thầy,1
Thầy như thế này thì dạy sv hư hỏng láu cá bất trị,1
cai loai không co tai ma không duc thi vut,1
Ông thầy chắc thấy cái tạo đống nick để tha cho ổng nè,0
Đây là sinh viên đại học chứ không phải các lớp cấp 2 mà muốn học hay không học,0
@khiemhoang9751  đúng rồi vì họ là sinh viên rất quan trọng đối với kiến thức,0
Học online bằng Laptop Gaming,1
Nó làm thầy giáo    thầy khùng rồi đi chỉ qua đi  ngành giáo dục phải quan tâm hơn,0
Vô duyên thế nhở cs trí thức mà không cs đạo đức,1
"Có tài mà không có đức thì không nên dùng, đuổi việc ngay, con sâu làm rầu nồ canh",1
"Không nghe thì thôi mắt mớ gì với đuổi học, đáng vô tù",0
Thầy giáo có trí thức rồi nhưng không có đạo đức thì dạy làm gì cho học sinh hỗn theo à,2
Tư cách giáo viên để đâu,2
Họ trả tiền để học chứ họ không xin để học ok thấy giáo là phải có đạo đức,1
Wao trường mà trên màn hình cho thấy gần cầu xa lộ hà nội nè mình có đi ngang qua vài lần khi đi mua đồ,1
"Tôi cũng có con học online, lúc mạng yếu cô giáo nói không nghe gì hết thì cô lại nói con tôi không trả lời không tôn trọng cô thiếu văn hoá, đôi khi tôi suy nghỉ   thầy cô  giáo như vậy chắc lúc nào cũng cho là tất cả điều hoàn hảo hết hay sao",1
"Đề nghị kỷ luật thằng thầy này ,cho về vườn nuôi heo nái , thật là thiếu nhân cách ,,,,",2
"Toang ông thầy
Xin vĩnh biệt cụ",1
"Ai muon thằng ""Giang hồ"" này vào dạy vậy",0
ua thay day gi ci vay sao  không ghi luon di,1
"người tức giận là người có nhiều đau khổ, chắc là ông thầy giáo bị vợ cắm sừng",0
đuoi thay giao vo van hoa,1
Thằng thầy như này thì gặp tao thì tao đến tận nhà tao cho ăn kẹo đồng,1
Ngay xua học 10 đua đậu 9 đua ngày nay học 10 đua hết 10 đua về chăn bì,1
Thầy này chắc không học đạo đức lớp 1,1
"mất dạy phết,zs",0
"Ngầu, ngầu thế, ngầu quá thầy ơi, thầy là nhất, thầy 10 điểm, thầy là siêu nhân hay quá thầy ạ 
















Chán cái ý thức :((",2
nhà trường có uy tính à,1
"Công có ý thức mà không có đạo đức,  mai sau cháu của ông nó cũng như ông đó",0
Đừng tưởng mình có đạo đức sống phải có tri thức,1
Thằng này là ông nội rồi chứ thay giáo gì nữa,0
Thầy mà không có ý thức,1
Thằng thầy dạy kì cục,1
Trường của tui ai không nghe thì nhắc lại không thiếu một chữ còn cái này kì vậy,1
ổng cũng đâu nghe cm gì đâu phải đuổi ổng khỏi lớp mới phải,1
Hiệu Trưởng Trường giải quyết như nào đây. Thầy Có Đạo nhưng Ko Có Đức không Xứng danh Làm Thầy của Nhân Loại,1
nói chuyện nghe ứa cái lỗ tai ghê á chắc lỗ tai ổng để trên trời,0
"Mình là GV mà học sinh xin giảng lại là chuyện bình thường ,với giảng một lần thôi mà.
Mắc mới gì mà kích học sinh ra khỏi lớp",0
Ông thầy này đủi việc lựa thầy kiểu gì thấy ghét,0
vậy làm thầy chi,1
thay giáo mà giống như máy thang con đồ,1
"Và đây là bab ending
Bad ending: thầy bị đuổi việc và bị đuổi ra khỏi nhà",0
"Thầy hiệu trưởng: sao anh đuổi nó !
Thầy: tôi không biết 
Thầy hiệu trưởng: anh ngày mai sẽ bị đuổi việc
Thầy:* giải thích mọi chuyện*
Thầy hiệu trưởng:tôi không nhận anh nữa!!! Ko thì bảo nó đóng cửa!!!
Thầy: xin thầy đừng đuổi tôi
Thầy hiệu trưởng: không bao giờ
Cái kết = thầy bị đuổi việc",2
Tôi mà có ông thầy như vậy. Thì tôi chắt chắn là mẹ sẽ chuyển cho tôi học trường khác,1
thầy này láo,2
Coi ma thay tuc,1
Thầy giáo gì mà nói chuyện như bụi đời,0
Ác quá,0
KHÔNG CÓ ĐAO ĐUC THÌ DAY DÔ AI,1
Đuoi viêc ngày.thầy giáo như vây đào tạo ra người như thế nào đây,1
Đuoi viêc thầy giáo gấp,2
trời ơi á,1
anh đó chỉ ns giảng lại vì trời mưa to thôi làm thấy ghê,0
"Loại này không đáng để chúng ta gọi là thầy,là giáo viên...loại chợ búa thì nên làm cv gì chợ búa thôi....làm cái nghề giao giảng đạo đức có vẻ không hợp lí",0
thầy gì kì vậy chứ thầy em còn đàng hoàng hơn haizz tội mấy anh cj học thầy khó quá tội mấy anh cj haizz,0
Dù là clip có cắt bớt hay gì đó chăng nữa.thì cách cư xử của thầy cũng không xứng đáng để  gọi là đại diện cho ngành giáo dục.đạo đức và nhân phẩm của một giáo viên thầy đã đánh mất rồi. thật đáng tiếc!,0
Vô duyên quá,0
thầy gì tào lao vậy !,1
"Thầy nói thế tao ghi âm lại gửi cho hiệu trưởng, người lớn nhưng nghĩ sai thì tôi đây nhỏ cũng không ngại đáp trả gắt lại đâu",1
Cây cú rồi nha nảy giờ coi 2 cái video liên quan đến học rồi nha,1
Thầy giáo không có đạo đức,1
Trời trời làm thầy kiểu này chết luôn,0
Học sinh bây jio không như hồi xưa đầu so thầy so cô như cọp jio mà lao nhao là cho ăn cháo liền,2
What you name?,1
song ma không co dao duc,1
dap ong thay không lam giao vien thi nghi,1
Dạy học mà không có tâm,0
không có đạo đức,1
sao mà ông thầy này.,0
Dọa cho ra lớp tiếp lớp 2 cũng có phụ huynh cho đấu võ mồm lớp lớn là cho nghỉ việc ở đấy láo,1
"Em không có thì phải làm sao ??? Mẹ em không mua cho em đấy, thầy bảo mẹ em mua đi chứ em không biếc gì đâu ắ",0
Can ba dao duc,1
Đúng là người không có ý thức vậy đi làm thầy giáo,2
Thầy như vậy thì dạy học sinh ngoan ngoãn sao được,1
Thầy mất dạy,2
"Sao lại đuổi chứ không có đạo đức gì hết,thầy phải làm gương cho học sinh mà",0
ỉ Làm thầy mà bắt nạt học sinh sống như dấu ...,0
Cháu mình học mà lỡ nghe không rõ hỏi lại ổng kêu tự kiếm đi bữa nào cũng hỏi với giọng nạt nộ.,1
Xin cái facebook,1
Người thầy thật là có đạo đức,2
"Học sinh :em nghe không rõ thầy có thể nói lại không ạ!
Ông thầy:không nghe rỏ thì nghĩ học
Học sinh : gì vậy trời",2
"Giáo viên náy quá mất dạy, làm nhục sinh viên,đuổi ngay ông ta không cho đứng lớp nữa,",0
Là sinh viên v,2
Bản chất thật của giáo viên,2
Tẩy chay ông thầy nầy đươc rồi.,0
Ông thầy giáo gì đâu mà kì cục thiệt chứ,0
Z mà cūg làm giáo viên nūa,0
An hoc co nhiu vo nc nhu giang ho .,1
Dô diên,1
phải dậy hoặc đào tạo lại,0
Tui là tui đấm ổng từ lâu rồi đó,0
"Thầy giáo gì mà tự cao tự đại, ngày xưa ông còn đi học khi không hiểu hay nghe không rõ thì giáo viên có giảng lại cho ông không, chứ tôi là giáo viên giảng lại và hỏi rất chân tình. Em hiểu chưa.",0
"Thầy giáo : anh bị đuổi ra khỏi lớp
Thầy hiệu trưởng : anh bị đuổi việc !
Thầy giáo : để tôi giải thích cái đã
Thầy hiệu trưởng : không nói nhiều bị đuổi việc!",1
Nói chuyện như thế thì tri thức gì nữa,1
Quá bức xúc.mong công an xớm vào cuộc đều tra  đuổi việc hoặc kỉ luật thầy giáo này ngay.,2
"GIÁO DỤC LÀ TRI THỨC ĐÁNH BẠI SỰ DỐT NÁT .
Chỉ có những ngừoi có tâm, dành tất cả tình yêu chân thành của 1 ng thầy chân chính để dạy các em. Người đó khó tìm ra khoảng 10% mới có.",2
người mà không có đọa đức làm thầy giào làm chi.,0
"Học sinh không nghe rõ thì thông cảm cho học sinh, chứ đe doạ học sinh là sao, thầy giáo kiểu gì z",2
Đình chỉ việc thằng thầy giáo này ..,2
Ac,1
Xa hoi thoi nat.,0
Nay ai cũng làm giáo viên được hết vậy. Nc như giang hồ thì đi dạy đạo đức cho ai,0
van hin dat noi dung,1
Sao lại vơ đũa cả nắm thế?????,1
Cá nhân thôi,1
Ra kiện lun sợ gì ạ,0
Vậy hiệu trưởng nói ổng không nghe rõ thì đuổi việc đi,1
"Tôi, tức giận, ông, thầy",1
"Tôi đã, tức giận,",1
Ai bảo mày lộ tai cút o,0
"thầy quá đáng dễ sợ
mình gặp là mình bóp cổ luôn á",0
chơi như vậy rồi ai chơi lại ?,0
ông neeyf mà gặp thằng hs đời solo với ông thầy bên kia thì....,0
có tài mà không có đức thì vứt,1
người có trí thức chắc gì có đạo đức,1
Sao hỏi gì kì vậy,1
Đuổi đi,1
VAI CA ONG THAY,1
Thầy gì kì quá,2
"Thầy giáo mà như vậy không ăn đòn mới lạ. Đấm cho nâu 2 con mắt thì cũng chả sợ gì pháp luật, có những việc phải giải quyết bằng nắm đấm",0
Ong thay nay qua dang lam luon a troi gap toi la toi không nhìn duoc luon a sao anh không can đam len,1
thầy bị ảo à,0
"Dậy không được thì nghỉ đi, đạo đức để đâu zậy",1
thoi thoi nhà trg bới điêu đi chán mấy cái đạo đức giả của thầy cô lắn r,0
you are not wrong,1
why should not worried ?,1
Ông thầy bị gì rồi,0
"Khai luôn lên hiệu trưởng , kỉ luật ông thầy này . Có tài mà không có đức , vứt hết .",0
"Ng này chỉ nên được gọi là thằng, không đáng được gọi là thầy",1
"Tôi chưa nhìn thấy mặt, mắt, tai...của thầy ....khùng .",0
"Học sinh lúc nào cũng bị thiệt thòi,không công bằng,mong sở giáo dục quan tâm đến hs,sv",2
vậy rồi ông thầy giáo này còn dạy không ta kiểu này cho nghỉ dạy lun chứ giáo viên gì hành xử không giống bậc thầy,0
ông thầy mất nết quá đi,0
"Những gì Thầy nói là quá đúng, trước khi mình học mình phải có sự chuẩn bị trước, Nếu ai cũng như em thì chắc ông thầy ông khỏi dạy luôn",0
thầy ác vãi thà méo có ông thầy này,0
Thầy gì mà bức xúc quá,0
"Chửi và đuổi như thế mà lúc sau bày đặt nói nhắc nhở nhắc nhở mà đuổi thế à, vô lí thế cũng ns được",0
vậy làm giảng viên / giáo viên chi ăn tiền của bố mẹ học sinh thì phải dạy cho đàng hoàng với mưa là do thời tiết chứ đâu phải do nam sinh đó muốn đâu là giảng viên /giáo viên vậy thì nghỉ dạy đi để nền giáo dục nước nhà không bị ảnh hưởng xấu,0
Thay giao la cha me ma muon sao cung được .,1
Đuổi hộ cái sinh cái địa chỉ,1
Cô tui cũng z mic tui hư mà bã đuổi tui ra khỏi phòng không cho vô phải qua hc nhờ nhà bạn bè,0
"27 nghe rõ rành rạnh mà ổng bảo không nghe, ổng cũng hơn gì anh Hoàng đâu. Ngta là sinh viên rồi mà làm thầy kiểu gì nói chuyện với ngta như nói chuyện với cấp 1",0
Thằng này mà thầy giáo gì trời.,0
"Nếu tui là hiệu trưởng: Anh nói cái gì thế, tui đuổi việc anh bây giờ,làm việc cho đàng hoàng zô
Thầy: được thôi
Tui: nói to lên thg tró kia mày bị câm à
Thầy: ơ thế mày bị điếc à
Tui: mày ra cổng trường luôn tao đưa mày lương luôn không cần phải làm nữa.Đúng là thông minh mà ngu xuẩn rớt não",0
Làm ăn kiểu này thì nghỉ mẹ đi em tôi không nghe rõ bảo cô giảng lại vẫn giảng lại vẫn giảng lại cô còn tự bảo là ai không nghe thấy để cô giảng lại cơ,1
nghe mà khó chịu thay,0
Thay giao có ý thức. Sử sự như thằng Côn đồ,1
"Người gig đau mà mất nết 
Ta không nghe rõ thì giảng lại cho ta nghe một lần hoi đau có mất cái gì đau mà chửi   người ta giữ vậy",0
Quá thiếu đạo Đức,0
Có ông thầy này trong trường chắc chết ️,0
ông thầy điên,0
Ôg thầy chắc bị ngáo rồi làm thầy giáo thì phải bình thường tôn trọng nâng sinh viên lên hàng đầu chứ bình thường sinh viên khó khăn rồi mà như thế này thì đáng 100% đuổi việc,2
Nga tất cả phụ huynh phải đê bạc lên cái hành vi này,1
Ý thức của thầy như đứa bạn tui vậy đó ý thức như cái Quần Què,1
Nghĩ dịch lâu nên thầy quên,1
Tự nhiên nói em vậy !!! Em nó nói thế thì nói em nó nhẹ nhàng chứ sao mà nói nghe nặng nề thế !,0
Thầy giáo gì vậy trời. Ai mà học cho nổi,0
Người có kiến thức nhưng không có đạo đức,1
Thầy như này về vườn đi dạy gì tầm này,0
thầy giáo có trí thức chứ đéo có đạo đức,0
Thầy môn gì cũng học mà có môn  đạo Đức không chịu học,1
"Thầy hiệu trưởng: mai tôi đuổi việc thầy 
Ông thầy:có làm gì sai đâu
Thầy hiệu trưởng:mưa to quá tui không nghe rõ",2
Chắc do thầy nghĩ môn đạo đức chỉ là môn phụ nên không học,1
trả tiền nó dạy mà nó xạo l à,0
Đạo đức để ở đâu,1
Đạo Đức nên giáo dục của vn đấy,0
"trẻ con không biết phân biệt đúng sai chỉ nghe theo người lớn thôi
thầy là dạy hư học siinh",0
có tài mà không có đức,0
nếu là tôi í là tôi gọi thẳng cho nhà trường luôn,0
Chửi thẳng mặt ổng luôn,0
thầy qq gì dã,1
Lỡ không có tai phone thì sao,1
Thầy hiệu trưởng kiểu: thôi thôi thầy hay lắm tôi cho thầy đi chơi vài thế kỷ,0
Ông thầy ác quá,0
Chỉ cần học lại cuốn đạo đức từ 1->12 là được,1
Thầy mà như vậy,0
Em khuyên thầy 1 câu chân thành: NGHĨ DẠY ĐI LÀ DỪA,2
dung la ong thay không co dao duc gì ca,0
Ôg này vừa thua số nè,1
"K có tư cách thì dạy ai hả thây? Đầu tiên ngành giáo dục có câu. Tiên học lễ hậu học văn. Thầy không có lễ sao dạy học trò có lễ? Có tài không có đức là kẻ vô dụng. Nhà trường để 1 kẻ vô dụng dạy học sinh, thử hỏi thu tiền học phí sao đây?",1
Tôi là giám đốc đó,0
Thầy như vầy là phải đuổi việc thôi!!!!!!!!!,0
Nền giáo dục chợ búa nên đào tạo thế đấy,0
"BD_GM (official)   
Clmm",1
Kk,1
Ai có id phòng lày không,1
Thấy Giao Có trí thức  mà đạo đức như qq,1
Thầy không có đạo đức,1
rồi không giải quyết luôn nhà trường gì kì vậy,1
Thangthaylaoqua,1
"Người thầy này nói năng kì cục quá, . Không biết tôn trọng mn, lại còn làm giáo viên nữa chứ. Haiz, thầy giáo này vô lý quá",2
Cho thầy nghỉ dạy lun đi.,0
"Thay giao noi chuuen kieu di vay ,thay giao may chat muon an mai ne",1
Thầy có não không,0
"Ông thầy này có tính 
1. Nóng nảy 
2. Hách dịch
3. Trịnh thượng 
Đừng làm giáo viên hỏng nền giáo dục",1
Ông thày ổng bị gì mà mưa thì phải nói từ từ với học sinh mà giải quyết chứ,0
Ông thầy này mới bị vợ chửi nè,0
Ông thầy này đuổi là vừa,0
?????????????????????????????? họ nói gì thế,1
Kh nghe rõ củng đâu phải nh thế,0
Giáo viên sao lại gọi hs là anh .mà tính khí nóng vậy chắc làm anh chị gian hồ thì hợp hơn .,0
Br,1
Xử lý ngay,1
Thầy gì vậy trời.,2
Làm giáo viên mà không kìm chế được thì dở r,0
Thầy kiểu này nghỉ dạy cho r,0
Thầy giáo gì mà kì cục vậy,2
"Thầy có tài mà không có đức thì bỏ , thầy gì đâu mà như cái db",0
Mi khùng hả thằng thầy kia đuổi cổ liền,1
Thầy có muốn đi dạy nữa không,0
Cái clip này là em tức lắm em tức lắm rồi,0
Thầy hiệu trưởng : từ mai anh được nghỉ dài hạn,0
thật là một thầy giáo thiếu đạo đức,2
Thầy giáo kiểu gì chẳng thông cảm người ta,0
Thầy như vậy có xứng không sao mà dạy cho sv,0
Thây nhụy vây nên về vườn sớm đi,1
Đúng là người có tri thức chắc gì có đạo đức,0
Nghỉ đi đừng dạy nữa thầy nhá,1
"Hiệu trưởng:Tại sao anh lại nói hs như thế,mai lên phòng làm đơn nghỉ việc
Thầy:Tại sao ạ(kể hết mọi chuyện)
Hiệu trưởng:Ui thôi chết tôi không nghe thấy gì cả i am sorry
Thầy:(T-T)",1
"Thầy giáo đó:*Đuổi học sinh*
Hiệu trưởng:My turn",2
thầy giáo dạy như này là hỏng r,0
thầy z rồi đi dại làm gì,0
"Thằng này mà là giảng viên, là thầy giáo, làm nghề giáo dục đây đó hả????",0
0,1
u là trời trong lúc mà ổng chửi thì đã kịp giảng lại rồi,0
Ông này mà được làm thầy giáo tui nể nghỉ đi đừng làm nữa trước sau cũng bị đuổi,0
Người có học Nhưng không có đạo đức,1
Tôi thà không học còn hơn học ông thầy đó,1
Thầy giáo không não,2
Dạy không được thì nghĩ dạy luôn đi.,0
Đúng là có tài nhưng không có đức ^^,0
"Làm thầy nhưng chưa chắc có đạo đức, trí thức......",1
"Cô tui cũng vậy rồi, kể cho nghe nè: Cô tôi lúc ấy có giới thiệu chỗ nghi chữ, nhưng các bạn của tui nó cứ, bấm nhập chữ liên tục, và tụi nó thẩm chí còn trò chuyện với nhau. Cô tôi tứkhông quá nên bảo: Ai nhắn nữa cô mời ra khỏi nhóm ngay!!!!, và cô dạy tiếp, nhưng có 1 thằng nó tưởng không được nhắn chứ đâu phải không được mo mic nói, và nó nói: Em cô.....
Và cô đã la nó tái tát xanh mặt và cô đã đuổi nó ra khỏi nhóm......",1
"TƯỞNG TƯỢNG MỘT NƠI NÀO ĐÓ…
… Nơi mà bạn có thể tham gia một trường học lạc quan, một nhóm chơi game hoặc một nghệ thuật cộng đồng. Nơi mà chỉ có bạn và một số bạn bè dành thời gian cho nhau. Một nơi giúp bạn dễ dàng trò chuyện hàng ngày và gặp gỡ thường xuyên hơn.",0
5oo ae oi toi nha thang thay nay hoi tham no ti coi.thay giao deo co dao duc.,1
Thầy giáo thiếu đạo đức,2
Này thì đuổi học sinh h đuổi thẳng ông thầy,2
NẾU CÓ MỘT SINH VIÊN CÓ Ý THỨC HỌC TẬP TỐT NHƯ VẬY THẦY PHẢI MỪNG VUI VẺ GIẢNG LẠI CHO E ẤY CHỨ! SAO THẦY LẠI CÓ NHỮNG LỜI LẼ VÀ HÀNH ĐỘNG NHƯ VẬY? LIỆU THẦY NGHE LẠI ĐOẠN GHI ÂM NÀY THẦY NGẪM XEM THÁI ĐỘ VÀ HÀNH ĐỘNG CỦA THẦY ĐỐI VỚI EM SV NÀY VÀ CẢ LỚP CÓ ĐÚNG VỚI MỘT GIẢNG VIÊN TRƯỜNG ĐH KHÔNG Ạ?,2
Ông thầy llllllllllllllll,0
Ông thầy này chắc nhờ bên y tế cho vào bệnh viện tâm thần quá không đầy đủ giác quan chắc ổng ông không đầy đủ giác quan nên mới không dám giảng lại nhiều lần sợ sai bị SV nói lên ban giám hiệu,0
Thay nay chắc het muon song roi,1
thầy giáo này không biết dạy,2
ng đo phai la thay không z trời,1
"""Mắc mơ ""...thầy mới nói :không nghe rõ bước ra khỏi lớp thế thì thầy nói các em nói lại cho thầy....Thầy nghe cũng đâu rõ thầy nói không nghe rõ bước ra khỏi lớp vậy các sinh viên khác nói thầy không nghe rõ thì thầy cũng phải bước ra khỏi lớp chứ",1
Nhung nguoi dung lop nhu the nay không du tu cach goi la thay .do chi la giang vien kiem song bang nghe cua ho thôi. Dung hieu nhằm. Thay la người co tu cach không khac gi bac cha mẹ. Con nhung nguoi nhu vay thi chua được goi la thay dau do nha. Chi la ke lam cong an luong thôi,0
Hoc cang cao. Tu cach xh cang mất. Do la thuc trang cua may giang vien truong dai hoc,1
Đề nghi các cấp xem lại vùng xanh sẽ được đến trường và những ng như trên cần phải nói cho đi vào lòng ng chứ,0
"Học online tùy hoàn cảnh chứ bắt buộc học hết sao được,gd khó khăn sao cho con học được",1
Thấy giáo kiểu gì,0
Ông thầy này xin ra khỏi trường  tôi kêu hiệu trưởng đuổi việc ngay đấy,1
ngoi thay gi ma ac giu vay,1
thầy vô lí vãi mưa là do thời tiết do gì người tao thầy ảo rồi,0
Thầy giáo mà coi học sinh của mình như loại khác người thì không lên giảng dạy ảnh hưởng đạo đức cho thế hệ sau. mong chính quyền công khai xử lý vụ việc này,0
Thầy gì đâu mà dữ như con cọp là tui tui còn không sợ nói chi mấy anh,0
"Tôi thấy học sinh nói chuyện rất lễ phép, mà thái độ của thầy giáo bất cần với sinh viên, cho dù như thế nào cũng không nên xuất hiện cái thái độ cậy quyền như thế ở một giáo viên. Mong muốn nhà nước sàng lọc những giáo viên không có đạo đức ra khỏi ngành",0
lỡ như không có tai nghe thì sao nhà nghèo làm gì có tiền mua,1
Ông thầy này bị đuổi khỏi ngành giáo chưa.,1
Quất cho ổng 1 câu : ba em bạn hiệu trưởng,0
Ui là trời là thầy giáo đó hả OK có đạo đức thì bỏ nghề đi,1
Giờ thì vui rồi,1
"Bó tay thây giáo, vây mà cůng đűőc làm thây giáo cő, cđm hãy bão vê các e sv",0
ông thầy bố láo,1
"chj tui cũng bị như vậy đó 
cứ học không nghe rõ là bị 
đuỗi thôi bị liên tục luôn
tui thấy các thầy cô tuy có trí thức 
nhưng không hề có đạo đức cứ một chút 
là đuổi thôi không chịu nghe giải thích",0
"học sinh, sinh viên giờ nó giả ngơ đạo đức đó bạn. thực tế là vậy. và hiện thực là cả 2 bên đều có xấu và tốt.",2
"Trên lí thuyết thì thuyết phục ấy
Thực tế thì um.... hiểu rồi ấy",1
???,1
"thầy giáo mà ăn nói kì vậy, không có tâm gì hết trơn à, đề nghị nhà trường làm việc lại với thầy giáo này đi",0
thầy hiệu trưởng đã xem,0
"Haiz , không bình thường ai cho ổng làm thầy nữa",2
Cái trường nào mà cho ông thầy mất dạy vào,0
lỗi thầy giáo khùng vậy mà nhà trường còn bênh cho được . bao che thối nát tới thế là cùng,0
Chắc ông thầy bị bay não rồi,0
Thằng thầy giáo này láo,2
Trời ơi,1
Thầy gì đâu mà giữ quá đi,1
Mất đức rồi,0
Có phải thầy giáo không trời,2
đi học cô bảo có ai hiểu hoặc không nghe rõ thì để cô giảng lại còn đằng này thì đuổi lạ nhể,1
Mang tiếng là thầy mà không có đạo đức,0
Thầy vô văn hoá h nhà ng ta không có tài nghe thì sao chắc gì đã dậy giỏi hay toàn dùng sách giải bài nào khó quá các em đợi thầy tí thấy check app giải đã 5p quay lại giải như thần,1
thay co dao dacko,1
người thầy mất dạy,2
thầy bị say riệu rồi bị ngáo đá đấy,0
"Cho ông thầy nghĩ việc....,hs hay SV học kg hiểu thì giảng lại cho người ta chứ, còn người mà kg muốn học thì họ đâu cần nhờ giảng lại ....",0
"Thầy là 1 ng thầy giáo để dạy cho các em hs có kiến thức ,ng thầy mà không có kiên nhẫn thì sao mà dạy tốt được cho các e ,cậu học trò bảo mưa to thì nhờ thầy giảng lại , thầy đuổi luôn ra khỏi phòng (thế đấy là thầy giáo á)",2
Ông thầy BA MẸ không dạy đò ông thầy mất dạy,0
Ông thầy mất dạy,0
Thầy ít kĩ quá,0
cs não mà không có tâm,0
Tội sv ghê,0
Thầy này chắc hẳn không học đạo đức đâu ha,2
Loại này không đáng làm thầy giáo,2
Mình học online trời mưa to cô cho nghỉ tối không mưa mới học.Còn thầy này nghe không rõ bị đuổi hết học cái gì nữa.,0
Chỗ tui mưa lớn thầy nói nhẹ giảng lại ai như ông này,0
Ma nghe ong noi ma tuc .,1
"thầy hiệu trưởng kiểu: anh cho tôi mượn chìa khoá phòng nghỉ của anh
ông thầy: đây ạ
ông thầy hiệu trưởng:rồi,về đi không cần dạy nx đâu",0
Ông này nghỉ dạy luôn đi,0
"thây ma không co đao đuc
không co đao đuc 
không co dao duc vô duyên",1
mẹ,1
Vậy mà làm thầy,0
ong thầy này bị gì đó dạy thì dạy bằng tấm lòng,0
cho ôg này nghỉ dich dài hạn nhá,0
Nghe ông này nói mà buồn thay cho cả nghành giáo dục...đi dạy học mà quên mang theo não!!!,0
Ko học đâu có chết,0
Có tài mà không có đức thì vứt đi,1
Đúng rồi chuẩn không cần chỉnh,0
Ủa có 1 người không nghe được thôi mà mắc gì lôi cả lớp vào rồi không nghe được rồi đuổi ra trờii,0
Nếu tôi vào trường hợp anh này tôi sẽ nói: Ông làm nghề thầy giáo để làm gì để dạy cho hs mà ông không dạy được thì nghỉ đi là vừa Vậy Thôi,0
Ủa ngộ ghê ha mưa to ngta không được là đúng rồi không giảng được thì thôi ủa việc của thầy giáo là giảng bài cho hs mà Thầy không làm được thì chịu thua,0
"Cái thằng thầy  mất dịch, giận cá chém thớt",1
Ông thầy này chắt có đủ tay chân miệng..... Đúng là..... K,0
Thà kêu trả bài mình kêu mưa to không nghe thì không nói học sinh đã cố gắng nhưng không nghe được xin giảng lại mà vậy thì chết rồi,0
Ô nhục nghề giáo VN,1
"Ủa ông này hay nhờ , lỡ ng ta không có tai nghe thì sao , sao ông không bình thường suy nghĩ tình huống đó đi , mà cậu đó ng ta nói năn với ông đàng hoàn , mà ông nói v à ? , Ông làm thầy hơi bị lâu rồi đế",0
"Ông thầy này đi dạy mà del có đạo đức thì dạy học làm gì 
Tui khẳng định với ông thầy giáo là dell có đạo đức thì dell cần dạy",0
Tui mà là PH của thằng bé chắc tui kiện lên trường cho thất nghiệp luôn,0
Có tài mà không có đức coi như là đồ bỏ đi,0
Dạ ..em chúc mưng thầy . Thầy về huu sớm nha thầy . K có tư cáchtrong nghành giáo dục,2
Xem ra thầy  này là thầy dạy du côn à làm thầy giáo mà sao cách ăn ns và cách ứng xử tình huống tệ quá,0
Ôi giời ôi,1
Thầy giáo này yêu thích học Sinh rồi mới vậy,2
Ăn học vậy làm thầy giáo chi vậy a nhà a kô vợ con nhỏ a,1
Tôi thì chửi ổng luôn,1
Binh nhau hết ròi,1
Có đúng là thầy không vay,0
Học mà như vậy thì đuổi đầu ông thầy luôn đi,1
"Trong khi sinh viên nói rất lịch sự, rõ ràng mà ông thầy lại như vậy, chả bình thường thông cảm cho SV gì cả:((",0
"Các bạn nên xem từ đầu đến cuỗi, thằng hs có khi éo tập trung bị thầy hỏi, thế là giả vờ trời mưa, thế cũng đáng bị kick",0
Gặp tui nói : cc t nghỉ,1
Ông thây mât dai,1
cho thầy này về hưu sớm là đúng,0
Có tài mà không có Đức quên câu bác hồ dạy quên hết rồi,0
Lở nhà ta không có phone.,1
Học sinh giang hồ thì giờ có giáo viên giang hồ,2
Ông thầy này quá mất dạy,0
trò có đầy đủ mắt tai.nhưng ngược lại thầy không có đủ tai nên không nghe gì,1
"Thầy said : Thầy hiệu trưởng ơi bên em đang karaoke em không nghe rõ thầy đọc lại được không ạ
Hiệu trưởng said : Anh không nghe thì ra ngoài đi nghe chi người ta karaoke thì anh ra hát chung luôn đi họp chi",1
"Đuổi thầy ra khỏi nghề giáo cho đi lươm ve chai, thầy nói trò kg nghe rõ trò nói thầy cũng kg nghe đuổi",2
Thầy có tri thức mà không có đạo đức,1
Đúng là trí thức và đao đức không được song hành,0
hiêu trưởng trường đuôi dum thây giao nay,1
"Ngộ ghê ha ông thầy cs 102.
Giờ dậy không?",0
Ông thầy này chết chắc rồi,0
Người thầy như thế này thì tốt nghĩ hưu về dạy mấy con vịt đi nó kg bình thường phản ánh đâu,0
Thây giáo học cao qua nên quên đạo đức rôi,1
Làm vậy ai dám học,1
Khốn nạn vô văn hoá,1
Sao nhà trường lại tuyển thầy giáo có kiến thức mà không có đạo đực nghề nghiệp nhể,1
Thầy gì mà không có đạo đức,0
Mỗi người phải có trách nhiệm với mình chứ thầy nói chuyện như vậy thì ai mà học nữa,0
ông thầy vô duyên quá,0
Thầy giáo dạy tốt mà đạo đức như vậy đúng ác mà,0
Xin vĩng bình thường cụ nhá,1
Em nghĩ nên đuổi ông thầy này ra khỏi trường đi cho lành,1
Làm giáo viên mà đạo Đức bị cắn mất rồi hay sao,0
ông thầy kì cụt,2
Chắc kiểu ông thầy này có kiến thức mà không có đạo đức thì dạy học sinh ra hồn gì,0
"Chơi gì kì vậy trời thầy gì đâu không , má thầy giáo qq , thứ không đạo đức gì hết , vậy làm thầy làm gì nữa , thứ không đạo đức gì hết",2
Tri thức quá !  .,0
Đã là thầy thì cho ra thầy. Còn kg về quê chăn lợn...,2
lí do mưa to không hợp lí,0
Thầy cứ tưởng mình là bố tướng ấy,2
Có tài chửi chứ đâu có Đức để dẫn dắt... Tướng không giỏi thì nhanh bể trận thôi,0
Vậy thầy mới nổi nha thầy,2
Bởi vì thầy lo   sợ sv nghiện game nên  phải xử lý nghiêm khắc phải không nào ? A bạn này cày rank bị thầy phát hiện lì đầu cai và cái kết là bị thầy xử nghiêm,0
thây mình khác hoàn toàn học môn ngữ văn trời mưa thầy con dành thời gian giảng lại nx cơ,0
Cây cú,1
Thầy mất dậy,1
ông này dạy online nên thầy hiệu trưởng không thấy được trên trường thì...,1
"Thầy hiệu trưởng said: Thôi từ nay về sau anh nghỉ làm giáo viên đi nhé.
Thầy đó said: Tại video đó chưa rõ về vụ đó.
Thầy hiệu trưởng said: Thầy nói gì tôi nghe không rõ không chịu bữa nay nghỉ thì ngày mai nghỉ nhé.
Thầy đó said: .......?....... .
Đúng là những người thầy có trí thức mà không có đạo đức thì nên bị đuổi và tặng cho 1 cuốn sách đạo đức lớp 1 và từ từ lên lớp 12",0
"Ủa bị khùng hay gì mà lại bắt hs ra ngoài mà còn phải nói tôi tên nữa, Thầy không hc lớp 1 đạo đức hả (cái này cái hơi quá lời ai thấy khó chịu thì em xl ạ)",0
cai loai thay nay ma vao lop toi a thi chi co len mang bi chui nhuc mat,1
thà giảng lại còn được,1
Khốn nạnnnnnnn,1
Kieu nay quai đuoi thoi,1
Bo giao duc dau dua ong thay nay ve cay ruong gium,1
mình thấy bạn sinh viên đó nói năng lịch sự mà thầy sao thô lỗ quá,0
Mang tiếng là thầy giáo mà lại vô đạo đức thế thì làm giáo viên làm gì ai thấy đúng bình luận nha,2
"Giảng bài như vậy thì giảng Làm con * gì 
Tri thức chắc gì có đạo đức",1
Người có học mà không có đạo đức thì cần gì làm thầy,1
Thày này noi vay kg được,1
Cái ông thầy vô văn hoá v ):<<<,1
người có tri thức mà không đạo đức mới là người bị liệt nhân cách không bình thường đó.,0
Thầy giáo mà như vậy đạo đức còn không có mà đòi dạy học sinh người ta,1
Thầy giáo dì kì dạ trời vậy làm thầy giáo chi trời,2
Cái đồ thầy giáo mà vô đạo đức,0
Tính cách siêu xấu,1
Ông thầy mất đạo đức,1
"như lớp teo 
cả lũ rủ nhau out hết r
báo cô chủ nhiệm",1
"cô tui khi không hiểu hay không nghe rõ diều giảng bài lại, chứ cái ông thầy này thì không biết nói sao",1
"ông thầy : đừng đuổi việc tôi
Hiệu trưởng: mưa to quá tui nghe không rõ mai anh nghỉ việc nha",0
thầy đó bị điên rồi,0
Quá đáng! Cái ông thầy này là tui không chấp nhận được. Ko có ông thầy nào mà như ông này hết! Thầy giáo gì mà không có đạo Đức gì hết á!,0
Học trò học ngu hay không là do thầy cô,2
Thầy như vậy đui ra khỏi ngành đi,1
Ông thầy này kì kục quá à,0
nên đình chỉ việc của người thầy này vì là một giáo viên lại có những lời nói vô đạo đức như vậy có tài mà không có đức thì cũng thất bại thôi,1
đoạn đầu kiểu gì học sinh cũng méc phụ huynh...méc song phụ huynh chửi thầy,1
Cái ông thầy không đúng Mày nói vậy,0
"Tôi ủng hộ cho ông này về vườn, bởi vì nếu cứ tiếp tục tình trạng như thế này chắc học sinh nào cũng bị bệnh tâm lý cao à.",0
Hiệu trưởng nhà trường luôn xin thông cảm khi mọi chuyện đều được phát hiện và như thế mới có mấy người giáo viên như trên đó dể hiểu mà,0
Ăn mày có vỏ là đắt không thấy mất dạy này rồi trời mưa mà có gì đâu người ta không nghe rõ là đúng rồi làm gì dữ vậy,0
Đề nghị trong chuyên ngành sư phạm nên có thêm cái môn đạo đức. Và môn đạo đức nên có hệ số nhân 3.,1
Ko có đạo đức,1
Thầy thế này thì cho thầy về vườn luôn,2
Con không có,0
"Hiểu trưởng: Để ngày mai trời mưa cho anh họp bằng điện thoại nhé!
Ông thầy:không ạ",0
"Và sau đó trời mưa to ông thầy bảo 
Ông thầy : hiểu trưởng ơi tôi không nghe thấy 
Hiểu trưởng: vậy không nghe thì nghỉ việc đi
                     Hết",1
chuẩn quá chuồi uôi,0
"Học online khó đủ bề, từ chuyện mạng lag, micro hỏng, cho đến chuyện thiết bị gặp trục trặc. Mang tiếng TIÊN HỌC LỄ-HẬU HỌC VĂN (trước tiên phải học làm người sau đó mới học văn hóa) mà gv hành xử chả khác gì cha thiên hạ cả.",1
"Thầy giáo này có tài không có đức  , lời nói Thầy nhẹ nhàng chầm ấm, nhưng cách đối nhân sử thế của Thầy rất lạnh lùng thấy sợ",2
Bổ túc đạo đức ngay và lun,0
Ủg hộ bạn,0
giáo dục công dân,0
Cho thâyg cái sách đạo đức giao dục công dân,1
Cho khỏi dạy đi,0
Quá đáng,0
Có trí thức nhưng không có đạo đức thì vứt,1
Me thang that nay,1
Ông thầy giáo nghỉ luôn đi,0
Đề nghị nhà trường xem xét giải quyết thầy giáo lưu manh này,1
Cái thầy mất dạy,0
Thầy dữ quá,2
"Sách đạo đức lớp 5 có dạy là : Sống phải có tài , phải có đức có đức không có tài thì vô nghĩa có tài không có đức thì LẠI CÀNG VÔ NGHĨA nên nhớ cái câu "" Cao quý nào bằng nghề nhà giáo "" hãy thể hiện sự cao quý đó và đừng làm nhục cái nghề mang tri thức đến cho học sinh .",1
Rồi lại kiểm điểm thầy cô giáo đào tạo lớp trẻ mà vậy á. Ngữ văn 0 điểm.,1
Thầy gì mà kì v,0
WTF Nó đầy đủ mà vẫn bị kick why,0
Ông thầy như cái quần đùi,1
Tương lai đất nước là được thế hệ trẻ bây giờ nắm giữ bây giờ thể hệ trẻ không được giỏi thì lấy gì ??,0
"Sĩ nhục cơ thể ngta un ý. 
Bắt đọc theo câu ổng nói. Ý sĩ nhục rồi còn gì nưa? Vừa nhân phẩm, lẫn cơ thể. 
Nói ngta cắt ghép. Vậy nếu ổng không nói thì ai cắt với ghép được?",1
Thầy dạy đại học suewphạm làm vậy,1
Toang. Lại một người thầy về vườn,2
Ông này người có tri thức giảng dạy nhưng cái cách nói cư xử thì xúc phạm đến nhân phẩm của sv và không có đạo đức cái thứ ông này thì nên cho về vườn quốc cỏ là vừa.,1
Mái ton mưa to tai nghe cũng không nghe rõ nữa,1
"Thằng được gọi là ""thầy"" này mới là thằng không đủ giác quan thì phải",0
"Nghỉ thì nghỉ làm như ai củng muốn học vậy, biết có bao nhiêu cái trường để học cùng thì học lại có sao ;/",1
Og thay nay nghi day la vua r,1
"Có tri thức nhưng không có đạo đức thì vứt,đạo đức là nếp sống con người mà không có thì đừng lên mặt mà dạy người ta",1
thầy này phải nhờ chính quyền xử không được dạy nữa,0
Thầy giáo gì cư xử như người điên vậy,1
co tai ma không co duc thi vut,1
tui ma la hieu truong tui cho og do ngủm luôn,0
Có tài mà dell có đức,0
Kiểu này thầy loại này dạy lại lớp 1 gì chắc thời nhỏ không nghe cô nói đạo đức lúc lớp một.,1
Thật sự tay đôi ngoài đường mẹ không trượt phát nào.,0
Loại giảng viên này cho ra thùng rác ở,0
Thầy cằng,2
tông cô ông thây nay biên ra truong,1
"o _ o 
#",1
đúng là cái loại vô ý thức,0
"Nhắc lại một lần có gì đâu mà nói như vậy, vậy mà cũng làm thầy nữa",0
Cầm cây lên nhà trường đồi đuổi việc thầy như bà cô dây anh văn của mình nè,1
Ông thầy này chắc trược lớp đạo đức hoặc không có cty nào nhận mới vô trường này >:(,1
"Ổng tưởng ổng là thầy thì muốn nói cái gì thì nói  muốn làm cái gì thì làm 
Thầy giáo mà không có đức",2
Ông thầy mắc dạy,0
少,1
少,1
"Đã nói lên chữ THẦY mà lại bảo là:""mắc mớ gì tôi phải giảng lại cho cậu, mưa to thì lấy tai phone mà nghe"" nghe câu này tôi còn bức xúc chứ đừng nói anh kia!",0
Ko cần biết ông thầy mất ý thức,1
Thầy dô duyên thầy là học sinh tôi đuổi thầy,2
học đóng tiền chứ có phải học miễn phí đâu mà.nói kiểu đó,0
Xin info ông thầy,1
Thầy không,2
Thầy giáo không đao đức gì cả ông ta,0
Thầy giáo kiểu vậy bị đuổi khỏi trường cũng đáng,1
Thầy kì không học sinh kêu nhắc lại thì nhắc đi,2
29 thầy không nghe rõ thì không biết lấy tai phon mà nghe àk chứ mắc mớ gì thầy đuổi em,1
Giáo viên mà ăn nói chuyện như giang hồ con tôi mà gặp đúng Thầy này chẳng thà cho về quê cày ruộng còn hơn học những thứ ông đổ vào đầu con mình toàn những thứ cặn bã không,0
Thầy giáo có tài nhưng không có đức,2
"Hay là nhắc lại sợ mỏi mồm nên phê phán học sinh và đuổi khỏi lớp , thầy giáo gì mà bức xúc thế",0
Ngươi kì  dạ,1
Ngu ai biểu không đeo tai nghe chi,0
ơ.. Tội nghiệp sinh viên quá! Sao mà không thầy dạy kì quá??,0
Thầy gì mà bất lịch sự quá vậy,0
hazzz,1
Thầy kiểu này đáng bị ra lớp hơn,1
????,1
lưu manh đứng danh trí thức,1
Tri thức mà thua dân chợ,0
"Tôi học dở dang cũng vì loại giáo viên kiểu này , ngày 22 năm trước chưa có công nghệ lên tôi 15 tuổi lên chưa biết phản ánh",1
Có tài mà không có đức,0
Loại thầy giáo thiếu đạo đức nghề nghiệp cho nghỉ dạy đi.,0
Mẹ người thầy không biết đạo đức  tội anh quá,0
Thầy bà gì loại đó,0
"Có tri thức mà không có đạo đức thì nghỉ đi, dạy học chi rồi chửi học sinh. Cuối cùng là bị chửi, đáng đời. Có cần học lại lớp 1 cho có đạo đức không",1
Troi the thi day hoc cai gi theo Tao thi hoc Chong Tao ra khoi lop thay giao vo duc,1
"cha thay mat day; you are on fire mate , so rude. R U under stress Sir",1
"Ỷ có tri thức với nghĩa làm thầy nên muốn nói gì nói muốn làm gì làm hay gì 
Xin lỗi chứ tôi là anh sv n tôi sẽ không im như anh mà tôi sx lên tiếng cái gì chứ ngta đx nói rất lịch sự với tư cách là một sv chứ có nói với tư cách là ba má ông đou mà ông tứk như thế hả  anh ấy xin phép chứ đou có ra lệnh mà ông tỏ ra cái thái độ đó với anh sv ấy như v.
Lm thầy kiểu đó ai mà tôn trọng",0
Thay giáo nói chuyện không ra cai gì het noi nhu vay học sinh nào nể,1
Hay lắm bằng thích mua. Đầy tơ mà giờ lên mặt ta,1
Jay thoi ha...thay giao ma cu xu jay day ai...đao đức?,1
Tui mà có thầy giáo ntn tui chửi ổng luôn,0
Người thầy này là thầy hiệu trưởng cho khỏi dạy luôn thấy này mất đạo đất càng nghe thầy nói càng tức á thầy này khỏi dạy luôn á tức,0
Gv bgio có ng du côn như gh,1
Ko đủ tư cách dạy,1
Thầy vô duyên quá,0
Ông giáo ơi hay là ông tự dạy lại mình đi chứ mưa không nghe rõ đúng rồi  Như tôi là ông thì tôi kêu hết mưa học,0
Thay kt r,1
Thay bi dien a,1
Ko biết cả lớp có thấy bứt xúc không nhỉ nhìn thầy đuổi nam sinh này đi cả lớp lúc đó không biết như nào,1
Thầy giáo thiếu đạo  đức ai vo phúc mới  học  thấy  này,0
Cô tui giảng đi giảng lại 100 lần còn không shao,1
"Người thầy
 chưa có đạo đức",1
Thầy điếc mịa r,2
"thầy kêu không nghe sao thầy không tự gắn cái tai phone zô đi,tự mình vả mình",1
Ông thầy nầy phải đình chỉ 2 năm dạy,0
gặp mình thì mình nói lại rồi,1
thằng này bị làm sao ý,1
Thầy như vậy nghĩ mẹ đi học làm gì,1
Mấy ông chủ trương tào lao học trên lớp  ở trường chưa thấy gì học online được bao nhiêu thì không cho con tôi học thà cho ở lại lớp 1 năm đồ khủng,1
Pay màu thầy lum,2
"""Không hiểu thì phải hỏi, nghe rõ chưa ?""


""Dù em có hỏi tôi trăm ngàn lần thì tôi cũng sẽ trả lời hết""


""Sao em không vênh tai ra mà nghe khi tôi giảng ?!??!?""",1
Tuui có ở đó luôn đọc rổ to cũng bị kick,0
Thầy bị đuổi khỏi ngành chưa thầy,1
Ui Là trời em Mong Covi-19 qua mau để đi học học ONLINE CHÁN LẮM K NHIỀU CHUYỆN ĐC BUỒN GHÊ LUN Á,0
loại ng kì cuucj,1
gặp ông thầy nà tui muốn chuyển trường,1
Mừng là thầy mình ns là có gì không hiểu thì hỏi cứ thoải mái không như ôg thầy trong clip,2
Mệt,0
@kay-jz8nb  uk,1
Có tài mà không có đức,0
Ko có đạo đức thì làm giáo viên làm gì,2
Đóng cửa lại cho bớt ồn,0
Người Mang trí thức mà Như Vô học.,1
Cho mih xin nhe,1
Có ban nao co sdt thầy giao này kg,1
Tui sử cho nó khỏi day luôn đi thầy giao day ma kg có tam,1
Trong tình hình này Thầy phải giúp đỡ sinh viên để cùng vượt qua khó khăn,2
"Ủa rồi làm thầy chi ba 
Làm thầy hs không biết thì chỉ dạy. Đằng này hs không nghe được rồi thái độ hách dịch, trước khi làm thầy chắc chưa học GDCD đâu ha",2
Giảng lại thì có cái gì đâu,1
"thầy gì láo thế , vãi chuối",0
Dung roi thay chui qua dung gi đeo tập chung,1
"con tôi năm nay vào năm nhất ,vừa rồi học online ,môn cn ,em nó chưa biết nhiều về máy tính  ,thầy nói ,thầy hỏi rốn rập con không biết chảlời  ra sao thầy dí tai vào màn hình thấyvậy con sợ phát khóc ,nó bảo ngày hoc đại học đầu tiên mà con sợ đến bị ám ảnh",1
Ôg này dục mất lun đạo đức,0
Ko có đức là kẻ vô dụng,0
"Thầy cô như này giờ đầy, quen biết xin được làm giảng viên, nóng nảy, ham tiền, đạo đức chán không buồn nói.
Nhà trường mà bao biện cho những trường hợp này thì đang tiếp tay cho nó ngày càng trầm trọng hơn",1
Coi mà tức,0
má ông thầy mất dạyquas,0
Giảng óc viên bảo đó chỉ là 1 đoạn ngắn thôi nha. Nếu là nguyên cả tiết học thì nó còn sủa nhiều hơn nữa.,1
"Đó là thầy của ba mẹ nói, còn thầy thực sự nó khác",0
Đuổi cho ổng đi và Cho vitamin đạo đức,0
Giống thầy tôi rồi,1
thầy hiệu trưởng said: anh giỏi rồi khỏi dạy nữa về nhà ngủ đi ha,0
Đúng ông thầy hãm,0
Ông thầy thất cười quá,2
Xin vĩnh biệt cụ vào đồn,1
Thầy mà như vầy thì nghỉ dạy đi,0
Thầy giáo này phải cho đi ra đường đứng ngoài mưa để nó biết mưa to hay nhỏ rồi nó có nghe được hay không,0
Ông thầy matday,0
Đạo đức tri thức đâu ông thầy kia,1
Láo nháo thật. Bất công cho các em,2
"Thầy á,thầy dạy không được thì biến ra khỏi bộ giáo dục đi,cho người khác vô dạy",2
Tội  quá vậy đi,0
Người không có tri thức thì nghèo,1
Giọng ông rõ ràng vậy mà chưa chịu nhận lỗi.,1
Gặp Con hiệu trưởng nghe 1 phút 30 giây là ra khỏi trường cho về học lớp 1 lại khỏi học gì cả về phường với tôi,1
Ông nam sinh này có đeo tai nghe mà  trời mưa to quá thì làm sao mà quản được  ông thầy này vô lí vl  sau đó còn xúc phạm người ta này nọ,0
Ủa gì vậy học sinh nói giản bài nghe không rõ cái chừng học sinh nói tên ra rồi có lỗ tai cái ổng nói nghe không rõ thú vị thú vị,1
Hết dịch ông học sinh kia kiểu,1
Như vậy là rõ rồi cho nghỉ luôn đi thầy gì mà không chịu nhắc lại học Sinh không nghe rõ mà,0
Bố láo vừa thôi,1
Bị cắt bớt đoạn trc gì đó mình không ns nhưng cách thầy nè ns trong đoạn clip đăng tải đây là đã không xứng với đạo đức nghề nghiệp rồi.,0
Quá đúng,0
"Hs vô tội, giáo viên vô số tội hc online là mạng chặc ổn định, tôi cũng v
Bật mic chậm do mạng lag cô toán cho thẳng ""0 ĐIỂM"" TvT
Mới vô hc mak v r",0
Học online đã áp lực rồi mà thầy giáo như vậy,0
Thầy này kì vậy,1
Nhìn mà tức,0
"Thông minh, tài giỏi mà không có ĐẠO ĐỨC thì cũng là đồ bỏ đi tui không muốn nói nặng lời nhưng cô tôi đã nói như vậy tôi luôn ghi nhớ dù là thầy cô dạy giỏi mà không có đ đ thì biết rồi đó",0
Giáo viên đấy có tri thức có   học mà như vô học,1
"Đạo đức vứt đâu rồi, lượm về đi!",0
ÔNG THẦY VÔ ĐẠO ĐỨC,1
ÔNG THẦY VÔ TRÁCH NGHIỆM,1
U là trời lớp tui trời mưa không nghe rõ thầy dạy tụi tui cho nghỉ sớm lun nè tiết sau học bù,0
Tôi mà là hiệu trưởng thì tui đuổi thẳng thấy giáo lun ;^,0
Hs kg nghe được thay giang duoi ra khoi lop ..con hs nao noi ma thay kg nghe cung ra khỏi lớp ồ ngồ ngộ nghe..có khi nào ông thầy này mất dạy luôn kg ta.,0
Ơ kìa thầy dạy kiểu gi thế,0
Cả cái đạo đức nghề nghiệp còn không có thì dạy ng khác cái gì,1
Ổng ác mà còn làm gv,1
thay giao day chac duoi viec di qua,1
"Thầy thì phải có 3 đức tính: Nhân phẩm, tri thức, đạo đức. Còn cái thể loại thầy như người này thì không xứng đáng làm thầy nữa, nên từ chức đi là vừa",1
Thật Bố Láo,1
Thầy giáo mất dạy quá đỉnh luôn,0
Cô em còn đồng ý giảng lại thật là không cần làm thầy giáo,2
Mới nhắt mưa là mưa liền,0
Thầy giáo là cái người nói,2
Th như ông nội ngt v,0
Có tài mà không có đức thì vô dụng,1
BỐ LÁO,1
Ủa lần đầu thấy sv đi dạy học sinh luôn ấy,1
vc ngta dell nghe rõ thì kêu ngta học xong xem lại bản ghi,1
"Giảng viên thiếu Mô Phạm . Ngành giáo dục mà như vậy  , trách gì mà Xã Hội nhiều côn đồ .",0
Thế là bị cả lớp ném đá rồi,0
Ông thầy  troi  đánh,1
Thầy xàm,2
50% không hợp lí 50% hợp lí,1
thầy gì đâu mà la hoc sinh đến nổi như vậy hả tui mà là hiệu trưởng la tui cho ông nghỉ việc,0
Tri thức thì có nhưng dell có cái đạo đức luôn á,1
Thay nhu cai quan que nguoi day do,0
Mất dạy,0
Học sinh kìa nói mình tên gì đó ông thầy không nghe thì ra đi cũng nói học sinh mà,1
Im mồm,0
Cỡ tui tui đập bể mồm ông thầy mất dạy đó,0
Đuổi việc thầy luôn đi,1
"Ủa rồi học sinh có hoàn cảnh khó khăn, mỗi cái điện thoại thôi đã là trở ngại lớn, lấy đâu ra tai phone cho thầy?! Thầy chẳng biết thông cảm mà còn chửi bới. Thầy thật không có sự tôn trọng người khác.",0
Đạo đức tự kick ổng ra khỏi trường,1
Với lại không phải gia đình nào cũng xài wf chỉ Sài 3g thôi ... nên bị yếu sống không nge được rõ đâu,0
Thầy ơi nhà thiết mưa ổn ao lắm không nghe được đâu thầy tại thầy ở nhà lầu không nghe cho học trò nhà nghèo ở nhà thiết mưa không nghe được,0
Năm nay 27 tuổi rồi mà chưa từng gặp các trường hợp nào,1
"Phải là thầy dạy tôi chắc tôi nói lại quá,quá đáng vl",0
Ông thầy đáng ghét,0
ổng cũng không mở camera với nói còn bị dập kìa,1
đúng là,0
U là trời thầy gì kì vậy cho nhà trường đuổi thẳng luôn đi chứ dạy online kiểu này thà nghỉ còn hơn học,0
Đúng người tri thức chắc gì đã có đạo đức,0
"Ông thầy này ""chắc là rất giỏi mônGDCD đây""",0
Ông thầy này làm sợ quá cơ chửi phát cho đỡ sợ,0
"Có cần khó vậy không thầy ,thầy mới cãi nhau với vợ à",2
Thầy hiệu trưởng: thầy này chỉ còn cái nịt thôi,1
Ông đó làm biến dạy rồi kích chứ có gì âu,0
dung la ong thay mat day,1
Thầy bị ảo thật đấy,0
Thầy Phạm phải 10 đều cấm rồi,0
Quá đáng,0
Đuổi là đuổi thế nào,0
"sinh viên nói: thầy đuổi em, em méc má",2
Ông thây không có ý thức nhà trường nên đuổi giáo viên đó đi,1
"Thầy này sao dậy học sinh được , nếu học sinh không hiểu cũng không dám nói mai mốt thi trượt rồi nói con người ta học dở .",1
Đúng là không có đức,0
"Đuổi ông này đi nhớ tặng cho ông thầy này thêm cái bằng đạo đức cho ổng về học lại đạo đức rồi cho dạy tiếp, Sinh viên bị tử kỉ là ông xong rồi đó, cái loại như ông thì sống làm gì nữa kết thúc cuộc đời đi trên đời này không có loại người như ông",0
làm giáo viên mà không có đạo đức,0
Ông thầy thiểu năng,0
"Ông này phải cho đi học lại tri thức mà không có đạo đức thì đừng dạy nữa ,người lớn mà nói như thế là chết rồi",0
tuy chỉ là lời nói nhưng nó gây tổn thương rất nhiều cho hs . ông thầy thi chang  thông cảm  cho hs cu ngoi  day sua,2
Thầy nói giọng như giang hồ,2
Thầy tuy có chữ nghĩa mà không có đạo đức vô đạo đức thì bỏ đi chỉ vây bẩn cho xh,1
Bằng chứng này đã làm lộ bản chất thật của giáo viên,1
Ok,1
Thầy có trí thức thật Nhưng Đạo Đức thì không có,1
Thầy kiểu gì,0
Tẩy chay ông này là dừa,0
Mất dậy,1
mình cười ra nước mắt lun bạn ơi,0
tưởng thế nhưng không phải thế,1
Giáo viên có nhìu loại,2
Ko nên vì một người không ra gì mà đánh giá đám đông,0
ông thầy quá đáng lắm,0
Nên làm vườn Di,0
Đăng lên Facebook ông thầy nổi khắp Facebook,1
Thay gi ma du day,1
Cái thằng bị đuổi đó mà là con tui thì thầy thầy xác định thầy ngồi xe lăn luôn,0
Học on thấy toàn chơi gem,1
làm xấu mặt nhà giáo quá trơi luôn á,0
Ông thầy lèm dị cũng khg tránh khỏi luậ hoa quả đâu,1
"Ông thầy buồn cười thật ? Sinh viên kêu giảng lại vì lý do trời mưa là do tự nhiên mà có , chứ có phải lúc đéo nào muốn tạnh là được đâu? Vấn đề là tai phone bị hỏng thì sao? Lại bắt đi mua rồi vào nghe tiếp à ? Ông thấy có vấn đề",0
Mưa to nghe không rõ thì có cần đuổi dzậy không tr,1
Sv còn hiền không giám cãi... ngoài đường đi ông thầy chắc còn răng húp cháo,1
Tới ổng người ta nói to thế mà không nghe. K biết giác quan thầy thế nào,0
Thầy kìch học sinh ra khỏi lớp thì bộ giáo dục kích thầy ra khỏi ngành là quá là đúng rồi,0
Cái đức bằng 10 cái tài lận ....,1
Mẹ GV như thế tao tìm được thì xác định,1
bat nat hoc  sinh vua thoi tuong la thay la co ma bat nat hoc sinh:yougotthis:,1
hình như hôm nay bệnh viện tâm thần thiếu 1 người thì phải :],0
cip hay ghê ông  này vô diên và vô văn hóa,1
29 không biết thầy có sao không chứ tôi nghe thấy mà,1
Ác quá,0
"Vậy có chả tiền lại cho người ta buổi học đó không,... vậy nênh đuổi luôn và liền ông tàu lao đó cho song ..con sâu làm sầu nuồi canh...",0
"Thầy giáo: đuổi nam sinh kia ra khỏi lớp
Thầy hiệu trưởng: bây h tui sẽ đuổi việc anh vì anh đuổi học sinh trong lúc dạy học.
Ông thầy kia: anh bạn à...",2
Gặp t là sv là ổng tới công chuyện với t liền,0
Ông thầy này đạo đức bỏ thùng rác rồi,1
thầy kiểu này thì vứt,1
Đuổi ông thầy này ra khỏi trường luôn,1
thầy như thế đuổi thẳng cổ,1
Thầy sạo chớ mà,0
tức ông thầy,0
Nhà thằng thầy nầy ở đâu mà do học thức vậy chúng mày day ăn tiền cho day không dâu mà mất dạy vậy,0
29 thầy không nghe gì cả là không giống ng bình thường r,1
Sao cả lớp không đuổi thằng thầy này cho sớm,1
Mịa nó con tôi cũng gặp tình trạng tương tự.vì sét nên tôi sợ lăm khi mưa to còn gắn tai phon,0
Học sinh thì nói lễ phép còn ôg thầy như đùi bầu,1
Thầy vô duyên quá trời quá đất luôn,0
Cho mấy ông đó đi chăn bò đi do mất dạy,0
"Bác Hồ dạy rồi
Có tài mà không có đức mãi là kẻ vô dụng",0
ngày xưa học không có tiện nghi gì cả cũng được làm quan làm tướng.bây giờ học cho cố vô cũng là thằng làm mướn,0
Tao mà gặp cái thằng thầy đó  là nó sát định với tao,0
"Coi chi duoc 1 phut, tui bam dung. Tui không muon mat thoi gian va buc tuc vi may thang da ca, lan dua, an noi mat day ma moi nguoi keu bang thay nay. Da la thay, la phai truyen dat cho hoc sinh tat ca nhung kien thuc, dao duc va nhung dieu hay le phai moi dung. Thang thay nay thi nguoc lai, chac mua bang va hoi lo moi duoc day. Uong 1 phut cua tui qua......",1
Hiệu trưởng trường tụi mình là nữ nha .,1
"Bít là có hiệu trưởng nữ, nhưng bạn í nói ví dụ mak",1
"Tyler Pham hiệu trưởng của mình là nam hoặc nữ gì đó,chắc có nhiều thầy cô hiểu trưởng lắm!!!",0
R đéo hiểu sao ổng làm được thầy giáo hay ghê luôn ák,0
"Xin lõi cái là được dại tiếp chứ ji ...ba việc này quá ven ,",0
Thầy giáo gì kì ghê,0
( giác quan đầy đủ.)  Đạo đức nghề nghiệp thì không . Ngành giáo dục càng ngày càng tệ,1
Em còn sách giáo dục công dân này,1
Chắc thầy bị ngáo,0
"Trước khi Ngành Nghề  NHÀ Giáo, Mong học Làm NGƯỜI ………!… MONG HỌC LÀM NGƯỜI …!",1
Thầy giáo nói chuyện không có tri thức chút xíu nào gọi là thầy giáo,1
Giáo viên có mắt mui tai miệng mà lại bị khuyết tật.,0
Ông thầy thật là mát dạy hihi {•v•},0
Thầy 4.0 nói một lần thôi ha không có dạy lại đâu ha.,0
"Thầy mất đạo đức,không đáng làm giáo viên,nghỉ luôn ik",2
Thầy giáo bị payy acc zoom và bị hiệu trưởng nói a bị đi ra khỏi trường  thầy giáo khốn nạn,0
Bố lão,1
Xem full chx mà nói thế ?,0
Ủa trời mưa thì dùng tai nghe cũng đâu có nghe rõ đâu,1
Tao xem mà tao bực mình á,0
Hoc sinh ma không nghe duoc la co the nhac lai ma co gì dau ma ma dau phai cu mang  không sinh ma lai co hieu truong ma nghe duoc a chet voi ong bo lao no quen,1
Thầy làm vậy là chết bọn em rồiiiii,2
dung la ong thay khon nan  tui ma la hieu truong la da duoi viec ong rui,1
Mấy thành không muốn học thì làm theo như vậy,0
Thay nay hoc cao wa nen nghi minh  gioi,1
Thầy kiểu gì vậy trời,0
Má Ông Mất Dạy,0
giảng viên cũng nhiều tuổi chứ ít gì đâu mà đọa đức để đâu 7 / 10 xem lại,0
éo tin,1
Từ nay a không cần dạy nữa,0
"Vâng 1 ông thầy tuyệt vời! Trời ơi hs trả lời nhẹ nhàng, tình cảm z ó mà ổng đuổi ra, đi hc lại không bình thường thì bảo không nghe giảng bài, quái lạ",2
thầy gì mà vô lý,0
có kiens thức mà không có đạo đức thì cũng như không,1
"phải thông cảm cho Học sinh chứ 

thầy giáo gì mà làm như vậy",0
"Đuổi đi .T nghe bấy nhiêu  là  ức  rồi. 
ở đó mà 1 phần.",0
Gặp ông thầy này ở ngoài thì tơi bời rồi kaka,1
Tui nghe tiếng mưa rất to,0
Nếu có giải ai là người thầy khó tính nhất thì giải này phải trao cho ông thầy này,1
Thầy gì mà như vậy thua dân thất học....,0
"Chắc ông này chưa nghe câu
""1 CHỮ TÂM BẰNG 3 CHỮ TÀI""",0
tui de nghi duoi ong di khoi truong di,0
Kiểu đó tao là hiệu trưởng thì tao cho đi hót,0
Có Thầy giáo kiểu này thôi thà nghỉ còn hơn,0
Xàm sinh viên không nghe gõ không giảng lại og thầy xàm,2
Ông thầy dạy học kiểu gì ý,0
Ổng đuổi còn hơn khỏi học chi cho mệt,0
Hèn gì nó ghét nó không vào học mà nó phá,0
Thầy giáo. Sao giống xã hôi đen vậy,1
Ong do khung,0
Thầy giáo không có đạo đức thì làm thầy giáo để làm gì,1
hừ,1
Trường em mưa to cho nghĩ luôn :-),1
mắc dạy,0
Thầy này mua bằng chắc luôn,1
Trời ơi tr koi mà tức á ô thầy á trời,0
ông thầy xàm,0
Thế thì dạy làm gì đây chời,1
ông tưởng ông là thầy mà thính là gì thì làm à,1
Thầy quái vật !!!!,2
Hahaha không có đạo đức thì đi ngủ đi,1
"Hỏi ổng không có SV để dạy thì có lương không?
Tất nhiên là còn cái NịT nhá",1
Xử lý thầy giáo này ngay,0
Thời đại bây giờ người tài nhiều mà cái đạo đức con người thì ít đáng buồn,0
Người không có đạo đức không nên tồn tại trên trái đất này,1
Ơi,1
️️,1
Tin 3 phút mà video 4 phút,0
"Mất dạy quá sức,, ngta không nghe thì đuổi,, đến lúc kêu ngta giới thiệu,, ổng cũng không nghe,, cũng bị đuổi. Thứ gì chứ thầy gì tr,,",0
"Những lời đó được thốt ra từ lời của 1 người thầy đó hả,, nghề nhà giáo mang kiến thức đến cho học sinh mà nhân loại thường đề cao là nghề thiêng liêng đây sao. Kiểu ông này mà dạy dổ được ai,,",0
Cái loai giång viên nói chuyên nhu thê này thì đáng đê sinh viên tăng vài cái đâm moi vua,1
Giảng điên chứ giảng viên gì,1
Thầy chơi chứ thầy dạy gì...ăn lương mà làm như ăn chạy vậy.,1
Xin lỗi nếu là em em có quay lại và rồi viết đơn xin học kì sao học lại môn với giáo viên khác tuyệt đối không hợp tác như vậy,1
"á à ông thầy này láo thật , mình mà là cái anh này chắc mình đếch thèm học lớp này luôn quá",0
thằng thầy này nc láo quá ta,0
Mạng lag nó đá ra khỏi lớp bảo thiếu tôn trọng trong khi giảng đéo nghe ccj,1
"trường t không hiểu thj hỏi ,càng hỏi nh thj càng được thầy cô quý(không hỏi á)",1
"Ủa thầy giáo thỉu năg hay gì,lần sao nói chuyện lại nha không bóp cổ â",1
Lên kiện thầy giáo. Ko nghe được trời mưa là đúng. Mưa to thì giảng lại mất có vài phút chứ có sao,0
"Sidmdkls
Ks",1
Thầy giáo gì mà kì vậy đề nghị nhà trường kiểm điểm người thầy,1
Ông này kiểu meme,0
Ông thầy gì kì vậy,1
Nghe cứ như bọn tư bản,1
Ông thầy không có đạo đức,1
Hc nhiều mà không có đạo Đức thì cũng vứt,1
"Có tri thức 
Nhưng đầu óc chứa shit",1
Phải tối tôi chửi cmn luôn cần gì nó đuổi tôi cũng tự out,0
"Thầy gì mất dạy , loại này gặp tôi hợp nè , dạy học chi vậy , dù trong clip có cắt bớt nhưng cách ứng xử của một người thầy như vậy rất hợp với tôi , không hợp với mấy e sinh viên đâu thầy",2
Thầy giáo gì kì vậy,2
"Giống em ghê,trời mưa nên có vài bạn nghe không rõ nhưng cô lại cho đợi khi nào đỡ mưa thì học tiếp",0
không có đạo đức,1
Ông thầy này phải đưa ổng vô rừng sống,0
.,1
Học sinh kiểu thầy không dạy em cũng đéo cần,0
"Nếu mà toyy có trong cái gr học online đó là toyy vô chửi thẳng cổ luôn️ Giáo viên gì mà dậy học sinh kỉu đó ️Ulatr,Mưa to thì Mưa to sinh viên không nghe rõ thì mình giảng lại ️ Mắt mớ gì mà đi kick sinh viên cơ chứ ️Toyyy mà là học sinh của ông thầy đó là toyy out phòng luôn khỏi học ️Ulatr️Toyy mong ông thầy bị đuổi việc sớm luôn á️ người gì đâu mà kì cục vậy ️Sức chịu đựng của con người có giới hạn chứ️Tuy là toyy 2k2 nhỏ hơn ông thầy này toyy xem lúc đầu thì không thấy gì là lạ ️Coi tới khúc sau toyy thấy ông thầy matday lắm luôn á️Toyy mà gặp ổng là toyy kiện ️Đúng là cái thứ không có văn hóa văn minh️ Mình là Thầy mà phải thương yêu học sinh️ Còn về giảng bài ai không nghe thì giảng lại ️ Lớp toyy lúc trước có nhiều bạn hoàn cảnh nghèo khó không có mấy để học online ️Mà giờ có mấy thì cũng mạng lag không nghe được gì ️Ông nghĩ coi hoàn cảnh ba mẹ ông có giống vậy không️ Mình là người mà ️ Mình có Tri Thức mà mình không có ""Đạo Đức"" thì ch.ết đi️Toyy chưa bao giờ chửi người ta tới cái mứa ch.ết như thế này ️Nếu mà trên đời này có người không có tri thức mà lại có đạo đức thì mọi người mới tôn trong họ ️ Còn ông thì bị sỉ nhục, thật nghiệp ️ Rồi ông coi lúc đó hoàn cảnh nó ra sao️ Nếu ông thấy video này ️ Thấy luôn cái bình luận này thì mong ông học lại cách đạo đức đi️Ualtr toyy phải sửa lại nè️ Nói lắp bắp thì người ta mạng lag,không nhớ ️Tự nhên cái kick hay vậy làm thầy gì đâu mà..️",0
í thức đelll bằng một cục kít trôi trên sông,1
Một pha nghịch ngu không hề nhẹ của ông thầy,0
sinh viên này yêu cầu thầy giảng lại vời lời lẽ rất lịch sự và thành khẩn mà sao thầy lại xử sự rất ư là vô đạo đức thế nhỉ? Thật đáng buồn!!!,0
Thời nay dạy con người là phải kiếm thật nhiều tiền còn đạo đức truyền thống của tổ tiên thì không dạy bởi thế cái thiên tai trên Trái Đất này cứ mãi xảy ra hoài,0
Đung la thoi buoi 4.0 càng hoc nhieu cang mat day. Thay giao bay gio chu không phai thay giao hoi xua,1
Tui mà học với ông thầy này tui thứa tui chuyển trường khác luôn,0
Thay cung nghi day luon đi,1
Nghe như phím hài,1
Thằng bố láo mà dậy học sinh vậy à,1
Thay ghet thay ma tuong la cha cua minh ha gi do thay không co dao duc su thay mat dai,1
Thây giáo nhu thê thi hoc sinh nào mà hoc duoc,0
??? Người thầy chẩu vãi,2
"Ông thầy có tài không có đức tốt nhất nên đuổi việc dùm cái, thứ không có giáo dục vậy mà đi dạy người ta hay á",1
mọe ổng ỷ làm lớn ý mà muốn làm gì làm,0
Tại sao thầy giảng mỏi cơ hàm mà sv không nghe nhưng mà chửi mắng đe dọa sv lại không thấy mỏi hàm mỏi miệng vậy,1
Hic. Học sinh hoàng đó... Tội,0
"Ông thầy này bị gì ấy
Nghe không rõ thì phải giảng lại chứ sao lại đuổi người khác ra khỏi phòng học",0
mé tao mà tiềm nhà nó tao cằm dao luôn,0
Thấy gì đâu mà vô n,0
thầy vô đạo đức,1
"Tất cả bình thường ,ông thầy không bình thường",0
Chỉ giảng lại thôi mà vậy,0
Ông thầy tào lao,0
Không nên tồn tại những giáo viên kiểu này không thể chấp nhận được,0
Lỡ anh sinh viên không có tai phone sao ?,1
Làm thầy giáo kiểu gì v hả,1
Ng co tri thuc chac gi co dao ly,1
Câu truyện cảm động thầy giáo cho em học xin nghỉ học do trời mưa,2
"Ông này có tài nà không có đức,trời mưa không nghe thì phải giảng lại chứ,ông thử đặt trường hợp đi",0
nguoi co tri thuoc chac gi dao duc da co,1
Như vầy gọi là thầy giáo sao,1
Bác Hồ đã nói : người có tài mà không có      đức thì cũng vô dụng,1
Ông thầy mất dại anh em thấy tôi nói đúng không,0
Thầy này dạy cho bọn giăng hồ thì đúng hơn,2
:<,1
tưởng thế là ngầu,0
Amezinhgútchóp,1
Thầy không có đạo đức,2
CHẮC CÓ THẦY NÀY MÌNH LÊN TẬN NHÀ THẦY KÍ CÁI ĐẦU THẤY QUÁ,1
Bg toàn là thầy giáo mất dạy,0
được ban oi,1
T nhìn mà t tức á,0
Xã thải đi làm thầy mà ứng sữ dỡ quá,0
Thế là toang ông thầy xin vĩnh biệt  thầyಡ ͜ ʖ ಡ,0
ông này làm giáo viên như két éo cs đạo đức gì cả.làm ng như cái gì luôn,0
POV : học onl be like,1
Dù ông thầy có trí thức như éo có đạo đức!!đúng là 1 người thầy tồi tệ,0
""" Mô phẹt con "" chx bao h gặp trường hợp nào như trường hợp này.
Làm ăn kiểu này chết ta r",0
Xin phép gặp thằng thầy giáo này để quan hệ thể xác với vợ nó,0
Thầy hồi đó trốn môn Đạo Đức ( GDCD) đi tán gái,1
thầy này hồi đi học nghỉ nhiều nên bỏ tiết đạo đức,1
Thầy coa trí thức mà vậy gia đình giấu mặt,1
Có trí thức mà không có đạo đức đòi dạy ai,0
Tui mà là làm giáo viên lớp đó có ai không nghe thì tôi cũng giảng lại mà ông ác ghê,0
Ngta nói chuyện nhẹ nhàng mà nói chuyện với ngta như cha vậy,1
Nên sa thải thầy này .,0
tuy cắt bớt nhưng những lời ông thầy này nói là thật có giả đâu.,0
Làm thầy kiểu đó thì nghĩ đi,1
Ông thầy dữ quá,2
Có học cao mà không có học đức thì dở rồi,1
vãi trưởng ??????????????,0
"tôi là Ng Văn A gì đó có đủ miệng tai và giác quan như ng bình thường?????
chẳng hiểu ông thầy nghĩ gì",1
Đuổi thầy ra khỏi trường rồi tặng luôn quyển đạo đức lớp 1,1
Cung phải cho học sinh một co ho chu,0
"Cho thằng thầy đó nghĩ đi là vừa, loại đó không xứng  đáng để dạy học cho học sinh ,không có tư cách để gọi là thầy, dạy ăn lương làm như là dạy chùa.học sinh không hiểu thì trách nhiệm là thầy phải giản lại, học sinh không ge rõ thì giản lại, hay là dạy qua loa ai không hiểu thì kệ trách nhiệm thầy đâu ,hây chỉ biết tới tháng lụm tiền",2
ông thầy này chả có đạo dúuc gì cả,0
cai loai vo van hoa,1
"tôi mà là ba của ông thầy đó,tôi nghe được,tôi đấy cho mấy phác",0
Không sứng đáng làm thầy giáo,2
"Thấy HS không nghe giảng
Giáo viên : rác rưởi chìm xuống dưới
Học sinh : cặn bã nổi lên trên",1
Mình nghĩ sinh viên nên dời nhà đến khu vực không có mưa thì hơn. Kiến nghị: sa mạc,2
Đại học sư phạm đó,1
Tội anh đó,0
"thấy gì kỳ vậy, tui bực quá",0
"Th do không xung dang keu bang thay , loai ng do bo giao duc phai duoi thag th do",1
má vậy cũng làm thầy giáo nữa,2
tôi ghét học,1
Ông thầy bị thần kinh,0
"Mat dậy  niêu một lần nhu vậy thì nhất học xinh, chứ Ai làm vậy  ,Day lấy tiền ma  ,ma như  day hoc luong ha",1
thầy thế này là không được. người có tri thức thế này là không được,0
Cái loại giáo viên này cho vào squid làm nhân vật phụ đi cho nó lành,0
Sẽ ảnh hưởng đến tâm lý học sinh rất là cao. Thầy giáo làm như vậy là không đúng,0
Ông Láo,0
Ong thay không co dao duc,1
Lưu manh giả danh trí thức.,1
Kì dậy trời thầy giáo mà đạo đức kì dậy,2
blackvines,1
Thông cảm cho thầy! Chắc bị áp lực mùa cô vi,0
Thầy mời em nó ra khỏi lớp tôi mời thầy ra khỏi trường ha hiệu trưởng siad,1
Ông là một thầy giáo mà ông không làm tròn một thầy giáo thì tui nghỉ ông nên nghỉ cho đẹp trời mình là thầy giáo chứ không phải thầy chửi,0
Nhìu lúc cũng bị oan lắm,0
Cho nghĩ mẹ cho rồi day gì nữa,0
Có tri thức nhưng không có đạo đức,1
Ông giáo này mới dap đá á,0
Đeo hiểu nổi ngah giáo dục,1
ổng này bố láo thật,1
Má xàm lông thật chớ. Pó tay thầy đời,0
"Add lại nhưng kick ra cũng sai, thầy như vậy đuổi đi cho r",1
Có tài mà không có đức là kẻ vô dụng,0
Dậy không được thì nghỉ dậy luôn đi bỏ nghề đi,1
Ông thầy bị khùng hả mn,0
Mắc ối áp lực lôi học sinh ra sĩ nhục à chửi lên đầu ngta không,1
@phuongduong6428  Bình luận vui mà icon hơi sai sai,1
hình như các ông đi hơi xa rồi quay xe lại đi tui thấy thường mà chứ việc học sinh lươn lẹo giáo viên sao không đề cập biết sao được học sinh nghiêm túc thì ít mà quậy thì nhiều,1
Gặp tao quạo chất chửi ông thầy lun làm thầy đâu phải làm ông nội đâu mưa nge không rõ đuổi đầu bùi nge không rõ cũng đuổi,0
"Tôi không dám nói tất cả. Chỉ một số thôi là chữ tâm thường gắn liền với tiền. Mình đang là sinh viên Văn Lang K26. Phải nói là thầy cô rất nhiệt tình. Lúc dạy cứ hỏi thoải mái, Nhất là khi phải học online, việc giảng viên giảng lại  thì càng khiến sinh viên hiểu bài hơn. Có ai bắt giảng lại cả 1 buổi học đâu mà ông thầy trong video khó tính như v. Hiệu quả của 1 buổi học đó là chất lượng chứ không phải là số lượng.",0
Thâi giao cho đe,1
Thầy mua Bằng cấp là vậy đó,0
Thầy giáo giảng bài cho học sinh mà t cứ tưởng là con gì đang sủa,2
thầy giáo chắc gì có đạo đức .Qúa stupid,2
đủi luôn đi giáo viên gì kì z,0
NGƯỜI GÌ MÀ KO CÓ ĐẠO ĐỨC,0
Ông thầy có tri thức mà éo có đạo đức,1
"Dù có cắt bớt hay kg thì chỉ nghe giọng thằng thầy nói nhiu đó đã đủ biết là người thế nào, thầy gì thứ này",1
ông thầy zô zuyên,0
"Đúng là ông thầy quá đáng ,thông minh nhưng mà đạo đức không có , :(((",0
Em chỉ bị kich ra vì không chịu bật camera thui,1
Chán thiệt học sinh không hiểu thì dạy lợi chứ ý thức thầy vậy mong hiệu trưởng xử lí chứ vậy là không chấp nhận được.neu sự thật là vậy thì hiệu trưởng nên điều tra để sinh viên học được tốt hơn,2
không tin,1
Ông thầy đó cho về hươu sớm là một vinh dự đó chứ mà tui mà học kiểu đó tui lên tui kiện ông thầy cho thế giới luôn đó,0
thầy giáo mất ý thức,2
Thầy giáo kiểu:mé muốn làm lại cuộc đời bằng cách chỉ cần 5 phút giảng lại là còn công ăn việc làm với không lên status rồi =‘)),0
Người thầy thì phải có đạo đức chứ cái ông này mất đạo đức rồi dạy học làm gì nữa ông thầy về học đạo đức đi rồi đi dạy,0
Dạo này toàn mưa mà headphone lại hư lên lúc học onl là kiểu nhìn hình bắt chữ lun :>,0
Là thầy giáo mà không có tri thức không có văn hóa mà cũng dạy được,0
"Thầy không có tri thức,đạo đức",1
không cần mưa to không hiểu cũng hỏi thui,1
"Đây được gọi là đạo đức giả,  A mà là phụ huynh của cháu thì thầy sắc định đi nha thầy",1
Vô lí,1
Thầy ơi thầy còn cái nịt nhá,2
thay loll,1
Thầy kiểu này thì toang,1
"Lời nói chẳng  mất tiền mua mà...
Nới thật nha đạo đức là do có sẵn trong mỗi con người chứ không phải có ăn học là có đạo đức đâu nhé!  Người nào trong máu mà không đủ đạo đức  khi họ được học cao thì họ lại cao ngạo khinh khi người nghèo, yếu.",1
Ông thầy không có đạo Đức,1
Mik tưởng là mỗi thầy cô day là quay về quá trình dạy học sinh ra sao rồi đưa video đấy cho giáo viên chủ nhiệm nhỉ,2
Được trả tiền mà dạy như thế,0
Bức xúc quá :(,0
Gặp tui chắc tui g.i.ế.t chớt ông thầy quá,0
Có tài mà không có đức cũng như vứt đi,0
thầy mất dạy,2
Trời ơi ôg thầy này có đạo đức hay không vậy làm giáo viên kiểu gì vậy làm vậy thà khỏi làm giáo viên đi,2
Đi ngủ thôi,0
2:28 nghe mà mn,0
Hão thầy,2
Hảo thầy,2
có ai là SV lúc đó đg học mà xem video này hog? hahaha,0
xúc fam sv,0
Có phải thầy giáo không chời,2
gặp tui là tui chữ ông thầy luôn chứ không có nhịn ổng đâu,0
Cai ong thay nay la nguoi co tri thuc chu không co cai dao duc lam vi tien chu không phai dam me,1
"Kiểu này cho ông ta đi về quê nhà là vừa ik chứ dạy kiểu này thì đố học sinh nào mà hiểu được cái ông thầy, đồ vô lương tâm",0
đa số tui thấy mấy og thầy hồi đó tui học cũng như vậy rồi đánh học sinh luôn hên lúc đó không có vật gây nguy hiểm không thôi chết rồi,0
Nghĩ di day làm gì,1
Gặp tau  chắc tau lấy cái đầu ỗng,1
"thầy giáo : toang

học sinh 1 : một phen hú hồn con chồn còn nguyên

học sinh 2 : ????

học sinh khác : á đù ảo thật đấy",2
Hmmm nếu là em thì em sẽ giải thích thêm 1 lầm nx rồi nếu không được thì em xẽ cãi lại và vâng vâng và mây mây....,1
Đuổi ra rồi cho zô lại hết cả tinh thần để hc :((,0
gv như gì á,1
"Đúng ngày hôm sau:
Thầy hiệu trưởng: Anh bị đuổi việc vì không có đạo đức trong việc dạy học sinh. Tôi sẽ bảo người khác có đạo đức dạy, chứ không cần cái loại vô đạo đức như anh.
Thầy giáo: *Ra về trong sự hối hận.",0
VL,1
Vãi thầy dữ rồi lại hiền lại,2
í tui từng học ở trung tâm tiếng anh đối diện trường đại học này nek,1
tron luon hoc di,1
Hổm em cũng vậy mưa to mà thấy cũng giảng lại,1
"Người có tri thức mà không có đạo đức thì cũng vô dụng, như không",1
EM HỌC NOELINE TRỜI MƯA MÀ CÔ KO KICK,0
ủa thầy gì kì vậy,1
Đó là lí do tại sao các anh em viết chậm mà viết không kịp không anh em nào dám hỏi thầy cô.,1
Cho thầy ra khỏi trường,1
Đã làm GV  mà còn như thế nghỉ luôn cho rồi  bị nhục đấy,0
Làm u nhục nghề giáo viên,2
Nếu là em là em nói : ông nghỉ gì mà đuổi tui hả ông là gì mà đuổi tui ông éo phải bố tui đừng hồng mà đuổi,0
Em mà gặp ổng chửi chết mẹ ổng lun,0
"vãi cả thầy yangho,thầy không có đạo đức thì hơn",2
Ko có đạo đức đừng đi dạy học.Đừng có làm xấu mặt giáo viên,1
Thâỳ gì không có đạo đức hả,1
oooo,1
cái ông thầy vô duyên,1
Thầy hiệu trưởng said:A không xứng đáng là một người thầy dạy cho hs,2
Thầy  dạy  quá  180p và  cái  kết,1
"Con người kiểu đó phải đuổi đi 
Cho ông ta biết con người không có đạo đức",0
Cho ông này chơi trò chơi con mực luôn.,0
Đúng quá chuẩn luôn,0
Quá xúc phạm SV còn bắt học sinh nói tên và đủ mắt tai và mũi như ng BT thế chắc ông coi học sinh không phải ng BT,0
Gặp kiểu này tui nghỉ học lun ở nhà cho sướng,0
Nhà giáo mà nhân cách như vô giáo dục vậy,0
Ông thầy mất dạy thế,0
"Tước bằng dạy của ông thầy này 2 năm đi để cho ông ấy 1 bài học nhớ đời. Xem mà thấy bức xúc quá, không thể chấp nhận loại ông thầy khốn nạn như thế được.",0
Đề nghị thầy nên học lại cách cư xử của mình lại thấy quá đáng,2
Trg nào vậy mọi người,1
"Gặp tui đi ra khỏi lớp  lun cho khỏe
Nghỉ học cũng được",1
Má ông thầy tui phải kêu bác đa tới xử lí thôi,0
Gặp tao thầy đuổi ra chơi game cho ròiii,0
Ủa Lớp Đã Giữ được thầy cho nghỉ học,1
Ui thầy gì mà mất dạy vậy,0
Tui là tui nói chuyện với ông thầy này xong rồi mới thoát,0
Khầy giảng thì nhỏ nhưg khầy hỏi tên gì tự nhiên nó to vãi cả nồi các bác ạ,1
VACCINE VACCINE VACCINE,1
"Ủa thầy giáo gì kì vậy, đâu phải ai ai cũng có tai phone mà để lổ tai nghe đâu hả thầy",0
Thầy dạy không tận tình gì cả bảo sao học sinh đéo muốn học,2
Tôi: out khỏi lớp cùng bạn,1
Tội anh này quá,0
"Thầy giáo quá đáng ,đả học trực tiến là quá với học sinh viên rồi mà còn thái độ như điên khùng",0
Tui cũng vậy.. gặp  kiểu này tôi thà ở nhà chịu ngu chứ không đi học.,0
Nhưng mấy đứa kia nó sợ đến mức phải nói theo ông thầy kêu lun à chịu r,0
@tindoan5798  Thiệt lun á ở nhà cho sướng,0
Làm ăn như gì ...,1
Thầy vô diên,1
Ông thầy như vậy dạy chó còn không học thì dạy học sinh làm gì,1
Mấy đứa học sinh còn hiền ghê,0
Nếu mà bên thầy giáo cũng mưa như thế thì kích ông ra lun,0
tròi oi làm như ng ta là sv vậy á mà phải dạy có giác quan ?,0
Nghề đi đôi với đức mà ông này không có đức mà cũng vào nghề được,0
Nghề thì làm thầy giáo đi dạy đạo dạy lí cho hs mà cuối cùng đạo đức cũng không có mà vẫn vào nghề được,0
Chắc ông thầy này dốt đạo đức lắm nhờ,0
Nêu là tôi là a chàng đó thì tôi sẽ làm đơn báo cáo báo lên nhà trường và báo lên các những ng làm việc lớn hơn để cho ông này thôi việc,1
vô lý vãi,0
"ông thầy cho dậy học sinh tiu hết 
thầy nầy có dấu hiệu thần kinh",1
Thầy kiểu gì đấy,0
Mình thông cảm cho thầy vì thầy dạy cái gì ấy chứ có phải dạy đạo đức đou! Mà trời mưa thì mắc gì phải giảng cho ah SV thì mắc mớ gì người ta không nghe đủi ga khủi lứp??? Dzị thầy dạy làm gì dzợ???,0
Tính ra lúc anh kia nói là tôi tên gì gì đó có gì gì đó theo lời ông thầy xong ổng bảo không nghe chi ra khỏi lớp thế ổng có đủ giác quan không ???,1
thay khgon nan vai,1
Ko đầy đủ mắt mũi tay chân thì ổng kick á?,1
Ông quay xe đến nỗi tui còn chx kịp đội mũ bảo hiểm,0
Xin là xin vĩnh biệt thầy,1
@ThanhTran-qf2cw,1
Thằng thầy giáo kì vãi,2
Thầy giáo vô duyên,2
Thay gi ki vay troi,1
Ông  Thầy bi khùng quá hã,0
Đuổi khỏi lớp thôi mà làm gì quá v,0
Thầy trời đánh  . Ông đừng cậy ông là thầy giáo mà ông muốn có quyền gì thì sv phải chấp hành theo ý của ông nha . Ông có biết đồng lương hàng tháng của ông là do cha mẹ của các em sv này trả cho ông không ? Trường mà có ít sv học thì mấy ông đi ra đường mà kiếm ăn nha,0
CÓ NÃO NHƯNG KHÔNG CÓ ĐỨC!!!!!,1
Khi cái đạo đức bị chó cắn,0
"Thời gian thầy thích thể hiện kêu các em chứng minh mình là người bình thường thì đã giảng lại được nấy lần rồi, đằng này....",0
"Dù ai đúng ai sai trong vụ việc này, giọng điệu của thầy giáo rất cao ngạo, và coi thường người học. Nhân phẩm kém, nhà trường cần kỷ luật chứ không phải nói cho qua",0
"Chắc não mấy ông thầy này chỉ có tri thức chứ ý thức, đạo đức thì bay mẹ nó đi đâu rồi. Đúng là có tài mà không có đức",0
làm fuho đi thầy ey,1
Lần đầu thấy thầy giáo như thế luôn,1
thầy có đạo đức thế,1
Gặp em là cho ăn đạo Đức rồi,0
Thầy mất dạy là có thật,0
Không xứng đáng làm thầy giáo mưa to không nghe rõ thì phải giảng lại cho học sinh chứ lại mời học sinh ra khỏi lớp học,0
thầy bảo học nhanh lên tôi còn đi ngủ,1
Làm thầy mày không nên Làm thế,1
Đuổi khỏi lớp chỉ vì lí do mưa to quá không nghe thì đó có phải làm quá không,0
"toi thay ghe , bi diec ma di day hc .",1
(KHÔNG có ý xúc phạm ai cả) thầy cô đau phải ai cũng là người cha người mẹ thứ 2 của chúng ta đâu,0
cai do không co dao duc thi lam thay dao lam gi,0
"Bh ổng họp mà ông thầy hiệu trưởng nói ổng nghe hong rõ , thì hiệu trưởng nói đủi ông lun",0
"Ông này chắc best khó tính
Hs ổng kiểu:sock quá tụi bây:'))",0
thầy này đuổi việc chắc,2
"Thằng này thầy giáo gì ma giáo thì đúng, có nhiều cách giải quyết mà đâu cần căng vậy. Loại bày đình chỉ, kiểm điểm mới được. Với trường hợp yêu cầu học sinh đọc rõ họ tên va noi tai mắt mũi họng bình thường, chẳng khác nao xúc phạm chàng Sinh viên nghe. Không rõ có bộ phân cơ thể bất thường. Nếu người nhà tôi bị ông thầy làm xin lỗi nhà ông thầy đó sang nhất khu tai  cho chó ăn",0
J kì z ngta không nghe thì giảng mưa lớn v gắn tai nghe ch chắc gì nghe rõ là ng thầy mà nch với HS kì thế.,0
Nó ngồi học cho là hay lắm rồi.,0
Có tri thức thì phải có đạo đức thì mới làm gv nhá,1
mất dạy,0
"xúc phạm sv vl. 
 tội cho anh",0
Ông thầy lụ đạn,0
Sống làm gì,0
"Người thầy bất lịch sự quá rồi đó
Tôi mà là ba ông tôi đuổi ổng ra khỏi nhà rồi đó",0
Thực sự rất tức giận với ông thầy này,0
Cho thầy zề hu sớm,0
"Bây h dịch bùng phát khắp nơi,những hs cố gắng lắm mới có được 1 cái máy tính bây h còn kêu họ đeo tai nghe  như vậy có khác nào đang nói họ nghèo",1
"NGƯỜI CÓ TÀI MÀ KHÔNG CÓ ĐỨC LÀ NGƯỜI VÔ DỤNG
NGƯỜI CÓ ĐỨC MÀ KHÔNG CÓ TÀI LÀM GÌ CŨNG KHÓ
Làm thầy Học Viên xin, nhờ giảng lại cũng không giảng mà đuổi thì làm Thầy làm gì ảnh hưởng đến nghành Giáo Dục nước nhà",0
Pay acc,1
Thầy gì khó tính quá,0
Thầy gì kì vậy,2
Cái loại này nó mà hành sinh viên thì thôi rồi,0
Hey đầy là thầy giáo đầu tiên mặt đạo đức và nhân cách khốn nạn như thế,1
Nge mà muốn đấm nó á trời thầy gì kểu này,0
Hoc online hay bi vay lam nhiu khi nghe không rõ mà,1
"tôi nghĩ là thầy nên nghĩ đến hoàn cảnh học online hơn,mạng kém,xong không nghe thấy.nếu thầy không nói thế có thể tôi nghĩ là sẽ có bạn bắt chước theo",0
Đuổi ổng đi làm dậy học sinh nào học,1
Mặt day kiểu tri thức,1
Ủa thầy dậy mà được đậu à,0
Nhất thầy rồi thầy là thứ nhất không ai là chủ nhật lun í . Thầy đâu gì mà kì cục,0
Tri thức thì có mà đạo đức thì không... xem như vứt,1
"Thầy gì đâu mà vô tâm,không biết cái tâm để ở đâu",0
Thằng thầy này cho nghỉ luôn,0
Ông thầy này không có tư cách làm giáo viên,2
Bác Đa:Gặp ôg này tôi đã đấm cho mấy phát rồi,0
Thầy ácccccccc,2
Thầy gì kì vậy mất dạy,1
"SV là học sinh nhưng thầy giáo là ng lái đò giúp học sinh qua sông
nhưng ông này là người nhấn chìm sinh viên chết đuối",2
với cả thầy giáo này dạy cho nó có,0
nên nếu bạn nào học không hiểu thì nản lắm,1
đuổi việc và không cho là việc nữa,0
vậy chưa chắc ông thầy đã có đủ tay mũi miệng và các giác quan như ng bình thường,1
Trường nào v vào cho 1 sao ae,1
Trời ơi,1
"Ông thầy vô duyên, kêu nhà trường đuổi việc ổng đi, người có tri thức mà không có ý thức",1
theo luật là ông này sẽ phải đưa cho học sinh mỗi người 16 triệu vì tội xúc phạm ngt,0
"Thế này thì đuổi việc luôn đi cho rồi, đạo đức còn không bằng đứa học mẫu giáo",1
thầy như thế mà củng làm thầy,0
"Thầy hiệu trưởng: Anh chính thức đuổi viêc
Ông thầy: giải thích mọi chuyện
Thầy hiệu trưởng: cái gì tui nghe không rõ.thui mai khỏi đi làm",1
"Thầy giáo gì mà kì vậy
Có đạo mà không có đức",0
Thầy mất dạy thế !,0
Dik me day ma vay day chi,1
Thấy giáo đó hả cái đó là dân chợ búa mà DM nó,0
Thay kieu nay ma len giang vien ha no lay tien mua bang hay sao chu thay giao kieu nay hoc sinh hoc cai gi ha,1
Thầy giáo vô văn hóa,2
Thang.nay.nao.chuye.sau.kho.nghe.vay,1
Nghĩ luôn sợ cc gì,0
Thầy lầy,2
THẦY PHẢI HỎI HỌC SINH CHỨ SAO CỨ NÓI LÀ ĐUỔI VẬY ???,1
Ko thể chấp nhận một ng thầy thế được,1
Giống chửi ngt thuyết tật vậy đấy!,1
thầy này nói thế thì khỏi dạy,1
Quá đúng,0
@KhanhPhuongVua  buồn hả,0
Uk thấy mà tức ấy nếu là tui tui nói thầy hiệu trưởng và PH rùi >:((,0
@quangthangtv2733  điên,1
Mình hỏi nhe người ta giảng đi giảng lại mà không nghe rõ lấy gì không tức?,1
@honganh5765  nếu tức thì nhắn nhở hoặc lớn tiếng xíu tại sao phải đuổi khỏi lớp??,1
"@honganh5765  Tại trời mưa lớn wa ổng giảng ngta không ngta rõ kiu giảng lại,mà đâu phải riêng mình a này không nghe rõ đâu,lúc ổng kiu học sinh đọc cái gì đó ổng cũng có nghe được gì âu sao nói ngta được",0
Đúng là cái thứ gì không,0
@chau2705-c2h  này này người ta nói sao thì kệ ngt tự nhiên chửi ngt ???,1
@honganh5765  rồi có chắc giảng đi giảng lại nhiều lần không ? Với lại trời mưa to đến cả người xem clip còn nghe mà không rõ là phải ? Khi nào mà thầy giảng nhiều lần mà cố ý không tập trung nghe giảng thì mới nói chứ mà thậm chí học sinh không hiểu thì giảng lại th chứ mắc mớ gì phải đuổi ? Bạn nói chuyện nghe thiếu hiểu biết vl,0
Cảm ơn YouTube,2
Vỗ tay cho 1000 like,0
Hợp lí bạn ei,0
@Khang-po4qo  thế tôi hỏi bạn nhe không lẽ chỉ có cái ông Sinh Viên đó trời mưa to hả?,1
"@Khang-po4qo  ""mắc mớ gì tôi phải giảng cho cậu nhiều lần""nếu bạn không phân biệt được thì đừng có tự nhận mình đi học nhá",1
@honganh5765  tùy người bạn ơi đâu phải những sinh viên đó sống chung nhà ? Ủa mà bạn có hiểu vẫn đề không ? Bạn kia trờ mưa to quá và xin giảng lại để có thể nắm được bài bộ trời mưa là lỗi của bạn ấy à ? Thích đi ngược dư luận tưởng thế là ngầu ? Bộ có cái luật đéo cho học sinh được hỏi lại khi không nghe rõ lời giảng ? Chúng ta đang online mà chắc chắn phải có những cái chuyện bất trắc ai lường trc được . còn bạn bảo là mấy sinh viên kia thì sao à bộ phải đợi trong lớp có 1 đứa bị thì mình mới được nói cái vấn đề của mình lên ? Hs thật sự muốn nghe để hiểu bài và đã xin phép giáo viên một cách đàng hoàng lễ phép nếu giáo viên ấy lười không muốn giảng lại thì chỉ cần nói th chứ đâu cần phải kick hs ấy ra ngoài ??? Rồi còn có 1 đoạn ổng kêu các hs đọc đầy đủ giác quan gì đấy có 1 bạn hs bị nói vấp cũng bị ổng kick ủa vậy hỏi bạn ai sai ?? Nếu hs đó không muốn học thì dù thời tiết ra sao hay có ồn ào cỡ nào nó cũng đách thèm hỏi lại đâu  hs đã tôn trọng giáo viên rồi mà giáo viên không tôn trọng lại ( làm ơn coi hết clip ra rồi hãy cổng cổ cãi cùn ),0
@honganh5765  và bạn có thật sự hiểu cái nhiều lần ấy không ? Một lần là giảng bao nhiêu vậy ? Rồi tôi hỏi bạn cái lúc bạn đi học thì bạn học kiểu gì ? Học sinh không có quyền hỏi thầy cô giáo à phải trở thành robot à không được thắc mắc gì bài giảng à ? Mà đây cũng là bài học mới không hiểu là phải mà còn gặp thêm trời mưa. Cái quan trọng là hs ấy chỉ nhờ giáo viên giảng lại dùm vì nghe không rõ chứ nó có làm cái gì quá đáng chưa mà tại sao phải kick nó ??,0
@honganh5765  đến cả ngồi ở ngoài xem clip còn nghe cả tiếng mưa  xin lỗi đéo ai cũng có đủ điều kiện để mua cho mình 1 chiếc tai phone xịn cả ngay cả hiện tại tôi đang học online cũng không có  mỗi lần trời mưa là phải cố dí sát tai vào loa để mà nghe cho rõ đây,0
Đỉnh của chóp bạn e,1
"@lethidamlethidam62  có thể lúc đầu em gì đó bị đuổi khỏi lớp thì có thể xem như video chỉ có một khúc sau, khúc đầu không có quay lại. Còn có thể hiểu được. Đằng này em đấy bị đuổi rồi, thằng thầy này lại kêu cả lớp xưng hô gì giác quan đầy đủ gì gì ấy, bộ ông thiếu hay sao mà cần người ta đọc thần chú cho mọc lại , em khác nói nhỏ hay trời mưa gì đó thì cha thầy này lại giận cá chém thớt đuổi luôn. Tôi mà là hiệu trưởng là cho thằng già này biến luôn khỏi dạy. Thứ gì đâu không.",0
"@Khang-po4qo  ừ, thằng cha này không đáng làm giáo viên. Cho về vườn đi, ở quê dịch bệnh đang thiếu người thu hoạch cây trồng gửi lên giúp cho mấy bác trên thành phố nè.",1
@phuonganhnguyen4011  khùng tha,0
"Đạo đã không có, đức lại càng không",1
"Thầy chứ có phải phù thủy đâu ...Người ta bỏ tiền cho con đi học ,mong con nên người, con cháu học thầy xong không biết nên con gì luôn??????",0
Thằng thầy này không có đạo Đức nói chuyện không chấp nhận được,1
Ác hơn gà Ác!!!Buồn cho mấy em sinh viên! Thương,0
T xem clip từ đầu rồi thầy này ngang ngược lắm,0
Thầy ác vãi,0
"Mé nó
-ông thầy này,không có đạo đức
Đúng là đồ...",0
ong thay vo duyen,1
Tốn time,1
"Trên lớp nhiều lắm mà không có ghi âm lại được thôi ,h học online là lên sóng ngay.",0
Làm mất hình tượng cho một trường Đại Học. Một con sâu làm rầu nồi canh,1
Thà là thầy giáo trường dở mà có đạo đức còn hơn thay giỏi mà đạo đức không có,0
"Người ta có ý thức học tập, muốn thầy giảng lại là may lắm rồi còn làm khó sinh viên người ta nữa",0
Thầy giáo gì tư cách kì cục thầy chứ đâu phải cha mẹ mình ông thầy này dạy nhà trường cũng trả lương để ổng dạy vậy chừng nào mình không nghe rõ 5 hay 6lan kêu ổng giảng lại thì ổng mới có quyền nói chứ,0
"Thầy ơi
Em xin tặng cho thầy cuốn đạo đức lớp 1 và GDCD lớp 6 để thầy về xem lại rồi hãy đi dạy nha thầy",2
Tại sao lại đối sử sv như vậy,1
"chưa phản anh hết sự việc? giờ không biết ntn chỉ đơn giản giáo viên mà dùng ngôn từ vậy nói sinh viên, còn bắt người ta nói đủ tứ chi giác quan, đang phân biệt gì ở đây.",0
Yêu cầu cho thằng thay giáo này nghĩ việc cho cái cho học sinh nhờ để ổng dạy hu các con,2
"Chán mấy ôg thầy bình thường gia cảnh thế dell nào suả nghe giọng kinh vãi ""))",0
Tui mà mà có trong là tui éo vô tiết ông lập đơn báo cáo gửi hiệu trưởng cho nhanh lớp này hiền quá,0
Chuẩn đó Phát,1
E ơi gửi cho thầy đi sao e tặng mà thầy không thấy,0
tặng luôn GDCD lớp 7 và 8 đi,1
"Lớp học con mình chủ yếu là các bé người miền nam và một phần người bắc mới học lớp 3,dạo này học online  mà thày dạy tiếng anh nói đặc giọng nghệ tĩnh đến người lớn có người nghe không hiểu nói gì con nít.",0
Trời ơi dạy học sinh dậy đó ông có giác quang mà ông không có kiến thức làm thầy giáo chi á,0
Quả này t đánh luôn,1
Ông thầy giáo độc ác quá,2
ông thầy vô văn hóa,1
thầ  gì dô ý ưc thức vá dạ trời,1
"Sau nhiều tháng cách ly, tâm lý thầy không còn vững nữa, đây là 1 trong những hậu quả sau cách ly",1
Học chi đuổi bà ông thầy mẹ luôn đi học chi nửa trời đúng là ông thầy khốn nạn,0
Thay ac on,1
Ông thầy thấy ghét thiệt lun,0
"Thầy: Cái việc to hay không anh phải tự lấy cái tai phone anh để vô, chứ mắc mớ gì mưa to tôi phải giảng cho anh nhiều lần
Học sinh: Are you sure about that...
Thầy hiệu trưởng: Tôi cho thầy nghỉ dịch dài hạn.",0
Ông thầy ăn cực,1
"Ko cần biết clip dài hay clip ngắn, cắt hay không cắt nhưng chỉ cần xem khúc đầu lời thầy giáo nói với sinh viên như vậy là mất đạo Đức người làm thầy oy ...",2
Ông thầy còn thiếu ý thức hơn một nửa học Sinh,1
th thầy đuổi sv hiệu trưởng đuổi th thầy,0
Tài tâm tầm đức trí thức ghê,0
Thầy gì thầy này ..cho nó vê vừơn đi ..thôi,0
"Cho ông thầy này về vườn đi, nói kiểu như giang hô mà day gì",0
Gút chóp,1
gút,1
Kb roblox không bạn ơi? <3,1
"""Không thầy đố mày làm nên""",0
quá hay,2
@Hainguyen-io6by   kb với mình không tên là mkcan2,0
Làm rơi cái thứ này rồi ngài ơi,0
"Clip nó ngắn thật , may mà nó ngắn chứ clip dài xem muốn tát mặt cha đó chứ thầy đồ gì",0
"Vãi, đã đuổi ông kia rồi, mà còn bắt kêu nói có mắt tai mũi miệng, nói ấp úng cái đuổi, vô lý vậy.",0
"Đi mà xin lỗi em sinh viên kia đi, ở đó biện minh cũng chả ai nghe đâu",0
Đăk Lăk mới đuổi hàng loạt giáo viên vì bằng thpt giả ông này chắc cũng mua bằng thầy giáo gì nói cũng như dân chợ búa,0
Không xung đang la thây,1
"Giảng viên gắt chết mịa, toàn hù dọa sinh viên, mà đứa nào mà dám chống cho rớt môn thi lại",0
Gặp thầy như vậy thì nên nói lại thầy. Người truyền dạy không có tâm thì phải nói,1
"Lưu manh giả danh trí thức, còn đở hơn trí thức lưu manh",1
Thế thì nghỉ học hết lớp luôn! Thầy giáo thật kì.,1
Lúc trước có tin sinh viên chửi xúc phạm thầy bây giờ tới thầy đối sử ngược đãi với sinh viên xã hội bây giờ nhiều ảo quá,2
Ông thầy.ác đọc quá,0
Nguoi co tri thuc chac gi co dao duc,1
"Nói v mà nghe được chắc
Nói tui vậy là tới công chuyện à",0
Thầy này chắc chắn trước đây kém môn đạo đức thì phải,1
Nghỉ mà tức,0
Nếu tui là hacker học online tui sẽ hack cho ổng bay ạc ;),0
À mà mình học online tiếng rè rè nghe mắc cười lắm :(),0
Tặng cho thầy sách đạo Đức lớp 1 đến lớp 5 và tặng sách GDCN từ lớp 6 đến lớp 12 ;))))))).À mà đuổi việc nữa ha,1
"Thầy gì vậy trời, không đuổi thì ông thầy này thì thầy hiệu trưởng dỡ rồi , kick ngta được chắc còn làm những chuyện khác đáng sợ hơn",2
"Thầy củng có nhiều ông biến chất ,biến thái mắc dạy nữa,",1
Đuổi thầy giáo ra khỏi nghành luôn đi,1
"Học sinh thẳng tiến thoát khỏi học onl,đg nhờn với sv",1
Giao vien ma cung wsn tham nua sao troi,1
2:06,1
2:09,1
Cho thay nay nghi day duoc roi,1
Ông thầy giáo này đúng là Ông không làm thì ông về nhà ngủ đi !,0
thầy này không có đạo dức,1
thây cô giao bây gio dạy nhung loi le kho nghe kg co giao dục gi lam thây cô giao nhu vậy thua chan bo,1
thây cô giao bây gio giang bai 1 lân kg giang lân 2 la sao vậy,1
cô hiệu trưởng mà biết đuổi ổng ra khỏi trường,1
thầy giáo vô tích sự,2
giáo viên kì cục vậy trời,2
doi thay giao di,1
Ju do chi la mot doan ngan clip nhu do hien lenh tat ca mjh la thay jao chu dau phai may ba ban dam dau noi chien không ra gì,1
Thầy giáo Mất dạy thật sự ra đúng như BÁC nói có tài mà không có đức,0
cái này mà  nhà trường  không  làm  rõ thì  không  ai  dám học nửa  đâu với  lại khi sử lý nhẹ ùi xong học sinh vô học những  học sinh đó sẽ bị đì đến không ngốc đầu  nổi luôn.với  lại mưa  không nghe rõ kêu giảng  lại mà đuổi và nói lời khó nghe với  học sinh trước  các bạn bè.họ sẽ nghĩ sao.,0
bởi  vậy  nước  mình  không  phát triển  hơn  các nước  khác là  nhờ có những  thầy cô giáo như  thế này  á mình là chứ mình  là đầu tàu  để dẫn đắt các học sinh đến tương lai  mà đâu thể làm những chuyện vậy  được.,0
vậy  những  đứa trẻ  không  may mắn mất 1 bộ phận trên người  ùi không  cho học hả quá đáng mà,0
thầy cô kiểu gì mà  kì vậy  trùi người ta còn  muốn  cho học sinh mình hỏi  lại nữa  à kiểu này  phải sử lí mới được  ạ chứ đâu kêu con người  ta mở cam xong cái hỏi đủ tai chân  đủ các bộ phận mới  cho học  hả,0
"thầy mắt dậy, cho ghỉ việc luôn, tư cách này dậy ai",0
"Thầy này đóng hài thôi, chứ thầy không ác ý gì cả. Mình đã từng học thầy.",0
Rồi xongchúc mừng anh đã được nổi tên và nổi tiếng,1
Ông thầy quê vl (=,1
"Học làm mẹ gì,tài liệu đầy, tự học đi phụ thuộc vào mấy ông này làm mẹ gì cho mệt. Tôi thề là tôi chưa bao giờ cần ai phải dạy bảo cả, trường đời sẽ dạy ta tất cả, con tôi hiện nay cũng vậy, tự học tự nghiên cứu là hay nhất.chẳng cần ai làm thầy làm cô đâu. Về làm ruộng đi các thầy nhé.",0
Cho thây giáo đó rồi thoi ngành đi mất đao đức va đi,0
"Ra khỏi ngành là vừa rồi, không có tư cách giảng dạy nữa đâu. Cho dù có là gì đi nữa thì cách ứng xử giữa người với người mà dùng những từ ngữ đó thì chẳng khác nào đang tự tát vô mặt của mình…",0
Muốn có tai phone là có liền sao? Dạy lấy tiền hs mà nói chuyện vậy đó..Có tri thức mà không có đạo đức.,1
Thăng thây giao bi bênh ah ..,1
Loại thầy gì không biết,1
Côn đồ,1
Bác hồ dạy có đức phải có tài... Có tài mà không có đức thì ....,0
Xong kỳ này thầy về hưu thôi,0
Hỏi chấm vãi thầy gì kì vậy không nghe rõ giảng lại quá hỏi chấm,1
đánh cmn đi,1
Co tri thức nhưng noi chuyện ngược  lại,1
Ông mà gặp tui thì xác định,0
má cái ông thầy đó không bik làm người chứ chi làm thầy nữa,0
Yêu cầu đuổi dạy thầy giáo này,2
Đề nghị bộ giáo dục kỹ luật thầy giáo hống hách vô đạo đức này..,1
Thầy lương tháng rùi,1
Cho ông này ra khỏi nghành giáo dục di,0
chỗ tôi thì khác,1
"Cũng may mà có clip ghi lại, xưa cũng có nhiều thầy như v",1
Ông thầy belike thế,0
Giọng nói và ngữ điệu thì tụi học trò cũng biết máu mặt như nào rồi ạ,1
Gv thế mà cũng dạy được,0
Tẩy chay thắng cha thầy này đi,1
Như vầy là không được là học sinh đã tôn trọng thầy giáo thì thầy giáo cũng phải tôn trọng với học sinh chứ,2
Thầy mất dạy,2
Ông thầy bà điên hả o có đạo đức của thầy và trò,2
"Nhà có nóc bằng thiết khi mưa to không thể nào nghe được, học sinh đã lễ phép xin thầy nói lại, dù trước đó có xảy ra việc gì thì 1 nhà sư phạm không nên nói như vậy . . .",1
Ông thầy vô cảm quá tào lao thật nhân cách như vậy dạy được ai?dạy kiểu gì không biết?Ko có nhân cách tư cách làm thầy!,0
Thầy cô lớp tui cũng thế mà,1
Thầy giáo này rất quá đáng không có tư cách của người giáo viên . Bắt hs lập lại câu nói của mình như kiểu chế giễu người bị bệnh làm theo ý mình,0
Không xứng đáng làm trong ngành giáo thật xấu hổ khi có những người lái đò như vậy,1
Thằg thầy này về vườn,2
Gặp thằng thầy âm binh,2
Đạo đức thầy như vậy làm giáo viên làm gì nghỉ mẹ đi ha .,2
thầy gì mà mất dạy dữ vậy,0
"Thầy giáo sao mất dạy thế nhỉ, thời buổi khó khăn chung của cả nước mà, đề nghị đuổi việc đi, có lương tháng không có lương tâm mà, vô dụng",0
Tưởng làm thầy thì thí làm gì thì làm  sao,1
Troi oi thay giao vay ma kg xu ly ha,1
Nam Mô A Di Đà Phật có trí thức không bằng trí tuệ,1
Đề nghị Bộ giáo dục xử lý nghiêm,0
Thầy giáo bố láo vậy,2
"Thay nhu ...,dao duc thay giao o dau.duoi",1
Thật sự là quá đáng lắm luôn,0
Truong nao vay ban>>>>>,1
Cho dù ông giải thích đó la đoạn clip ngắn không như sự thật.thì những câu nói của thầy nói ra đâu giống một ngươi co tri thức học vấn.đã la giáo viên thi phải co trách nhiệm cho dù học sinh mình không phải đi chằng nữa thì thầy cũng nói sao để học sinh còn kính trọng.còn đừng có kiểu làm thầy giáo muốn đuổi học la đuổi á ông thầy kia,0
Thầy giáo như vậy loại bỏ khỏi ngành giáo dục.,1
Thầy giáo có trí thức nhưng chắc gì có đạo đức,1
Thầy giáo gi mà ăn nói vô duyên. Nghe em sinh viên nói chuyện nhẹ nhàng dễ thương mà nghe ông thầy trả lời thấy ghét,2
Thay âm binh,1
Mẹ học trong lớp không song bài đặc học online (rồi gặp học xinh không có diện thoại cảm ứng học rồi sao),1
Thầy gì khốn nạn z,2
Mất tiền học chứ không phải nhờ day đâu trời,0
Ông này bị gì á ta nói mưa to thì giảng lại vô duyên,0
Học sinh không biết chả lời nhỉ.hỏi thầy là thầy ơi thầy đã bị học sinh đấm và chém vào mặt bao giờ chưa ạ.chỗ em vừa có thằng như thầy bị băm mấy phát vào mặt rồi đó xem thầy bảo sao.,2
"Phải tao, tao vô tao phá mẹ rồi",1
Một túi tiền một túi đạo đức em lấy tiền chừa Đạo đức cho thầ,1
Thầy này nghỉ luôn đi dạy gì nữa,0
Thầy giáo bị lag,2
Trời ạ học kiểu này nghĩ học sướng hơn thầy giáo gì nói chuyện khó nghe,2
Thầy giáo không đủ tư cách làm giảng viên,2
"Thầy giáo mà như vậy thì đừng mong nhận được sự tôn trọng từ học sinh, sinh viên.",2
Thầy  gì  mà  nc nghe  cục súc như hoạch,0
thồn lầy.cốn lài.thò chắn.,1
thồn lầy .,1
Cho xin sdt vào địa chỉ số nhà của thầy giáo có đạo Đức quá,0
Can phải luật gấp nếu cứ tiếp tục thầy giáo có thái độ như vậy không the chấp nhận được,1
Thầy giáo gì đòi bóp cổ học sinh ? Có tài không có đức cũng là đồ bỏ thôi,1
bruh sv nói tên đầy đủ rồi mà không nghe what thầy bị gì thế,0
Ông thầy thấy ghét,1
Ôi cái thằng thầy giáo! Cái nghề này càng ngày càng xuống dóc,1
Giáo viên bây giờ chỉ là một cái nghề để người ta người ta kiếm tiền thôi. đừng tưởng giáo viên là thanh cao. Có tri thức mà đạo đức kém thì cũng chỉ là 1 đống rác thôi. Nếu giáo viên ai cũng như vậy thì xã hội trẻ em ngày sau sẽ như thế nào?,0
Thầy mất dạy,2
Thay giao that hoc ua nha nuoc tra luong de day hoc ma co cai thai do nhu vay do cho ong nay nghi day di di hoc lam nhu di xin vay nc nghe không ua,1
Cho về hưu sớm đi,0
Tôi không cần biết đăng đủ clip hay không.Tôi đang nghe và thấy ông thầy giáo này có những từ vô văn hóa. Thầy giáo như thế không có đủ tư cách dạy người khác.Dù đoạn clip có cắt bớt đi nữa nhưng những ngôn ngữ đó không thể chối cãi.Nên cho thầy giáo này về vườn là vừa.,0
chửi sv như người khuyết tật ý,1
thầy như...................,2
Ông thầy kì vậy,1
woe,1
Thầy giáo mới bị ny chia tay,0
Trời ơi ác vậy,1
"Thầy chắc đang táo bón, khó ở trong người vãi. Đúng là khó ưa.",0
Có tài mà không có đức. Vứt,0
Ông thầy bát nháo vl,2
Ông thầy nầy phải là thầy ra khỏi trường mới phải thầy gì mà nói chuyện giang hồ vậy vậy thầy nên dạy những thằng giang hồ đi đừng làm thầy dạy trường nữa thầy mà day như vậy còn ai tôn sư học đạo nữa,0
Tôn sư trọng đạo tui nghỉ thầy đúng là có lỗi nhưng tui là người ngoài cuộc nên không có quyền mắn bỏ được,2
"mình thấy sự phản biện của phía thầy và nhà trường là sai. mình nghe rất rõ nhưng ổng vẩn bảo là không nghe
tiếp nữa là cái giọng thầy nói không phải là 1 ng thầy chuẩn mực đạo đức gì  
tiếp nữa là phản biện đoạn clip bịt cắt ghép nhưng cho dù không cắt ghép thì không lẽ nhưng lời nói đó của thầy không phải do thày nói sao  cắt là cắt đi nhưng đoạn không wuan trong để mn không xem quá lâu
đừng nói những gì phản biện theo kiểu cắt ghép như vậy  vo trách nhiệm quá",0
Thầy giáo này gặp tui cho ăn đá liền. thầy ba long.,2
Làm thầy mà mất dạy,0
Ông thầy kiểu tới tháng,0
"thầy phải thông cảm chứ
còn sinh viên học phải đóng tiền chớ có học chùa đâu mà thích đuổi thì đuổi",0
tg thầy giáo đó chắt hết dịch thì nó nhập viện,2
Ong nay cho ve nghi lam vuon di co hoc thuc ma nhu vay thi sao hs co the hoc tot duoc,1
Thầy giáo kiểu này thì khỏi học cho rồi...,2
Gặp tao là tao ghép khá bảnh vào cho ổng nghe,0
Nhình mà tức,0
Tr ông này là thầy hả có mua bằng không vậy cha,1
Cho a ve quê cấm câu luôn,1
Tống cổ tk thầy lầy nài ra khỏi ngành giáo dục lun đi,0
"Nghèo thì nó thế, chứ giàu thì cung phụng lắm",1
"Đây là đạo đức của giảng viên  nhưng t cũng khảng định  kiểu gì cũng k0 sử lý giảng viên kia,còn sv kia chắc chắn bị Gim chắc sẽ khó khăn mới thoát được môn đấy  nếu giảng viên đó còn dậy",0
Nếu có con tao thì thay này không yên được đâu nhé .,1
Đúng rồi,0
Khó khăn lắm mới học online mà gặp nhiều người như ông này thôi rớt lớp luôn,0
Thầy làm gì căng dị,2
Vậy mà nói cắt bớt thế cái câu học sinh này nói t không nghe rõ mời a ra khỏi lớp là gì nhỉ hay bên thầy cũng đang mưa to nên rối loạn hết giác quan nhỉ,1
Chịu ôg thầy,2
Cho thầy giáo nầy về quê đi,2
Thầy giáo giờ nó vậy.chia buồn cùng bạn,0
Đag mưa đeo tai fone có sét bị đánh thì sao .....nhiều thầy giáo mà nc như con nít,0
Cũng kì thị quá ha,0
"Thầy giáo ăn nói giang hồ không có đạo đức thầy nên nghỉ đi ,không đủ tư cách đứng lớp ,",1
thầy giáo hwa chơi đá rồi quá đen cho hs,2
Cho thầy khác dạy đi,0
"Giáo viên đời này ít có tâm lắm.  Không như thời tui.  Mún học trò học mà không chịu học  từ ngọt ngào,  dịu dàng,  năn nỉ nỉ đến chửi vì thương...",0
"Con mình cũng mới học online tuần đầu tien bé học lớp 6 học được 3 buổi đầu ok tới buổi thứ 4 hôm đó có 4 tiết 2 tiết đầu không sao tới tiét của cô dạy khtn thì nghe cô nói rất nhỏ con mình mới giơ tay thưa cô em không nghe rõ ,thay vì nói em xem lại máy của em xem có vấn đề gì ,bá không nói bà nói cô nói không ai nói cô nói bé em có vấn đề rồi đó qua tuần thứ 2 bà không xưng cô với em mà bà nói bé kia này không biét thì đừng có giơ tay bây giờ cho con đi học ,học chữ học làm người mà gặp mấy giáo vien thế này thì thà để con mù chữ ở nhà dậy con còn hơn",1
"Thầy giáo mà nói sau khó nghe ,vậy dạy ai",0
thầy vậy cho nghỉ đi,1
Thầy kì quá à,2
thầy à oai gì đâu thầy cái quần què gì đây thầy nên học lại từ nhẫn nại thay cho từ nhẫn tâm,0
Người có trí thức thì có đạo đứa đạo đức của thấy này chỉ bằng một lớp mầm mà thôi,1
Thầy giáo có trí thức mà đạo đức có lẽ bị rơi vãi.....,0
Đâu phải là thầy cô rồi có quyền đuổi hs. Tôi là phụ huynh hs của 2 con tôi.có khi tôi còn khen con tôi sao thầy cô nói gì mà sao không nghe được vậy . Ko phải chỉ có trẻ con .mà thầy cô nên nhớ học onl là cả gd chứng kiến nhé,0
Thầy gì mà ngang ngược như bọn trẻ trâu,0
Đi học mà ai cũng ra trường đuoc làm ông làm cha như vậy cũng gáng mà học ….,1
Nghe giống cha ông cố nội chứ không phải thầy lầy …..,0
Không có kiếm ăn gì được qua online …  thì kiếm chuyện vậy mà …,1
"Nhiệm vụ của thầy cô giáo là dạy học sinh, học sinh không hiểu thì giảng lại chứ",2
Cho thầy này nghĩ việc được rồi,2
Gặp ngoài đánh luôn chứ kêu tao gọi là thầy à,0
Làm thầy mà không có đạo Đức làm thầy làm gì,2
"Học online là của mấy ông đưa ra 
Vói lại đống tiền để ông dạy chứ không đi xin học 
Thêm nũa là ông mức vậy thì cần gì nũa mà điều tra 
Ko cho nghỉ việc tui gọi là trường đại học mất dạy
Học sinh mất dạy đuổi vậy giáo viên mất dạy thì làm sao đuổi chứ để làm gì",0
Thầy giáo mà nói chuyện kiểu này!thầy mới là người ra khỏi lớp,0
Các thầy cô giáo loại kiểu này cần phải giáo dục lại đạo đức,2
"Thầy lựu đạn nha thầy , thầy đi ngũ thì có, thầy mất dạy",2
Giáo viên như thế này thì nói sao học trò không tôn sư trọng đạo.người học họ cũng tốn nhiều tiền để trả công cho các ông mà...,1
Duoi ong thay mat day,1
"Không kỹ luật thấy giáo thì nghĩ học hết đi coi ai trả lương cho mà giảng bài nữa không cần biết trọn vẹn clips như nào nhưng thầy giáo mà nói chuyện như vậy là không đạo đức, cách cư xử thô thiển, câu từ mang tính miệt thị thì đã không đủ trình để dạy cho thế hệ tương lai rồi.",0
Nhận tiền phí của sinh viên chi rồi làm vậy có sinh viên ổng mới có tiền chứ,1
Dù có cắt nhưng thật . ngôn ngữ có nhiều loại tại sao thầy giáo nói chuyện thiếu văn hóa như vậy . dù có vô lớp lại thì sao . anh là giáo viên rút lại lời nói khiếm nhã được không . nhà trường nên khắc khe với giáo viên giờ thấy giáo viên xuống cấp quá .,2
"Ở Việt Nam mình còn có quá nhiều thấy cô tưởng mình là người cần người ta kính nể và tôn trọng, nhưng bản thân mình phải thể hiện như thế nào để người ta tôn trọng, chỉ nhờ thầy nói lại một lần nữa cũng không chịu là sao? là cha thiên hạ?hai bên đổi chỗ thử xem? đặt mình vào vị trí của người ta đi cha ơi",0
"Cả đám cùng out khỏi lớp coi sao, thầy mà làm như giang hồ",1
Ông thầy mất dạy,0
Thầy giáo tuy là kiến thức cao chưa hẵn có đạo đức nghề đâu.. không hiểu không cho hỏi vậy là sao.... ức chế quá mọi người ơi..xin cho cậu sinh viên kia một lời công bằng,1
Cho thầy về vườn,2
Đúng với câu nói tri thức không đủ để hoàn thiện một con người.,0
"Thầy gì trời đánh vậy trời. Nhà trường có hình thức kỷ luật, buộc thôi việc đi.",1
Vãi lúa,0
Ra đường chặn nó lại đập nó,0
"Thầy giáo dạy kiểu gì vậy , tôi tự ngồi học cùng con mình thấy cô, giáo thầy  thiện vị không công bằng kiểu có học vấn hành xử kém phẩm chất con người quá thừa người ít học cho thầy nghỉ về nhà đúng hơn không nghe thì phải hỏi lại là đúng",0
THẦY GIÁO MẤT DẠY,2
Tôi không thích kiểu này,1
May là thầy giáo hay là co hồn ha may,2
Thầy như cái bi ấm,1
Toi de nghi cho nghi day luon,2
Cho non nghi day di do vo dao duc,0
Thay giao day thu cung Ma dua vo day người Sao Ma day được,1
Gâp ngây thầy giáo không có cái tâm,2
Ủa ông này thầy giáo đó hả đúng là người thành công có lối đi riêng,0
Thầy giáo bị khùng kỉ luật thầy giáo cho khỏi dai.,2
Tui mà gặp người thầy giống như vậy là tui báo với hiệu trưởng nhà trường phản ánh,1
Thầy  giáo  đó  nha mọi người  nói  chuyện  kiểu  như  người không học,1
"Tôi cũng là một thầy giao nhưng tôi thật bất bình với tư cách, đạo đức của giảng viên này ... đuổi ra khỏi ngành ngay ...không xứng đáng nhận chữ 'thầy'",1
Gian ho ha .danh lon không .do thay giao không co day ma day ai được .ra khoi nghah di,1
Rủ nó ra ngoài solo luôn đi,0
Học nhiều quá nên ngu dốt.,0
Ông thầy tào lao,0
"Thầy giáo hay bề trên vậy,cư xử hành động giống dân anh chị quá.Sao được làm Thầy hay vậy,không biết năng lực thầy cao siêu cỡ nào mà cách cư xử thái độ Thầy đối với sinh viên ntn thì vứt....",2
Cho nghỉ luôn học đạo đức lớp 1 lại là vừa,1
Đuổi luôn thầy mà như côn đồ,0
Thay giao do đe cho đi dai may con thu di thi đuoc do,0
Nghành giáo dục đứng đầu mà thầy này làm mất nhân cách quá mất lòng tin cho.cả một thế hệ sinh viên,0
Tìm nhà chém cạ nhà nó,1
Thầy như sv,2
Đu ma,1
"giảng viên mà không có đạo đức ,đuổi việc ngay đi.",1
không có đạo đức,1
Thầy như vậy đánh cho một trận,2
Thằng thầy này đuổi khẩn trương,1
Hiệu trưởng của trường đuổi thầy này đi được rồi đấy. Thầy giáo mà vô tâm quá,0
Cho thầy giáo về nhà chồng rau nuôi gà đi,2
Ko Làm vậy thì để cho mấy ông tướng nhiễu à nói chung thầy giáo cô giáo mà không làm vậy thì sinh viên nó làm loạn,2
Thang nay dau co hoc thuc hay sau do.cho no nghi di.,1
"Sao mấy e không nói lại thầy không nghe là chuyện của thầy,,vậy thầy mat day , rồi ra khỏi lớp luôn đi",1
Ông có phải thầy giáo kg,0
Đề nghị sở giáo dục tphcm đuổi gấp thành phần mất dạy này không nói nhiều,0
Thầy không có dạo dạy lam gì,0
Pháp luật phải xử lý thật nghiêm để làm gương học sinh như trang giấy trắng thầy không có đạo đức thì học sinh cũng bị nhiễm rất có hại cho thế hệ mai sau,1
Mong  bộ giáo dục đào tạo vào cuộc kiểm tra và kĩ luật giáo viên này,2
Về làm đòi nợ thuê đi a thầy,1
Thầy giáo gì mất dạy vô cùng,0
Cho hỏi hồi đó thầy có học môn  đạo đức không thầy...chắc thầy yếu môn đạo đức..hai là thầy đã già rồi quên hẳn...nếu thầy đã già và quên rồi thì xin nghỉ hưu nhé thầy,1
Ông thầy chắc xấu mặc lắm,0
Có tài mà đéo có đức,0
dạ em tặng thầy sách đạo đức lớp 1 rồi thầy đi ra khỏi lớp đi em tự học không có thầy em chả chết đâu,1
ước gi ong nay nghi,1
"Ông thầy này mà dạy trực tiếp chắc có nhiều tiêu cực lắm, ai lo đúc lót tiền mới được qua cho coi, còn không thì thi lại, giọng nói của thầy nghe hách dịch quá",0
"Mấy bạn sinh viên quá nhát sợ phiền phức, tập thể yêu cầu nhà trường hủy lớp của ổng. Mấy bạn trường khác có lớp của ổng cũng làm vậy coi ai dám mướn ổng nữa. Cứ thấy giảng viên là như chuột sợ mèo. Hồi đó lớp tôi cũng cho 1 ông giảng viên bay màu rồi",0
"Bối cảnh cái quần què gì! Thái độ, lời nói như thế chấp nhận được à?",1
Thầy. Giáo vì kì cục vậy  .,1
Cho ông này về hưu sớm đi,0
Cang xem cang thây tưc .cho thây nay nghi đi,0
Cho thầy giáo đó về quế luôn,2
Ong thay nay dai hoc xinh ma noi chuyen thua mot dua con nit cho ong ve que cam cau di,1
Tổng cổ vê vườn,1
Thầy dậy sao được,1
"Thầy này phải cho rụng vài cái răng mới nói to được
Còn mấy ông kêu cắt clip ngắn không phản ánh đủ.
Chỉ thế đủ hiểu thầy là gì
Thấy cúng àk",0
"Không có tư cách làm thầy,làm thầy mà kém đạo đức vậy thì sao dạy người chỉ có hại người.",1
Thay giao gi ky vay. Sao bat sv noi chuyen ky vay. ..ng ta không nghe ro de nghi noi ro lai thoi ma. Boi vay mong het dich de cac em hoc lai bình thường chu hoc kieu nay kho cac em qua.,1
"cấm ông thầy giáo này làm ngành giáo viên suốt đời đi, tặng cho ổng nội quy của trường về điều luật thái độ của giáo viên với học sinh đi, giáo viên ở đâu mà mất đạo đức thế không biết?",2
Người dạy thế hệ tương lai. Và dạy tri thức cho nhân loại đây ư.,0
Thầy giáo vì mà không đạo đức,0
Ơh thì vui nek.. Thầy gì.. Thầy cây gậy.. Mời thầy nghỉ dạy..,1
Đąo đüc giā,1
Nếu đoạn vedeo trên mạng không đủ thuyết phục thì kêu trường công bố đọn vedeo đầy đủ là biết ai đúng ai sai thôi không cần fai biện minh,1
Thầy đểu,2
Người vô chi thức hay gì hay là thiểu năng,1
toàn trò hề trên mạng,1
Như vậy mà dạy tao chắc tao chửi,0
Phải kỉ luật thầy giáo này.. để làm gương,0
Ông này mà thầy gi.,0
Van hoa nam cay,1
Thầy mất dạy,2
Đuổi việc,1
Ko cần kỉ luật,1
Ôi thầy ơi . Làm người đi thầy ơi . Giống cún nhà e quá rồi . Hở tí là nó sủa người ta,0
Vl ông thầy,2
Giáo viên nghề tôn kính bây giời thì thế này,0
mầy chưa đi lấy ráitayxuống đây tao lấy cho,1
ông thầy thiếu đạo đức,1
Những lời thầy nói tôi đã có chứng cứ còn những lời thầy nói trước video yêu cầu thầy nói phải có chứng cứ chứ không thể nào nói không căn cứ ai tin sự thật trước mắt là z thầy có chứng cứ dì cứ dì cứ đưa lên biện mình chứ lời nói không chứng cứ không thể tin,0
Rút kinh nghiệm cho  Bộ Giáo Dục,0
"mấy ông học thế giới , nước ngoài khi học onlai  , trực tuyến  , mấy ông phải đặt trường hợp vào như mấy ông đói khổ  , không đủ ĐT,  laptop  , thì mấy ông học ở đâu",0
Nhà tui nghèo làm gì có đủ điều kiện  giống mấy ông,1
thiếu đạo đức,1
"0:15 ngta không nghe thì thầy đuổi ngta ra khỏi lớp, 26 còn thầy không nghe thì thầy đuổi ngta ra khỏi lớp, ủa thầy nết như bãi rác dị",1
Một thầy giáo mà không có đạo đức,0
Thay.giao.nay.nen.cho.hoc.them.mon.dao.duc.nua,1
"Thầy giáo này nên ra khỏi lớp không nên dạy nữa thì đứng hơn, là  giáo viên mà ăn nói khó ưa",0
Thầy giáo này cho đi chống dịch thì được or trực chốt OK hơn,2
Ủa alo thầy cô gì kỳ v,2
Thầy vậy còn ăn lương nhà nước ngon lắm đây,0
Thầy đã chọn lộn nghành rồi thầy ơi,2
"Da số mấy thằng giảng viên nói chuyện rất lao, là giảng viên tương dau ngon lắm nhưng không biết rằng tri thức mà mình học được chỉ là một hạt bụi trong vũ trụ",0
Vậy tư tưởng and tác phong đạo đức giáo viên nằm ở đâu ?! K yêu nghề and thấy aṕ lực khi làm nghề gv thì đừng tiếp tục eṕ buôc̣ cá nhân phải làm thầy giáo....nữa Milano,1
Ông thầy này kì cục ghê,0
htrc học sáng 6h45 xong tao ăn sáng thì bị kick mẹ luôn,1
Đạo đức đâu rồi nhỉ. ? Hình như là ở •••••√,1
làm vì tiền là đây không có cái tâm,1
Thầy giáo nói chuyện thua những người vô học,2
Thay giáo ji mất dạy zu vay . O ngoài chắc phù mỏ quá bà mẹ tức thiet chứ,0
Trước mặt phụ huynh thầy dám nói thế không thầy làm thầy ăn nói để ý vào coi chừng vỡ mồm đấy,0
người thầy gì mà chưa học Tiểu học vậy phải để đức cho con cháu với chớ,0
"Nền giáo dục mà có người thầy như vậy sao? Là thầy thì phải làm gương cho hoc sinh chứ,sao có thể nói và sử sự như vây",0
Thay ji ngu Jay.akia nen dam mua di mua tai Fonda ma hoc .không tien thi di an coup mua dien thoai ma hoc .,1
Ông thây giao ki vây,1
Đây là nền GD thời XHCN,0
Rồi kể từ ngày ấy thầy đã được về chuồng,2
"Ông thầy dì zô duyên z tr 
Hảnh diện không thầy . thầy được phốt rồi đó hãnh diện rồi ha",2
"mình không nằm trong trường hợp đó nên củng không phán xét ông thầy, nhưng xem hơi bức xúc vì chỉ xem được đoạn ngắn",0
Gây người học tự ái cần đuổi việc thày giáo gấp,1
Thầy hâm,2
"Đang thời điểm dịch covid mong là các Thầy Cô hỗ trợ các em trong mọi tình huống để các em hoàn thành giờ học. Đoạn video có thể chưa phản ánh hết cách thức dạy học của Thầy giáo nhưng cũng đã một phần nói lên sự thiếu tận tình của Thầy với học sinh. Đã rất khó khăn cho cả thầy và trò thì cả 2 cùng nỗ lực, chứ không thể đuổi các em ra khỏi lớp một cách thiếu tế nhị như vậy được.",2
Ông thầy này ở trong rừng mới ra Cho nên dậy Hs nói chuyện như vậy  phải tố cáo mới duoc,0
đừng chửi thầy giáo mà xem mấy thằng học sinh,0
Có xứng được gọi là thầy không,1
Lớp em hôm nay có một bạn bị đủi ra nhóm vì nói chuyện trong nhóm,1
Co the nao di nua thi cung không được noi nhu vay .la thay giao ma noi chuyen nhu nguoi vo hoc vay .vay thi lam sau chung toi con tin vao nha truong de cho con di hoc .thay co day con chung toi bang nhung loi nhu the thi doi sau thanh nhu the nao day,1
Thay không co tam day .xin bo giao duc duoi ra khoi nganh giao duc di a,1
"Học online mà còn vậy đấy, học trực tiếp thì sao nữa. Đây cũng là một lý do giúp mọi người hiểu  vì sao hs phải đi học thêm rồi nhé. Vấn nạn dạy thêm khiến bao gia đình nghèo khó không thể cho con tiếp tục học. Vì đi học mà không học thêm thì không thể nào học nổi với các vị gv này.",0
Thầy này chắc có giấy TT nên mọi người thông cảm nhé,2
Ông này học từ trường cô hồn chợ búa ra nên có bằng cấp như vây mọi người thông cảm,1
"""Đưa ra hướng xử lý phù hợp""
Đuổi ông thầy thẳng tay ngay và luôn, chứ dạy học như thế thì dạy ai được nữa",0
Đáng nhẽ chứ thầy phải đổi thành chữ thằng từ lâu rồi...,0
"Vãi l thầy 
Thôi tui nói các bác nghe 
Sau này á có con chịu khó cho học đại học ở biên hòa chứ đừng lên TPHCM bỏ 1 đống tiền mà giảng viên như l 
Hiện tại cháu đang học cao đẳng Sonadezi tuy tiền có chút cao nhưng xl giảng viên cực kì nhiệt tình giảng xong còn hỏi lại tụi có hiểu không hiểu cứ lên hỏi thầy cô giảng viên còn nói tụi em nói sai cg được đúng cg được thầy không ăn thịt tụi em đâu  vậy mới là giảng viên chứ chưa kể giảng viên tâm sự  tư vấn cho học sinh cơ  chứ méo phải như giảng viên mấy trường gì gì đó đã đóng tiền măc còn bị chửi",1
Học với ông này dễ cải lộn,1
Cho nó về vườn nuôi gà ra chợ bán ngay lập tức sẽ rất đắc khách,0
Thứ này cũng làm giảng viên hả trời,1
đi tìm face,1
"Hk biết sự việc như thế nào như nghe thắng thầy giáo này mở mồm là đủ hiểu loại gì rồi thiết nghĩ nhà trường mướn loại thấy như vậy, nên cho nghỉ dạy và tặng kèm sách đạo Đức lớp 2 về học lại",0
"Thầy giáo học lại môm đạo Đức đi, hs nói chuyện đang hoàn mà thắng thầy giáo mất dạy, mong Sở Giáo dục lên tiếng",2
Thầy giáo mà đạo đức còn thua đứa con nít lớp mầm rồi tưởng tượng coi rồi học sinh kia không có tai nghe thì sao,1
Giáo viên mà ăn nói kiểu đó là thua,0
"Thầy giáo này mà cũng được dạy hả, quá xem thường người khác, học sinh cũng có nhân quyền chứ. Ỷ làm thầy muốn chà đạp ai cũng được hả, đồ thầy giáo thiếu đạo đức",0
Thầy giáo bị sai chính tả,0
Mayy dạy ăn t ien chu day giùm hả thằng thay giao,1
Đi học đại học tốn bao nhiêu tiền mà gặp ông thầy không có đạo đức,1
Cha thầy Lây bố láo quá nhà trường thuê cha này dạy học làm quái gì đúng là kg đạo Đức để nó day hs bệnh trầm cảm con tôi nuôi khổ cực nếu trúng cha nội này tôi thua đến cùng xem mà bức xúc thật cháu nó nói thật lễ phép vậy đuổi học cháu là thế nào de nghi nhà trường đuoi ong cha nội thầy này dùm,0
thầy giáo mà nói chuyện mất day. hèn gì bj học sinh đánh hoài không bỏ tật,0
Họ sinh thì đầy đủ nhưng thầy thì thiếu máu não thừa máu điên,1
thầy giáo dì vô đạo đức vậy. nghĩ dai mẹ cho rồi. thấy dì mà mắt dai vây,0
Thầy giáo quá láo.gặp t là phụ huynh cho về làm vườn luôn,2
Thầy chưa học môn đạo Đức,1
Giáo  vien vcl,2
Đuổi việc thằng này luôn,1
Ngta bỏ tiền học chứ có CHÙA đâu..trườg xem lại càg sớm,0
Trường này không đuổi việc của giáo viên này thì ngôi trường này nghĩ làm nhà trường luôn đi. Dù có cắt ngắn hay gì nhiêu đó thôi cũng đủ đuổi việc rồi .làm mất hình ảnh giáo viên trong mắt người khác,1
Thầy gì cái thứ này,1
Trời trời .con tôi mà học mà có thay giáo như vậy. Chất tôi đánh nó chết,0
nghe ông thầy nói vậy mà nói cắt ghép không rõ ràng cái gì ? thầy giáo gì mà đạo đức kiểu chợ đen tui không phải sinh viên nghe mà còn thấy sợ luôn chứ nói gì với mấy em sinh viên .,0
Ôi một người thầy mẩu mực tận tâm với nghề  cảm thấy buồn cho nền giáo dục,0
Thầy giáo này không học môn đạo đức,1
"THẦY GIÁO HAY MA GIÁO ĐÂY THẦY GÌ NHƯ DU CÔN, CÔN ĐỒ MẤT DẠY VẬY KO ĐÁNG TÔN TRỌNG ĐỂ KÊU 1 CHỮ THẦY.",2
Em này xin thầy nhắc lại do mưa lớn em không nghe rõ. Mà thầy trả lời cái kiểu khó chấp nhận được.,1
Cho thằng thầy này mất dạy luôn .,0
",thầy bà Gì, thằng thợ dạy",1
"Có cách nào để lấy được full clip tiết học đó không ta ? Mà ổng giải thích kiểu giống như ổng là nạn nhân vậy , tôi thấy cho dù là full clip hay 1 đoạn cắt ngắn của clip đi nữa thì với việc 1 thầy giáo có cách ứng xử và lời nói như thế thì thử hỏi có chấp nhận được không ? Chẳng lẽ không chứng minh theo yêu cầu của thầy thì không phải là ng mà là  học àk mà cần phải mở cam lên đưa thẳng mặt vô khung hình rồi nói cái câu ngớ ngẩn và quá đáng kia để chứng minh là ng à , còn 1 việc nữa là thầy cô lun dạy học sinh là phải bik có trách nhiệm với những việc mình làm và nhất là nếu đã sai thì phải bik nhận lỗi và sửa chữa lỗi lầm .v.v và mây mây , nhưng giờ chắc thầy cô đang thay đổi cách giáo dục thì phải đó là nếu đã sai thì phải nhìn nhận và suy nghĩ cách để....đổ cái sai cho ng khác à ?",0
thầy chơi quá liều à.!,2
ông này làm thầy giáo cũng hay chớ,1
"Làm thầy giáo dạy học là làm thê dạy cho người có kiến thức để người ta làm ra của cải vật chất, học sinh sinh viên cảm ơn người ta gọi mình là thầy vì tôn trọng. Còn ông này không biết truyền đạt gì cho học trò.",0
Ông này giỏi nè. Thầy giáo vui nha.,1
Dug thay mat dại,1
Nghỉ dạy đi.,0
Quá xúc phạm nhân cách học sinh.,2
Tui học ông này chết liền.,0
"Coi chừng ai đó , chứ thầy giáo Việt Nam đâu có vậy",0
Dịch covid làm thế giới này “ đảo lộn rồi”,1
Thây giao này  là con cůa Năm Cam nè..,1
Thay giao hay giang ho vay troi,1
Ko co hoc sinh vay thay dai cho ai sinh vien tra tien luong cho thay do,2
Làm thầy giáo như ông nội ta dậy,0
Mới lụm ông thầy ngoài chợ về dạy đỡ,0
Ở chỗ tui chỉ trời mưa thôi nghe tai phone phải mở to 90-100% thì mới tạm nghe ổn. Chỉ 1 h nghe thôi ù tai dau tai rồi. Thầy giáo như vậy phải đuổi việc,0
Thầy giáo bất tài,2
Đấm vỡ Alo là có thật,0
Thầy này ngày xưa kg được học đạo đức.. rồi,2
Giáo dục đinh hương xhcn,0
Duoi og thay vo dao duk nay di .nc la bit nguoi ntn roi .nho không sinh cac og moi co luog ma an .thay giao l.....,1
Đây là đại ca giang hồ chứ không phải giảng viên yêu cầu nhà trường xem lại,0
Nếu là con. Tôi thì không yên với tôi dau,1
"Một tiếng thây cũng qua ,sa si với thăng này",1
Cái này dạy học hay đi khám bệnh mà hỏi người ta ngộ vậy.,1
Tôi không đồng ý,0
Cho thầy chuyển việc khác ngay lập tức đây là giáo mác chứ không phải giáo viên,0
Thằng thì giáo nầy không được rồi,0
Cuối cùng cũng chỉ nghe câu phê bình rồi rút kinh nghiệm thôi.muôn đời nghe chán,0
To cha thang nay ma la thay ah,1
Đàn em của Phùng xuân nhạ nó vậy mà.,0
Ông thầy này chắc có bệnh cho ổng nghĩ là vừa vậy nhà người ta không có tai nghe thì nghe bằng gì cho học lại sách đao đức đi ngu về đạo đức mà làm thầy chi,0
"Cho e xin lạy thầy , loại thầy như v nữa.về làm vườn, rồi học lại từ mầm non nha",2
Nói gì thì nói mình là người gọi là thầy phải có tư cách đạo đức xã hội . nếu không muốn trò gọi là thầy thì nên đối sang nghề chuyên làm người khác tổn thương. Tâm sao thì ngôn từ vậy.( Cho nghỉ việc),0
"Lúc trước mình đi học toàn ngủ gục. Thầy trưởng khoa phải chọi phấn vô đầu để tỉnh ngủ 
Nhưng chưa bao giờ bị đối xử như thế này",1
Thầy này chắc gần mất giạy,2
Trường lại đi bênh vực thầy rồi,1
"Thang Thay giao mat day  ,toang roi ve nha di Thao giay nha ong noi.",1
Làm vậy là đúng,0
"Thầy giáo này giang hồ nhỉ, không kiên nhẫn thì giảng dạy cái gì? Học nhiều quá nên nói chuyện càng không biết tôn trọng hs,đừng quên cha mẹ họ làm cực khổ để đóng tiền phí mướn thầy giảng cho con họ đấy",1
ong thay nay bi dien tan dung hoc ong thay dien nay nua,1
Đuôi ra lúc học là đã quá rùi.thay gì còn bắt tất cả noi mình có đủ chứ.thầy day như l người ta vậy,0
Chuyện này hết sức bình thường tại các lớp lúc offline. Chẳng qua sinh viên vì điểm số mà nhịn nhục.,1
Nếu tôi là bố thằng bé bị đuổi khỏi lớp tôi sẽ đến gặp thầy và dạy thầy thế nào cho giống dân anh chị,1
"Bỏ tiền ra học mà, Giáo Viên cũng chỉ kiếm tiền từ học sinh thôi. Học sinh không hề đi xin xỏ gì hết , vậy tại sao Giáo Viên lại tỏ ra thái độ trịch thượng vậy.",1
Sinh viên này yêu cầu thầy giảng lại vời lời lẽ rất lịch sự và thành khẩn mà sao thầy lại xử sự rất ư là vô đạo đức thế nhỉ? Thật đáng buồn!!!,0
May bi khung ha thay dai,1
Nói vậy cũng có bằng chứng chỉ dạy học nữa sao,1
"""giận mất khôn""... câu nói này vẫn đúng muon thuở",0
Xúc phạm học sinh nặng nề thầy nghĩ dịch ở nhà lâu quá bị trầm cảm rồi,1
"Tóm lại thầy ở trường nào, để mà né, học phí đóng cũng cao mà học vầy uổng công ba mẹ cần lao cho con ăn học!",0
"Thầy giáo mà ăn nói như vậy thì thuộc cái loại đầu trộm đuôi cướp, lưu manh chợ búa rồi.chớ người đứng lớp thì không ai có thể ích kỷ và ăn nói như kẻ thất học vô đạo đức như vậy",1
Ko làm mà đòi có ăn,0
Kể ra ông thầy ổng nói sinh viên cho đã rồi đuổi khỏi lớp rồi cho vô có nghĩa gì ?,1
Hợp lý,0
"​ @LanNguyenThi-rk4gk nói câu chả liên quan gì lun. Hs trả tiền là để tiếp thu kiến thức, thầy cô cũng được hưởng? Thế thì cả 2 đều có lợi mà chứ đâu ra không làm mà đòi có ăn?",0
Thg thầy này phải gọi là HẾT CỨU,0
​ @LanNguyenThi-rk4gk đi học đóng tiền chứ học chùa éo đâu mà nói vậy?,1
"Xin thầy giảng lại là chăm và siêng lắm rồi mà đối xử tệ ha,về vườn là chắc chắn rồi không nói gì nhiều",0
Đồ thầy giáo mà không có học đạo đức từ trong bụng mẹ lúc mới sinh ra,0
Học online bất cặp đủ thứ mà gặp thầy giáo có tâm quá.Thôi Thầy qua Sở Vệ Sinh làm là hợp lý.,0
Thôi dừng học kiếm thay khác mà học thu thay khung ma hoc lam gì cho hao hoi,1
Mình cũng đã từng đi học .nhưng thầy giáo không có đạo đức như thế này mới thấy,1
Cho ông ấy về nhà cho rồi.,0
Thầy giáo gì đạo đức kém thế..Đuổi ngay và luôn chứ giải thích với biện minh gì nữa.Nghe nhiu đủ hiểu rồi khỏi xác minh!,0
Coi nghe mà qa bức xúc,0
Thay gi ma mat day qua,1
Thay gì ma mắt,1
"Khúc sau nghe mà gai thiệt đúng quá mất dạy, đề nghị đuổi luôn đi!",0
Thay như vậy nên ra khỏi nghe giáo chu học sinh bây giờ ma gặp phải thay giao như trên lo học trò nó không kem chế nó đi từ tội nghiệp no,0
Thầy giáo này cho về vườn là được thầy giáo không có đạo đức,2
Hoc giab mat con không hiu o do on lik nge met sai cui bab lay gi hoc,1
"Clip không full nhưng cách nói với sinh viên vậy ai chấp nhận được. Thầy hiệu trưởng nên cho ông thầy này kiểm điểm. Sinh viên đóng tiền học, nghe không rõ thì nói các e ráng nghe giúp tôi. Hành xử như giang hồ, cho về vườn là vừa",2
Về ăn cám đi thấy ơi,1
thay tao lao,1
Mad rồi,0
Tui mà gặp ông này thì tui tui đi méc mẹ,0
mưa không nghe rõ là bình thường không lẻ ông mưa cả lớp nói ông không nghe ông kick hết à,0
Tôi đề nghị đuổi giáo viên nay khỏi ngành. Cần phải khai trừ những cái loại này ngay,1
"Đi về cuốc đất là  vừa, thầy gì không có  đạo đức, ăn nói thua con nít...",0
Bốn năm đh sao chịu nổi đây trời...bó tay. Áp lực từ học onlai,1
Vậy mong thầy giáo trả lại tiền đóng học phí cho học sinh ngay đi thầy giáo mat day không có đạo đức gì cả,2
"Vô văn hoá ,vô đạo Đức",1
Thầy giáo này mất dạy quá,0
Thầy giáo này mất dạy rồi mà nhà truong vẫn cho đây là sao,0
Nhờ có thầy giáo như vầy mà sinh viên ra trường làm giang hồ nhiều á,2
Thầy giáo mà dạy học không có đạo đức.cho con theo học càng thiêm hư.đề nghị cho thầy nghĩ làm nghề gì nhanh gọn lẹ.khỏi làm thầy.thầy cô dạy học cần sực khiên nhẫn dạy học mới nên người.,2
Ông thầy bị chậm mạch,0
Thầy này coi về sớm đi,1
thây gì chăng bò,1
Má,0
Nhiều lí do,1
Đuổi ổng luôn đi,0
Tiền ông thầy đó ăn. Ổng lãnh là do học phí của các học sinh đóng vào thôi. Và đúng nghĩa thì ổng chỉ là người làm thuê và chúng ta là người trả tiền. Vậy mà ổng tưởng mình là ông nội ngta hay chủ tich gì mà lên mặt. Để làm được nguoi thay giáo tức nhiên là ổng đã được đào tạo chuyên môn cũng như là đạo đức trc khi vào nghành. Mà những gì tôi thấy ở đây thì hoàn toàn không có 2 thứ đó,0
Hài,1
khùng hả,1
Nếu như t nghĩ chưa chắc ông thầy yên,1
Yes,1
@pogger9925  khùng chỗ nào?,1
@diemdiep7721  nếu ông thầy đó dạy kiểu vậy không thành giang hồ đâu chỉ học dốt đi thôi,0
"@pogger9925  sao khùng, bộ ủng hộ ông thầy đó hả",1
"@TiềnRacingBoySatriaFi150  nhanh trí mở bác đa
Gặp tôi tôi đắm mấy phát
Và mở mic nói thầy ơi em quay lại rồi nhá xong rồi mở tiến bịp
Còn đúng cái nịt còn đúng cái nịt lun",0
@rikakigaming711  Cái đó thì nói như trẻ con nó cười mình,0
@rikakigaming711  mình nói thật hù nó thì nó mới sợ,0
@pogger9925  sv bị đuổi học gây tâm lý ức chế dẫn đến ghét và chặn đường đánh ông thầy đó xong nghỉ học lun thế là thành giang hồ..,0
@miyou1617  chưa chắc đánh ông thầy sao thành giang hồ được,1
@miyou1617  chỉ bị đuổi ra khỏi lớp thôi rồi ông hiệu trưởng có nói là cho bạn kia vô lại rồi,0
@miyou1617  với lại chuyện êm xuống rồi bạn đừng có nói là thành giang hồ,0
@miyou1617  Bạn nghĩ sinh viên đại học dễ thành giang hồ lắm hả đừng coi xong rồi bị ảo,0
"@pogger9925  m nghĩ là b đang ảo thì đúng hơn, m chỉ giải thích ý của người cmt kia thôi còn vấn đề ông thầy hay bạn sv đó m chả qt đâu b",0
"@pogger9925  m cũng biết ý b ấy là nói chung và nói quá theo kiểu nửa thật nửa đùa đó b, còn b thì là người đang làm quá sự việc lên đó",0
@miyou1617  Đúng rồi!,0
"Nếu như tui có 1 ông thầy giáo như vậy là mẹ tui chửi ổng từ lâu 
Vì người ta xin đàng hoàng mà ổng còn đuổi ra",0
Quá chuẩn,0
Thay co bao phai luon thanh that may noi that thi bi chui nhu vay this ai dam noi that nua,1
Đúngggg,1
@pogger9925  Không làm giang hồ thì phụ hồ nha,1
"@hoanhtho9665 tui cười tui chết, sao có những người hài thế nhờ",1
"Tinh tình ông thầy đó y chân mẹ tôi lúc khi là em tôi ,tôi đã quay video để báo với cô của em tôi để mẹ tôi hết bị vậy nhìn có khác gì đang hướng nó đến cái ác đâu",0
@pogger9925  Dốt mới thành giang hồ,0
@pogger9925  Dốt thì mới thành giang hồ,1
@bachroblox2k887  chưa chắc,1
@pogger9925 Để tôi vẽ ra luôn nhé dốt=> không nhận thức được đâu là đúng đâu là sai=> làm giang hồ,0
@pogger9925  Logic của một con choá,0
?,1
@bachroblox2k887  giang hồ dốt éo sợ chỉ sợ giang có văn hoá,1
@pogger9925  trẻ trâu,0
@Ba1_937  V,1
@pogger9925  ông thầy đáng ghét,0
Thần này cho chăn bò chứ dạy sv chi vậy .tốn tiền nuôi mấy thần mất dạy.,0
Thầy giáo dạy thiếu đạo đức,2
Đoqn ngắn cũng thấy y thức của thg thầy đó,1
Lương y như từ mẫu. Thầy giáo như mẹ hiền.,1
Xin tên và đĩa chỉ thấy giao đó ă,1
Dừa học song 17h rồi luôn á cô ơiiiii,1
Duoi thay giao nay di cho ong ngi dai luon,1
Gặp tui mà gặp thầy như vầy tui dẹp luôn nghỉ học luôn cho rồi ( học chỉ làm bẩn nhân cách,0
Thầy này chưa học tiểu học,1
"Có 2 đoạn, Đoạn 1 là ổng đuổi Sv kia rồi dạy lại, đoạn thứ 2 là trong lúc dạy có Sv khác bảo không nhớ trong lúc dạy nên ổng mới nói bóp cổ rồi kêu bật cam lên",0
"Xác minh gì hay chưa phản ánh đúng gì! A là thầy cũng là người lớn thì trước tiên cái đạo đức nhà giáo a đặt lên trên hết. "" TIÊN HỌC LỄ HẬU HỌC VĂN"" Câu đúc kết bao nhiêu đời nay. A là thầy mà chữ lễ a đã không xong a không xứng từ thầy. Ko fai t suy đoán 1 phía chỉ việc a trả lời và cho học sinh ra khỏi lớp là đủ thấy a như thế nào rồi. Người ta dạy tiềm học sinh hỏi lại thầy là rất mừng. A thì cư xử như vậy!  Dù ai đúng sai thì có họ mới hiểu. Nhưng trước mắt là cư xử của ông thầy là đã không được rồi!",0
Thầy giáo gì mất đạo Đức rứa mi,0
Duoi viec thay giao nay di,1
Nge ma buc xuc,1
Gặp ở nước ngoài thầy giáo nay khỏi day học luôn .thay giao khung,1
"Đề nghị nhà trường chấn chỉnh lại tư cách đạo đức của ông thầy này, nói chuyện như vậy mà cũng làm thầy được sao ?",1
thầy kiểu này phí tiền học bao năm,1
Cảm thấy thầy có gì đó biến thái trong cách nói chuyện,1
Nếu  ma không  đuôi  có thang khon  nan  thay giao  vo dao duc  thì  dep  me cái  trường  đi  cho ma,1
Hình như học sinh học google meet đúng không,1
Thầy giáo này không bình thường rồi .cho thầy giáo này nghĩ dạy luôn đi.,2
Pó tay cho thằng thầy.,0
Tui nghe nói người học càng cao thì nói chuyện càng có văn hóa.ông này là giảng viên ĐH mà nói chuyện như  dân chợ búa.,1
Tao nghi cai bang thay giao cua no qua,1
Cho về nuôi heo đi,0
"Ông này nói VẬY THÌ LẦN SAU HỌC. ý hù dọa, kì sau rớt đóng tiền học lại.",1
"Nghe không rõ là chuyện bình thường, nếu không có mưa mạng lúc vô lúc không nữa.. Thầy giáo phải có tâm và có tầm chứ. (Quá bức súc)  với thầy giáo này.",0
Thay lol..,1
Đề nghị sở giáo dục xem lại tư cách của thầy giáo này và nên chuyển nghề cho thầy hạp với khả năng của thầy.,0
Thầy ra đi hành nghề đòi nơk thuê đi thầy. Nghề này luôn cần những người như thầy đó. Đồ côn đồ chọn nhầm nghề.,0
Tôi chỉ muốn gào lên “ thầy giáo khốn nạn “ !,0
"Vì đa số học sinh, sv sợ gv đánh rớt mình nên để gv ức hiếp , dạy nói trên trời dưới đất hs, sv cũng câm nín .",1
"Thầy giáo sao phải “ khùng bố “ học trò như thế, làm thế học sinh sẽ sợ mình chăng?",0
Thầy giáo này đúng mất dạy luôn á,0
đuổi nhanh,1
"Một lời nói ra khó mà rút lại. Nên cẩn trọng trong từng cư chỉ, lời nói, hành động của bản thân. Không thôi miệng nói thân chịu vạ lây.",0
Thây giáo  vô đao đức,1
Nghĩ lâu quá không biết làm thầy . giang hồ,2
Nếu năm nay học không được thì sang năm học chứ học online khó học lắm hầu như tất cả hs đều như vậy chứ bgd cho học vầy chẳng tiếp thu được,1
"nhà nước ta và bộ giáo dục cung biết nước ta là nước đang phát triển còn khó khăn, làm như gd nào cũng có điều kiện khả năng cho con ăn học, có nhiều nơi điện còn chưa có vậy mà bộ giáo dục bắt học onlike cho bằng được đúng quá khổ! chưa học thì học việt nam ta là màu mè nhất",0
Cho thag cho thay nghj viec tag them cho no 1 quyen gjao duc cong dan lop 1 de cho no o nha hoc cho nho doi h,0
Ua.không co tai nghe thi sao.đi mua được không .met,1
K có đạo đức giáo dục .....tẩy chay đi,0
Má thấy khó ưa vậy nghỉ dậy đi Thầy ơi,1
Ông thầy này quá đáng thật Thầy đang trao dồi kiến thức cho sinh viên hay trao cục xúc cho sinh viên vậy tiếp tục để thầy dạy như thế này nữa chắc tương lai đi đâu cũng thấy toàn Cục Xúc,2
"Thầy về vườn được rồi, chúc mừng thầy,",2
Ông Thầy mà đọc hết bình luận chắc bỏ nghề dạy học luôn quá.,0
Thầy này gần nhà tao là vui lắm hả.. thầy hay giang hồ vậy,1
Đúng là giang hồ mà cho làm thầy giáo bị nhầm,0
Thầy giáo đag chơi đồ hơi ngáo tý sv thôg cảm,2
"Hoi ly do tai sao nen giao duc vn không tien bo duoc,can dieu tra lam ro de cho tat ca nguoi dan ca nuoc hieu được su viec ntn de sau nay ho con su lua chon ve"" Truong"" va ""Thay "" cho com em minh theo duoi chuyen hoc.",1
"Xin loi cac a e cong dong, thang thay nay nhu vay ma con de cho no đứng lop day nua à, nha truong nay phai xem lai, neu con de cho thang thay nay con đưng lop day, thai do gay gat nhu vay hoc sinh nao tiep thu bai duoc , bi ap luc wa sao tiep thu duoc, xin loi cac a e nhe khi toi keu ong nay = thang thay",1
Thầy giáo dạy không có tâm nên kĩ Luật để phụ huynh an tâm,0
Chất thầy tốt nghiệp siêu phạm không.học môn đạo đức..,1
Thái độ như thế này mà làm thầy giáo à,0
"Thầy giải thích như z ai tin ???
Khi 1 hs nói không hiểu hay không nghe thì thầy là thầy phải có trách nhiệm dạy lại chứ học onl nó đã khó hiểu hơn ở lớp rồi",0
Thần  nay mất  đao  đức  .Dung cho no day,0
Loại thầy này đuổi za khỏi ngành ngay va luôn thầy hay thằng,1
"Mong ban giám hiệu nhà trường vào cuộc thôi.chứ thầy giáo gì ,làm thầy mà không có đạo đức.thế làm sao mà dạy.",0
Toi biet thang thay giao nay roi,1
Nghe mùi có người sắp bị đuổi việc,1
"Ông thầy mất dạy nhất Việt Nam là đây 
Tôi thật sự phẩn nộ !",0
Thầy mất dạy,2
Thay không co dao duc day ai được,0
Cho ông nghi.lun di,0
Xem video này nhớ lại hồi xưa đi học toàn học những ông thầy lưu manh.,0
ÔNG THẦY ĐÓ NGHỈ LUÔM ĐI CHỨ DẠY LÀM GÌ NỮA,0
Hi.giám làm không giám ciu,1
Nếu kg xứ ly dieu tra rõ ràng để xử Lý thì mất hết long tin voi ngành Giao duc.nếu thật sự có chuyện thế này thì thế hệ con em chung ta sẽ ra sao khi tiếp xúc với  ngành dao duc như vậy.mong các ngành chúc nang dieu tra xứ ly rõ rang,1
Thầy giáo tồi,2
Giảng Viên gì mất dạy quá vậy!!,1
Thầy giáo nc...nghe mà không có đạo đức nghề nghiệp.,0
Thầy giáo O đạo đức  sở giáo dục đuổi ra khỏi ngành giáo dục đi..,0
Căng thẳng tí đôi bên thôi không nên làm quá,0
Trò hề..,0
nói mẹ gì. canh đi đường dạy cho thầy bài học. và mời thầy uống cafe roi cho nghe lai đoan clip. hoi thay noi z chuẩn chưa. dám trả lời mới lạ,2
"Cho thây vê quê, nhương chô cho ngươi khac co tâm co đưc hơn",0
Thầy mẹ gì . Thầy bắt ma thì được,2
Đuổi việc thằng thầy giáo này mới đúng,2
Giang hồ đi day học,1
Lưu manh côn đồ chứ Thầy gì loại này  ! Ngành giáo dục mấy năm gần đây nhiều lưu manh giả danh Thầy Cô quá  ! Không biết thế hệ tương lai sẽ ra sao nếu cứ được gặp các thầy cô giáo loại này  !,2
Thầy như ông nội nhà người ta. Đây như ông nội chợ cầu muối chứ thầy gì.,0
Cho ong thây giáo dó nghỉ dạy học nge bà con a chi thầy cho,0
Thầy giáo mà ăn nói vậy đuổi khỏi ngành giáo dục luôn đi,0
Đề nghị Bộ giáo dục vào cuộc,0
Đề nghị chính quyền xem lại đạo đức của ông thầy này ...nghe mà mất dạy như kẻ  bụi đời,0
M có người còn kg có điều kiện  học.,1
Thầy này nên về học lại và cho anh ta về chạy xe ôm ..Thầy gioá ăn nói giống ăn cướp và bụi đời .nghe mà tức .,1
"29 ""anh này tui không nghe gì cả đi ra khỏi lớp"". Vậy đáng lẽ thầy mới là người xác định lại tai nghe của mình",1
Tốn tiền để ghe thầy chửi,1
"Nên đuổi ông thầy nầy ra khỏi lớp thay vì đuổi học sinh, sinh viên. Đề nghị ngành giáo dục nhân đại nạn covis làm lộ diện những con người vô lương tâm như ông này,  đào thải để ngành gd có những vị thầy cô đạo đức yêu nghề. Trong thời điểm hiện tại chúng ta không thiếu nhân sự như lúc đất nước mới giải phóng. Cá nhân ông nầy cũng nên tự xin ra khỏi ngành, bởi vì trong mắt học sinh, sv ông không còn là vị thầy đáng kính, đừng trách hs, sv không tôn sư trọng đạo.",0
Thầy mất - dạy,2
Khong sưng dại hoc,1
Thầy  như vay thi lam gi co tro giỏi được..,1
Ở Canada nè hôm tuyên thệ vào quốc tịch online cũng khó nghe chứ đâu có dễ nghe đâu...,1
Cũng phải thông cảm cho thầy vì có lẽ thiết bị không đúng chuẩn mà một lần nhiều người học chứ đâu phải một hai người... học trò chứ đâu phải ông nội... tôi ủng hộ thầy giáo... cứ chiều mấy thằng hs quá nó muốn lên làm thầy luôn,0
"Ô thầy này sao mất dạy quá vậy trời. Cho  nghỉ dạy luôn đi, đồ tâm thần mà cũng đi dạy là sao? HS không nghe rõ nên mới yêu cầu giảng lại chứ e nó nghe rõ sao yêu cầu chi. Tôi cũng là GV nghe mà bức xúc",0
Ừ đúng rồi hợp lý,0
"Bạn SV này còn chịu khó học
Chứ t là t muốn ngủ rồi",0
@diwhiwkiwjiw  tui là vừa ngủ vừa học luôn sợ gì,0
@diwhiwkiwjiw  chỉ sợ ng nhà la thôi,0
Không lẻ qua nhà ổng rống vô lỗ tai ổng mới chịu hay sao ấy,1
@uoa9232  róng ổng mới nghe,1
Ông thầy giáo gì vậy,0
"ông hiểu trưởng : giờ tôi đuổi việc a nha, loại thầy như a không xứng để dạy học sinh",1
Đây là giáo viên ư?,2
Thằng thầy giáo mất hết phẩm chất của một người thầy,2
Thầy này không phải học. Thầy bảo đi ngủ là đúng rồi.,0
Bắt nó cũng phải nói như vật trên mạng. Yêu cầu các sao.v không học tiết do ng này dạy.tẩy chay ngay và luôn .,0
Học onl đã khó khăn với mấy bạn trẻ rồi. Gập thời của tôi 10 năm trước mà như thế ông thầy này chắc chắn bị ăn đá xanh.,0
"Thầy giáo mà bắt sinh viên phải nói câu đủ mắt mũi miệng, thì thầy giáo đó vứt sọt rác đi chứ. Bên kia mưa to nghe rõ v mà, ông thầy này có đáng làm thầy giáo hay không, hay làm cho sinh viên nãn thêm. Ông đó biết nói câu tôi không nghe rõ mà nói vậy thì thua rồi. Thế nào cũng bị đì cho coi",0
Học  vẹt đi còn hơn .,1
Dạy thì phải giảng chứ kg giảng được thì nghỉ đi nhé .thầy giáo quá láo đã khổ rồi mà còn làm cho người ta khổ nữa .nghỉ dạy đi cho khỏe nhé thầy ơi .,0
Vậy không đủ đạo đức để đi dạy...,1
Thái độ đó mà thầy giáo gì nói chuyện như người thất học dậy,0
Cho tao cai địa chi cua cai thang thay giao do di tai sao co lip nay ma không co địa chi thằng do de cho no 1tran,0
Cười ỉa,2
Thầy giáo này quá đáng,2
"Thời buổi này học là tự thân các bác ạ,  đến trường rủi ro cao lắm.",0
Cần phải có chế tài xử phạt hành vi của thầy giáo này,1
"Không chê ai, nhưng một bộ phận thầy cô bây giờ không có tâm với học sinh.họ chỉ vì cái lợi ích riêng của mình để làm đủ mọi chuyện ngoài cái tâm của một người thầy.Sinh viên, học sinh bỏ học là điều rất dễ hiểu.một ngày nào đó nhà nước không chấn chỉnh thì có lẽ chỉ còn người có tiền mới ở lại học, còn người nghèo chắc sẽ bỏ học hết.một thời quan thầy thầy của pháp mà",2
Trường học sao lại có thổ phỉ dậy các e học sinh đáng buồn có thầy như vậy,1
"Thầy hiệu trưởng:a nói xem tại sao a lại làm v
Thầy:chả lời
Thầy hiệu trưởng:cái gì tui nghe không rõ ra khỏi đây nhá",1
Em ấy xin Thầy nghe tình cảm thể mà.,0
"Thầy hiệu trưởng kêu ổng anh nói cho tui nghe câu em không nghe rõ ik
Ông thầy:em không nghe rõ
Hiệu trưởng:em không nghe rõ thì ra khỏi trường không cần dạy học nx",1
Sai rồi nha học sinh đăng video này phải xin lỗi lại thầy giáo đấy thầy giáo chả bị sao,1
@thinhltgaming262  cmt vui thôi đừng nghiêm túc thế a bạn,1
@thinhltgaming262  thằng học sinh đó ghét ông thầy cho nên mới đăng đó,0
Good,1
Mất dạy,0
@ChayBeGX  chắc ông thầy nghỉ dạy,0
Ông thầy này đúng là người mất dạy.,0
@quocbaocao6925  mất dạy thiệt á,0
Dung la ban co khac,1
@sieunhanxanh4208  nghỉ đâu nhà trường bắt học sinh này xin lỗi lại thầy giáo ấy chứ,1
@thinhltgaming262  ok,1
@Ly Nhạt Vc ! Thông cảm mình học kém môn chính tả hiệu hay hiểu thì cũng là hiễu,1
@Ly Nhạt Vc ! là ông không hieu,0
@LongLe-yv1bo  lô,1
nếu đó là mình thì mình chưởi thẳng mặt ông thầy,0
@thiennhantruong143,1
ôg thầy said : tôi sai cho tôi đi lại,1
loại ông thầy này là phải đuổi việc liền không dạy nữa,0
Like 665 không đẹp like thêm cái cho đẹp,2
@loc_bt_mua_nak5485  tks luôn,0
Ông này cũng đi chân lạnh toát rồi thằng học sinh không cần phải xin lỗi gì mà ông thầy còn phải xin lỗi ngược lại,0
Đã đúng lại còn nói to,0
Đỉnh,1
Thầy giáo nay cho đi học lại lớp 1 và đạo Đức là vừa,2
Hang này bị điện giật khung chu thầy giáo gì tuyển những hang như vậy làm hư con người ta sa thải nó đi.,1
Thầy này chắc không đủ để dạy sinh viên rồi.phải chấn chỉnh lại tác phong ngôn ngữ khi dạy sinh viên.cần phải xác minh lại kẻo ảnh hưởng đến nhà trường và sinh viên,0
Thầy giáo gì không có một miếng đạo đức gì hết vậy,1
cẫu đầu trãm...hết,1
Loại thầy này đạy cho học sinh vậy . thì bảo sao đạo đức khi ra trường học sinh Sinh viên không bằng máy thằng thất học ngoại chợ. Thầy này đạo đức còn thua xa máy thằng trẻ trâu xâm mình,1
Ong thay  nay co an hoc ma noi chuyen voi  hoc sinh vo hoc va luu dan  qua biet ong  thay o ngoai cho ong an dap qua....,1
Cho ong thay nghi di la vua.da la thay ma không co tam thi con lam thay de day ai day,0
Thầy giáo mà không có học thức..,2
Tôi thấy thầy giáo này tâm trạng không được bình thường cho thầy về hưu sớm đi ạ .,2
Ông thầy nói chuyện nghe mất dạy thật,0
thang thay nay an noi mat day qua de nghi bo gia duc xem lai ma xu ly thich dang.t.hang thay no noi chuyen nhu vay voi ba ma no quen roi,0
Ông thầy giáo này thê nào thê,0
Ai ủng hộ cho ông này về vườn thì lên tiếng cho học sinh đi ạ,0
Sinh viên hiền . sinh viên thời mình kiểu đó nó đập cho khỏi đi dạy luôn . thà nghĩ học cho 1 trận nhừ tử ông thầy giáo,2
"Học online sẽ có vài bất cập. Thầy trò cùng cố gắng cùng nhau khắc phục. Trò nên đeo tai nghe, thầy cũng phải làm sao cho sv tiếp thu được bài giảng. SV có đóng học phí mà.",0
Giờ thầy giáo hong hách nhiều quá,2
Thầy giáo kiểu này học sinh nó không học thì thầy dạy ai đi bốc phần bo đi,2
Thấy giáo kk cười ỉa,2
Nếu trời mưa to không nghe rõ thì đâu cần phải đuổi thẳng ra khỏi lớp online nhỉ? Ông này đáng bị K.O ra khỏi trường thì hơn,1
Là tui tui đấm vào mặt og rồi nhìn cách nói của og thấy ghét,0
"@letrungnghia9202  biết là ổng làm không đúng, nhưng bạn có cần phải nói quá vậy không?  phải sử dụng nấm đấm để giải quyết hả?",0
thầy vậy ai học thầy gì kì cục,1
Tui đồng ý....,0
Tui cũng vậy,1
"E đi xa quáa , e đi xa anh qáaaa",0
@concainit837  tôi đồng ý với ý kiến của bạn,1
Ae thông cảm ông này mới đi từ bệnh viện tâm thần ra !,0
Loại này là phải cho bay màu,0
"nghe thầy nói mà búc xúc thật,nghe giọng thì có vẻ ngọt ngào đấy chứ,đúng là có học mà không có đức,",0
@jayden10125  ừ đấm vì lời nói không giải quyết được thì nấm đấm giải quyêtd,1
"Theo như mình bình thường theo điều luật thứ bao nhiêu 
Học sinh có quyền được nói giao viên của mình giảng lại khi không nghe rõ",1
@letrungnghia9202  OK,1
@jayden10125  gặp tao là tao xiên luôn,1
@concainit837  OK,1
Rất hợp lí,0
"Co ong thay day noi chuyen da doi nua, thay hoi : e hieu không?  Da, e không hieu thay giang lai giup e, zay ma ong thay keu day ma không hieu thoi nghi luon cho roi",0
Gặp tui là tui đấm cho cái,0
R x lên trường ns cho ổng nghỉ việc luôn md riết quen,0
@minhanhtran2629  trời đang mưa to . Nhưng thằng thầy giáo lại nghe rõ vợ nó đang được anh thợ sửa ông nước cho đánh vần à a ớ,0
Ko ai dơ tay!,0
@concainit837  đúng rồi!!,0
"@heartblood2106  Bên tui đang mưa đây nè, vì miền Bắc sắp đón gió lạnh....",1
Ông này về nghỉ đi há. Tôi nghe ông nói không lọt tai đấy,0
Ông này đừng gọi là thầy mà hãy gọi là không.o có đạo đức nha mn,1
Học sinh không nên nói mà kêu quay cho thầy hiệu trưởng,0
@concainit837  bao che nhau cả thôi bạn không đuổi được ông ý đâu ai mà đăng clip là ăn đủ luôn,0
"""Không thầy đố mày làm nên""",0
Về quê đi ông thầy.,1
"1 like vì ý kiến này của bác, nếu có nút triệu like tôi sẵn sàng nhấn thay vì chỉ nhất 1 like",1
"Bn tui trả lời sai không Bt Sao bị ông thầy kích Lun tức á, không thấy giao viên nào như vậy",1
Tôi là người dân quê....quá bức xúc với cách hành xử của ông này...đây phài thầy...đây là lời của kẻ vô học và vô tâm...Tội nghiêp mấy đứa nhỏ,0
Em ủng hộ,1
Đề nghị thầy hiệu trưởng kể từ lúc này cho thầy ra khỏi trường khỏi biện minh gì cả,1
"Học sinh,sinh viên đi học là để trâu dồi kiến thức mà thầy giáo thế này là thôi",0
@letrungnghia9202   đúng tui đồng tình,0
@SpeedLoveDC,1
ĐUỔI VIỆC,1
ĐUỔI THẦY,2
ĐUỔI THẦY,2
THẦY NÊN ĐI LÀM NGHỀ KHÁC ĐI,1
THẦY KHÔNG ĐỦ TRÌNH,1
@concainit837  uk,1
Tớ ủng hộ ông thầy về quê làm vườn,1
Thong cam ong thay bi tam than voi diec nen cac ban thong cam,1
Ông thầy không có đạo đức,0
@minhanhtran2629  chuan day ban,1
@letrungnghia9202  không nên,1
@concainit837  hiệu trưởng vậy bỏ m cái trường đi bạn ơi làm hiệu trưởng chi không biết suy nghĩ hở cái đuổi khỏi trường,1
Tui,0
@letrungnghia9202  dù gì thầy cũng lớn tuổi hơn bạn mà bạn nói thế ngta sẽ nói là ng không có đạo đức đấy,0
ừ cho ngồi trong nhà đá ( nhà tù ),1
@duongphan2629  nói vậy là sao,1
@SpeedLoveDC  nói chuyện không có đạo đức,1
@thanhphuongbui7574  xin vào đầu bạn hả hài,1
@quanhuy5395  ò,1
@quanhuy5395  tui đùa tý mà bạn nói tui vậy đấy,0
@quanhuy5395  rồi rồi bạn là nhất,0
@quanhuy5395  tui nghĩ bạn cũng là 1 người nói chuyện không có đạo đức,0
@quanhuy5395  tui khuyên bạn là đừng nên đánh giá người khác như vậy,1
@quanhuy5395  giờ tui nói vậy đó bạn chấp nhận được không,1
@SpeedLoveDC  sao bạn biết chỉ cách mình với làm sao biết người khác là nhất,1
@quanhuy5395  ôi thôi bạn đừng đánh trống lãng,1
@quanhuy5395  tui không phải là 1 người thích gây sự,0
@quanhuy5395  nhưng do bạn nói tui trước nên tui cũng phải nói lại,0
"@quanhuy5395  thôi vậy là được rồi, tui không muốn làm lớn chuyện lên đâu. Do tui thấy ông thầy làm vậy với học sinh nên tui đã rất bức xúc và nói ra những lời lẻ không hay nên mong bạn thông cảm",0
Ông thầy phải bị đuổi ra khỏi trường,1
@minhanhtran2629  đúng đó,0
Trời mưa to quá thì giảng lại làm gì phải đuổi thằng nhỉ ra,0
@ Còn cái nịt tui đồng ý với bạn,0
thầy gi ma khó vậy trời,2
@minhanhtran2629  đúng,0
Ông thầy lớp tôi cũng hãm nhưng chưa đến mức như ông này,1
Tôi,1
ok,1
@thanhphuongbui7574  gặp phải mink là mink tán cho bay màu luôn mink mới hắc hóa xong,0
"@florentino6788  lúc mà học oline cô kêu bật came để chụp màn hình gửi cho nhà trường mà cô lẩm bẩm chụp kiểu gì ý nhỉ "" quê chữ ê kéo dài""",1
Nghe hết phim chưa,1
"Thầy thế này mà đi dạy, nói chuyện nghe quạo thiệt sự",0
@minhDangnek  xem hết chz,0
Ông này pay khỏi trường chưa vậy mn ?,1
Gửi cái clip này cho hiệu trưởng. Bộ giáo dục. Dẹp cái bằng ông thầy này.,0
"@minhanhtran2629  thật, thế mà chả hiểu sao nhà trg vẫn để cho ổng dậy. Có mỗi cái việc không nghe rõ nhờ giảng lại mà cũng căng.Xong rồi nhỡ lúc sau hỏi xong không trl được thì lại bảo là không tập trung, mình cũng gặp phải trg hợp này rồi nên mình hiểu ( có điều là không bị kick).",0
@letrungnghia9202  rồi og kiểu sợ quá cơ,0
@SpeedLoveDC  hảo,1
Bạn tôi trời mưa to bảo cô giảng lại luôn,1
Mik,1
"Thầy giáo mà vậy là tui cho về vườn rồi , ông này ổng bị bệnh rảnh quá xong bị khùng rồi . Tốt nhất là nên cho về vườn sớm đi .",0
Tui mà là hiệu trưởng là xin mời cút ngay và luôn .,0
Ông thầy kiểu gì mà kì cục mà nhìn thấy đấm vào mặt mấy phát rồi,0
@jayden10125  tui /kill ổng,0
Anh họ mình càng lên học cao thì càng gặp mấy thầy giáo kiểu này,1
Đi theo thầy lộc đi phụ hồ đi,1
Nếu là tui đuổi việc og này,0
Ủng hộ !!!!!!!,1
@jayden10125  ừ,1
Đại học chứ cao đẳng là ổng xong r,0
"@letrungnghia9202  phải đó
Dù là hs nhưng cũng là con ng",0
"@jayden10125  mình bình thường nhưng hs cũng là ng mà
Mik không cs ý chửi bạn nhưng ôg thầy quá khắt khe rồi",0
@SpeedLoveDC  yes,1
@letrungnghia9202  Rồi đấm đi tao báo cảnh sát,0
Mua to thi giang lai cho sv chu không nen duoi ra khoi l,1
Đuổi đi,1
Ông này cho về vườn lun,0
"Đừng vì 1 đoạn clip mà đánh giá nhân phẩm người ta chứ . Ông thầy làm giảng viên ít cũng phải hàm thạc sĩ , 1 nhân tài vùi học hơn 20 năm . Làm việc tốt hơn 20 năm không bằng 1 phút bốc đồng . Ổng cũng chả chửi bới , đe dọa hay xúc phạm gì ai cả . Ổng chỉ hăng say giảng dạy và chợt nhận ra mình nãy giờ đang diễn vai hề cho học sinh xem .Lòng tự trọng bị xúc phạm , nhất thời nóng giận . Học sinh có thể phản ánh nhà trường , giáo viên tiếp thu và sửa sai .  Sao mọi  không đón nhận sự việc 1 cách bao dung và văn minh nhỉ!!.",2
Thế thì tốt cho ông ấy tự nhiên châu đủ tuổi mà đã có lương hưu,0
Ong đosai mà con binh,0
thầy gì khó tính khó ở quá,0
Thầy này chắc phải bị sa thải nghề nhà giáo có lẽ là đuổi mẹ việc ông thầy này các bác trai ạ.,0
​ @thanhphuongbui7574,1
"Trời ơi! không nghe thì giảng lại có mất gì đâu ông bà ta cũng từng nói rồi  :""lời nói không mất tiền mua, lựa lời mà nói cho vừa lòng nhau"" chứ mắc mớ gì nói ngta rồi kick ra khỏi lớp.t mà gặp v là t out luôn khỏi cần ổng nói mn  thấy đúng không",0
@meomiucuteUvU Cho anh hỏi giùm tỉnh Thừa Thiên Huế thuộc vùng Duyên hải Nam Trung Bộ hau Bắc Trung Bộ em? Thanks em nhìu!,1
@tvfm_dhh thk như quái vật,1
​ @letrungnghia9202 mà đang học online mà đâu chắc biết nhà ổng đâu tội cái màn hình nữa,0
vẫn còn vườn để về á?????,0
"@letrungnghia9202  tr xời đấm thử tao xem,được mới lạ à",0
Thầy này bị đuổi là vừa .,0
​ @jayden10125  XH là vậy đó,1
Như tui là tui tự rời luôn chứ học gì nữa,0
Ông thầy vô lý cực,0
@Loan Kim col li co lọt tiếng việt hộ,1
"Năm đóng cả bộn tiền không cái này cũng cái kia chốt thế này cho nhanh không có học sinh , thầy cô Mất Dạy",1
@thien3856  co li là có lí,0
@AnhBa19283  thấy phần dịch ra từ chi chi tưởng tiếng nc ngoài,0
@thien3856,1
Dạy để tiếp thu không hiểu không rõ hỏi or nếu không giảng lại vì một số lí do nào đó cũng có thể nói sv học wa ytb cũng được mà,0
Bảo trò nên đeo tai nghe nhưng chắc gì trò đã có tai nghe để đeo với lại cái việc mà trò hỏi giảng lại bài nó là việc tốt chứ có gì đâu mà phải làm vậy,0
"Dọa hay nhắc nhở cho vô lại cái gì không quan trọng cư xử vậy là không đúng nội việc kick cả 2 nick ra kia đã là không được rồi còn bắt các sinh viên khác nói :""tôi là ng văn A... có đầy đủ các giác quan""là thấy xúc phạm sinh viên rồi bộ họ khoing phải người hay gì mà bắt nói như vậy",0
Ông thây cho,0
Đờ Mờ... vậy cung xưng thầy giáo??? Vậy trên lớp kêu giản lại chắc no bắt đứng lên dọc trước lớp qa???,0
Ko đủ tư cách làm thầy,1
"Là thầy người ta có ăn học hơn, hơn cái bằng cấp và văn hoá mới dạy cho con người ta. Có lữa mới có khói, Người thầy thật sự dễ mến thì không người trò nào, dù quậy phá củng không nói xấu bôi nhọ thầy mình",2
Coi chừng thằng xe ôm đó. Thầy giáo cha mẹ nó cho ăn học đàng hoàng mà. Đâu có ăn nói mất dậy như vậy.,0
Thầy mất dạy quá,0
"Ai trả lương cho mấy thằng thầy hóng hách nầy vậy ,thầy nầy gần mất dạy",2
Thầy mà nc gì kì vậy.,0
"Đủ mắt, tai, miệng nhưng não bị khiếm khuyết (đó là Thầy giáo)",0
"Uổng thay đàn khải tay trâu à,anh nói tôi không hiểu và không nghe được vậy ai là trâu ,con cháu của tôi cũng đang học nhưng chất lượng mạng kém vậy tín sao,tại nghèo mua máy kém chất lượng,ôi cảnh đời",1
ông thầy mất dạy,0
Đuổi  thẳng  cổ  ông  thầy  không  có  đạo  đức  nghề nghiệp  giáo  viên,1
Đuổi việc ông thầy đó đi,0
Phân biệt sv không thể chấp nhận,0
"Thời bây giờ thầy cô kiểu gì không hiểu nổi,chủ yếu lãnh lương thôi,đạo đức xuống cấp....",0
Khỏi đi giảng viên như vậy dạy được ai chứ giảng viên như vậy để làm ô uế ngành giáo dục thôi,0
Thầy giáo bố đời,2
"Người thầy này không đủ nhân cách và đạo đức của một người thầy, thầy nên làm công việc khác đi không phù hợp với nghề nhà giáo đâu. Đúng là đáng buồn.",0
Nguoi ta hoc dong tien dau phai hoc mieng phi dau ma thai do nhu vay không co sv thi thay giao lam sau nhi,1
Em là tân sinh viên mà xem clip này áp lực thật sự!!!,0
Thầy giáo dở hơi,2
Thôi đi về làm vườn đi thay ơi,1
Nghe mà tức quá,0
Thầy gì kỳ vậy   khg có đạo đức làm thầy làm gì,1
Thằng thầy láu cá nhất năm  dịch quá thằng thầy lên cơn  đề nghị bộ giáo dục cho nó về hưu sớm,0
tui noi thiet cho hoc lui lai 1 nam dau co bi gi  phai thong cam cho cac em chu. co khi kg co tai phon nua  bay gio ai mo cua de mua. tuong ai cung giau sao. dep me nua di.,0
Gặp tao lên mưa gió gì tao tới nhà ổng  xúc liền,0
Thầy ăn nói như chợ búa,1
Từ tuổi thầy giáo này nó nói chuyện có một kiểu bố láo bố lếu,1
Nhận lương nhà nước mà dậy như vậy,1
Thầy giáo vô đạo đức,2
Nếu  thầy giáo  này  như  thế  kg  nên  dạy  học  sinh học  trên  onlai nữa kg  xứng đáng  một  nhà  giáo  tôi  nghe  tiếng  nói  của  ông  thầy  giáo  tôi rất  bức  xúc,0
làm thầy giáo mà kg có tâm đứt,0
"Trời ơi coi mà muốn khai trừ thằng thầy này ra khỏi trần gian này ghê. Thầy giáo đó hả trời? Sở giáo dục, Bộ giáo dục còn tồn tại không trời? Thằng này mà còn dạy hoc tui cho con tui mù chữ luôn chứ học chi nữa.",0
thầy ở đâu vậy mạng yểu rồi sao thầy nghĩ day đi thầy 0 có  tâm 0 đạo đức,1
Hên cho thằng thầy này anh nghĩ học sớm,1
HCMUTE mà tưởng HCMUT luôn á,0
thế bây giờ bạn thấy sinh viên có ra dáng vẻ học không? lớp mà lơ đảng thì gv cux lơ lun chứ giảng gì nổi,1
Thằng thầy này bị ngáo quyền lực.,0
"Cho nghỉ học là thầy mất dạy thế thôi. Nhờ học sinh, sinh viên thầy mới có cái nhét vào mồm đó.",0
Dạy học mà không có tiền nên mới vậy  gặp tao xin thầy cái địa chỉ,1
Người không đủ các giác quan chắc chắn sẽ không gặp thầy khùng rồi,2
Phụ huynh đóng tiền để cho con mình học chứ o phải để ông thày giáo đuổi ra o cho học tiền dùng trả lương cho thầy thì thầy làm đúng chức năng đi,0
còn để người này dạy cho sinh viên thì đảm bảo thế hệ sao này sẽ phát ngôn như vậy thì còn dạy ai không xứng gọi là giảng viên đại học,1
Thầy giáo giang hồ,2
Thầy mất dạy,2
Vây thây nghi day đi em nghi hoc,1
day không duoc thi nghy may de tao day cho,1
"Thầy giáo zì kì cục ""cẹo"" vậy.
""Mày"" chứ thầy gì",2
Khách hàng là thượng đế !,0
Trời...ông thầy này cho nghỉ dạy đi,0
Thầy dạy đạo đức mà không có chút đạo đức,0
cho thay giao ve nha nghy luon di,1
"Thầy giáo kiểu gì kỳ vậy trời, ăn nói khó nghe.",0
Không có luong tâm người thầy. Tôi cũng là  giáo viên (3 doi) mà trong nhà tôi không có ai doi với học  sinh như vậy. Cho dù em ấy có lo ra cứ giằng lại rồi khuyến cáo sau.. lý đâu nói từ ngữ khó nghe như thế. . Cho dù clip đã bị cắt ghép đi nữa nhưng với 1 nam sinh đủ lớn như vậy là quá đáng.. Mùa này mưa gió mà đường truyền noi này khác nói kia khác. Học bình thường đã khó học online đau phải lúc nào cũng nghe rõ.. Thầy giáo nên kiểm điểm ngôn từ của chính mình ....,0
Thầy gì NC nghe thấy sợ. Tui không hocz mà nghe ám ảnh quá. Tâm lý nào học nổi,0
Thầy giáo mà làm giọng ông nội vậy,0
Ôi thầy gì kỳ vậy. Thầy về hưu sơm đi thầy ơi,2
"Cháu mình cũng vậy đang học thì không nghe hỏi, bị kích ra ngoài luôn không cho học",1
Thầy giáo mà kg có tình ng.,0
Thay giao ky vay,1
Thương học sinh này quá,2
"Duoi thang ra khoi nghanh lap tuc,giao vien ma thai do thi thua roi.",1
Thay giao nay 0 co dao duc,1
thầy giáo đấy nha .có khát dang hồ đâu trợi,2
Tôi mà có con không cho học thầy đó luôn..,0
Thầy giáo đối với em sinh không thể chấp nhận được cần phải,0
Thầy mo rồi !!! Chonongr về luôn cho rồi !!!,0
À để thầy lấy dây kinh nghiệm ra rút ạ,1
Thầy nói chuyện với  học nghe thấy nghét,1
Thầy giáo còn mất dạy như vậy làm sao dạy được học sinh,1
Thầy giáo mà tui tưởng người vô học chứ,2
"Thằng thầy  giáo chết dịch.
Bộ giáo dục phải xem xét lại những giáo viên như thế này.",0
Thầy giáo mà coi thường và mạt thi sinh viên như vậy thì còn dạy ai được nữa. Nên cho nghỉ dạy luôn vì không có tư cách đứng trên bục giảng.,0
Ông nầy có dẫn đề rồi,0
Cạn lời với thầy này luôn,1
Thoi rồi giáo mác thoi thay giao khôn nạn bởi vậy thay giáo hoặc co giáo ra khỏi cổng bị đập là phải,0
Là nhà giáo phải có tài và Đức nếu có tài mà không có Đức thì cũng như không,0
Chia sẻ cho chính phủ nhà nước á chứ kiểu như vậy là không được rồi..nhà nước chính phủ đã đưa ra việc nầy mà  ..,0
Thầy giáo giảng không nghe.học sinh yêu cầu thầy giảng lại.mà ăn nói với học trò kì vậy .hồi nhỏ thầy ngu thầy dốt mới đi học.còn e cũn vậy.thầy giáo mất dạy vậy mà dạy ai,2
Cho ông thầy về quê cắm câu,2
nguoi thay không nen lam thay ma nen ra cho hay phu ho thi hop hon,1
Trời Thầy ác vậy,2
Tôi có con học ngành này lớp này ...thì cho con ngi ...không cho thầy này dạy nữa,0
Dịch bệnh đã khổ  rồi  . Giờ  gặp  ông thầy  này  lại thêm khổ,0
Ôi cái thằng thầy,1
Cho thấy mất dai luôn .con em học đa khó khăn con gặp thầy giáo cho nữa .,0
Nghe mà lôn ruột,0
"Thầy giáo là một giáo viên mang trên mình sứ mệnh giáo dục. Là nền tảng quan trọng nhất để giáo dục nhân cách con người. Là nền tảng văn hóa nước nhà của một quốc gia. Là người truyền tải kiến thức cho học trò. Là người phải làm gương về ứng xử lễ nghĩa và đạo đức, nhân cách của một nghề mà được cả một quốc gia tôn vinh lên bậc cao quý nhất, đáng được tôn trọng nhất và đặt cho ngôn xưng cao nhất là Thầy. Là người làm sứ mệnh 100 năm trồng người cho đất nước. Một khi đã lựa chọn nghề cao quý này thì hãy nghĩ đến việc. Dù cuộc đời mình không sống đến 100 tuổi, dù còn đang trên bục giảng hay đã về hưu. Thì cũng hãy sống gương mẫu, cống hiến giáo dục văn hóa, văn minh hết cả cuộc đời mình cho ngành giáo dục nói riêng và nhân cách của một con người nói chung. Chứ không phải làm thầy, làm cô là có quyền lực trong lớp với học trò của mình, rồi lợi dụng quyền hạn áp đặt học trò của mình theo tư tưởng cá nhân không vừa ý là phát ngôn nặng nề, xúc phạm rồi cắt tiết, trục học trò ra khỏi lớp với lý do không hợp lý như vậy. Đã không biết mới học, đã không hiểu mới hỏi, đã không nghe rõ phải hỏi lại. Chứ không hỏi mốt làm sai thì bảo là tại sao trò không biết, không nghe rõ mà không hỏi tôi giảng lại ,để bây giờ trò sai, trò dốt, tôi dạy mang tiếng thầy dạy dở. Rồi thầy khó khăn, xúc phạm ảnh hưởng đến tâm lý học trò, làm sao mai mốt các trò dám hỏi. Nó ngậm mồm, nó dốt là tại thầy thất trách, thầy không có hiểu rõ phẩm chất của ngành nghề mình đã chọn. Đã vậy đâu ra kiểu tôi nói a không nghe thì tôi cho a nghỉ tiết, rồi trục trò ra khỏi lớp mất học. Vậy lúc trò nói thầy nghe không rõ là lỗi của thầy, chứ phải lỗi của trò đâu, mà thầy cũng trục trò đó ra khỏi lớp. Vậy nên ngành giáo dục phải rèn luyện những người đã lựa chọn nghề này, thì hãy giáo dục kỹ lưỡng tư tưởng, phẩm chất, nhân cách của một con người bắt đầu sẽ vào ngành trồng người đúng nghĩa và xứng đáng với sứ mệnh của mình để được tôn quý. Chứ ngành giáo dục đừng vì một con sâu mà làm rầu cả nồi canh. Mà làm cho những măng non sau này mất dáng mọc thẳng đứng của nó, chỉ vì một loại chất vun bón độc hại không tốt cho cây, mà hư hại cả rừng cây sau này. Hãy thẳng tay loại bỏ những con sâu, những chất độc hại cho cây ra khỏi ngành giáo dục là điều nên làm nhất. Để chúng ta có một rừng cây tốt, giúp ít cho nước nhà.",0
Chúc mừng thầy được nghỉ dịch dài hạn.,1
"thầy giáo gì nói chuyện nghe bức xúc vậy trời,má",0
Thầy giáo thái độ kiểu gì vậy rất mong bộ giáo dục có hướng xữ lý đúng đắng giait tỏa bức xúc của phụ huynh,1
Thay măt dich .nghi viec di,1
cho thấy cách ăn nói của ông thầy này dạy không có cảm tình với học sinh chút nào cho ông ấy về chăn vịt đi,0
Thay gì mà an nói coc can quá bo nghề di làm giang hồ di chắc dang giận vo con o nha nên do len dầu hoc sinh,0
Sau tiết học này cũng mời ông ra khỏi trường,1
có đâu og thầy bảo là clip chỉ ghi lại 1 đoạn ngắn thôi nên không phản ánh hết sự việc og thầy bảo là cho anh kia vô lại lớp rồi mà,0
Thầy giáo vớ vẫn cho nghĩ đi,2
Nếu đó là thật thì cho này thây này về dạy chó đi,0
Ong thay nay khoi can phai day nua dau ...cho ong ve que cam cau di,1
Rồi lỡ em tên Nguyễn văn a e bị tật cái tai phải dị là em bị đuổi hả thầy. Giảng viên đh mà nói chuyện thua mấy chú xe ôm.,0
"Ko ngờ đạo đức nhà giáo lại xuống cấp trầm trọng đến thế ,loại người này giữ lại trường chỉ làm bại hoại đất nước mà thôi",0
"Thử hỏi em nào cũng nghe không rỏ, ông thầy giảng lại nổi không? Đó là chưa kể cháy giáo án. Nên xem bài trước khi học online. Note chổ nào không hiểu hỏi lại sau. Thậm chí hỏi lại bạn, xem lại sách. Hs phải cố gắng thôi....",0
Thầy giáo dạy học không có tâm gì hết học on lai người ta vẫn đóng tiền mà...,1
"đấy!!!! giờ trà vinh đang mưa to thế là không biết hư cái gì mà giờ mất tín hiệu thế là con em tui ngồi ngó  chứ làm gì được, tui không hiểu ai kiến nghị cái vụ học trên tivi này",0
Làm  vo con chú thấy giao làm gi,1
"Thầy giáo này xúc phạm nhân phẩm của các em , thầy này là loại gì vậy",2
ông thầy này bị covit rồi điên rồi,0
"Cơ thể người đâu chỉ có mắt,tai.thầy có muốn xem tất không, cho xem luôn.",0
"Thầy giáo này,cho khỏi ngành nghề đi... Cho dù không có mưa, giản không nge rõ,xinh giản lại, thì cũng phải giản. Đó là trách nhiệm của người thầy cô...",0
Nghỉ dạy học đi thầy ơi,1
"Tới khi SV nói thì thầy nói anh này nói tôi không nghe gì cả đi ra khỏi lớp , thầy mà gấc gao quá nghĩ day đi",0
Trường Đại Học sư phạm kỹ thuật TP HCM. Thầy ở yên trong trường đó đừng đi trường khác nha thầy. Khổ cho Sinh viên tụi em. Đã không hiểu bài mak gặp thầy thì nợ môn chắt rồi.,1
Thằng thầy giáo này nó chán sống rồi,0
THẦY GÌ MÀ THIẾU VĂN HÓA VẬY .,0
Thằng thầy này nó dạy thêm ăn tiền học phí quen rồi bây giờ dạy online nên nó bực mình vậy mà. Thôi cho nó về vườn đi là vừa. Làm nghề mô phạm mà không có Tâm.,0
Gv ĐH Sư phạm..... mà phát ngôn phi sư phạm!? Kỹ năng sư phạm quá kém!?,1
Ví dụ không hiểu vẩn có thể hỏi lại mà hú chi trời mưa to lấy gì nghe thầy vậy sao học sinh học được....,1
Bắt  học  sinh  nói  đủ  giác  quan  có  khác  gì  đang  xúc  pham  học  sinh,1
Ng như z ma cug làm thầy giáo dạy nữa á .tác phong không tốt đạo đức không có . Z ma cug jk làm thầy,2
Thầy như thế này loại,1
Nam Mô A Di Đà Phật.xin môn đạo đức năng cao.thầy cô khó thì trò mới nên . nhưng thầy cô cột tính .dữ thì sẽ làm cho học sinh bị bệnh trầm cảm . áp lực . và tánh sẽ dữ không kiềm chế được cảm xúc của bản thân.,2
Nghe mà bức xúc quá,0
cho ông thầy này đi giải cá sấu đi trời mưa cá sấu nó nghe rõ lắm,0
"Làm thầy chi ,ra vỉa hè bán lạc xon cho rồi .tâm không có sao làm thầy ,dù bảo đoạn ghi âm không đủ nhưng đủ để biết tấm lòng thầy đem “ phá lấu” được rồi.Dạy học trò không hiểu thầy vui không. ? Xin lại lời thầy nói sai sao? Vậy lời trò nói thầy không nghe đúng sao? Nếu nhà trường còn cho thầy đứng lớp tâm lý học trò ít nhiều bị xao nhãng bất phục khó tiếp thu (ở đây vì ngoại cảnh mưa ồn nên nghe không rõ lời thầy,nếu vì lý do gì khác,phản ứng cùng thái độ thầy còn thể nào nữa)",0
"Thầy này nên đuổi ra khỏi ngành giáo dục, không kiểm điểm.",1
"Thầy giáo vô đạo đức ,
thương các cháu quá",2
Thầy không ra thầy thì trò cũng không ra trò .  Chỉ có bấy nhiêu mà cũng không đủ bao dung vị tha thì làm thầy sao được . Tội nghiệp cho thế hệ sau này.,0
"Nghe thầy nói chuyện y như thứ vô học, vô đạo đức.",1
Cho học sinh nghi vậy sao học sinh kg cho thầy mất dạy luôn học thầy như vay sao nay ra truong cung kg lam được gì đâu ma hoc lam gì,1
Thay giao gi vay,1
Thầy giáo này nên nghỉ dạy đi,0
Tôi thấy thầy nầy cũng không nên làm thầy nữa .  Học không hiểu phải hỏi mà hỏi thì không cho .  Mà đuổi .,1
"Thày vô đạo đức ,nói chuyện không có tư chất thầy giáo , chắc không học nghiệp vụ sư phạm.",1
Cho thằng này nghĩ đi nó không đủ tư cách làm thầy giáo,0
Cách nói chuyện kg khác gì dân côn đồ.,1
"Thầy giáo gì tầm này,khinh người quá,đạo đức nghề nghiệp bị chó cắng mất rồi hả thầy,thầy đi về chạy xe ôm hay chăn vịt là vừa,tầm này mà đào tạo ra được nhân tài cho đất nước thì mới gọi là chuyện lạ à nhen,hèn chi đại học việt nam thì chỉ có học đại cho xong thôi chứ chất lượng cũng bằng ""0"".",0
Mời ngài giảng viên  học lại môn đạo đức đi nha . Coi mà tức á,1
không có tay phons lấy cái con... gì nghe hả thầy.,1
Nhờ nói lạy người thầy giáo đó Học thêm môn đạo đức lạy nhé chua đủ trình độ giáo viên đâu,2
Chắc tui nghĩ học khi xem clip này,0
Ong thay gi ma tao lao qua,1
Thầy này dạy vậy ai còn cho con e học nữa sau nó giống ông chết,0
"Có đủ miệng và tai, đủ giác quan... nhưng không đủ ý thức và tư cách..., vậy đấy.",1
May thang nay chu yeu kiem tien chu day hoc cho ai,1
làm giáo viên mà không có nhân phẩm,2
May bua nay o day troi mua khung khiep thay oi. Dich benh nay sinh vien kho lam thay oi. Mong thay nghi lai ma mem mong nhe nhang cho sinh vien va cho ca thay nua,1
Đạo đức không có mà đòi đi dạy,0
"Kiến thức có đấy, cao đấy. Mà suy nghĩ và chuẩn mực của một giảng viên thấp quá
Dù như thế nào cũng không thể hành xử như thế được. Luật sư bào chữa cũng bó tay ca này",0
Không đủ từ cách làm thầy ! Học  sinh đi học nộp học phí nuôi thầy mà thầy không biết   Sao hiệu trươrmg trươfng đó phải có yếu kiến,1
Phải kỉ luật nặng giáo viên như vậy....không có đạo đức,0
Thầy giáo chất á,2
Rút thẻ ngành cho ra khỏi ngành giáo dục đi bộ giáo dục ơi.,0
Cho thằng thầy đó nghi dạy luôn đi,0
Thầy giáo gì mà kỳ cục học sinh học phải đóng tiền đàng hoàng thầy giáo mà cọc cằn quá thì cho về chăn trâu đi để không làm ảnh hưởng đến học sinh,2
Học với thầy như vậy học làm cho gì cho mệt,0
"Điều tra gì chi cho mất thời gian , điều là sự lấp liếm bao che , cuối cùng là viết kiểm điểm và rút kinh nghiệm",0
Nang luc day hoc toi dau  thi chua biet.chu noi ve dao duc nha giao.dao duc    cua mot nguoi thay. Thi thang nay qua te hai roi.,1
Xàm,0
Ông thây mắc dai nhất năm nè,1
Thằng thầy giáo này xứng đáng gọi là thằng loại đầu gấu vậy mà đi giảng dạy,1
Cũng đúng,0
Cho thầy này nghĩ dậy. Vì nhiều SV. Nghèo. Máy móc cũ kỹ nên. Sẽ đem. Lại sự. Bất lợi. Về. Vấn đề. Trồng  người. Cho. Nghĩ dạy,1
1 chữ cung là thầy nửa chữ cung là thầy ( thầy ăn không mà nói với không xinh như vây xao,0
yêu cầu cho tg đó nghỉ không đủ tư cách làm giáo viên,2
Thầy giao không có đạo Đức Thầy nghĩ dạy về bán rau là vừa rồi,2
Xem mà tức,0
Trời dịch bịnh nên mới như vậy chứ.  ... Thầy giáo gài vậy kg đúng,0
Trời mưa kg nghe rõ mà đuổi thầy phát ngôn sai phụ huynh đâu đồng tình lên tiếng đi,0
Thầy nói kỳ quá kg được,2
Thầy này chắc Hồi trước học đại nên không học được bài đạo đức của ngành đạo đức nhất,1
Thay vo van.cho thay ngi luon đi. Giang lai cho cac e nge cang tốt chu sao.,1
Thầy này vô dạo dức,1
Thây giáo đao đưc không có nói chuyên với hoc sinh không đoàng hoàng thì đưng bao giơ làm nghê thây giáo nưa day hoc cho hoc sinh mà chưi hoc sinh thì làm các hoc sinh hoc đươc.,2
"Học on lai đâu phải mọi thứ điều ổ, tuỳ vào hoàn cảnh của từng em học sinh,nhà nghèo, (nhà thấp nhá tôn ngồi kế bên nói vô lỗ tay chưa nghe được rõ huống chi, gặp phải trường học máy học kém, mạng kém, sao thầy không thông cảm và khuyên khích động viện nhưng lại dùng lời thô bạo cứng ngắt để áp đảo lên các em.dù cho đoạn video không đầy đủ nhưng lời lẻ của thầy đối với các em học sinh cũng đủ để cho mọi  người hiều được vô đạo đức của thầy rồi",1
Thây giáo đi ăn cươp chư đưng làm nghê thây giáo nưa lưu manh quá.,0
"Thầy giáo  gì mà như,,,,,,,,,,,,,,,, ,",1
Thây giáo mà day hoc sinh như vây gióng côn đô quá nghi me đi làm thây giáo chi vây.,0
Gặp tối thì thầy sưng mỏ ngày hôm sau,2
Thay giao day hoc bang cai tam .hay day hoc de tra no lanh luong .neu thay cam thay ban than mih kg du tu cach de day thi ngi day di .ban than thay da thieu dao duc thieu trach nhiem thi dau du tu cach de day cho the he hs sv .da ro rang nhu vay roi con xac minh gi nua .cho og thay giao nay ve chan vit di,1
Thầy này bị đột biến rồi,0
"Thử gặp ở lớp thiệt thì xác định  . 
1 là ra ngoài bị đập 
2 là học sinh nghĩ tiết hết báo cáo lên nhà trường 
3 là gặp mấy bạn cứng cứng là khẩu nghiệp ổng rồi",0
"Thằng thầy giáo không có nhân cách của một nhà giáo thì không nên cho nó dạy nữa, nó mà còn dạy nữa có ngày bị đánh bể đầu luôn",0
Coi mà ức chế thiệt,0
Giáo viên mỗi năm lên học 1 lớp đạo đức sống thì tốt hơn khi truyền đạt giảng dạy,1
"Thầy giáo  đây hả trời, thầy giáo hây là thầy LÁO.",2
Thầy giáo qúa đáng,2
Thang thay chu dau phai o thay,1
"Học sinh: em tên nguyễn v A, có mắt mũi -tai miệng bình thường_
Ông thầy: Anh này nói tui không nghe gì cả, đi ra khỏi lớp.. Hài vãi",1
Không xứng để mọi người gọi là thầy,1
Thầy  khôn  nan,2
Đuổi ông thầy này đi học online da khó khăn rồi mà gặp ông thây kiểu này thì ton luôn,0
Thầy nay may không day con tôi chư mà day con tôi đối sự với học sinh như vạy tối không để yên cho thầy đâu.không đủ tư cách làm thầy người ta.mong ngành giáo dục xem xét lại khi cấp bằng cho nhẫn người không có đạo đức,0
"Giảng viên gì đâu mà khó mà khó 1 cách kì cục.
Kỷ luật nặng thầy giáo đó cho rồi.
Ko có lý do gì để làm căng gì hết.",0
Ong noi thay khon nan thiet chu thoi buoi kho khan gap ong thay không co dao duc nua kho luon,1
Tức là ông thầy cũng giống học sinh ;|,1
"Ổng được ""không nghe"" mà sinh viên không được ""không nghe""",0
Đuổi luôn đell cần kỉ luật,0
Tôi thấy thầy giáo này quá đáng.,2
"Thầy giáo xúc phạm đến sinh viên quá đáng !  Trời mưa to  mà nghe tai  phone sẽ bị sét đánh không kịp cấp cứu , nguy hiểm tính mạng.  Thầy này không có kỹ năng sống  và hiểu biết về điện và sóng điện internet, và người tất cả đều mang điện  dễ cháy nổ  khi trời mưa dong sấm sét, hãy cẩn thận  vì tôi đã chứng kiến vụ  này khi trời mưa to  sấm sét mà sử dụng internet người đó bị tai nạn văng ra khỏi bàn vi tính làm việc đến 3m!",0
Nhà trường chắc nói rút kinh nghiệm ha,1
Thầy giáo kiểu này thì dạy kiểu gì. Thầy giáo mất dạy. Phải loại trừ những ông bà nhà giáo kiểu này thì xh mới thông được,0
Loai nay nay kg cân phai hoc...đê nghi so giao duc cho ngưoi nay nghi day hoc..ra cho ban ca,1
Bh dịch bệnh học online đv là đã tốt lắm rồi lại còn gắt,0
Thây giao bi khung,1
"""Thằng"" giáo này ở đâu vậy?",1
"Tạm đình chỉ công tác giảng dạy, dạy online bị ảnh hưởng nhiều yếu tố như công nghệ, môi trường xung quanh.....",1
"Thôi đi mấy ông lúc mấy ông bực mình cũng nói Bậy ba vậy, thời buổi dịch bệnh cũng phải biết tìm cách tốt nhất để học chứ.nha báo đúng là ghê gớm dùng viết để kiếm ăn bằng cách cha dap người khác.",0
Co phai mua bằng không vậy không đạo đức,1
"Xem cái này hơi bất xúc nhưng thầy giáo vẫn bị đăng lên mạng và bị người ta phản ánh, không biết thầy còn thay đổi nữa không, chứ trong đầu thầy ấy đạo đức đi đâu xa mất tiêu rồi",0
Thầy là tấm gương của học trò mong thầy là tấm gương tốt cho học trò noi theo.,2
Thang thay tao lao,1
Thầy  bố láo,1
12 năm đi học. Đố mọi người 1 cộng 1 nhân 2 bằng bao nhiêu. Ai trả lời đúng thì học. Còn không thì nghĩ để không lãng phí,1
Trời ơi tui quá bức xúc vì có rất nhiều cháu đang học online đang mưa bão mà .,0
Học nhiều vô ra đời chỉ làm công.,1
Bởi vậy vậy sao con cháu chúng ta có học thức dao đức được nhờ mấy người này mà ra,0
Thây đâu bui,1
Cai thu hoc nhiu nhung dao duc no con thua ca mot nguoi vo hoc cai loai nay la can ba xa hoi cho de,0
Mạng chắt bình thường hoài hả. không mất mạng hả..mạng không yếu hả..hên mày không dạy cháu tao..,1
Cho nó nghỉ bà luôn đi,0
Xã hội thời nay không cần những thằng thầy khốn nạn như vậy!  Cần mạnh tay với hắn để làm gương cho tầng lớp sau này!,0
thầy giáo nghe không rõ sao không đuổi thầy giáo ra ngoài,2
"Giảng viên đại học? Giáo sư, tiến sĩ, ...giờ toàn thứ gì đâu. Nhân cách, phẩm chất đạo đức thì không có. Nản! ️️️️️️️️️️",1
nền giáo dục càng ngày càng đi xuống là nhờ mấy thầy cô như vậy nè không xứng đáng làm thầy vậy về nuôi bò đi,1
"Giáo viên mà quá thô lỗ, trịnh thượng, không mang tính giáo dục, chỉ xem qua những trao đổi ngắn đã thấy rõ rồi, bao biện thêm chỉ thể hiện sự hèn hạ nữa mà thôi. Nghĩ mình là thầy có quyền kiêu ngạo vậy sao hả ông thợ nói!?!",0
Á đù thầy gì kiểu này cho nó ngủ ở nhà đi,0
Thày kiểu này thì ở nhà ngủ đi nhé,0
Học hành kiểu nhãm nhí,1
Thấy lâu nên xin bảo vợ vào xem thử thì bị chửi,1
Thầy cô nay mất dạy lắm. Bé mới vào lớp 1 dẫn con vào trường dịch bệnh nên cho phụ huynh đứng ngoài. Cháu vào trường 1 mình không chỉ dẫn cho nó chỉ vào nộp 1 tờ giấy ghi số điện thoại cha mẹ là ra về. Mà không hướng dẫn cháu bắt nó cầm dù đứng đợi dưới mưa,0
Ông thầy này không sức đáng  làm thầy. Ông ta xoá hình bóng của bậc giáo viên đáng kính của bao thế hệ. Đã từng ngồi trên ghế nhà trường. Người thầy không có tâm cũng không có đức. Chỉ dạy con người đạo đức xuống cấp thui.  Nếu như có em nào đó học theo tính cách của thầy này,1
online trật ra hết hoi trực tiếp còn như thế nào nghe tiếp sao không ngược lại như thầy đã làm trước với học sinh,1
Nghi dich lâu  qua rôi thây nay chăc bi ngao rôi,1
Học sinh nghe không rõ thì phải giảng lại. Làm thầy giáo ăn nói vô ý thức thì đừng làm giáo viên. Mong bộ giáo dục và đào tạo tịch thu bằng giáo viên này không thôi sẽ làm mất tương lai của các e học sinh.,2
Đây là hậu quả của việc thầy giáo tới tháng đèn đỏ mà phải dạy online..thầy giáo cục súc vãi chưởng vậy mấy em..kakakkaka,0
V cũng nghĩ ra,1
Con lai may ong noi ba noi dich kho lam nhieu khi không tien mua gao do an gio hoc thieu du thu dung ac dum nua,0
"Sao 1 người làm bên mảng giáo dục lại có thể phát ngôn như bọn giang hồ vậy ạh. K biết clip cắt ghép thế nào, nhưng thật sự nghe giọng điệu nói của thầy không biết khích lệ học sinh tí nào",2
Nick ổng tên gì v mọi người . Tui cho ông đi lun cuộc đời này,0
nghe úc  chế,1
Bị đình chỉ cho vừa,0
Ngta không nghe rõ thì nói sao cho ngta hiểu chứ kỳ vậy,1
Thầy vô duyên kỳ vậy,1
Dạy hoc như vậy lở gặp ngay những người không đủ điền kiện thì ai dám học nũa,1
Thằng này mà dạy con tôi tôi cho nó pik cái cảnh ... Cho khỏi dạy lun,0
Sinh vien mua bao không nghe ro thay giao duoi em con may em noi thay giao không nghe ro thi tong co di thay nhung vay ai ma cho day an noi mat dao duc,1
Vay thi thay cung gioi thieu giong vay luon di,1
Thay giao co bi khun không ma keu nguoi ta noi vay,1
Thầy này không đuổi ra khỏi nghành hơi phí...,1
Giậy kiểu hết ngày lãnh lương,1
sv nói. ông thầy cũng đâu nghe rõ đâu cũng đuổi sv ra luôn vãi ông thầy.,0
Tai sao lai có người thầy nói giọng côn đồ nhu thế vỏi học sinh.thày NGHỈ DÂY ĐI ĐƯỢC RỒI ĐÁY,1
Thầy bây giờ mới làm ngang chức gọi là thầy.mà đã đối xử với học sinh như vậy .mọi người vào xem nhé .thầy này có bằng học trường nào ra mà như vậy .nếu dậy con chúng ta mai sau cũng gióng thầy thì xã hội này không biết đi về đâu......,0
"Bắt học trò nói ""tôi là Ng v A có đủ tai mắt là ng bình thường .... "" ý nói hs không nghe thầy nói là không có tai . Vậy sao lúc hs  nói thì thầy trả lời "" Anh này nói tôi không nghe gì cả mời ra..."" vậy có phải là thầy cũng đâu là không có tai mắt thầy không bình  thường ..thầy điên đuổi thầy khùng ra",0
Trời ! Nghành giáo dục VN hết nhân tài rồi hay sao mà đưa một thằng ( chăn bò ) lên dạy học vậy trời,1
Thu xem thay tra loi sao day,1
cái này là xúc phạm nhân phẩm người khác. Có quyền kiện ra tòa,0
Ổng có quyền nghe không rõ nhưng hs thì không.ông thầy này cho về quê chăn bò đi chứ dạy gì?,0
"Chac Thay giao nayla Thien Ly nhan ,Hay than phong nhi  Nen kg ai biet ma",1
Lam thay nhu vay thi nghi me di dau phai ai cung co dieu kien ma hoc may lâ thay phai co gan chu hoc qua mang  thi phai thong cam chuc chu may la thay o dau truong nao duoi luon tay chay luon di da hoc qua mang cung phai thong cam cho hoc sinh chu nhu nay bien me mai di,1
"Học sinh nge không rõ thì mất học..còn thầy muốn kiếm chuyện thì cho ""mất dạy"".",2
Thấy ong ánh chưa hẳn là vàng. Thấy đang hoàng chưa hẳn là từ tế,1
Thầy giáo. Mà thiếu giáo dục. Nghành nhà giáo bây giờ mà tưởng đâu giang hồ không à,0
Làm thầy mà chưa học môn đạo đức,1
Làm trộn hồ được không thầy ơi!!!????,2
thầy ngáo quá nhiệm vụ của thầy phải giảng cho học sinh đến khi nào hiểu mới đúng chứ thầy không có đạo đức,0
Thầy giáo mà thế này không xứng đáng. Đề nghị cho thầy nghỉ dạy vì có dấu hiệu tâm thần.,0
Làm thầy mất dạy thì đi dạy ai,0
Một con xâu mà làm xấu cả một nền tảng giáo dục của nước nhà,0
"Đây cũng là lý do tại sao sự tôn trọng cho thầy cô không còn nữa, không phải là thầy cô thì được quyền xúc phạm hoc sinh, đây là môi trường giáo dục, nên phải hành xử có giáo dục",0
Mời thầy out luôn đi ạ,1
"Đề nghị . ngành giáo dục trục xuất giáo viên này ra khỏi ngành , một giáo viên như thế làm hư hoại cả một thế hệ trẻ",0
Thay giáo dục cho dễ vi,0
Thay oi vê chăn bo thôi,1
Thồn lầy !,1
Thồn lầy !,1
"Lam thay ma không co duc,nen ky luat va cho nghi day luon.",0
Cho nay nghi dai di,0
"Ngành giáo dục kg cần những thứ như z,mong cơ quan vào cuộc và có biện pháp thoả đáng",1
"Làm gì mà căng vậy! Sự việc đơn giản mà đi quá xa, thế thì không nên làm trong ngành gd. Tiên trách kỷ, hậu trách nhân! Tui cũng học online mà môn nào gv tạo được hứng thú là bò sát vào cái ipad, há mồm, tay viết, tai nghe như sấm truyền!!!",0
"Cat ghep lip cai gi ma cat ghep , lip do ro tung cau van ong chui nhu vay ma con noi la cat ghep",1
"Toi không bao gio cho con toi hoc mot nguoi thay nhu vay , va cung không cho con em hoc ngoi truong dai hoc nhu vay ,tay chay ngoi truong do ngay lap tuc",1
Thầy này đạo đức kém quá ( không có hậu),0
Thằng này kém đạo đức thầy gì,1
giảng viên gì mà cư xử như người khg có văn hóa ăn nói bố láo quá .Đề nghị hiểu trường xem xét lại tư cách của giảng viên đi nhé.,1
Ong thay nay bi duoi chu kg phai hoc tro.nha nha. Thay nay khung,1
Thầy giao noi chuyên gương con đô. Học trả tiền chu ông đâu day không đâu,0
Nên đuổi thầy này ra khỏi ngành giáo.,1
Thầy này xẻo cho chó ăn đi…,0
Thay gi ki kuc,1
"Thầy đi bệnh viện biên hoà đi thầy , không biết còn chỗ không ? Nhưng nếu đặt chỗ trước thì OK",1
Thầy mà là giáo viên ở nhật thì thầy mất dậy luôn rồi đó !,0
Đuổi luôn loại thầy giáo như vậy ra khỏi ngành,1
"Thầy có đủ các giác quan nhưng mẹ thầy lúc mang thai quên tạo cho thầy 1cái não,hoặc lúc thầy học TH quên học môn Đạo Đức nha,nói chung thằng thầy này mất dại quá",2
Đa la thay giao ma con mât day,1
Chiến này thần thầy này đi học môn phụ hồ của thầy lộc rồi,1
Thay gì mà ăn nói nghe muốn cho con nghĩ luôn  vậy do,0
Để tôi nói cho thầy biết hồi xưa thơ thầy còn học sinh Nếu mà giáo viên của thầy nói như vậy thầy có bực không nghĩ cô biết gần hai tháng nay khỏe thấy mẹ bây giờ dạy Mới có một ngày mà bực bội bức xúc học sinh nó không hiểu kiến thức nó còn bực bội gấp 10 lần thầy nói cho thầy biết Thời buổi bây giờ chứ không phải như ngày xưa muốn cái gì tới nhà thầy làm cho rõ thiệt luôn cái loại này Đình chỉ công tác không cho dạy nữa thầy mà không có lương tâm mất dạy dạy học sinh mai mốt nó noi gương theo thị xã hội này ai cũng mất dạy Giống thầy,0
Chúc mừng thầy đây là bửa dạy cuối cùng của thầy nha,1
Khổ thân hs.Áp lực đủ điều,0
Thầy giáo không có lương tâm nghề nghiệp. Mời thầy ra khỏi ngành đi.,1
Nha than thay giao nay o dau vay moi ng,1
Tui đảm bảo nha og thầy đó mà bình thường hs nào quay video đăng lên chắc og hận lắm á,0
Thầy giáo gì kì vậy sao trường lại cho ông này làm giáo viên chứ cho dạy chắc ngày nào mà mưa là bị đuổi ra khỏi lớp à vậy dạy làm gì nữa nghỉ m* luôn đi,0
T là phụ huynh học sinh là ông thầy này mệt rồi đó,0
"Bao che cho ông thầy la cái chắc rồi , sợ ảnh hưởng xấu cho trường chứ gì nên nói video không đủ",0
Cho hỏi Thầy giáo tên Đức Hải phải không ạ ? Thầy vẫn còn dạy à,2
Lam ho sach si di thay oi,1
Thầy này day ở đâu vậy,1
Cho thầy giáo về vườn đi,2
"Tên này nên chuyển nghề đi, làm xấu hổ cho nghành giáo dục và nên đuổi nó luôn, xấu hổ quá đi",0
Đề nghị tặng cho ông thầy này một cuốn sách đạo đức nha,1
giáo viên hây gian ho vậy trời chi nghĩ Việt đi cho đang,0
Covid làm cho người ta bị nhiều vấn đề thần kinh hết rồi,0
"Ông thầy này giống như pháp mỹ đô hộ vậy còn học sinh thì như nô lệ ấy không nói theo thì bị bắn, nghe mà thấy tức",1
Thầy đó thì cho mất dạy luôn để làm gì,0
"Đề nghị cho ổng mất dạy luôn đi, chứ thầy giáo gì tầm này.",0
"Ngành giáo dục hiện nay bẩn lắm _ Thầy Cô có tâm , có tầm chỉ còn đếm đầu ngón tay thôi .",1
"Thầy dạy trường nào ?  tôi không dám cho con tôi học ! Thầy quá coi thường và rẻ rúng sv , tội sv quá ! Học online đã cực lắm rồi !",0
Thầy  mà  nhưng  vay bo tay  luôn,0
Thay giao gi ma khung wa troi.,1
dạo này không lên lớp phát đề cương kiếm thêm được nên thầy hơi quạo,1
Thằng đó mà thầy mày gì. Mày học thầy này sao này mày cũng giống z đó,0
"Thằng này mà dạy được ai, trong khi nó mất dạy",0
"nhà trường nên nhớ  học online các sv có đóng tiền đầy đủ nha, chứ không phải học chùa mà muốn nói gì thì nói.",1
Toi bo tien ra cho con toi di hoc ma gap phai ong thay nhu vay thi hoi nha truong se su li nhu the nao day,1
Nghe mới có nhiu đó thôi thấy bức súc với ông thầy òi.,0
Thầy  giáo  dạy mà có  tính  ông  hoàng bà  chúa như  thế  cho dạy  học sinh làm  gì,0
Thay giao gi ma noi chuyen giong giang ho qua troi,1
Câu xin các nhà giáo giảng viên dạy học ăn lương phải có từ tâm một chút sao lại tàn nhẫn nói những câu làm cho con em mình bị tôn thương như vậy chưa kể mùa dịch này khó khăn chồng chất khó khăn biết bao SV phải bỏ việc học  vì cơm áo gạo tiền.nhung em được đến lớp gia đình phải vay mượn nợ nần chồng chất chỉ mong cơn em mình có được cái chữ để thay đổi  số phận.rat nhiều nhiều hoàn cảnh khổ lắm những ai sinh ra trông nhung gam lua là sẽ không hiểu hết đâu... Xem líp mà thấy đau quá mong rằng nhà giáo giảng viên hãy đem đức của mình vì lợi ích trăm năm trồng người,0
"Chị nói đúng mình đã đi qua thời học sinh, sinh viên và đã chứng kiến rõ nhiều cảnh lắm rồi ! Từ cái thời còn dùng điện thoại trắng đen",0
Đuổi hết trò rồi thì thầy cũng ...mất dạy!,0
Thầy giáo cô giáo bây giờ rất là không có lương tâm đâu học thêm thì phải đóng học phí 3 tháng 1 lần học không kịp bài hay như thế nào thì sẽ có những lời lẽ nghe không hay hoặc những hành động tổn thương học sinh mà không nghĩ cảm xúc của các em tôi chỉ nói 1 số người chứ không nói chung thầy cô bây giờ trình độ thì kém nhân cách cách thì không chỉ biết kiếm tiền không đạo đức,2
Tôi cũng không nghe rõ ông giảng viên này nói gì nên đuổi ông giảng viên này luôn cho rồi,0
Thay cho chu thay giáo gi loài nay,1
Tôi đề nghị Bộ Giáo Dục cho Thấy giáo này ra khỏi nghành.Thầy giáo này không có lương tâm nghề nghiệp.. Nói chuyện với Học sinh như kẻ gian hồ,0
Học sinh có đóng học phí ... còn thầy thì có luong mà ... có thể hs do mưa không nghe được hoac do hs chưa hiểu vẫn có thể hỏi lại ... trước khi kết thúc bài giảng ..thường gv hỏi có e nào chưa hiểu bài không .... còn gv này thì ngược lại ... thấy thầy này khó chịu và lạ quá ...,1
Ko xứng đáng làm thầy,1
tui kg đồng ý cách dạy của ông thầy này ạ,0
Thay nay tho thien vay. Day keu gi vay .co an hoc ma cach cu xu mat day.,1
Hoc online on lit gi.con tôi hoc 2 ngay tren đt con măt đo trach.tôi không cho hoc nưa.vôt thi vôt chư hoc kêu nay sơm muôn 2 con măt bi mu luôn,0
Đề nghị bộ giáo dục và đào tạo xử lý nghiêm giáo viên này,0
Chất fai đuổi thầy quá thầy,2
"Day học kiểu này biểu sao không xảy ra bạo lực học đường??? Là một thầy giáo mình phải làm gương, để cho cái tâm các em được tốt chứ, đâu phải dạy bằng cách này để cho chúng nó nổi điên lên, rồi xảy ra bạo lực đối với thầy??????... bộ giáo dục và Đào tạo nghĩ sao hả?.....",0
Nghề giáo viên mà như vậy hả trời.,0
Kick khỏi ngành đi,1
"Cai thang giao vien nay , yeu cau nha truong duoi no ra khoi truong .",1
Thầy mã,2
Cho t về vườn trồng rau muống,2
Thay giao noi chuyen thua mot than không an hoc,1
Co ai biet sdt của thầy lộc không????cho thầy nay vì sao clip nay thầy 9 thức thất nghiep nha mấy đứa.,1
Thay giao tao lao tong co di la vua,1
ong thay thieu trach nhiem,1
"Trường sư phạm kỹ thuật mà để loại giáo viên có nhân phẩm như vậy dạy học sinh ??? Rồi các e sau này ra trường đào tạo thế hệ trẻ sẽ như thế nào, rồi con em chúng ta sẽ ra sao ???",0
"An noi nhu con do ,bo lao ,hong hach mat nhan tinh , mat dao duc , mat tinh nguoi , the hien ta day la og troi ha? Dung nghi la thay la cha thien ha ... muon lam gi lam. Chi can thieu suy nghi ho do la bi xa hoi xem nhu phe lieu ...",0
XH BÂY GIỜ NHIỀU GIÁO SỶ TIẾN SƯ QUÁ. CHẮC ĐỆ TỬ HỒ NGỌC ĐẠI VA BÙI HIỀN,0
Sao vây  cháu thầy,1
"Thầy giáo mà có thái độ như vậy thì đổi nghề đi, lên sóng mà bảo SV nói vậy đó, nếu hỏng có đủ các giác quan thì cũng hỏng có tới phiên thầy dạy đâu ha, kì cục",1
Cha mę em đâu,1
Thấy như mấy thằng bà trơn,1
Giảng viên vì kỳ vậy. Chảnh quá,0
"ANH MANG TIẾNG LÀM THẦY MÀ NHÂN CÁCH K CÓ THÌ SAO DẠY HỌC TRÒ, ĐÂU PHẢI AI CŨNG ĐỦ ĐIỀU KIỆN ĐỂ HỌC ONLINE ĐÂU, TRỜI MƯA TO MÀ ĐƯỜNG TRUYỀN CHƯA CHẮC ỔN ĐỊNH THÌ SAO NGHE RÕ RÀNG TIẾNG NÓI. NẾU ANH CẢM THẤY DẠY K ĐC THÌ XIN NGHỈ VIỆC LUÔN ĐI, CHỨ LÀM THẦY MÀ XÚC PHẠM HỌC TRÒ VÀ GIỐNG GÃ GIANG HỒ THÌ AI DÁM HỌC",0
Nhờ dạy onlin nên mới phát hiện ra nhũng người thầy như thế này đây.... nản,1
Ở trường đai học nào chả vậy hồi xưa đi học mấy ông thầy ngày nào chả hù sinh viên .đen khi đi làm mới thấy .ông xao ke .giao sư mà chưa từng làm công ty .nói chuyên không thực tế. Bởi học xong đai học tiếng anh nữa chứ không biết .đen khi ra nước ngoài mới biết nói .dùng học ở Việt Nam cho có chât lượng không có .không tự nói lên .phải nhìn nét mặt thây bói chuyên .cái cách giao dục hăm doạ này nên bỏ .lăp camera giám sát lớp học để kiểm tra các vị sẽ thấy đây học thật cùi băp,0
Thằng thầy này dạy môn điện nên mọi người thông cảm đi. Bị điện giật nên giờ không được bình thường.....,1
tôi là thày giáo tôi có đủ tứ chi như tôi thiếu não ạ,0
Thầy rằng.,2
ông giang viên này..nghe có vẻ quan liêu quá..yêu câu cơ quan chức năng vao cuộc,0
Ko thấy ngạc nhiên.  Đeo mẹ giao vỉen thời nay. 10 nguoi  có den 4 người.  Mat day. Hạch dịch như thế rồi.  Chung tỏa ngành giáo dục đạo đức. Đang xuống cấp nghiêm trọng. Có cả giáo viên đến sinh nhật con nhac học sinh ve  bao với phụ huynh mai là sinh nhật thay,2
"Có trò mới có thầy, đuổi  trò thầy dạy ai, định ăn không lương nhà nước a.",0
"Trường nầy cách đây 10 năm  có d/c 02 . Võ Văn Ngân , không biết hôm nay còn đúng được ấy không , một giảng đường khá nổi tiếng có từ trước năm 1975 vậy mà đào tạo giảng viên có lối ăn nói với SV như thế , thật là đáng tiếc...?",0
"Thử hỏi thằng thầy giáo nầy nó ăn cơm của ai vậy... Mà dùng những lời của kẻ thất học, với học sinh..",2
A đù thiên đường xã hội chủ nghĩa VC thấy giáo đẳng cấp quá nhà nước cấp cho một bằng chăn bò,0
Ko trò cũng đố thầy làm nên,2
"Mình có thằng bạn dạy cùng trường nói thầy là người có tâm, dạy giỏi nhưng ngiêm khắc với sinh viên. Bình thường dạy tại lớp thầy vẫn vậy. Sv không tập trung thầy vẫn đuổi khỏi lớp 5 10p rồi gọi vào. Tuy mình không học thầy nhưng cũng có học 1 thầy khác giống vậy cùng trường, thầy Thồi, thầy vẫn đuổi khỏi lớp những bạn không tập trung vì sẽ làm phiền bạn khác nhưng không ai ghét thầy. Đây chỉ là vì thầy chưa quen với hình thức mới thôi. Vs video cũng không đầy đủ. Vì 10p sau thầy đã gọi bạn đó vào lớp. Ko phải biện hộ nhưng đây là sự thật. Mình không muốn thấy 1 thầy giáo có tâm bị chửi vì 1 nửa sự thật. Mình tên huân. Kdd khoá 2004 spkt.",1
Ông thầy mất dạy !,0
Thấy giao của năm đây rồi nghỉ hưu sớm nhé thầy,1
Không Đức không Tài mà làm thầy gì đổi nghề đi .,0
Thầy rất có TÂM với sinh viên ( nhẫn TÂM ),2
Xin cái địa chỉ của thầy để em cho thầy mất dạy luôn,0
Thầy nầy Bộ giáo dục cho nghỉ được là dừa em báo cáo Bộ giáo dục thành phố,0
Làm thầy mà kô có đạo đức . Ôg ta củng từng là học sih còn gì,0
Cho thoi việc đi.,0
Ai biết thằng thầy này tên gì dạy trường nào ở đâu...,0
Thầy giáo vậy hả trời .,2
Thằng thầy tào lao láo cá...,1
Hihi. Thì thầy mời SV ra khỏi lớp ....bây giờ BGD mời thầy ra khỏi nghành cho đi học lại Đạo Đức lớp 1 đi là vừa,1
Nhà  trường  phải  giải  quyết  hợp  lý  .thầy  còn boi nho học sinh.tới  khi cháu  noi thì  noi không  nge,1
Cháu  không nge được  người  ta đã  nói  nhỏ  nhẹ rất  rõ  ràng.,1
Làm thầy là phải có tình yêu thương và niềm tin với học trò. Nếu không có được điều đó chuyện gì cũng có thể xảy ra. Lúc đó ngụy biện chẳng đêm lại điều tốt đẹp!,2
Ông này không đủ tư cách để làm thầy? Nên loại bỏ khỏi ngành đỡ ảnh hưởng đến ngành giáo dục,0
Dậy Học giống  bi bắt đi  tù  vậy,1
Con tui cũng  học nhưng  thầy đâu co nói  chuyện vô học  như  vậy,1
Thầy giáo kiểu gì vậy trời vậy làm sao yên tâm cho con hoc onlai hả trời thầy cô dai hoc trò không nghe phải giảng lại chứ,0
"Cho ong thay nay nghi day luon di chu day hoc ma nhu vay thi lam anh huong den cac thay co khac,dong y kg cong dong mang?",1
Ai trong đời cũng có cái sai mà cứ tưởng mình đúng. Mong mọi người thông cảm.Để cho thầy một con đường thầy còn đi học lại nghiệp vụ sư phạm và đạo đức nữa mọi người ạ,0
"S không xưng tao luôn cho dễ nghe thằng thầy, giáo viên nc như du côn vậy, t cho con cháu t dốt chứ giáo viên vậy t không cho học",2
Sao chọn nghề này chi vậy anh ..Ko gọi bằng thầy được,1
"Nếu đúng như clip, tôi nghĩ ĐUỔI CỔ THẦY GIÁO NÀY. CHỌN NGHỀ LÀM THẦY MÀ QUÁ LÁO TOÉT!",0
Thây giao nây không co đao đuc.Loi le nhu vây không nên lam thây giao đê lam kho hoc tro.Tuy tui không hoc nhung nghe tiêng noi cua thây la tui nhân ra tu cach cua thây giao nây nhu thê nao.Ko đu tu cach đê day hoc sinh vi nhân cach cua thây không co.Vô hoc thuc qua thât vong khi nghe loi le nhu vây,1
Yêu cầu bộ giáo dục đình chỉ vĩnh viễn thầy giáo này.không có tư cách làm thầy.,2
Troi oi ong thay gi không co tam vay dich roi ma chan that ong thay giao gi vay,1
"Yêu cầu Bộ giáo dục tống cổ ông thầy này ra khỏi nghề, dạy mà không có tâm thì làm gì có tư cách dạy nữa, tuổi trẻ là tương lai của đất nước, thầy làm như vậy là đất nước mất hết tuong lai",0
Bực rồi đấy nhá,0
"Làm thầy như vậy thì bộ giáo dục cho thầy  nghĩ hưu sớm dùm cho học sinh nhờ,làm thầy phải có tâm chứ như ông này làm sao làm thầy được trời,ông ấy ở nhà mà có máy ton thử xem ông ấy có nghe được không ,người có thầy có tâm ghê",0
Bo tay,1
đuổi thẳng cổ thầy giáo gì loại này,0
Đang mùa dịch này ý thầy giáo này là trò cần thầy hơn công an nên vào cuộc xử lý làm vỏ vụ việc trên để mất lòng phụ huynh học sinh,1
"Đung la thây ,bo tay .",1
Nếu đúng như vậy. Tui yêu cầu ông này không nên làm thầy nữa,0
"Lời nói của thầy giáo đã nói lên sự thật, sai là sai. Thầy thì phải ra thầy, đạo đức chuẩn mực cần phải có. Không nghe nhờ nhắc lại có gì là sai , thầy phải có tâm mới xứng là Thầy.",0
Thầy giáo mà nói chuyện như vô học...mất dạy thiệt chứ,0
Lam thay giao ma mo khau nghe không co hoc thuc chuc nao,1
"Này gọi là 'thằng' chứ sao gọi bằng 'thầy' được. May mà học online có recording nên con được mọi người trong cộng đồng biết và bênh vực, chứ học offline thì  nó đì sinh viên ra bã có ai biết được.
Trường nên cho gv này nghỉ đi cải tạo rồi hẳn cho quay lại lớp.",0
Giáo dục cần trí và đức . Dạy trí thức dạy đạo đức . Kiểu này làm thầy giáo sao được . Đề nghị Bộ giáo dục xem lại các quảng lý của mình . Đã có rất nhiều bê bói rồi,0
Làm công tác giáo dục mà hành động vô giáo dục,0
Đừng tưởng học cao là có đạo đức,1
không cần những người thày giáo thiếu tôn trọng và đạo đức,2
Ông thầy mất nết đáng bị kỷ luật,0
Cho thầy này nghỉ dạy luôn,0
Thầy không có tâm thì day làm gi,1
Gap tao tới nhà thằng thay đập no trận,1
lúc nào cũng câu: clip chỉ quay 1 phần nên không phản ánh hết sự việc... mắc cười nhỉ,1
Ông thầy phải uống vitamin đạo đức,1
Ông thầy này chuẩn bị về quê chăn  trâu đi. Giảng viên mà nói chuyện như vô học ấy,1
Thầy cái ĐB gì cái loại này. Nghiêm khắc không ra nghiem khắc. Thầy thất nghiệp đầy kia kìa. Nhiều người muôn thay cái chỗ ấy lắm.,1
Thầy ơi là thầy .,2
Mọi người giúp đỡ chia sẽ cho thầy sáng nhất đi mọi người. Nghĩ sao bắt sinh viên nói câu đó. Rồi mấy e bị khiếm khuyết rồi không lẽ không cho học. Người thầy giáo này hình như kỳ thị người khuyết tật. Gia đình nào có người khuyết tật mới cảm thấy tổn thương thế nào. Cùng nhau chia sẽ để nhà trường có câu trả lời chính đáng và vì đàn e chúng ta sau này nếu ảnh hưởng đạo đức của người này.,2
Không có học sinh thì thầy dạy cho ai.thầy này gặp tao. Tao chửi cho.,2
THẾ BẠN CÓ NHỜ GIÁO VIÊN NHẮC LẠI KO,2
@nguyendinhsuachuadienlanh3751  ủa là bạn đang bênh ông thầy đó làm đúng à mà nói z,0
@belina2971  đâu,1
@nguyendinhsuachuadienlanh3751  mình cứ nghĩ là bạn nói ông thầy đó đúng chứ. Xin lỗi đã hiểu lầm,0
@nguyendinhsuachuadienlanh3751  có lms ???,1
@nguyendinhsuachuadienlanh3751  hỏi lại là chuyện bình thường nha bạn..tui học được thầy cô giáo dạy luôn... không hiểu thì hỏi không nghe rõ cũng vậy...khi hỏi thì thầy cô giảng lại thôi... mà hỏi nhiều lần thì thầy cô đến và chỉ cho người không hiểu luôn .. không bị gì cả,1
mưa to quá cho nên không nghe rõ mà vẫn đáp thầy,0
@pasydk9022  Thầy giáo mà như vậy . Bức xúc quá,0
​ @pasydk9022 tại thầy chửi to quá?,0
"​ @pasydk9022 thì sao? Dù n có nói dóc đi nữa thì làm thầy giáo phải giải quyết văn minh, lịch sự. Nói chuyện như đầu đường xó chợ thế kia thì ngta chưởi là đúng.",1
"​​ @pasydk9022 không biết  thì đừng nói,bớt trẻ trâu",1
​ @pasydk9022 nhà thg kia mưa to chứ thg kia đou bị diết với dou nch khuyết tật như m,0
​@nguyendinhsuachuadienlanh3751 m nói chuyện như những đứa trẻ mới ra đời,1
"xem recording lại là được rồi, lúc nào cũng biện minh là chỉ 1 đoạn ngắn không phản ánh sự việc",0
"bản chất tinh vi ,quen thói quát nạt học sinh ở lớp .giờ lộ rõ bản chất ,cộng ngu muội mới phát ngôn bừa bãi trên mạng .để mọi người thấy ta hay,ta giỏi",1
Thay cho chet,0
ngan ma lam thay lam the a,1
"Thầy cũng có giác quan đầy đủ, nhưng đều bị hỏng.",1
Thầy gì tâm hồn ác như Covid vậy trời ? Ko có tâm thì không xứng đáng hành nghề nhà giáo,1
Cho thầy ngi day,2
Sinh viên mà nó nghỉ thì ông di móc bọc mà sống nhé,0
"Thầy lầy chứ thầy gì, tiền thì ông tự kiếm đi chứ mắc mớ gì kêu người ta đóng tiền?",1
Cho dù giang hồ họ cũng kg có bất nhân như ông thầy này.buồn cho 1 xã hội.,0
"giáo viên ăn lương thì phải làm tròn trách nhiệm, gioảng bài học sinh chưa hiểu thì có yêu cầu gioảng lại, học sinh học phụ huynh đóng tiền theo quy định, vụ này phụ huynh có quyền kiện người thầy vô đạo đức kia, tôi xem mà thấy thất vọng, nếu tôi là phụ huynh của em học sinh kia tôi sẻ kiện thầy giáo đã vô trách nhiệm khi dạy học, phát ngôn vô đạo đức",1
Đây mà là thầy giáo A  trời ơi,0
Thầy giáo khùng… đâu phải sinh nào cũng có máy tốt… vv,2
"thầy gì phát ngôn quá vô trách nhiệm và mất đạo đức, cho nghĩ là vừa nếu để tiếp tục thì sẽ ảnh hưởng nghề giáo và học tập của học sinh, nhất là thời điểm dịch bệnh phải học Online này",2
Thầy giáo này nên đuổi ra khỏi nghành .,1
Thầy không thích môn đạo Đức,1
ong duoi hoc sinh toi danh ong luon,1
"Thay day ma không co Tam,sv không nghe thi nhac lai mua to ma thay.Muôn kêu bang thay hay bang thang.",1
Cái loại này làm thầy chỉ làm làm hỏng thế hệ trẻ của đất nước. Làm láo báo cáo thì hay,1
"Làm nghề này thì ảnh hưởng nhiều bởi điều kiện ngoài thầy giáo: mưa ồn, mất mạng,.... chứ thầy.",0
Có ăn có học có bằng có  nghề mà làm nghề giáo viên nữa mà cái nết với giáo dục nuốt cũng không trôi thôi nghĩ mẹ ik làm giáo viên dạy giang hồ ấy,0
"Thằng này mà gọi bằng thầy cái gì.???
""Thầy"" là cái tiếng ""cao cả"" chứ đâu phải nhỏ mọn như ông này mà phải gọi bằng ""thầy"".",0
"Thực ra anh cái anh mà chúng ta thường gọi bằng thầy này thực tế là một một anh bán kiến thức lấy tiền mà thôi. Nếu không có người mua thì anh cũng đói thôi! Anh xưng là thầy vậy anh có sửa được cái máy tính nếu nó hư không? Cái bàn gãy chân anh có sửa được không, hay lại phải nhờ bác thợ mộc? Nghịch lý của xã hội là vậy, và người được tôn vinh thì lạm dụng. Để thấy anh ""thầy"" này là nhờ xã hội văn minh có thiết bị công nghệ nên mới thấy được một anh, chứ thực ra loại này bây giờ nhiều lắm!",1
Thầy giáo ăn nói mất dạy,2
Đuổi ông này mới đúng nghe cái giọng là hiểu,0
Người cầm Sào chỉ lỗi mà như vậy hèn gì Việt Nam! càng ngày càng đi xg,1
Trường đuổi thầy đi chứ để thầy đuổi học sinh là toang,2
"Thầy mất dạy chứ dạy dỗ chi cái tầm này nữa, tụi học trò học online chưa đủ khổ , dịch chưa đủ khổ hả thầy",1
Bản thân thầy ăn nói mất dạy vậy mà dạy ai.,0
"Thầy giáo gì kỳ vậy trời , thầy mua bằng hả thầy .",2
"Thầy mất dạy ,chỉ tội cho các em học sinh ,",2
Không xứng đáng làm thầy,1
Thầy giáo nói chuyện nge mà mít lòng tùm lum người hết thầy giáo nói mà không biết lựa lời cho về nhà mà dậy con ông đi ông nội,0
Thầy gì loại này,0
Thầy phản động,0
Thầy qua kém thế mà cũng là thầy,0
Thầy giáo này không có tâm .thầy phải biêt mạng của nc ta rất phot phet,0
"Thầy giáo này quên học môn đạo đức, thầy cũng lật mặt nhanh lắm, à thầy quên lương của thầy là nhờ tiền học của sinh viên đó",2
Thầy này hồi xưa học môn đạo đức bị thầy đuổi nên h không có đạo đức nè,1
Người thầy như này thì về chăn bò làm ruộng là vừa rồi ha ! Người xưa có câu muốn biết phải hỏi muốn giỏi phải học mà đúng không mọi người,0
"Neu dung thuc su nhu vay thi ong thay nay het biet noi sao nua !,nha truong dau roi ?,de nghi len tieng .",1
Thay giao noi vay ma thay. Chu,1
Ten thay giao nay nen bi duoi khoi nganh giao duc .,1
Ko có mắt mũi miệng không cho học hả trời coi tức,0
"Chắc giận cá chém thớt đây mà. Tội bạn SV quá. Thông cảm đi moin người ơi, hôm nay Vợ không nấu cơm rồi.",0
Thầy giáo nầy thấy rỏ kg có đạo đức,2
"Nói thật thầy dạy cho các e cái chữ, đưa đến cho các e kiến thức để sau này các em bước vào đời thì hãy dạy những điều hay lẽ phải,  nếu thầy không có những tố chất đó thì thầy hãy tự nghỉ dạy học đi, trong mắt của mọi người thầy đã không còn tồn tại.",0
Thầy  nó là thầy hả đạo đức nằm ơ đâu mới thấy lần đầu,2
thằng thầy này láo quá vậy,0
Đã là 1 người thầy mà đạo đức và nhân cách không có mà là thầy cái gì. Phụ huynh đóng tiền cho nhà trường chứ đâu phải không đóng tiền đâu. Ko đủ TƯ CÁCH LÀM THẦY GIÁO.,0
De nghi sở giáo dục đào tạo sa thải những thầy giáo kém đạo đức này,2
Thầy tào lao,2
Thầy kiểu này có nên để trong ngành giáo dục không,0
"Thầy giống cái máy quá.à không thua cái máy nữa,cái máy nó còn chịu replay.còn ông thầy này không bằng cái máy chứ nói gì tình người hay tình thầy trò.",1
"Thầy với chả cổ , 4.0 dạo này toàn thầy cô âm binh đék như ngày xưa đâu , con Tao mà học bị kêu phát ngôn theo kiểu khứa trong clip tìm đến nhà đấm vào mồm",0
"Thay giao kieu do thi cho thoi viec la vua ,chac thay giao do không co hoc  roi ,con co di hoc chac thay giao do  cung hoc ngu nhat lop ,cho nen moi co nhung cau noi thieu te nhi va thong cam",0
Thầy đi học đạo đức lại đi nha,1
"Tư cách làm người chưa đủ thì sao đủ tư cách giảng dạy người khác đây . Thế nào là "" tôi có đủ giác quan"" nghe xúc phạm thật sự",1
Cho nó mất dạiy là vừa,0
Thầy như thế này chỉ thương sinh viên thôi.học chỉ lo sợ đủ thứ.không có tâm lý để học,0
Trường thật ô nhục khi có người thầy không chút đạo đức.loại này đuổi,1
"Thấy con cat vì dâu, nói chuyện mất dạy, ở trường giảng bài không hiểu thì thấy phải giảng lại chứ,",0
tôi chán  cảnh bao che ...qua wen thuộc,1
Rồi biết rồi đó thầy chuẩn bị đi học lại lớp giáo dục rồi về dạy tiếp thầy nha,0
Thầy lầy ẩn núp,2
"như vậy là xúc fam SV, thầy giáo này thật sự KHỐN NẠN",0
Giáo viên gì mất dạy quá có xứng đáng làm thầy không,2
"Thầy học cao chi ? Rồi thầy ăn nói mất dại vậy thầy ? Em nghĩ thầy nên mượn sách đạo đức của mấy em lớp một để rèn lại cái nhân cách của thầy . Tri thức nhưng thiếu đạo đức thì cũng chẳng ai "" tôn sư trọng đạo "" với thầy đâu á",2
Học online rất áp lực kèm thầy giáo thiếu tâm kém đạo đức thì tại sao lại đứng lớp được,1
Ông này là thầy giáo hay là côn đồ vậy,2
Đúng rồi chi nữa.,0
Ông thầy này chắc bị nhiễm covit19 nên chán sống.,0
Giang vien quan que gi kieu do ha.cho ông do ngi me di,0
"Ông thầy này cho về hưu là vừa, ông thầy này giống như dân xã hội đen",0
Thầy.giáo.mà.nói.chuyên.không.gióng.thầy.giáo.chúc.nào,2
Làm thầy như cha. mình phải dạy cho đàng hoàng dạy cho có nề nếp lịch sự văn minh. Có đâu làm thầy mà ăn nói chuyện vô duyên như vậy. thôi chuyển nghề  đi không nên làm thầy giáo này nữa,0
GV của sư phạm kỹ thuật gì mà kỳ z tr,1
"Thầy gì mà kg có cái tâm huyết về nghề nghiệp mà thầy đã chọn 
Đuổi khỏi nghành thầy này",0
"Thầy thì cũng có thầy this thầy that, còn ông thầy trong clip thì xin lỗi nhé tư cách đạo đức của thầy như cái đách họ",2
"Thay vì giảng nó ok tiết học suôn sẻ
Còn làm như này càng mất thời gian",1
"Thầy giáo gì mà không có đạo đức, vậy mà cũng làm nghề mô phạm. Lg xứng đáng làm nghề giáo đâu ạ. Xin nghành giáo dục tẩy chay thầy giáo nầy đi ạ.",0
Thầy bà ăn nói mất dậy,1
Bạn nói quá đúng,0
"phải tôi tôi đấm cho mấy nhát, cay thế nhờ",0
Gặp tôi trong lớp đó tôi chửi thẳng mặt lun chứ đùa trong lớp mà gặp vậy là tui đấm không tha,0
Có học thức mà không bình thường cách nói chuyện,1
Thì giờ mình nói lại cho SV hiểu chứ lấy cái lý do gì mà đuổi SV ra khỏi lớp,0
Chúng ta đã học văn hóa rồi đúng không mọi người làm thầy cô chúng ta phải thông cảm cho SV chứ không phải mình là thầy thích làm gì thì làm đâu mong nhà trường xem xét lại chú đó ạ mình cũng không có ý gì đâu mình chỉ BẢO ai là thầy cô mà xem video và đọc bình luật thì chúng con mong cô thầy không lên đối xử với các em SV thế ạ . Con thấy tội cho mấy em lắm ạ,0
"""Không thầy đố mày làm nên""",0
Có ai nghĩ rằng có giáo viên này ngoài ông thầy này không?,0
@pepsi-thingon  có,1
@honganh5765  Thằng này không xứng đáng gọi là thầy,1
Tẩy chay ông này đi,0
@honganh5765  Học thầy không tày học bạn,2
@Imver_love_nata,1
Ừ,1
@honganh5765  không may do thay lam nen,1
Đúng tất cả điều đúng,0
@honganh5765  học thầy không tày học bạn,2
@Imver_love_nata  thề tui gặp được ông này tui gọi thẳng nhà trường đuổi luôn,1
Sv bằng sinh viên,2
Hèn gì thay vì sv coi trường học là ngôi nhà thứ 2 lại nhà tù thứ 2,1
Cũng xúc phạm người điếc,0
Sân chơi này la của thầy va thay co quyen,1
"Giáo viên dạy học mà ăn nói như lưu manh đầu đường xó chợ đạo đức tồi tệ vậy tôi mong lãnh đạo cấp cao trừng trị thật nghiêm để răng đe các giáo viên khác, đạo đức còn thua 1 thằng bán vé số",1
Thầy giáo mất dạy quá tr không bình thường có bị khùng không nữa,0
"Quá bức xúc ,vì thầy giáo thiếu đạo đức này, đây mà thầy sao",0
"Có những người dù thiếu tất cả nhưng cái đầu thì bình thường, còn thầy không biết có giỏi không nhưng thiếu cái tâm, mà cái tâm bắt nguồn từ cái đầu, mà trong đầu có bộ óc. Mà bộ óc không đủ để suy nghĩ ra cái tâm thì đừng nên làm thầy",0
"Này là tụi em cần thầy chứ thầy không cần tụi em nè, mình đã từng bị thầy cô như vậy, sợ khiếp",0
"Tội sinh viên trai mùa dịch học online còn giảng hành , đóng tiền học chi cho phí thà  rớt môn",1
Thầy ơi thầy đúng là thầy tôi lạy thầy luôn cha sinh mẹ đẻ mới có người thầy như vậy,2
Thầy không có đạo đức. Ko có lòng nhân từ,2
Thầy có đủ mắt tai mũi miệng thì mời thầy khỏi bục giảng nhà trường nhé,1
Thay giao noi chuyen vo y thuc,1
Chắc mất việc,0
"Học trực tuyến rất bất tiện cho mọi cấp học , mỗi 1 tiết 45p , giáo viên giảng bài cũng không đủ và thời gian để học sinh, sinh viên chép bài không kịp khi những môn học phải ghi chép  ( 1,2,3 ...Đại học)chứ không riêng gì 1 học sinh, sinh viên  nào  . Mong nhà nước sớm cho mọi học sinh, sinh viên mau chóng được đến trường",2
Cho ra khỏi ngành,1
Hôm sau thấy acc dạy ổng bay thì úi zời ui,2
Phản giáo dục,0
Ko có đạo đức nghề nghiệp,1
Gặp mấy ông thầy hách dịch này. Nói thật ngồi không còn khó chịu Nói gì đến tâm trạng để học,0
"thây giáo nhu giang hô,vê vuon đi chăn gà ...",0
Chưa xứng làm thầy,1
Thầy giáo gì mà Nc nghe mất văn hóa quá vậy. . Nghỉ liền kg cần học nửa,0
"Loại giáo viên này, đuổi khỏi ngành",1
Cho về quê cắm câu đi,1
Nghĩ sao cho mấy ông này làm thầy giáo vậy trời,0
Thầy này nó mún nghỉ hưu sớm,0
Luc nho thay quen hoc mon dao duc,1
They Giao day Nhu cay hoc Sinh Ngu luon,0
"Thầy giáo cần xem lại ,sao viên học hỏi như vậy mà thầy đã cho ra khỏi tiết học hơi quá",2
Cùng có lý mưa to không nghe được thí có giảng lại cũng kì nge được vậy thì ảnh hưởng nhuều người nhưng thầy giáo cũng ngủ nói không được hay,1
Thẩy bị nhũn Não.,0
Nó thầy giáo này ở đâu ae,2
"Chắc đêm qua thầy bị cô nhắc nhở ,nên hôm nay thầy phải trút đổ lên trò",0
Bó tay,0
Dạy dị dạy chi vậy,0
Thầy giáo mất dạy đuổi việc,2
Ông thầy láo vãi nếu tôi là con của hiệu Trưởng tôi không đuổi lun ông thầy,0
"Nghe mún jiêt thây la có thât.nghe jiong ma nghét
Cho nghi vc luôn",1
Trường cũ mình đây mà. Sáng nhất mọi mặt báo rồi,1
Thay giao kieu nay thi cho ve hu som di nha,1
Loại này không xử..hỏng hết cả thế hệ,1
"Thầy như ông nội vậy trời, gặp đúng ông biến thái",0
Thoi xua thay giao day tan tinh hoc sinh deu kinh trong thoi nay thay giao day an noi lao xuoc vay hoi sao hoc sinh don duong danh giao vien nhu vay o nha buon ban moi dung loi noi lao ca that hoc nghe lai loi noi cua thay co lot vao tay phu huynh cach day nhu vay không,1
Thầy giáo thiếu đạo đức này nên cho ra khỏi ngành.,0
hello cho nguoi thay giao dien ra khoi truong di thay giao nhu ten  con do,1
Là 1 người thầy thi phải mẫu mực chứ . Xem mà tức cho mấy em học sinh sinh viên !,0
Thấy dì như quỷ vậy,1
Cho ông thầy đó nghĩ dạy được rùi đó,0
Thầy đi đòi nợ thuê được đó...,0
Cụ thầy này quên học môn đạo Đức chắc luôn nè,1
Xác minh làm do...sư ly hòa nhã vì đây không chỉ đơn giản.,1
Ông  này  mà  làm  Thầy  gì chứ. Côn đồ.,0
Thầy giáo giang hồ. Ăn nói như vậy mà là thầy. Ở VN có thể quá nhiều thầy giáo mất dạy.,2
Nếu sinh viên nghèo không có computer đầy đủ vật dụng để lên lớp online thì phải làm sao ....?.?,1
"Ông thầy không có đạo đức 
Đã đang trong mùa dịch mà còn khắt khe với HS, SV
Ổng không xứng đáng làm GV",0
Giao vien day sinh vien gioi thi Thay duoc tieng thom. Con Giao vien nay muon co tieng thui . Dung la Giao vien không co dao duc va thong cam voi sinh vien . Yeu cau Bo Van Hoa Giao Duc kiem diem va sa thai nguoi Giao vien nay.Dung la con sau lam rau noi canh.,1
Gặp mình thì nghỉ việc nhé,1
"Thằng thầy này vô đạo đức, loại này mà dạy ai nên người được",0
bó tay  rồi  ông  thầy,0
Cho ong thay nay sang mat ra luon,0
"Thầy giáo mà ứng xử như loại vô học,hi vọng ngành giáo dục sẽ được sớm thanh trừng để ngành sư phạm được sạch và không tồn tại những thành phần xấu như thế này",0
Thầy giáo như thế này không xứng đáng làm thầy cho ông nghi việc luôn di,0
Thầy gì mà mất dại vậy. Nhà thằng thầy ở đâu vậy,0
Yêu cầu đưa hinh ảnh của ông thầy này lên,0
Nếu tui ma co con rm hic trường này mà kg dưới  ong này ra khỏi trường là tui kg co con tui học trường này  và trước khi tui cho con tui nghĩ  trường này  thì trước tiền tui làm... gi chat moi nguoi hieu ro rồi đó  chứ kg phai ra di 1 cách im lang vay dau mong nha trường dưới ong thay giao khon kỉp này di kg bi anh huong đạnh tiếng nha trường noi rieng va van hoa noi chung,1
Cu vay mà các me các cha cu cho con hoc roi được gi ha,2
Thầy giáo gì không đạo Đức sao day con,0
Trách ong thay này mua bàng cấp  chu co qua trường lớp gi dau va  da di học và làm thay người khác hay học sinh lớp 1 đã học đạo Đức roi . Và học  ở lại keu nay nha trường và thay giao khoe  vay con noi chuyen keu fo nua,1
Tư cách vay ma van lam ben giao Đức được nữa á bo nja tryic het nguoi roi hay sao va nha truog những người  thay tốt và đừng cách la thay bi chet het roi hay sao ra ma dua tháng đầu đường xá cho vào làm thay giao vay,1
thầy giáo dạy học kiểu giang hồ,2
Hs Nói thì bảo không nghe rõ. .mà ổng NS hs không có quyền đó hả. Mà coi thường hs vãi ra. Phản ánh nhiêu vào cho ông này lần sau không dám,0
Cách  thay giao noi chuyen nghe ma thay ghet và thay buc,1
đã học online thấy rất khó rồi sinh viên khó nghe hay là khó giảng thì giáo viên cũng phải nhiệt tình mà giảng lại cho học sinh hay sinh viên nghe đi chứ có ai chửi mắng mình đâu người ta chỉ hỏi lại thôi chứ có gì đâu cộc cằn khó chịu tiếp quen vậy cũng đi dạy được hả. Người nghĩ đây là giáo viên kia nha con Đúng là gia đình đéo không văn hóa,0
Bức súc quá,0
Cái thứ nầy cũng làm thầy gáo nữa hả,1
Nền giáo dục thối nát từ mấy năm trước. Chưa kể học xong về nuôi bò. Vậy đủ hiểu,1
Nói vậy.rồi thằng thầy này vẫn còn dạy bình thường à,1
"Đạo hạnh không có , không có tư cách dạy người ta.",1
Cho thầy giáo này nghỉ dạy học luôn đi để làm gương thằng này là bọn giang hồ chứ thầy giáo gì mà kỳ vậy,0
"Thầy có khác, đúng là thầy",2
Ông thầy giáo nổi bậc nhất rồi,0
"thằng đó mà cũng đi dạy được thì cũng chịu thằng thầy vô đạo đức , ngta nghe không rõ xin giảng lại mà đuổi ngta.
chán thằng giáo viên đó.",0
Thầy gì mà ngang tàng giữ .,1
Thầy này dạy. tốt nghiệp thành thất nghiệp hết.,1
Nghi huu som di ong thay,1
Cũng cái loại nói trên đầu người khác.ngán ngẫm loài này,1
Bây giờ tuyển su Pham  thầy cô không cần đao đức nữa ui,2
Ai bị thầy chửi đuổi thì ráng đợi đến 20 tháng 11 mua tặng thầy bịch mắm tôm ăn cho thơm mồm bớt chửi.,0
"Học sinh thì có đủ giác quan, còn thầy không biết à nha.",1
Thầy giáo âm binh,2
Mất Đi lương tâm ngành giáo,0
Thầy giáo ! Giảng Viên ! Nhớ ghê !,2
Ông thầy khó ưa,0
Sv học là đang đóng góp tiền cho thầy có lương đấy thầy ạ.lương tâm thầy ở đâu.nghe giọng thầy như vọng từ âm phủ,2
Ông thầy khuyết tật đạo đức.,1
GIANG HO HA MAY ? THAY CHO,0
Đủi việc đi chứ cho dạy làm gì nữa.,0
Thầy giáo nói chuyện mất cảm tình,2
Xử chứ không phải sử. Sử là lịch sử còn nói về hành động là xử nhé. Tiếng việt cực hay đừng nên đánh mất bản bản sắc như ông phó giáo sư phát minh lại tiếng việt.,0
thằng thợ dạy chứ thầy bà gì,0
Thầy qq,2
"tin 3' ơi ,tui hóng clip tiếp theo nhà trg xử lý thằng giang hồ thợ dạy này thế nào",0
Thang nay ma thay giao cai gi de nghi nha truong cho thang nay nghi ngay Thay giao gi ma an noi bo lao,1
"vì thằng thầy này mà truong spkt td mất uy tín ,đuổi nó về chăn bò đi",0
sở GD và ban giám hiệu nhà truong mà bao che cho thằng này dạy tiếp thì hỏng hết sv ngành spkt thủ đức,1
"tội em sv chắc buồn và quê với bạn bè lắm ,thg thầy mất dạy",0
"trời sinh ra là giang hồ chợ búa ,nhưng cha mẹ ép làm thầy nên tau nc vậy đó ,không chịu thì biến nhe",2
"Người có tài mà không có đức,là người vô dụng quả không sai!!!",0
"Thầy này đang rung rồi, bị đuổi là nhẹ , uổng bao nhiêu năm học hành, chỉ vì tính cách hóng hách mà mất dạy luôn",0
"Nếu thật sự là thầy thì phải có tâm, không tận tâm dạy thì nên nghỉ  đi nha thầy",0
Thầy giáo  trong trường sư phạm mà phát ngôn như dân chợ búa. Bị bóc phốt oy còn biện minh!,1
Ở việt nam thiếu gì thầy cô như vậy,1
"Kiến thức có thừa , mà nghèo nàn đạo đức nghề nghiệp",1
Thầy ơi sao không hiểu mạng mưa lớn nó bị ảnh hưởng mà thầy,0
"Thầy mà hách dịch quá, đuổi cổ thầy là hợp lý. Tội sinh viên quá.",0
Đưa cái mặt ổng lên trên mạng xã hội cho người ta thấy cái bản mặt của ổng,1
"Dù sự việc chưa rõ nhưng cách nói chuyện của thầy vậy là không có được rồi. Khi thầy nói câu nói đủ giác quan thầy cũng bị vấp do lời thầy thốt ra đó thôi. Vâng thầy đủ ngủ quan nhưng thầy thiếu tâm- thiếu trí. Mưa ầm ầm nghe tai phone sao nghe rõ. 
1/ là hoàn toàn không rõ vì sẽ bị choái
2/ nguy hiểm nếu như mưa to có kèm theo sấm sét 
Lạy thầy ăn gì con cúng nhớ là tháng bảy gọi về dưới hết rồi sao thầy còn lại vãng nơi đây.",0
"Đủi thằng cha dạy học này đi, thầy giáo có ăn học Mà ăn nói kiểu đó",0
Cho ông thầy này nghĩ luôn đi,0
Chắc khj con mjnh vào đaj học dặn nó đừng vào trường spkt này học sợ nó học xog bj nhjem quên bà nó đạo đức laj mệt cho mình,0
Ông thầy đừng chối biện .nghe tiếng nói là biết người không có tâm rồi  .ông thầy vô đạo đức thì làm gì truyền bá được đều tốt đẹp chứ,2
Tôi tên Nguyễn Văn a có mắt tay mũi miệng nhưng có đạo đức . Còn thầy cần nên học lại rồi đó không cần đi dạy nữa mà nghĩ dạy là ...,0
Nóng quá mất khôn đó thầy...,0
Thầy này ở dau vậy mới người,1
"Giáo viên nói chuyện bố láo phải kiểm điểm hay cho ổng thôi việc cho rồi, giáo viên có ăn có học nói chuyện như thằng giang hồ.",1
Them 1 ong thay nay dich benh ong bj khung roi phu huynh oi,1
Thay giao gio co thiu dau.không pai thoi chien tranh o campuchia.thay giao gio du ma.không day được de nghi bo giao duc khai tru thay giao nay di,1
"Đuổi thẳng thằng giáo viên đó làm ông nội người ta hay sao, Gv kiêu làm gì phải làm theo hay sao là sinh viên có tự trọng cả mà, đây mạng xã hội nữa.",0
Thầy giáo có học như thần vô học yêu cầu bộ giáo dục vào cuộc sử lý,2
Thấy giáo bây giờ toàn là đồ mắt dai,0
"Cho ông này nghỉ , tặng kèm cái định chỉ cho đủ bộ",0
"Tôi yêu  cầu  BỘ GIÁO DỤC  vào cuộc điều tra thầy giáo này ngay và kỷ luật đạo đức kém và tước bằng dạy học của thầy giáo này vĩnh viễn ,và răng đe làm tấm gương cho thầy cô giáo khác làm tấm gương ,để cho phụ huynh học sinh an tâm gửi gắm học tập tốt của học sinh .",2
Thầy làm thế hơi quá,0
Mưa to thì sóng cũng kém mà,1
Thầy kiểu này áp lực quá,0
Trò mong thầy giảng lại mà thầy đuổi SV ngay Thế thì thầy mấy dạy luôn rồi,2
"Thầy nên nhắc nhở thôi,làm gì mà căng vậy",0
Ổng đuổi ngta cho lẹ để ổng ngủ cho ngon mà chứ dạy gì mà kỳ cục,0
Kêu ngta out xong giờ bảo doạ thế tí add vào lại nghe mùi biết xạo tró r. Ông hiệu trưởng bao che mới không xử phạt,0
Nhắc nhở cái gề.sv nó nói vậy thì thầy nhâc cái gì.thầy mà nói chuyện kiểu giang hồ.sv nói chuyện dạ thưa đàng hoàng đã sai còn cố gắng,0
Ông thầy này hattrick thật ảm yêu cầu nhà trường đuổi gấp,1
Xã hội phức tạp là do có những người thầy như thế này. Dạy hư cả một thế mà nhà trường còn bao che.,0
"Đã là 1 giảng sư,1 nhà mô phạm mà ăn nói vô giáo dục vô học thì làm dạy dỗ được ai. Ông nên về học lại  môn giáo dục công dân",0
Móa mày mà còn không nghe mà .,0
Thày này giống cô anh văn ở hà nội trước đây. Đây là sân của thầy và luật do thầy đề ra,1
Ông thầy này chắc không có học môn đạo đức,1
Tại thày thấy quyền mình tổ quá các trò,2
Thay giao nay cho ve di chang trau,1
Cho ông thầy này lên bàn cho rồi,0
Thay giao .ma cu su nhu vay ma cung cho dai hoc sinh,1
"Cho dù không đầy đủ video nhưng học sinh không làm gì sai mà chửi, cho dù là nữa câu cũng không đúng huống chi cái video bị cắt này",0
thầy giáo gi kỳ vậy.. Ng ta thường nói Tiên học lê hâu học văn. mà thây giáo.kỳ quá.làm ô quế trong ngành nhà giáo quá...vô lương tâm quá...,0
Cho Thanh  này  về  chan   đi,1
Thầy bà nó,1
Giáo cá,1
Phải xác minh lại chứ thầy giáo kiểu này là kg có đạo đức nghề nghiệp cần phải về quê cắm câu,0
Thằng thầy  này nó ăn cái gì vậy trời,1
Thy tao lao ve huu luon di cha da la thay ma sao kho khan qua vay xam,1
"gặp tôi, chửi cho đỡ tức rồi đi ngủ cho lành",0
Kĩ luật thầy đó liền,0
Ong thay nay không co nghiep vu su pham cho ong ay nghi di  boi bac nghanh giao duc  thay  giao gi nhu  con do,1
Nhà trường còn lượn leo bao che,1
Thay MA noi vay . Con thua nguoi nd,1
Bục mình nhỉ nó nói là thế thì em trai kia không phải con người á???,1
chắc không xin giấy phép để ra đường mua đồ về hít được đó mà.tới cử ngáo wá rồi,0
Ông này làm thầy giáo không xứng đáng với từ thầy làm thầy kiểu này chết r,0
"Thầy giáo mà cư xử như giang hồ…. Thầy này chắc không học qua môn sư phạm, đạo đức kém….",2
Đau phải ai cũng sẵn đau,0
Chem then thay cho do lien,0
Loại thầy này cho nghỉ luôn đi,0
THỜI  DỊCH  CŨNG  CÓ NÓNG  TÍNH  NỮA  HẢ TRỜI ?? HƠI  BI  ÁC .,1
Cho ông này đi đi. Thầy vầy sao mà dại người được.,0
Thầy nay mà cho dậy lam dì cho về nhà nghỉ đi,0
"Vậy mà em sv đầu tiên nói theo yêu cầu của thầy mà thầy không nghe rõ kìa? Vậy thầy không đủ tai, miệng như người bình thường",1
Thầy giáo như giang hồ đe dọa như v thì làm sao sv học được bị tâm lý,0
Thầy mà như con quỷ thế này thì học sinh nào muốn học. Đuổi khỏi ngành giáo dục cho trong sạch ngành.,0
Mịa thầy Lll Llll Llll Lll mịa mịa sao có thầy ta?,1
Dm ông này thua biết ông là ai đưa lên cdm cho ông thấy cái cảnh,0
Cho ông thầy này này học lại môn đạo đức với các bé mẫu giáo là dừu,2
"Thời buổi bỏ tiền để đi học thầy giáo ăn lương từ phụ huyhn học sinh , mà ăn nói nghe láo ghê .",0
Vậy mà cũng là giáo viên được sao,0
Thầy này bị tâm thần rồi cho nó đi chữa đi,0
Dẹp ông thầy này cho rồi,0
Dao duc cua nguoi thay nay o dau duoi cho ra khoi  nganh noi da roi xl rut kih ngiem nay no thiet ngi 1 mot thay co dao duc thi mih gian bay hoc sih mih kg hiu thi gian lai co dau nọi chyen thua nguoi kg an hoc,1
"Dù có việc gì , đã là Giảng viên lại còn khoa sư phạm thì lời nói cũng như tác phong trái với sư phạm.",1
Thầy mất dạy,2
Lậm quyền — nếu không có bằng chứng như thế này thì nói cất bớt nay kia aiz — lại che dậy —,1
Ông này có phải là thầy không...? Tại sao thầy giáo mà có những lời lẽ khó nghe như vậy.,0
nói gì thì nói làm z là không được rồi làm thầy mà không có tâm muốn chửi là chửi muốn nói gì là nói,0
Cái loại thầy giáo này có được mấy chữ là tỏ thái độ ngạo mạng cho qua ở chung với TQ,0
Đã gọi thầy giáo mà thiếu đạo đức..... Học sinh nói tế nhị vậy mà thầy giáo lại cố chấp..... Đề nghị nhà trường kiểm điểm cho thầy sáng mắt ra...... Nhiều khi do mạng yếu cũng không nghe rõ.... Vậy mà nỡ lòng nào lại đuổi học sinh......,0
cho ông thầy này về chăn gà cho hóc sinh được nhờ,2
Thầy giáo nói chuyện thiếu văn hóa thế này làm sao mà đủ tư cách lên lớp giản dạy các e chứ.mấy đưa không hiểu bài thì dạy nó lại có chết chóc gì đâu mà nặng lời với mấy đứa,0
Thầy giáo ngáo đá,2
"Ko có học trò online ông THẦY này ăn gì đây
Đuổi tháng tay để xem ông sẽ ăn gì",0
mat day nge,1
Vậy mà bắt con người ta học online,1
Không thể chấp nhận được.,1
Trường mong thông cảm để toàn thầy cô vô đức dậy trò sau này đất nước sẽ ra sao???,1
"Học sinh ra khỏi lớp,cho thầy mất dạy luôn",1
"Xin bô giao duc đuôi ông thây nay gâp,",1
Tôi ghét nhất cô thầy giáo mà chửi như dân mất dạy cho nó đi phụ hồ đi ăn học làm thầy cô giáo người ta mà nói chuyện giống như kẻ chợ trời ơi à,0
Cho thầy nghỉ hưu sớm. về làm giamg hồ chợ  là ok,0
"Thầy giáo khôn nạn thật , đó là những kẻ phàm phu tục tử , đuổi nó ra khỏi ngành giáo dục đi , độ biến thái",0
cho than nay len thot ca nha,1
K co hoc sinh may ông lay tiền đâu mà sống. Thầy giáo con hơn giang hồ. Đề nghị phong giáo dục cho thay Đi kham vi đau ông ta co van đề.,0
Học sinh này tên Nguyễn Văn cha . Phụ huynh em này gửi đơn đến phòng giáo dục và ban giám hiệu nhà trường cho thằng này nghĩ dạy đi,1
"Thầy giáo cũng khủng bố học sinh, nên cho nó nghỉ dạy đi. học online xem mà bức xúc",0
Hoc sinh không hiểu thì giản dạy cho mấy đứa làm gì nói chuyện kì zay,0
lam thay thi tot nhung dao duc thi dot nhu bo,1
Theo tôi trình độ càng cao văn hóa càng kém . Là dành cho og thầy này.mat mặt ngành giáo dục ảnh hưởng đến các đồng nghiệp khác.,0
Nên kỉ luật và đình chỉ ông thầy này không nên để làm gì. Dịch bệnh học online đã khó tiếp thu bài mà còn gặp cách cư xử không ra gì của ông thầy này như đang hành hạ học sinh. Giáo dục và đào tạo nên xem xét và đình chỉ thậm chí đuổi việc của nhưng ông thầy có hành vi giống thế.,0
Ông thầy này vui nè ảnh hưởng đến thầy cô giáo khác rồi,1
Thầy gì mà mất dạy.,0
Chắc vợ hoặc người yêu cấm sừng ổng mà người đó bị khuyết tật nên ổng thù.,0
Cho thầy nghĩ học luôn đi mua con sắm chớp láo toét học thầy nay chắc yếm than luôn.,0
"Thang cha thay nay không biet co hoc đen noi đen chon hay không, ong không ton trong hoc sinh, thi tui đay cung không can ton trong ong, nen hoc lai sach đao đuc đi nhe cha noi, thay ji mat day vay.nay la cho thay.",1
"Thầy giáo vô lương tâm…. Thời buổi khó khăn còn học trò ngoan muốn học để cho Thầy dạy  là Thầy phải mừng chứ , Thầy là người miền nào mà nói chữ…. ( mắc mớ ) nghe qua câu này biết Thầy là dân miền Trung phải không ? …. Chứ người miền Nam  chúng tôi được làm  Thầy  giáo thì phải có Đức Hạnh  lắm ….. nhớ nhé …. Bất cứ nghề nghiệp nào mà được tôn vinh là Thầy thì phải có… Đức Độ nhé …. Hơn nữa là nghề   ( gõ đầu trẻ  )  mà Thầy quên mất câu … Tiên học lễ …. Hậu học văn … rồi sao …? … nghe , thấy , mà buồn cho Xã hội xuống cấp trầm trọng …. Thầy giáo gì mà không có lương tâm  nghề nghiệp chút nào hết vậy… ! …",0
Ông thầy này bị thần kinh hả,0
K biết thầy còn đủ giác quan không ta....,1
K hiểu ông thầy này ai cấp cái bằng giáo viên cho ổng nữa,0
Gặp t đấm vào mặt nó r,0
Thầy đó hả tui nghe mà tưởng là người khog biết chữ vô học chứ .đề nghị thằng thầy nầy học lớp 1 lại đi,0
Ông thầy này cho về quê cắt cỏ bo di,1
cho nghi day thây mât day,1
Thằng này mà thầy gì.,0
Roi loan nhan cach,1
nhiều thầy cô đạo đức còn không có,1
"Thầy giáo dạy đại học mà nói chuyện có "" văn hóa"" ghê",0
M.  An tien dau phai day o. Mat day,1
Thầy đã quyết định đổi nghề,0
Chán thầy giáo này quá. Ko biết yêu thương và giúp đỡ các em học sinh trong giờ học khi trời mưa to các em học   không nghe rõ vậy mà không tâm lý và giảng dạy các em theo một trình tự tốt đẹp nhất,2
Chỉ có vậy mà cũng đuổi học. Thầy gì mà nói chuyện vô học,1
Hoc sinh không co lay gi thay day,1
"Thầy giáo gì mà nói chuyện lao' vậy nè? Chắc phải đi học lại lớp 1, kèm  sách đao đức đi nè?day học trò mà nói chuyện như vậy á!???.... cái thằng thầy mât' dây?",1
Hoc tra tien ma lam vay hoc chi,1
Tôi cũng làm thầy nhưng là thầy giáo còn thầy trong clip không biết là thầy ji,2
Nhà trường đang dạy thu phí đó chứ đâu có sinh viên nào học mà không đóng học phí đâu,0
"Thằng này là thầy giáo mà sao như giang hồ,hăm dọa học sinh ..",0
Thay giao gi an noi nhu dui duc.,1
Cho thay nay nghi đi day kieu gi vây,0
Thằng chứ không phải là thầy,0
Cho em số điện thoại của thầy được không ạ,1
Thầy khó quá rồi thầy ơi!,1
Yêu cầu bộ giáo dục và đào tạo xem xét lại cách cư xử của ông thầy này thấy ổng như bị tâm thần v.,0
"Thầy này là Thầy bà
Thầy mà không thông cảm  cho HS, SV thì vứt",2
Truong oi la mot giang vien ma nhu vay thi cho thay o kg uong ca phe cho roi,1
Con tui sv đang học online thấy mà chán,0
Thầy này là thầy muốn lên trang đầu,1
"Thầy giáo, hay ma giáo ngáo đá , đạo đức trí thức văn minh , chắc thầy chưa có học, xúc phạm học trò như đang nguyền rủa học sinh có tai mắt mũi miệng , bị câm đui điếc , thấy thầy không được khỏe , vậy thì nghĩ hưu non luôn cho khỏe",2
"Có thể giảng lại theo cách tóm tắt cũng được mà, làm giáo viên mà khó khăn quá thì nghỉ cho rồi",0
Vậy cho ô nghỉ dậy luôn cho ô ngủ luôn,0
Thầy ca chon,2
"Clip đã được cắt? Có clip đầy đủ chi lấy ý kến sinh viên, ""đừng đe dọa tui cho em rớt học phần này"" xem sinh viên nói gì rồi kết luận.",0
Học cái này có nhiều cái bực mình với thầy cô con mình mày hư tai phon và xài mạng ké mà bà cô kêu ai thoát ra thoát vô cô không cho vô mẹ nó chứ mạng nó yếu thì sao mà không chập choạng được,0
"Nghe từ câu nói, cách nói, âm giọng phát ra đáng khinh bỉ là một thằng hơn là kính trọng một người Thầy giảng viên. Lại một con sâu làm hoen ố Nhà giáo cao quí.",2
T.  a. o.  dạy online là phụ. T.  chơi online là chính. Mấy đứa đừng làm T.  khó sử. T. Chửi thề à.,0
Cho dù nhắc nhỡ thì thầy cũng phải nói chuyện như thế nào cho đúng với phẩm chất người thầy giáo chứ không phải ăn nói như người không ăn học,0
Đâu đuong xo cho chu thay giao gi. Thay giao đau hanh su nhu côn đô vay. Day online no an không được no hanh su nhu vay đo.,1
Sao em nay không nói em đủ mắt tay chân giống thầy,1
Đuổi dạy luôn ông thầy cho trong nước á.,0
Ông thầy bị điên hả trời.,1
Chac ong thay Không co não,0
Đây đâu phải là thầy,0
Thầy giáo này thì sao mà dậy được thầy giáo không có đạo đức tội mấy đứa học sinh,0
Ông này nên đuổi thẳng cổ đi,0
Ai cũng có đủ giác quan riêng thầy giáo thiếu não để điều khiển giác quan miệng của thầy đó thầy.trước khi dạy nên gắn cái não vô kiểm tra miệng hoạt động đúng chưa cái nào nên nói cái nào không rồi lên lớp dạy.mà tốt nhất nghỉ luôn đi có tư cách đâu mà đứng lớp giảng dạy,0
Thầy mà ăn nói như vậy đó .mất dạy hơn luôn dạy con người ta học cũng tốn tiền làm như dạy giùm không tiền vậy,0
đay là khóa thí sinh tthi lại nhìu đay,1
Một người thầy có những lời nói không chuẩn  đối với Sinh viên của mình không chấp nhận được quá thất vọng,2
Thầy giáo bị mát điện cũng day được,1
Thay nay an noi nhu vo hoc vay.,1
Thầy nói chuyện không có đạo đức gì hết,1
S không đi làm giang hồ đi làm thầy làm gì chứ,0
"Thầy giáo mà ăn nói như vậy, thì không xứng đáng gọi là thầy giáo, thua rồi,",2
Làm thầy nói chuyện giống con nít dạy học sinh.... tôi cũng là thầy đây.... thầy dạy khiêu vũ....dạy chừng nào biết đi vũ trường thì OK,1
Thầy giáo nói chuyện kiểu gì z trời......âm binh dữ z,2
Thầy mất dậy,1
"Mình cũng là giảng viên, nhưng thật sự mình không đồng tình với cách xử lý như vậy của bạn, hy vọng bạn cần tự xem xét lại để không làm hoen ố đi hình ảnh cao quý của một nhà giáo nha bạn.",0
Thay mặt đầy,1
"Giáo viên mà ăn nói như vậy sao, đầy đủ giác quan là thế nào giáo viên có dùng những ngôn từ quá đáng không????",0
Ôi chữ Thầy ! Đạo đức nghề nghiệp ông này nên xem xét tư cách !!!! Thầy chắc đi làm nghề ....???,0
Làm thầy là phải dìu dắt học sinh cho tới nơi tới chốn... thầy nầy là thầy làm biếng.chỉ biết tới tháng lãnh lương là xong... thầy tào lao xí muội.. thiếu gì....,2
Dù là cắt bớt vẫn là không phù hợp.thầy cô mà nói chuyện con thua bọn vô văn hóa,0
"Mấy ông thầy này chỉ có đào tạo ở trường làng quá. Trong môi trường đào tạo nước ngoài không có giảng viên nào mà nói với sinh viên như vậy. Đem cái bằng thạc sỹ, tiến sỹ của ông thầy này đem qua nước ngoài chỉ có hốt rác",0
Ko đuổi  thầy  .tui cho con nghĩ  học.  Chứ  thầy  mất  day quá,2
Xúc phạm sinh viên khuyết tật.,2
Thầy ơi là thầy thời buổi này thầy có việc làm mà sao không trân trọng vậy ????? Đừng để biến chất chứ,1
"Học sinh nói ổng có nghe đâu,  thầy gì cà chớn vậy,  sao mà dạy học sinh",1
Thầy giáo o có tâm. Nhà giáo ăn nói như gian hồ. Cho nghỉ là vừa,0
HỌC SINH NHỊN NHỤC ĐỂ HỌC ĐI VÌ ĐÓNG TIỀN RỒI,1
"Trời ơi học online thầy giáo nói chuyện vậy sao.tôi là 1 phụ huynh tôi kô bằng lòng cách thầy giáo nói chuyện như vậy ., học online trời mưa lớn vậy sao mà nghe , kô hiểu nhờ thầy giảng lại  ,và cách nói chuyện của 1 giảng viên vậy là kô được",1
"Ngắn nhưng thực tế , báo tuổi tre với thanh niên lên thì minh vào pm lun",1
Thằng thầy mất dai,1
Học tt đến khổ giờ toàn quốc đều học nên hay nghẽn mạng bài hiện lên chậm hs chưa nhìn thấy chữ chưa đọc cô giáo thì cứ giục nhặng lên đọc đi.hôm nào mưa đường truyền kém thì mạng nghe không rõ hay bị out ra nữa.bị out ra nhiều lần  xin vào lại cô giáo cứ cáu gắt mù lên rùi có hôm kệ không cho vào vì hs mà bị out ra nhiều là máy cô cũng bị đơ.haizz biết bao giờ mới hết học online mệt cả thầy và trò.mà khổ nhất là bắt đầu lên lớp 1 chữ nghĩa chưa thông mà học tt khéo mù chữ mất,0
"Đây là Thầy hay là thằng đây . Có sinh viên thì thằng mới có lương mà "" đớp ""  chứ thằng ơi . Thằng tưởng mình là "" trời "" hay sao thằng .",1
Ông THẦY DẠY KIỂU NÀY RA TRƯỜNG SẼ LÀ TRÙM GIANG HỒ.,0
Ong thay nay het dich di ve hot phan bo di la vua.,1
Cai noai thay nay bo tay...,1
Ngày xưa thầy chưa học môn đua xe ý lộn đạo đức,1
Bó Tay với Thầy này luôn,0
Ở Vũng tàu thì xác định là mắm tôm đầy nhà,1
Thay giao bi gì vay troi,1
Thầy giáo thứ đó đuổi cho nghĩ luôn đi,2
"do mạng 1 so sv yeu nen không nghe rõ ,hoac thiet bi dt , lap top không xịn ... sao thay làm căng thế thay",1
SAO TRƯỜNG KO ĐUỔI THẦY KIA VẬY ! NÓI LÀ ĐOẠN CLIP ĐÃ BỊ CẮT NHƯNG AI BIẾT THẦY ĐÓ NÓI CÓ ĐÚNG HAY KO ! ĐỂ NHƯ VẬY CHẮC CÓ NGÀY ĐANG HỌC BỊ ĐUỔI LUÔN LÀ TOANG YÊU CẦU NHÀ TRƯỜNG LÀM RÕ CHỨ LỠ ĐỂ NHƯ VẬY OÀI AI MÀ HỌC CHO NỔI,0
"Thằng này gọi thầy là các e  gọi nhầm rôi ..vì thằng này nó được đào tạo từ"" hầm cầu"" thằng này phải gạt tên nó khỏi danh sách GV giảng dạy",1
Thằng này mà thầy cái gì,0
"Thầy giáo ăn nói thế là đủ hiểu đạo đức của thầy rồi. ""Thầy giáo cho tháo giày, để giáo chức cho dức cháo, cho thầy không (mất )dạy và không ( vô) lương """,2
Ô mưa to mạng kém thầy gì kỳ vậy giảng bài cũng tiết kiệm lời .Thầy ơi là thầy ôi thầy ơi là thầy,2
Thầy giáo nói chuyện mất dạy quá,2
Thầy không có tâm .,2
Muốn kg ảnh hưởng đến trường hội đồng trường nên kỷ luật treo ổng 3 tháng làm gương,1
Người ta không nghe thì mình giảng lại hoặc nếu không thì bảo học xong sẽ giảng lại chứ mắc mớ gì nói như vậy làm thầy gì kì vậy làm thầy mà đuổi học sinh dù khúc sau có đưa  sinh viên đó vào đi nữa thì thầy xứng đáng bị kỉ luật rồi,2
"Dich nay  no không lam Thay giao được nua roi ,no se di Thao giay",1
"​ @jessicabui5069 ẩn dụ còn sâu hơn cả lòng đại dương, hiểu gì chết liền ;-;, may mà có bạn dịch giúp, thanks",0
E nghĩ cho thầy giáo nghĩ huu sớm đi ạ.giao viên mà ăn nói như ng thất học... Làm nhục nhà giáo việt nam,0
"Thầy giáo gì, thua một người vô học thầy ơi",2
Thầy giáo kiểu này là thầy đại,0
Là thấy giáo hay là gì z trời,2
Nhà trường nhận học phí của sinh viên mỗi năm biết bao nhiêu là tiền mà sao lại mướn ông thầy xả hội đen để dạy như vậy,1
Nó dạy ăn tiền chứ không phải vì đạo đức,0
Cái miệng thầy thui quá thầy mât day,2
Haizzzzz... thời buổi gì vậy trời...tiên học lễ hậu học văn... là đây sao.....,1
Thầy giáo mà mất dạy quá,0
Lão nay không nên làm giáo viên,1
Có thầy như vậy học để làm ji...,1
Thầy à cđcm nhà thầy,2
Thầy này mất dạy được rồi đấy,0
Nhà trường vẫn bênh vực thầy đó ư,1
May mà có camera ghi âm hết chối cải,1
"Yêu cầu Bộ giáo dục , tẩy chay thầy giáo, làm thầy mà như ông nội , zậy",2
Nhà trường đuổi ông thầy ngang ngược này mới đúng á. Chứ thầy giáo đuổi học sinh là sao,0
Đuổi ngay thầy giáo này đi,1
"Ko phải cứ học cao là văn hóa cao nhá, nhân cách đã đi theo từ nhỏ",0
Cái thứ đạo đức giả,1
@Quang Le,1
@Quang Le,1
Thay do ma lam thấy giao cái đeo gi,1
Ko biết thầy có nhu cầu học giáo dục công dân không ạ,2
"Thầy ơi thầy, cho e nói cái này nha thầy, thầy nói chuyện e nghe không phải đạo đức của 1 người thầy, bất lịch sự, cái gì mà tôi còn đủ tay chân mắt mũi, nói chung là thầy nói chuyện ( MẤT DẠY ) quá nha thầy ,",0
Trường nay nên đóng cửa luôn chứ không phải riêng ông thầy.không có đạo đức thì mở trường làm về giáo dục làm gì.không thể nào 1 mình thằng thầy này chịu trách nhiệm đuoc,0
Thanh tra coi lại dùm. Nhiều thằng nó chửi nhiều hơn là day đó nhà . Cám ơn,0
Tư cách nhà giáo còn thấp hơn điểm hóa lớp 10 của tôi nữa.,1
Thầy tào lao,2
chac thay bi CACH LY vo lau roi day,1
Cho thằng thầy giáo này mất dạy luôn..,0
thay giao nhu day thi duoi luon di chu hoc sinh ma nang loi nhu vay thi lam thay giao cai gi nua,1
Thấy giáo gì mà nghe Thấy là đã noi điên lên rồi thầy giáo mà ăn nói như vậy sao,0
Thằng thầy này gặp ở ngoài thì no đoàn,1
Bình thường dạy còn không xông huống gì online.,1
Thầy mất dạy rồi,0
Thầy giáo này cũng bị quả báo,1
Thay giáo kieu gì vậy hoc onlain làm con cat gì,0
Thầy giáo về ăn cực đi thầy cho,2
Ông thầy này mất dạy thật,0
Thầy giáo quá đáng,2
Dịch bệnh buộc phải học onl rồi mà thầy giáo còn hành sử như vậy nếu lỡ học trên lớp chất thầy giáo này an thịt học xinh hết wa,1
La thay giao sao đao đuc không co vay hieu truong dau không cho nghi dau lun di,1
Hiệu trưởng đuổi mày,0
Đuổi.,1
Thầy gì mà không có một tí tình cảm,0
"thầy đang tra tấn tinh thần của sinh viên,  thầy này có vấn đề về tâm thần",2
Qua dang,1
"Thầy ơi  ,,,,, uổng cho thầy kiếp này làm người",2
Học cái củ cải,1
Ông thầy bị ngáo hay gì v,1
Học sinh nói không nghe rõ thì chỉnh tiếng lại cho học sinh dễ nghe dễ hiểu là được rồi chứ làm sao đuổi học sinh ra khỏi lớp là rất phản cảm không thể chấp nhận được thầy giáo dạy học online này,0
"Dich benh dan kho kg co an luon ma giờ con day them lay tien nua kia ,",0
Thằng này nó bán hàng rong chứ giáo viên gì tầm này,0
"Thầy giáo mất dậy ,,,,uổng cho thầy có kiến thức",2
Ông thầy này có dấu hiệu tâm thần. Tội các con quá.,0
Du loi co cat bot hai không thi ong thay do cung sai vi ong la thay ma an noi vo van hoa lam sao ma dai ng khac,1
Nếu tui ở trong trường hợp bạn này chỉ cần xuống chỉ thị 15 là tới nhà liền,1
"Thầy giáo gì mà thô quá ,không có tâm nghề nghiệp gì cả",0
Khai trừ ông thầy ra khỏi nghành,1
"Nhung loi nhu vay ma cung co the thot ra duoc tu mieng cua mot nguoi duoc goi la ""Thay Giao"" sao????
Nhin cung du thay ro cac hoc sinh truoc webcam. Co can phai yeu cau qua dang nhu trong clip không???
Tuong lai Dat Nuoc Viet Nam roi se the nao khi cac Nam Nu Sinh Vien duoc nhung Nguoi Thay giao nay ""day"" ""bao"".????? T H U A!!!",1
Thầy  giáo  gì  mà  vô  duyên  quá.,0
Vụ này t làm được.nổ dia chỉ thày giáo di cho nằm viện vài lần là ngoan ah,0
Biết facbook ông nội này không độp liền,0
Thầy giáo vô lương tâm xong mùa dịch này ông về vườn chăn vịt đi ông,0
Thấy giáo này thiếu chuyên môn của nhà giáo,1
Khủng bố tinh thần sinh viên chứ dạy gì,0
Cho đi làm hồ,0
"Tui cũng có con học online, không phải ai cũng có điều kiện phòng óc đầy đủ",1
Thầy có học nhưng vô giáo dục,2
Thầy mắt dại,0
Thời buổi bây giờ thầy khốn nạn nhiều hơn đàng hoàng,2
"Thầy giáo gì mà mất dại quá vậy trời ,",0
Giáo viên mà nói như vậy thì làm giáo viên dạy học làm gì,2
Mong  sở giáo dục  đuổi  thầy  giáo này  không đủ tư cách  giảng  dạy cho  HỌC SINH...mong PHỤ  HUYNH  ĐỪNG  CHO CON E HỌC thầy này không có tư cách dạy...,2
mog bên phòg bộ giáo dục làm tới va cho thằg thầy này..ra khỏi giảg đườg,0
Cho ra khỏi ngành luôn,0
Thằng thầy giáo mắt day,2
Mong bo giao duc duoi thay giao luon di chu day kieu do ai ma hoc thay giao ma tuong giang ho chu,1
Thầy này dạy cho co,0
hoc sinh không duoc hoc thi thay hay hot cuc vo ma an nghe thay,1
"Đạo đức thầy giáo bây giờ mất hết rồi mn . có phụ huynh nào gặp trường hợp còn mình như vậy không"" nếu cho con đi học thêm làm đúng bài , kết quả thì điểm cao , còn không đi học thêm hoặc học người khác cũng làm đúng kết quả nhưng lại sai vì không đúng trình tự thầy cô dạy"" .",2
Thầy mới hút cần xong hả gì á,1
Thầy kì vậy tr,1
Thầy giáo gì mà giống cô đồ quá vậy trời,0
Thầy  này  mua  bằng.,1
Thầy giáo cô giáo giờ tao coi như mấy thằng bán chữ. Tao mua chứ không coi trọng tụi nó... tụi nó sống vì tiền.,0
Lưu manh giả danh trí thức,1
Thời nay lắm người muốn nổi tiếng ngay cả với những người tri thức.,0
Yêu cầu cho ông thầy này đi học lại.,2
Thầy gì mà kỳ quá,0
Cho thầy giáo chuyển nghề luôn học càng cao ăn nói càng ngu,0
thầy gì tầm này nhỡ,0
Trời ơi thầy cô giáo giờ vô đạo đức vậy đó khổ ghê,2
Xem mà ức chế lắm ln á trời,0
Thầy giáo mà nói chuyện như thế sao,1
"Vụ việc này thầy sai rồi thầy ơi. Nhiều khi nhiều thiết bị học online không đảm bảo chất lượng, hoặc đường truyền mạng không được tốt cũng có thể gây ra lỗi nhé. Đáng lẽ thầy phải thông cảm chứ sao lại hành động như vậy. Bó tay thầy này rồi",0
cho ong gjao vjen do vo tu dj...,0
Thầy giáo này không bình thường chứ nói học sinh không bình thường... Thầy này chắc có hơi mem rượu rồi...,2
Nhà trường sao mà cho cái loại thay giáo như dậy mà đi dậy con e chúng ta được sao,0
Khi sinh ra là giang hồ mà gia đình bắt làm thầy giáo. Không biết đây là thầy giáo hay côn đồ nữa.,2
"Ko nghe rò chứ phải không chịu học đâu mà nhắc nhở , ông thầy với nhà trường biện minh , cách ăn nói z mà làm được thầy giáo",0
No dâp da bi san . Thong cam,1
Trời ơi thay giáo đây sao,1
THAY Giao chat vua dâp da bi san da thong cam,1
Mất dạy..,0
"Thằng thầy giáo : tao đang chăn bò ngoài đồng , tự nhiên kêu tao vô dạy học.... vậy mới cay chứ",1
Đề nghị nhà trường coi lại ĐẠO ĐỨC giáo viên nếu được thì đuổi luôn dùm,1
Vo van hoa,1
So giao duc dau.het giap vien roi sau de thay giao do gian  vay,1
Cho ông ta ra dạy trường Quốc Tế  luôn đi để thế giới biết đằng cấp ông ấy,0
Buồn hết nấc cho thầy giáo quá .,0
Cho thầy nghĩ dạy luôn đi,0
Phải cho thầy này học lại đạo đước chứ không là các SV khác còn mệt dài dài,0
Cho ông thầy giáo này về vườn đi,0
Phải cho thầy này học lại đạo đước chứ không là các SV khác còn mệt dài dài,0
Loai thay giao nay không co chut tu cach la thay giao ma nhu con do y,1
Thầy nay nghĩ được rồi,2
"Thầy mất nết thật , tốt nhất thầy cũng nên ra khỏi lớp",1
Hay chuẩn,1
"Một chữ cũng là thầy, nữa chữ cũng là thầy, nữ chửa cũng là......thấy. ý thế chứ gì.",0
@nguyenhuunguyen  no,1
"@nguyenhuunguyen  hồi đó thầy la để cho mình lo học, ít nhất là còn quan tâm sâu sát cái gì ra cái đấy chứ không phài kiểu cảm tính bố đời này",0
Chắc không thầy này xem phim ông thầy bá đạo rồi nhiễm luôn,0
Người nhà t thì t tìm tới nhà,1
Thầy này không có tâm.cac thầy cô phải biết rằng rất nhiều cha mẹ đang ngồi bên xem con học đó,0
Thầy muốn về hươu,2
"Giọng điệu không còn đúng nghĩa chữ ""thầy"" nữa rồi. Đáng buồn.",0
Thông cảm thầy ngày đầu tiên vô mau giáo không may trường cháy cô giáo chết rồi,2
Ôi nhà thằng thầy giáo này nó ở đâu vậy???,2
Thay giao gi Ma giang ho vay cho no nghi day luon di,1
"Có tài mà đức không bằng sv
Làm thầy nv thì dạy được ai
Mất dạy!",0
Hiệu trưởng trường này đâu,1
Me nó nghe mà thấy ghét thât ..làm thầy giao mà như vây ha,0
vẫn hoa của 1 giao viên mà nói chuyện thế á,1
Thầy là cha là mẹ thầy bảo phải dạ phải thưa ... Cắt ghép hay không phải điều tra à chỉ nghe qua thôi biết nhân cách ra sao rồi em mà có con thà cho nghỉ học đi phụ hồ còn hơn cho học lớp thầy ...,0
Thằng thầy giáo mất day,2
Cái này  Thầy....BẬY....ZÔI...thầy giáo vô đạo đức,1
"Ý thức một người thầy/cô, thời đại giờ ai cũng mún mình được làm thầy... Dạy thì như tờ hó đái",2
"Khứa thầy này thuộc loại thầy lầy, nếu còn loại này đào tạo lớp trẻ tương lai sẽ cho ra cả thế hệ nguy hiểm cho xã hội.",0
Giáo viên giống vên giáo,2
"Tui thấy là"" mắc mớ"" gì mà để cho ông "" thầy"" này day vậy...haizz",0
"thay.giao.thieu.đao.đuc.lam.sao.h.sao..hoc.đuoc.đang.bi.khien.trach.hieu.truong,phai.ky.luat.nguoi.khac.moi.noi.guong.",1
"Buồn cho ngành SP lại có những người GV thiếu nhân phẩm đạo đức ,còn đâu người đưa đò đẽ các em về bến đỗ.",0
Rất buồn .Khi nghe được cái clip nầy con mình cũng đang là sinh viên năm 3 nhưng kg biết có gặp trường hợp vậy kg thương cho các con .Đôi khi mạng yếu các em kg rõ hỏi lại cũng mong thầy cô trả lời để các em hiểu .Có gì mà phải nặng như thế ảnh hưởng đến tâm lý các em.,0
Cách nc là biết ông thầy chả có đạo đức của 1 người thầy giáo . Thiết nghĩ nên kỹ luật người này thật nặng hay buộc ra khỏi ngành giáo dục .,2
"Thầy không muốn dạy thì cho thầy nghỉ luôn đi,nhà giáo thì phải hơn học sinh ở điểm biết cư xữ.",2
Thay ma nhu vay duoi duoi ngay ve nha rua bat cho vo,1
Thay giao an noi mat day....coi thuong sinh vien,1
Thay gi kinh di vay thang thay.giao nay no bi roi loan nhan cach.  Yeu cau so giao duc vao cuoc  duoi thang thay nay  ra khoi nghanh giao duc.  Cho ralam condomoi dung nghe cua no,1
"SINH VIÊN có những gia đình phải vây mượn tiền, để có tiền thuê thầy dạy! Người thầy được thuê quá đáng! Không có sinh viên làm gì có tiền nuôi gia đình, tuy là công thầy cũng lớn, nhưng cũng đừng phủ phàn những đồng tiền mồ hôi nước mắt của gia đình sinh viên bỏ ra để thầy nuôi gia đình! Nếu thầy không cần sinh viên thì thầy cần gì phải đi dạy để nói nặng nhẹ sinh viên đã bỏ tiền ra mong có kiến thức để sống có ích cho đời!",2
Ở đời có những thằng thầy ngồi nhầm chỗ,1
Từ chức hay cho tờ kiểm điểm la vừa,1
"Ông thầy tao lao.
Nói chuyên vô văn hóa không sứng đáng làm thầy",1
"Thầy giáo ơi, chắc thầy quên mình đang dạy khg phải chỉ ở trên lớp mà trên mạng xh. Cách nói của thầy sao giống bọn ...",1
Cần tây chay những giáo viên như vậy....,1
Như  vậy tốt nhất là cho thầy này nghỉ dạy đi là vừa,0
co bi cat clip hay không [ chua biet ] nhung loi noi va su yeu cau cua giang vien nay không the chap nhan duoc.,1
Thầy này thì đuổi luôn,1
Ghe giọng nói là thấy không có cảm tình rồi,0
Ủa học không mất tiền học chùa hả mọi người,1
Thằng thợ giảng này gây thù chút oán cho nhiều vào Rồi sẽ ân hận,0
Đuổi thằng thầy được rồi,2
Đuôi thầy giáo này luôn đi khỏi làm chức vụ giáo viên làm thầy giáo mà ăn nói vậy có giáo viên như vậy thôi chẳng thà khỏi học luôn đi tốt  nghiệp hết  rồi,1
"Chắc ông này là Giang hồ vào trường ,",0
"Chất Bộ giáo dục , sử lý thầy giáo này , chứ thầy kiểu gì vậy,",0
NẾU KHÔNG CÓ CÁC CHÁU SINH VIÊN HỌC THÌ LÀM SAO THẦY CÓ LƯƠNG ĐỂ MÀ SỐNG ĐÂY  MÔNG THẦY CÓ TÂM MỘT CHÚC,2
Còn biện hộ.....nhà trường nên bóp cổ thầy như thầy từng bóp cổ sv....từng lời từng chữ của thầy nhục mạ sv...tóm lại cho nghĩ dạy vì thầy wa thiéu đạo đức...,0
Nhiều giảng viên họ kêu ngạo lắm . Mình đi học trường này rồi mình quen chuyện này lắm .,0
"Ông thầy này đi học lại GDCD đi ,chu đê ông thầy này dạy là anh hưởng tới trường do",0
Đao đức để cho chó  rồi,0
Ông thầy nói chuyện vậy mà đi dạy học sinh gì trời,0
nghĩ dịch lâu qa thay bị khùng,0
Thay giao kiểu nay thi chui,1
Nghe cách nói thì biết thằng thầy này cũng phách lối  lắm nè,1
Thầy giáo nói khó nghe quá,2
không dạo Đức nha giáo,1
Thầy giao trời đánh,1
Ông thầy này  bị bịnh rồi hé,0
Cho ong thay nay nghe viec la vua,1
Ông thầy này không có nhân cách của 1 giảng viên,1
Không chấp nhận được cái ông giáo này thời cô vít mà học sinh cũng thiệt thòi cho ông giáo nghỉ luôn,0
"Sao lại có loài này !? Hết phong toả tôi sẽ đến "" lậy "" thằng thầy .",1
Học chứ đâu phải đang huấn luyện thú rạp xiếc!,0
Hjhj bạn này nói rất chính xác cảm ơn bạn nè ️,0
"Thực ra các thầy trên đại học dạy lấy danh thôi, họ toàn làm công trình này nọ",1
CHÚC ;-;,1
"Ở nước nào đó còn được chọn giờ học, chọn giáo viên học...giáo viên cũng phải cạnh tranh nhau để dạy tốt hơn mới có việc",2
@leedo1985  hình như là mỹ và anh thì phải!!!,1
Làm nghề thầy giáo là phải nói chuyện có đạo đức học sinh mấy ne,0
Ông thầy này ổng tưởng ổng có kiến thức thâm sâu lắm nhưng ông quên là sinh viên đóng tiền để nuôi ông.,1
"Đóng tiền để học chứ có phải quỳ lại xin xỏ gì đâu mà phải dùng ngôn từ để miệt thị người ta như vậy , Chán Thầy ;(",0
Gặp tui mà giống thx học sinh mắt mưa là tui nghĩ học lâu rồi ở đó mà không với ông thầy không có đạo đức,0
Thằng  thầy mát dại  ngài  xưa không  học đức cần những nhà có chức quyền làm rõ sự diệt sử lí nghiêm,1
Thầy giáo như vậy thật không xứng đáng giảng dạy.,0
"Lời lẽ lưu manh chứ không được như giang hồ nữa, nói chi là thầy giáo.
 Dạy dùm cũng  không làm vậy ,vô lương tâm phí đạo đức",0
Hình như học sinh ở trường đoá bị khuyết tật nhiều lắm. Nên thầy giáo mới yêu cầu e nào đủ tai chân mắt miệng mới dạy được hay sao đó,0
Những loại này mà còn giảng dạy thì không biết thế hệ trẻ nó sẽ ra sao,0
Người bị đuổi là cái ông thầy này .,0
"Thầy giáo kiểu gì vậy , khó khăn quá thì đừng làm giáo viên nữa",2
mưa to quá hoc sinh không nghe thầy giáo giảng bài bi đuổi hoc vậy trời không mưa các phu huynh kêu to thầy giáo đó có còn được dạy không ?,2
Vay cung lam thay duoc ha troi,1
thầy vừa bị bồ đá thông cảm,1
"Lớp  học  online  con tôi  học  cô giáo  bị  văng  ra khỏi hoài  ,bài  giảng 45 phút  thì  cô  văng  hai  lần  mất 30 phút  ,còn  15 phút  học  cái  gì  ,",1
Quá đảng mong nhà trường sử năng,0
Thầy ăn nói như ..má thầy quá ác,2
Hoc olie đã khổ cho mấy e.gio gap ong thầy nay nữa.thi sao may e hoc được.mong xu nghiem thay nay,1
"Kiểu nói vậy mà là nhà mô phạm à,mô phật mới thấy",0
Thay giao như vay duoi cho mẹ về nhà đi,1
Thầy mất dạy rồi,0
"Trước khi học làm thầy, hãy học môn tâm lý",1
"Thầy giáo thật quá đáng .Sinh viên vì trời mưa to nên không nghe rõ ..
 bị thầy đuổi ra khỏi lớp online .Còn ngược lại ,học sinh trả lời theo yêu cầu của thầy ,thầy không nghe rõ thì ai sẽ đuổi thầy ra khỏi trường ???? .Thầy giáo trong clip này thật quá đáng thương .( Chắc thầy cũng bị khuyết tật về tai,mũi miệng, mắt  nên mới có yêu cầu sinh viên phải xác nhận lại tai mũi mắt miệng để chứng minh là một con người bình thường .Khi đã có 1 em trả lời và chứng minh rằng mình là người bình thường thì..thầy lại không nghe rõ ,chứng minh tai thầy cô khiếm khuyết và...thầy là người không được bình thường ,thật đáng thương cho thầy..",2
"Sao bữa nay , càng ngày càng có nhiều giáo viên mất dậy thế nhỉ",1
"Nhà trường hãy cho thầy giáo này nghỉ việc một năm, để ở nhà học lại",1
Thầy nói nghe kỳ quá,0
Trường đh spkt thuộc trường top ở tp hcm mà  cách nói của giảng viên  như thế này thì tôi cũng chịu.,1
Đuôi thầy giáo ra hàng ngũ thầy giáo,2
Troi mua t cung co nghe được gì đâu,1
Thaygiaomatday,1
Thầy này cho đi học lại mẫu giáo,2
Thay giao  thieu đao đuc nghe nghiep noi chuyen rat kho nghe bun xin it ky tung loi noi,1
Thầy ở nhà bị vợ chửi nên khùng,0
"Thầy giáo này cho chuyển ngành đi là vừa , để vậy làm xấu cho các giao viên khác , nhục nhã !",2
Ông thầy dạy dỗ trời đánh,0
Rồi sẽ còn hàng ngàn chuyện liên quan đến việc học online khi học sinh phổ thông học từ tuần sau.,1
"Đúng là phải bảo vệ quyền lợi của sinh viên. Rất ảnh hưởng đến tâm lý các bạn sinh viên. Đề nghị nhà trường có hướng xử lý để hạn chế các thầy, cô giáo làm áp lực căng thẳng với sinh viên.",2
Ông thầy này ổng còn bị điếc hơn học sinh đó nữa,0
Thay nay ma hoc truc tiep trong truong chac bi thay danh luon .y vay ma con hung hang .nha truong cho thay nay ngi di .doi su nhu giang ho,1
Thầy giáo này khinh miệt người khiếm khuyết,2
cái câu sát minh tai mũi họng quả thật rất quá đáng.nhưng chỉ cần câu xin lỗi là được rồi đừng làm lớn cũng khổ cho em đó,0
Vừa lòng tui lắm  nói hay lắm bạn oi,1
Gặp tui không mở mic nói thẳng cho thì thôi ở đó mà em tên Nguyễn Văn A,0
@quyvu9687  thầy xử hơi nghiêm và vi phạm qrt của mn đề nghị thầy chỉ nhắc nhở và không nói như thế nx thôi,1
dung dung,1
Nhưng may mắn đã có thầy lộc fuho giúp các em,1
Sinh viên  này  có  học  hơn  thầy  đó  nhen  đồ  mất  dậy,2
@loiien7916  Ông điên thiệt đúng y như cái tên của ôngLợi thì không có nhưng điên thì chỉ có ông thoi,1
"@miku5248  
((((:",1
@miku5248   hehe >,1
@loiien7916  bạn ơi đừng chửi vậy chứ,0
nhờ thầy mà sinh viên ngửi thấy mùi xi măng,2
Troi mua to sinh vien không nghe ro .thay phai nhiet tiinh hon moi dung,1
​ @miku5248  nói hơi quá rồi cậu ạ cái gì mà fuho cơ,0
mận,1
"Thằng thầy giáo này
Thầy giáo dạy vậy thì học sinh cũng ăn nói giống thầy",2
Bị đuổi thì cất tập làm game thôi,1
Ông này thật quá đáng. Cho nghỉ dạy luôn đi,0
Thầy này cho kỹ luật là vừa,2
Tôi là giảng viên tôi kg có đạo đức như người bình thường. Tôi là thằng mất dạy,1
Như  vậy   cũng   làm   thầy   thấy  may ăn  nói   như   vậy  không   có  văn   hoá   cũng   dung giản    đi   hoc   thêm   đi   chưa.   Làm  thầy   được   đâu,1
Bố thiên hạ thật. Ng ta không nghe hỏi nhẹ nhàng đuổi khỏi lớp. Đến lúc sv nói ai cũng nghe mà nó đéo nghe nó cũng cho ng ta out khỏi lớp. Nó cũng đéo có tai mắt như người bình thường mà dạy ai...,0
Thầy này họ Quá tên Đáng đúng  không? Thật quá đáng mà,0
ả,1
"Thầy ji kiểu này  đuổi cho khỏi dạy,",0
Trường  đuổi thầy thì có,1
Trò giỏi thì thầy tài. Trò dở thì Thầy TỒI.,2
xu su y nhu sut vay,1
Chuyển nghề đi cho đơ nhục thầy.,0
"Bản tính giang hồ , nhưng bố mẹ bắt làm thầy giáo , quá mất dạy",2
Cho  thầy  về  hu non  đi  chứ  mất  đạo  đức  rồi,0
ủa thầy giáo chứ đâu phải ba má tụi tui mà ra quyền nói tụi tui ông không có quyền dạy học sinh viên kiểu đó vô duyên vậy ông đuổi ng ta như hiệu trưởng v chơi kì vậy làm xong định chuyển nghề giang hồ hả,0
Là một nhà giáo mà ăn nói kiểu gì vậy ? Không thể chấp nhận được.!,0
đo không fai la thay,1
Trc khi làm trận game ghi âm lại những gì ống đã làm với tôi để sao này có bằng chứng tại sao đang học bỏ đi chơi game,1
Phụ huynh và học sinh cùng nhà nước ta chi tata tiền cho các thầy cô giáo goday con người ta thế đấy ông thầy giáo này để nghị nhà nước hãy phế truất càng sớm càng tốt,0
"Thấy và nghe ông thầy này, thì tôi nghiệp cho ông thầy tôi",1
Học sinh nói thầy nghe không rõ mà ổng kêu ng ta nghe rõ vậy ổng có đủ giác quan không như ng bình thg không,1
thang nay dung lam tieu nha giao roi,1
Thay giao gì noi chuyen vo duyen qua troi...,1
Xin lỗi thầy nhé ... thầy là giảng viên .. giáo viên 1 trường mà không có tâm không có đạo đức nhà giáo ... hồi lúc trước thầy đi học  dám chắc thầy học ngu lắm ... nên nghe cách nói chuyện của thầy thua mấy người chăn trâu bò ở vùng dân tộc thiểu số nữa đó thầy ... tôi quê ở cần thơ nè ... thầy chăn trâu .. . Nghe đoạn ghi âm thấy thương mấy em sv ... chọn nhằm thầy chăn trâu ..,2
Thầy giáo này biết lắng nghe. Đừng hóng hách nữa vì hoc online đã khó tiếp thu rồi và kế bên còn có phụ huynh nữa,1
"Moi doc binh luan la ca men luon dung la ong thay qua mat day va thieu dao duc thua roi thay oi mon dao duc con nguoi la dung dau nha thay can thay di hoc lai mon
 




D",1
Thằng này mà cũng cho dạy người khác hả,0
Ô thầy mất dạy còn thua kẻ thất học,0
Đừng gọi là thầy nghe xấu hổ quá gọi là thằng thì đúng bản chất của nó hơn thằng này không xứng đáng gọi bằng thầy,1
Chắc thầy hiệu trưởng đuổi thầy giáo đó quá,2
Đuổi hết luôn đi… hết dịch kiếm bò mà chăn.,0
Cảnh sát 113 thầy thầy,2
"toi de nghi bo giao dut dui ong thay nghay,thu thay ,y quen,bien lien ,nghay,,ngap toi ,len toi noi cho ong thay ,nay",1
Đề nghị đuổi thầy giáo..,2
Cho hỏi mấy người có biết tên của ông thầy đó không ạ,0
thầy giáo làm như ông nội ngưởi ta có mình ổng biết dạy học vô đạo đức,1
Đuôi khoi nghanh giao duc không đu tư cach đê dây sinh viên tiên sinh viên đong đây đu không đươc đên trương đa thiêt thoi lăm rôi,1
Giấy  viên như  cha mẹ  mà  bây  giờ  có  những  GV   như  thế   con e  học  sinh  sẽ  không học  tốt,1
Xã hội bây giờ không thiếu thầy giáo như vậy,0
Xong rồi thầy mất dạy luôn,0
Thằng thầy này phải xem lại,0
"Dù thế nào đi nữa, cách ứng xử như vậy không xứng làm thầy giáo!",1
Nguoi ta không co tien mua tay nghe cung la,1
Có xứng danh thầy giáo kg ăn nói thì lỗ mãn Ủa học onlien cũng đóng tiền mà Dịch mới học như vậy mà còn bao nhiêu hs sv còn kg đủ điều kiện để học onlien kìa Thầy ơi trước tiên phải dạy chính bản thân mình đi thì mới có được sự kính trọng của học trò Thật buồn cho nghành giáo,0
Giảng viên về lấy gương soi học lại nhân cách đi cũng từ sinh viên đi lên nha cách cư xử thua mấy đứa thất học nữa hay là giảng viên mua bằng giả để bước chân vào trường đại học sư phạm kỹ thuật đe nghị cho thôi việc giảng viên nầy đi,1
Thầy cà chớn,2
Trình độ của thầy có bằng tạo không mà lau thế,0
Thầy nói chuyện như chan bo,1
Thang thay giao nay no mua bang roi duoi no ra khoi truong do không co tam ma day cai gi,1
Mua to nguoi ta không thây cung đuoi,1
Có mắt có tay còn có cu nữa nhé,0
Thầy này phải học lại môn đạo đức,1
Thay giao mat day roi cac em oi .minh cg la gian vien thuong may em khg het,1
Xong chuyến này thằng thầy này cpi xin vô lớp của lộc phụ hồ đi mà làm phụ hồ đi.,1
"Mùa dịch tai nghe hư mua ở đâu, thầy trợn",1
Thế này mới lòi cái thói mắng chửi con em chúng ta. Một giáo viên  môn văn cũng bị gì âm đoạn chửi học sinh nghe mà phẫn nộ.,0
Đuổi thầy chứ o đuổi hs,2
Lớn thì gọi là GIÁO DỤC CÔNG DÂN NHÉ,1
thay qq gì vay ma thay,1
Xã hội cs thầy cũng như vậy hỏi sao không,1
Có nói như vậy làm thầy nghĩ dại ra rừng chơi với chuộc đi,1
Thầy giáo âm binh.noi chuyện vô viên mà cũng làm thầy giáo mới ghê.,2
Người có hoc thức ms thiếu đao đức wua nhà trường nên đổ cổ thầy này đi để thầy này làm mát đao đức nhà giáo,1
Kỉ luật là xong chứ có gì đâu,0
Ông thầy bố lai,1
Thầy mới là người phải nghĩ đi,0
Đuổi thì nghỉ.thầy bố láo quá,2
Yêu cầu ngành giáo dục vào cuộc.Làm thầy mà vô học thì dạy ai.học cũng đăng tiền trường chết mẹ chứ mày có dạy không đâu.giản lại cho cháu một chút có cực bằng cha mẹ người ta lam lũ dầm mưa dải nắng kiếm tiền đăng học phí cho con không.Đúng là thầy có học nhưng so ra thầy còn thua một người thiểu năng bình thường nửa.,1
Cho nghĩ dậy đi là vừa thái độ nói chuyện nghe chả lột cái lỗ tai,0
thằng thầy mât day,1
Thôi đừng dạy nữa thầy giáo mà như bố đời,0
Thằng đàn bà đi làm thầy,1
Thầy giáo này thuộc thể loại gì chứ không thể dạy học được. Ở ngoài cho một trận.,0
Thằng này mà thầy gì trời,0
Thày như bùi,1
"Giảng viên này tên gì vậy mn,thái độ dạy sao hách dịch vậy chứ,chắc muốn làm ông hoàng bà chúa sao,người có trí thức sao ăn nói kỳ cục vậy ,nên xử lý nghiêm làm gương",1
"Đuổi ông hiệu trưởng vì đã mướn những ông thầy vô nhân cách, ông thầy như vậy sẽ làm hỏng nhân cách của những thé hệ tương lai",1
Về quê tháo giày nha,1
Thây giáo nói chuyên mât day . Cho ông thây này vê hüu söm di .,0
Thầy dạy người mà nói lời o nghe được,0
Cho thầy mất dạy luôn đi thầy .không có học trò thầy đói thúi mồm đí thầy nha .mình cũng có con đi học .nhưng nói thật minh không tôn trong giáo viên mấy .vì mấy mẹ hành con minh và các con khác .nói chung  là hành hoc sinh,2
Thầy kỳ cục vậy,1
Thay  mat dai  .duoi di dung cho dai nua ...khon nan  ..,1
Khỏi cần phải coi kỹ thứ này nguy hiểm,1
Chọn sai nghề rồi thầy ơi,0
"Chẵng có đạo đức của một nhà giáo ,",1
Nghe không rõ giảng lại ... thầy vì khó thế,1
Thằng nầy làm thầy thì XH nầy hư là phải,1
Loại thầy này nay kg dậy kèm kg có tiền ( bi đien mà,1
"Mang danh hiệu là giáo viên dạy học mà lại không có học môn đạo đức thì nghỉ dạy đi nha em, làm ảnh hưởng tới ngành giáo dục nha em.",1
Loại thầy gì thế này hả tròi,1
"Ông thầy âm binh,",0
Xin lỗi nhưng thằng này làm thầy giáo nhà ở đâu vậy...,1
Thầy giáo nầy tên gì và ở đâu vậy  ?,2
Ky,1
"sau khi làm rõ vụ việc nếu thầy giáo này thật sự như thế thì nên chuyển ngành cho thầy này đi, làm gì cũng phải có tâm chứ đừng nói là làm thầy",0
Hihi hom bua co thang e tui hoc,1
Bởi vậy học online là chỉ có dốt học vì có được học đâu toàn là bị đuổi kích nick không thì làm sao có kiến thức,1
Làm thầy tưởng làm ông nội,2
"Thầy giáo này không bình thường có trí thức không , vậy cũng làm thầy trời",1
"Thầy này nên sang lớp thầy Huấn học lại môn GDCD nhé  cho thầy 9,5 điểm .",2
Tao chui duoc tai tao dot thieu hoc thi mat day binh thuong thoi con Thay co hoc ma hoc cai quan gi vay,1
Thua,1
GV dạy điện tử chắc bị điện chập hơi nhiều,1
Giọng này y hệt của M.C Lê Anh quá,0
Thầy gì,2
Thầy gì mà khùng điên rồ vậy . học sinh không nghe thấy gì hỏi lại thì phải giảng lại chứ .đừng nghĩ mình là to . không có thầy này sẽ có thầy khác nghe.,0
má,0
Cắt bớt hay không chưa cần nói đến. Nhưng những từ ngữ mà từ miệng thầy nói ra thì thầy nên thôi việc được rồi. Thầy không đủ tư cách đạo đức để dạy nửa,0
Thầy giáo như vậy nên nghỉ day đừng giảng bài nữa thầy ơiii. Nhà trường nên có biện pháp với thầy này,1
Phải loại trừ ô. Thầy giang hồ này,0
Trường đại học mà có giáo viên kiểu này hèn gì đạo đức của  giới trẻ bây giờ xuống cấp trầm trọng,0
CA cần vào cuộc,0
"Tại sao ô giảng sv nghe không rõ thì ô đuổi ra, còn sv nói ô nghe không rõ sao ô không tự đi ra mà lại đuổi sv ? Thấy giáo khùng!",1
"Mày làm thầy mà mầy phát ngôn với học sinh như vậy ,thì mày con đáng để đứng lớp không vậy,có học sinh để mày dạy học thì mày mới có lương nha mậy,không lẻ phụ huynh bọn tao đóng học rồi mày muốn dạy như thế nào là quyền của mày hả mậy,nghe mà tức",1
Thầy giáo gì  giống như  mấy  thằng  chân  nó vậy,1
Thầy giáo đấy.. ghê thật chứ!,0
Thang thay giao nay no moi choi đap đa đo ae oi,1
Nói cho mà biết thầy giáo giỏi ngoài đời không thiếu nhé không có đạo đức thì đuổi,2
Muốn nghe từ hai phía xem thầy giải thích như thế nào,0
Nghe thầy nói muốn đuổi thầy ra khỏi trường nói với trò cáu gắt giọng không có cảm tình không nhẹ nhàng thật lố bịch,2
Thầy giáo vô học,2
"Biện minh ""đó chỉ là đoạn ngắn không đúng với sự việc"". Kể cả ngắn hay dài thì 1 chữ cũng là thầy nửa chữ cũng là thầy, 1 chữ cũng là nói nửa chữ cũng là nói, cái loại này mở mồm mà không biết nghĩ, xấu mặt nền giáo dục nước nhà.",0
"Móa.Thây giáo mât day,cho hoc môn đạo đưc lai đi",1
Dạy học ăn tiền gặp tao là này loang,1
"Tôi cũng là Gv đây.Vì tình hình dịch,tôi tổ chức dạy trực tuyến cho các em.Đặc trưng mưa miền tây rất lớn.Buổi nào đang dạy mà trời sấm chớp,mưa to là tôi chủ động xin ý BGH nghỉ buổi dạy đó và tổ chức vào buổi tối cho các em.Thầy này là giảng viên tầm cỡ ĐH mà ứng xử quá thiếu tác phong,thiếu tình người và không thấu tình đạt lý.Nản..",0
May phai thay giao không th c. Ho,1
Khác nao nói seo học sinh kia o có tai mặc mũi,1
Đại học mà như thế này thì cấp 1 học sao trời cho dù thế nào học online  cũng thấy là không hiệu quả rồi,0
"Dịch bệnh mà thầy làm như thế này là toan rồi , đuổi cổ đi phần chất người thầy không có",0
Thầy gì mà nơi giáo dục mà nous chuyên y như chốn giang hồ váy? Phải trừng tri con người này kg xứng đáng gọi là thầy,0
Học sinh sai thì đuổi học thầy giáo sai thì kiểm điểm câu chuyện muôn thuở,2
Có 1clip thông chốt tự xưng là giảng viên. Mình không hiểu đối tượng này muốn thể hiện gì. Nhưng nay xem clip của giảng viên này mình mới hiểu những human này muốn chứng tỏ tính khốn nạn của loài man ri giảng viên có thừa. Hãy đợi đấy.,0
"Thầy giáo nc với hs mà dùng từ mắc mớ,là không được rồi,nghe nặng đó. Thầy giáo mà dạy kiểu đó,e không nghe rõ,e đi ngủ ah. Ngồi rõ cái mặt,trời ơi,còn bắt hs  nói ra những câu như là không phải còn là con người hay sao. Ông thầy này phải kỉ luật thôi.",0
A thầy giáo đâu tru nhà em học sinh ấy nuôi trâu cai nhiều lắm đó thầy a đến le lên thầy em.mienphithaydo,2
Đuôi ông hiệu trưởng gấp,0
Thầy giáo gì tư cách thối nát vậy? Xin hỏi bộ giáo dục nghỉ sao về thái độ của vị giảng viên này,1
Thầy giáo gì lưu manh vậy,1
"Thầy này mà có giấy đình chỉ công tác của Bộ giáo dục và Đào tạo thì đi đời nghỉ làm thầy luôn , tôi cá chắc luôn",0
"Thầy giáo không có tâm , đuổi",2
SV chứ thầy giáo gì..dạy ăn tiền chứ dạy không lương hả trời.,0
ông thầy này khó khăn,0
Thằng thầy giáo này thế nào cũng ăn đòn.,1
Sao thầy lại làm vậy khi học sinh yêu cầu chính đáng.,1
Da thua thay . thay cung chi la 1 thang lam thue huong luong cua nhung hoc sinh nghe thay,1
"Thầy giáo hay bố láo .
Ra đường mà nói cái kiểu nấy thì chỉ ăn no đòn .",1
Có đáng làm thầy không mọi người.,1
Chắc nó bị điện giật rồi.,0
"Tội e quá, tôi không biết trước đó như thế nào nhưng bị thầy đáp trả như vậy làm ảnh hưởng đến tâm lí của e",0
Thằng này mà làm thầy giáo thì nền giáo dục đi về đâu,0
De nghi thay giao nay hoc lai mon đạo đức lớp 1 nha.,1
Thầy giáo mà độc đoán và hành xử y như con do,0
Thầy gíao mất dạy,2
Trình độ chưa nói lên được ý thức và văn hóa của 1 người,1
Nên đuổi thằng thầy giáo nầy trước.,2
Các bạn có tin là được vào không . Mình thì tin chứ . Chắc lại ép học sinh nhận là được cho vô lớp hahaha,2
Đúng là học online,0
Thằng thấy giáo này quá đáng. Đạo đức nghề giáo đâu.đạo đức con người với con người đâu,0
Chăc rút kinh nghiệm thôi bạn ơi,0
Thằng này mưa to đẽo nge thấy gì mà thầy chửi lại ghi âm rõ thế. Nên đuổi học sinh này,1
"@vietnamesemechanical7732  bạn nói có lí đấy. Nhưng cuối cùng thầy vẫn là người sai. Vì sao , vì thái độ bạn. Và lời nói có tính xúc phạm.",0
@phattruong2585  trường tẩy trắng rồi,1
@vietnamesemechanical7732  này người khác trog lớp quay lại chứ cái bạn ns bị kick ra rồi thì làm gì còn đoạn sau ns bắt đọc tên,0
"@vietnamesemechanical7732  cái này hình như là cái ghi hình lại mà
Với ban đầu tiếng mic của nam sinh nghe tiếng mưa rành rành",1
"@vietnamesemechanical7732  ghi âm chỉ người nói. trong khi chỗ thầy qá yên tĩnh không mưa thiết bị đầu thu tốt thì ghi âm nghe rõ là chuyện bình thường, cũn như chỗ og sv kia mưa nghe lào xào nói chả câu nào rõ vành đâu, bạn đặt câu hỏi lú thế",1
Thầy giáo không có đạo đức,2
@vietnamesemechanical7732  Sao im re rồi ?,1
"@vietnamesemechanical7732  bạn có vấn đề về âm thanh hả bạn trong video người ta bảo rằng sau khi nam sinh í bị đuổi ra ngoài thì có một học sinh trong lớp bức xúc nên đã ghi âm lại đoạn video để up lên mạng xã hội ấy hiểu không bạn. Mai mốt trước khi trả lời hãy nghe hết câu hỏi trước khi trả lời nhe bạn 
Rút kinh nghiệm đi bạn ơi",0
"Bạn nói rất đúng. Thầy mà có tư cách hách dịch cửa quyền như vậy sẽ ảnh hưởng rất lớn đến tâm lý của các em sinh viên. Rồi đây những giờ học sau này của các em với thầy sẽ không tránh khỏi cảm giác nặng nề, áp lực, không thoải mái, thì các em tiếp thu bài kiểu gì đây! Chưa kể qua việc này, thầy lên lớp chỉ để dạy cho có mà thôi.",0
Em cũng bị như anh SV này,1
"Đúng rồi. Có trình độ, có kiến thức chuyên môn là một chuyện. Còn có đạo đức, có văn hóa tư cách hay không là chuyện khác",1
Sinh viên đồng loạt yêu cầu nhà trường  không cho ông này đứng lớp này nữa. Sẽ là một bài học cho ông này. Cần phải tôn trọng nhau. Thời tôi đi học thầy giáo mà không tương tác tốt và thực hiện tốt việc giảng dạy là sinh viên cả lớp yêu cầu thay giáo viên môn đó ngay,1
"Thầy ơi !!!!? """"Não """" với"""" lỗ tai  """"THẦY bị hư rồi... Em mời thầy ra khỏi phòng học online ạ....",2
Đề nghị nha truong duoi cai thang thay giao nay nghi đi.,1
Thầy giáo gì mất dạy vậy,2
Có làm phu huynh thất vọng với cách ứng xử này. Bởi kg có sự lựa chọn nào !?!,0
Thằng thầy giáo này cho nó về nghĩ đi chứ thầy như vậy thì thiếu đạo đức rồi,2
"Thầy,giáo như thế về qe di",1
Thầy bậy rồi ...,2
Trả lời kiểu này chỉ có thầy Lộc phụ hồ thôi,1
Thằng thầy này ở đâu mà mất dạy quá vậy,0
Trời Tâm Đức Thầy Đâu Rồi,2
Thầy gì cái loại ấy,0
Thầy giáo trường đại học sư phạm kỹ thuật con em mình nên tránh trường này nhé,0
Thay giao that hoc ma con di day sv,1
"Ông thầy này có biết BS giờ này họ còn vật vã ngày đêm để cứu bệnh nhân không, ông sướng quá sinh bệnh hả đồ ông thầy độc ác",0
Thầy giáo này cho về quê chan vịt mới vừa,2
Hiệu trưởng trường đâu...có nge không...đuổi cmn đi cho rồi,0
Thay giao nay ve chan de la vua,1
"Thầy gì vô duyên cho ông ra khỏi nghành thì có , thầy ích kĩ khốn kiếp !Bởi vậy có giáo dục chưa chắc có văn hoá, đi học cũng đóng tiền nghe thầy ơi! Ủa thầy cũng Khg nghe sao?  
Giảng viên đại học đó à! Nói chuyện giống dân chợ trời quá!",1
Thầy  này cũng gọi là Thầy  sao,1
"Thầy mà dữ như thế hỏi rằng học sinh biết học ai , goi thầy giáo như mẹ hiền mà",2
"Vấn đề là kêu từng sinh viên khẳng định tên gì? Có đủ tai, mắt...người bình thường đã đủ tố lên bản chất sự việc thầy không ra gì? dù clip không thể hiện hết đi nữa chỉ là biện minh không thể chấp nhận.",0
Thầy giáo như QQ nói chuyện thua mấy bà hàng tôm hàng cá ngoài chợ vậy mà để cho dạy học được hay,2
Vậy là ổng cũng bi diet,1
"Không lẽ do dịch bệnh kéo dài khiến gần đây không ít kẻ ""lớn xác"" luôn mất kiểm soát trước bàn dân thiên hạ khi ""lên sóng"".  gươm rút ra còn cất lại được, lời nói đã phát ra khỏi miệng thì không thể",0
"Thầy dạy khg có tâm.Khg có học sinh thầy lấy ai để dạy. Đã nói là mưa to khg nghe rõ, đã vậy chưa kể mấy hôm nay mạng chập chờn. Thầy rờ trán coi có bị sốt khg.",0
"cai loai nay tong co no ra khoi truong đi thay cai kieu gi vay.,.",1
Chào ôg thầy học thiếu môn Đạo đức !!! Nghe mà muốn ói vì tư cách thầy giáo !,1
"Ông thầy này không có con hả ,thầy đối xử với trò sao nay mai con ông như vậy đó ông thầy biết chưa đồ độc ác",1
Ông thầy này nghĩ ổng là ai mà vênh mặt lên trên mạng.tại bị dịch nên chính phủ mới ra chỉ thị học qua online.chứ bình thường ai mà cần ổng dạy trên mạng.có 1 chút đóng góp mà cũng bố láo.vậy làm sao trồng người đây thằng thầy,0
Ng có  trí  thức  nói  chuyện  có  khác,1
"Thằg Thầy đánh trời đéo có tâm,đừng làm Thầy nữa mà làm đầy tớ mới đúg bản chất của mình.",0
Ông thầy này không có tâm cho ổng nghỉ day là vua,0
Nên nhớ trước khi học làm thầy giáo thì phải học cách làm người đã .,2
Dao vien dcs 4 chan,1
"""tôi tên Nguyễn văn A gì đó có đủ miệng và giác quan như người bình thường bắt đầu !""xúc phạm đến nhân phẩm của từng sinh viên",1
Thay giao gi ki vay,1
Chuyện thầy cô giáo chửi học sinh là chuyện bình thường vẫn diễn ra như cơm bữa,1
Thằng này cũng làm thầy được à,1
Thầy hay thằng,2
Ăn nói y như bà CC nữa rùi,1
Giáo viên mà ăn nói như kẻ bụi đời chợ lớn zậy ạ.,0
V. K. A.,1
Võ khánh .A,1
@chienchien3637  b này nói chuyện có duyên ger.,1
"@nguyenthinhung4406  cô cũng vậy thôi, ăn nói kém duyên .",1
E đeo trợ  thính  thầy  có  hiểu  kg  .?tổn thương.,1
Thầy kiến thức cao hơn thì nên sử xự văn minh hơn. Có thể nói học sinh hãy xem lại video sau hoặc tra cứu thêm sách sau.,2
@nguyenthinhung4406  so sánh khập khiển vậy ? Cháu HL14 hay e DVH vậy Nhung ? Âm binh biết dùng dt ah ? Còn biết viết chữ nữa ... ghê ta,1
@trungvoinh7409  nói đúng quá bạn ơi.,0
"@epgailien695  người ta kêu nói chuyện như bà cuồn cuộn ý nói chuyện y như bà Hằng ấy bạn ạ 
H biệt danh của bà Hằng là bà cuồn cuộn viết tắt là cc 
Vậy đấy",1
"@trungvoinh7409   người ta không đúng bạn cũng chả khá gì đâu bạn 
Bao nhiêu cách dùng từ sao bạn lại chọn từ ngữ kì thế 
Nói người sao không biết coi lại mình bạn",0
"@duytantruong5285  uhm, mình cũng thấy vậy. Sr mọi người vì dùng từ ngữ hơi quá",1
"Gv mà ăn nói như gì:"")",0
​ @chienchien3637 làm chim chiền chiện cũng vào bình luận chuyện của sinh viên....Chán..,1
Xam lo,1
Ăn nói mất dại không coi ai ra gì . Đâu phải thầy là có quyền muốn nói gì thì nói đâu bạn,0
Ngt đi học không phải đi vô nghe những lời nói xúc phạm ok chưa bị chẩn đầu xe đập cho mai rồi ở đó xúc phạm ngt,1
Ông thầy này vừa phải thôi nhé! Quá độc ác,0
Tôi nguyễn văn a.có đầy đủ mắt mũi miệng và tai. giác quan như người bình thường....thật là vãi chưởng,0
Dao vien dcs,1
Thây giao kiêu gi vây trơi,1
Thầy quá đáng vậy,2
Loại thầy này cho nghỉ việc luôn đi chứ để làm gì để sấu hổ nghành giáo dục nước ta,0
"Kêu gọi Tôn Sư Trọng Đạo vậy cái Đạo của “ Ống Sư”này có đáng được Tôn ?? Vã lại SV học cũng phải đóng tiền, giảng viên dạy cũng có lãnh lương mà. Đâu có cái gì xài chùa đâu!",1
Đuổi ổng là ok nhất,1
"Thầy giáo mà khó khăn quá  học sinh, sinh viên sao chịu đựng nổi",2
Thì đuổi a làm rối thôi. Những bạn còn lại làm gì Thầy,0
Có tài mà không có đức thì vứt,1
Ẻm tên Tiền Tù Tội bị mù tai  nghe rõ cuộc đời lạc lối gặp được thầy,0
"Đuổi ông thầy này khỏi trường mau,vì không tư cách đạo đức",0
"thay ten gi vay
cho giang ho sao",1
Dạy mà chán quá thì nghỉ đi  cho khỏe,0
Cho dù là cắt bớt đi nữa thì cái người phát ngôn ra những câu nói đó không xứng làm thầy của người khác.,0
thầy giáo hay giang hồ.chắc băng thầy giáo đi mua rồi,2
Ác quỷ đội lốt Thầy ! Thương các em,2
Thầy này là thầy đạo dụ rồi,1
đó là cách sỷ nhục,0
thầy giáo hây côn đồ cần loại bỏ đề nghị bộ giáo dục khai trừ những giáo viên kg đạođức thiếu trách nhiệm cua thầy giáo,2
@thinhkhang6216  dù biết thầy sai .nhưng đó chỉ là một  đoạn của clip thôi thầy đã cho em vô học lúc đó luôn.xem xét thôi chứ đuổi thì hơi quá,0
"sai từ lời nói và hành động, không liên quan gì tới cắt ghép cả.",0
Uhmm,1
Có bằng nhưng không có lương tâm,1
"Con tôi đi học là do bat  buoc  phải học như thế chứ thật chẳng hề tu  nguyên  . Đi học chứ không phải tôi  pham  , thay  giao  mà vậy hả,  đang bắt  nat  và sĩ  nhuc học sinh  của mình,  có xung  đang  là người  gieo mầm hay không . Ko biết ai là người  vô  học,  chắc không có đủ  giac  quan thì sẽ là kẻ thất học.",0
Rất buồn khi thấy clip này . Thầy giáo ăn nói như nhà vua nói là phải nghe phải làm .,0
Giống mấy lớp dạy bán hàng đa cấp,1
Minh noi minh xl không phai minh voi dua ca nam co thay giao bay gio hoc cang vao nc doi su can mat day,1
ông thầy mất dạy không dạy thì thôi còn nói thằng đuổi hs,0
Minh co cai chuon bo không ai coi .keu thay len đay hot phan bo di.,0
"De nnghi duoi thay giao nay lap tuc ,vo van hoa,",1
Thầy lựu đạn,2
Thằng thầy giáo học lại môn đạo đức,2
Hồi đó giờ thầy không co day onlike nên nay đươc day làm ra vẻ chúc vây mà,0
Cho ông thầy này lên hết trang mạng cho ổng sáng nhất đêm nay lun,0
.xin thầy đấy ... hãy trả lại cho 2 chữ  :  THẦY GIÁO .  Được quay về ...ĐÚNG VỊ TRÍ  của nó .,2
"Thầy giáo gì mà nói chuyện nghe mất cảm tình, về nhà nui heo đi",0
"thầy giáo nầy bị giãng cách lâu quá,thần kinh bấn loạn rồi,,,",0
A cái đoạn clip này là của thằng thầy mất dạy này mà.  Làm gì có cắt ghép ở đây  . Đúng là bao biện và bao che cho nhau  .,0
"Trời trời
Mưa nghe kg rõ thằng thầy nào mà khó vậy làm thầy hay làm trùm xã hội đỏ vậy hả trời tự ái nóng chưa",1
Thay oi thay ma giang cho e kieu do la măt that bâm xanh lien,1
Thầy giáo phát ngôn phải có chừng mực,2
Như z mà cũng làm thầy giáo không biết day ai ah.nghe mà tức ah,0
THẰNG THẦY NHA BẠN NÓ KHÔNG XỨNG VỚI DANH TỪ MÀ BẠN DÀNH CHO ĐÂU,0
@manle8517  Tại thấy ổng cũng lớn tuổi nên gọi là ông thôi,1
Trẩu quá b ơi,0
Lớn mà nhân cách không đáng để tôn trong thì kiêu bằng thằng chứ sao,1
"@manle8517  Thầy không đủ khả năng sư phạm, tâm tầm tài quá kém

Ngành giáo dục có những thành phần, quá ngu ngốc",0
Xin cho xem mặt anh thầy này đi.....có ai có hình anh thầy này không....quăng lên chuồng sư tử....đớp....,1
"Mọi người ơi! ông thầy này bị đuổi ra khỏi nghành chưa vậy,không biết ổng có xem clip này chưa ta.",1
​ @manle8517 ừm,1
"​ @vuongtruonghaianglop3a175 ảnh hưởng bà gì đến ổng đâu. Như h bạn biết ổng là ai không? Mà biết thì bạn làm gì ổng? Báo Công An à. Ổng sợ quá cơ. Nên ổng cứ thản nhiên làm đấy, ổng đi dạy như vậy bao năm rồi chứ phải lần đầu đâu. Cũng chả ai làm gì được ổng. Bộ giáo dục thèm quan tâm lắm, chừng nào căng dữ lắm thì may ra chứ 100 Clip, 1 ngàn câu chưởi trên MXH cũng vô nghĩa thoi",0
Bây h học sinh có sai. Là một người thầy thì cũng dừng có ăn nói như vậy,1
"Đích  thân là thầy giáo mà mở lời nói vậy , mưa to quá mắt mớ gì mưa to quá  tôi phải giản hai lần . Đề nghị cho thầy này về vườn đừng để  người này  đứng lớp  . còn người  này có con đi học không. Dù có cắt bớt, những lời nói của người gọi là thầy cũng khó chấp nhận .",0
Hành dong lời nói kieu học Sinh kiếm tra tai mat là hành dong si nhục người khác. Là hành dong cua ke không co Dao dức không chấp nhận o ngành su phẩm dược.,1
"Thầy covic mà bạn yêu cầu quá đáng, phải nói là em giống thầy i như covic",0
"Thời này đúng là phải vậy trò cũng nên nghe những lời thật lòng như vậy chứ  bấy lâu cứ ru ngủ  học sinh thì sau đi đâu cũng khó, thích Thầy như vậy",0
Thầy này chắc về hưu sớm,0
"1 nền giáo dục súc vật thì sẽ đào tạo ra cái gì,bộ trưởng giáo dục kim sơn tưởng thế nào hóa ra cũng rác",0
Có tiền học được tri thức mà kg học được đạo Đức.,1
Tội nghiệp nam sinh viên đó quá,0
Trời ơi lời lẽ sao khó nghe vậy.,1
Học vị cao chưa chắc học thức tốt,1
thầy giáo vì du côn v thì sao dạy học sinh nên người tốt...,1
Gặp e là e mở lên đố thầy giám xem đó ! Cần thêm một điện thoại quay lại !,0
Thầy quỷ,2
Đuổi việc thầy giáo rồi tặng kèm sách đạo đức lớp 1 đi ạ !,1
De nghi moi lớp dieu có camera giám sát de nhà trường kiểm tra de không con nhưng hành vi xấu cho xã hội.,1
Còn tao mà học đúng thang thầy này là cho nghĩ luôn chứ nó có đạo đức đâu mà day ngta thầy cho,0
"Cách nói chuyện của thầy giáo này là thua,nếu như nhà thiết hay nhà lá thì sao, chứ thấy này thì bỏ thùng rát đi",1
Lên cho okng thày này nghỉ việc,1
Vậy mong các cháu sau này rút kinh nghiệm nghe tai phone không bị ảnh hưởng đôi bên mất thời gian,0
Chính xác,1
vậy thì mày zô đó mà học.hay con mày cũng được.,0
"Đừng nói là sinh viên, kể cả ra đi làm bạn gặp ông sếp nc với bạn thì bạn có chịu được không,  nghĩ ai cũng không có tự trọng giống bạn à, con ng chứ có phải giống gì đâu mà không có tự trọng. Huống hồ gì đây là môi trường giáo dục, thầy không làm gương thì sao trò phục, hay ra trường xong trò học thầy lại khôn nhà dại chợ.",0
Đưa sách cho nó dơ sách giáo dục bạn ạ,0
Chuẩn không cần chỉnh,1
Bạn nói quá hay triệu lai cho bạn  thầy giáo nói mất dạy thì làm sao dạy cho trẻ nhỏ đều tốt đẹp được,2
Học như thế này mốt làm giang hồ,1
bạn nói chuẩn luôn á,1
Qua dung luon,1
Nam mô a Di Đà Phật,0
Lạy thầy,2
Thầy có cần việc làm mới không .về lấy tiền góp cho tiu đi . dùng làm thầy giáo nữa . thầy giáo nói chuyện như vậy . Đi bán vé số nói zay là mo mao zoi,2
Bạn nói hay quá,2
Đúng còn hơn nữa hả gì,0
Đúng luôn,0
Thêm sách lóp 6 nữa,1
Đúng. Chk bạn này lên,0
Đưa cho nó luôn GDCD lớp 6 bảo ôn lại trung học đi,1
LightBlade đúng quá luôn bạn ơi.,0
Sợ rằng nó lấy sách nó chùi đít. Chẳng biết thằng thầy đó có tài không nhưng mà tôi thấy nó không có đức rồi đó. Cho nó nghĩ việc là vừa.,0
lĩnh khương huỳnh chuẩn không cần chỉnh luôn,1
Like,1
Đưa cho nó sách giáo dục Công Dân lớp 1 hay mẫu giáo á Ổng cũng chưa học mẫu giáo nên không học lớp 1 kk,1
"Người ta không có đạo đức thì học sẽ có , còn ông thầy này học bao nhiêu cũng chả có đạo đức đâu",1
@Azme478  Ba mẹ ổng đâu có dậy ổng đạo đức nên học cũng dốt lun,0
Triệu like,1
Mn ơi,1
Mn nhớ từ thiện cho ổng sách đạo đức nha,1
Hmm không có sách dự cho thầy nhá,2
Quá hay,2
Quá đúng,0
Đúng rồi,0
Chuẩn lun rồi đó,0
Vs thêm cuốn GDCD lớp 6 nữa bạn à,1
Học luôn mẫu giáo,1
chuẩn nha,1
Mời ông về mầm non học nha!,1
Xin Vĩnh biệt cụ,1
"Nói đúng lắm bạn,cho zừa ông đó",0
@hanamei6240  Thật giống việc bố mẹ dạy con cái đấy nếu con cái họ sai thì phải tìm hiểu nguyên nhân vì sao nó sai và đưa ra bài học để rút kinh nghiệm thì con mình sẽ hiểu là à thế này mới đúng thế này là sai thế này là trái thế này là phải việc dạy học cũng tương tự thôi học sinh không hiểu chỗ nào thầy cô cần giải thích nhẹ nhàng để cho học sinh hiểu ra vấn đề chứ đằng này quát ầm ầm đấy ai mà hiểu được,0
Bạn nói siêu siêu siêu đúng luôn,0
:yougotthis::yougotthis::yougotthis:,1
Mình có ý kiến lên trường của thằng thầy này trên fb thì bị bọn nó chặn fb thì bạn hiểu tư cách cái trường này nó ntn,1
Cái lùm mía,1
dung la dao duc lam thay,1
tặng kèm sách đạo đức lớp 1 cũ của tui cho ổng được không,1
@MinhLong_388  ê chắc năm sau đến ngày 20/11 thì bảo ổng là đừng hỏi tại sao sv không tặng hoa cho ổng mà tặng sách đạo đức lớp 1,1
Giáo dục công dân nữa,0
Oh my Chúa!!,1
"hay, very good, phải tặng thầy đắc nhân tâm nx mới đủ",2
"Đúng, đúng, hợp lí",0
Thầy như vậy hỏi sao xã hội đi lên được. Mục nát từ giáo dục,1
Học  đả mệt rồi còn gặp ông thầy nầy chắc học sinh khổ  và mệt luôn,0
"Học sinh o nghe kêu thầy nói lại thì thầy bắt bẻ đòi đuổi, còn thầy o nghe rõ thì ai đuổi",2
còn nhà mình học lớp 2 khi vào học các bạn ồn ào nghe kg được cô dạy  con kêu quá trời,0
"thầy giáo gì chợ búa quá vậy không giảng lại thì thôi,chớ sao xúc phạm hết từng đó học sinh,đuổi thầy giang hồ nay ra khỏi trường
 đi",0
cho nghi day vinh vien va tuoc bang cap cua nhung thay giao nhu vay.,1
Thấy giáo mất dại quá chắc lấy bằng ở đại học đông đô quá,0
Tội lại ông thầy gian hồ,0
Thẩy mất dậy,1
Thầy giáo thời nay không có tính người. Thời của dong tiền lên ngôi.,2
Hết cán bộ ngu dốt giờ giáo viên không có đạo đức không biết những mầm non của đất nước sao này sẽ đi về đâu,0
Sợ học đại học quá anh em ạ :(((,0
"Toang hiệu trưởng đuổi là chắc thể loại này dạy ai nên thân được,,thôi về câu cá đi con",0
Học sinh nói thế ông còn không nghe muốn chi là học sinh,0
Nhờ COVID ma trong xã hội Việt Nam moi nhìn rõ mặt tất cả những người co học thức la nnhu the nao,1
Thầy giáo nói chuyện giống giang hồ quá... Đại dịch người ta đã khô quá rồi còn không thông cảm cho các em...,0
Thầy giáo bị dịch. Mất dạy rồi.,0
Ông này bị khùng rồi...cho vô bệnh viện Biên Hòa đi..đi dạy học tội cho Sinh viên.. người ta rất bình thường... chứ không như Ông này,0
Chụp hình cái mặt thầy giáo lên facebook cho cđm xem?,0
Nên kỷ luật  giáo viên,2
Phụ huynh nhiều khi thấy sinh viên bỏ học thì họ chỉ trách sinh viên còn giảng viên ra sao họ có biết đâu .,1
"hs học ông này chắc căng thẳng sợ hải lắm ,hở tí là đuổi ra khỏi lớp",0
Cái này thì hỏi hiệu trưởng trường nk,1
Chế độ cs thầy giáo là vậy đó,1
Phải chi học sinh lì lợm thì mình hông nói nha! Như em này tập trung vào học chỉ là mưa to hông nghe thầy giảng mà thầy lại lên tiếng khó sử. Thầy làm vậy thật nhục cho nhà trường.,1
Nếu thật sự mà thầy giáo phát ngôn như vậy với học sinh sinh viên thì đuổi thầy này ra khỏi ngành được rồi. Giang hồ núp bóng thầy giáo.,2
Học tại lớp chưa chắc đã ổn.còn bài đặc học onlai các kiểu.xàm xí,1
Loại này mà làm thầy,0
Thầy chuyển nghề được rồi,0
"Cho ổng nghĩ luon đi. Mọe thầy mất dậy, thầy đi làm không có tụi sv lấy chó gì ăn. Luong của mấu ông là tiền học phí đóng đó mấy cha.",0
Vậy là thầy giáo vì chứ ông trùm giang hồ thì dug hơn,2
Thầy nói chuyện mất dạy,0
Bó tay cho thằng thầy này,0
Thầy giáo này chắc là thiếu môn đạo đức trong giảng đường,2
thấy giáo gì wa mất dạy vậy trời. .cũng mai là mới đầu năm học. chứ học cả năm thì học sau nổi với thằng này. .,1
"Giống MC giảng viên Lê Anh rồi, nổi tiếng ha, đừng chối nữa",1
cũng may là học có trả phí đó chứ không trả phí là no coi sv như thú  ! mà đoạn clips rỏ vậy có cắt ghép gì cũng không có thầy nào nói như thế,0
"Làm thầy mà nói chuyện bố láo vậy, thầy giáo hay ông cố nội vậy, không biết tại sao bên ngành giáo dục lại cho thằng này nó đứng lớp dạy người khác vậy",1
Loại thày này hơi mất dạy,1
Thấy bố láo. Láo toét. Thầy trường nào kỷ luật ngay và liền Đi,1
"Giảng đường hay ""ra đường "" ???",1
Dạy mà cọc quá thì nghỉ mắc gì đuổi HS.....,0
"Thay giáo kiểu này day học trò sẽ không mất ,",0
Ông nầy muốn thể hiện  “quyền lực “ làm “ thầy “ đó mà ! Ông nầy là “ giáo gian “ !,0
"có clip ghi âm rỏ ràng rồi ,nếu gì nửa bạn",1
Đuổi thẳng thầy giáo đó đi chứ để làm gì,0
"quyền lực à nực cười này thì quyền lực này "" chát chát chát""",1
Giảng viên như giang hồ,1
"trình độ không cao đâu bạn ơi,văn hóa thì lại không",1
@nguyenhimnh7454  thanh niên trẻ trâu phát biểu,0
"Ông bà xưa nói : “ không thầy đố mày làm nên “ cho thấy sự tôn sư trọng đạo như thế nào ? Thầy giáo mà như thằng này thì đuổi thẳng cổ ra khỏi nghành giáo dục, đừng để mất hình tượng người thầy giáo.",0
"Trình độ học vấn cao, chứ chưa chắc Văn Hóa cao",1
Ông thầy này mua bằng để được làm giáo viên chứ ngày xưa ông ta đâu có học đâu,0
"thầy chơi đá quá liều nên tới tiết dạy mà đá vẫn chưa tan hết nên vậy đó  vẫn còn hơi bị ngáo, đang nghĩ là giảng bài ở khu chợ cá.",0
.,1
Thầy giáo này có đạo đức đâu mà thiếu hả bạn,0
Thầy này cái gì cũng có. Mà đạo đức og không có...,1
Coi chừng thằng thầy giáo nầy ngáo đá.,1
9x,1
"@HUYNGUYEN-vv8si  học viên không nghe rõ được tiếng thầy giảng, bị look khỏi tiết học, khi bắt học viên chứng thực rằng, mình có mắt, mũi ,tai lành lặn, để nghe được tiếng thầy giảng bài. Thì thầy không nghe được tiếng của học viên nói, chứng tỏ tai thầy có vấn đề. Và cuối cùng bạn học viên cũng bị đuổi. Ông thầy đạt danh tiếng nhất đầu năm học của mùa COVID",1
"Các bạn thông cảm,giáo viên ngày quá  nay thừa đạo đức mà.người khiêm tốn còn chẳng ăn ai vậy mà có giáo viên phát biểu tôi dạy từ đứa không biết gì cũng đỗ cấp 2,3",0
Thay mat day.. chứ thầy gì...,0
Hồi xưa không có môn đạo đức bạn ơi. Thời ông thần này học không có môn đạo đức.,1
kakaka,1
Thây giáo mất đạo đức nhà  trường xem lại thái độ của thây giáo lơn,1
Cắt  bớt chứ không có thêm còn lời nói không văn hóa của thầy giáo là có thật,0
Thầy giáo này dạy kiểu gì vậy….?,0
Thầy kiêu trò đi ngủ vậy thầy sin giải nghệ đi thầy kg có tâm đức,2
"Ông này không phải thầy. Ý thức làm thầy không có. Chắc vì ổng có đầy đủ giác quan mà kêu học sinh   nêu đầy đủ giác quan. Học trên lớp nhiều lúc, tiếp thu còn không kịp nói gì học qua online. Không nghe hỏi lại còn bị mắng. Bó tay",0
Thầy phải thế,0
Thầy phải thế,0
Thầy phải thế,0
Thầy giáo gì mà mất dạy quá,0
"Câu đầu nói đúng, mưa to quá thì không nên vào học làm gì, vì nếu vậy kêu giảng lại thì lại mất time kiến thức của học sinh khác.
Còn câu sau là không đúng tác phong giáo viên, nói chuyện kiểu như vậy với học sinh, giáo viên kiểu gì vậy, mưa to đeo tai nghe còn không nghe được do mưa to, chứ có con mẹ gì đâu mà nói chuyện kiểu đó, khúc sau lại càng không đúng hơn, bắt học sinh nói chuyện như vậy như mình, thật đúng là nên đá đít ông thầy này đi, chứ dạy vậy là chết r
Đã học online còn khó khăn mà toàn gặp giáo viên kiểu vậy là chết hết học sinh rồi.",0
Thầy kiểu như này thì TOANG rồi...  Đuổi Ổng mới đúng,0
Học nhiều mà còn thiếu thì gọi là thiếu học.Thằng thầy tào lao.,1
Thây gì mà lạ quá nghĩ đi,0
Thầy làm như ông nội người ta,0
"Không nên để ông thầy này làm nghề thầy giáo, nên chọn nghề khác thích hợp hơn, may là thầy này đối với hs này biết lên tiếng nói cho mọi người, chứ nhận cái lớp cho trẻ nhỏ thì thôi không biết xảy ra gì nữa, không có tình",0
Thầy gì không có tâm mưa to em nó không nghe rõ nói lại có mất thời gian nhiêu đâu,0
Tình yêu thương của thầy giáo này chắc đi du lịch rồi,2
26 ổng còn không nge ngt nói mà đòi làm má thiên hạ,0
thầy này nghỉ dạy được rồi ák.,0
"Thầy giáo có quá dư tư cách đường phố,chắc vì giảng viên này do cách ly nên kg mua được hero nè !",0
Hang do la duoi no di,0
Thằng  thầy giáo  này  mua bằng  đó  bạn,0
@thibichngocnguyen8420  mình nhầm hoyy mà,0
@BaoTran-ox9pt  hihi có gì đâu dù sao cmt của bạn rất hài rùi,1
Chả bi vk cấm túc hay sao mag máu dồn tại não đó..,1
Thôi toang,0
thay lao that,1
"Loại này không phải giảng viên,giang hồ thì đúng hơn.Giảng dạy mà đe dọa sinh viên còn được ""bảo kê"" nữa đấy",0
Thầy giáo này chuyển ngành được rồi  nè.,2
Thầy xong đợt này có nghề mới chuyển sang làm giang hồ..))),0
Thay giao mat day,1
Thằng này đúng là kg bình thường,0
"May ong lanh dao co thay không, thay giao day one lay do, qua dot dich nay con nguoi ta dot het, muc tieu kep",1
Thầy giáo gì mà  cọc như quỷ,0
Trường đuổi thầy đi chứ để thầy đuổi học sinh là toang,2
Người có tri thức chắc gì có đạo đức.,1
Thầy giáo thật là ráo m ác,2
Thay giao nay o dau vay. Giao vien ma noi chuyen nhu vay .tot nhat không nen cho nhung giao vien nhu vay giang day,1
Thay giao vo duyen,1
Mình đoán là gv bộ môn,1
Thầy giáo nay chắc mới bị vợ chửi,0
Thầy giáo quá đáng trời mưa học sinh nghe không rõ phải thông cảm cho học sinh chứ còn đuổi người ta là Sao,0
Đầu,1
Cái này là thằng chứ không phải thầy,0
Nó đánh bờm đầu,1
Ra đường nó chém chết tại chỗ,1
Bạn nói chính xác thấy giáo côn đồ,1
Thằng thầy này rất ác .Bán kiến thức vớ vẩn,1
"Không đáng làm thầy , thầy gì mà kỳ vậy ?",0
"Ông thầy này không xứng đứng trên bục giảng,  nên cho ra khỏi ngành vì tâm ác độc em sv nhờ giảng lại thôi  mà ông xúc phạm cả lớp.",0
Thấy này không có đường sống ở giang hồ đầu,1
Cho ổng học lại đạo đức lớp 1 với cho vào danh sách đen là được rồi,0
Nói hay quá,2
@lienbich7648  thông cảm tại hôm nay thầy chơi hơi quá liều,0
Ổ làm giang hồ không có thàng đại ca nào nhận nó. Mà nó có làm đại ca đi nữa củng méo có thàng lính nào đâu.,0
"Có nghỉ dạy mà xin vào học lớp học lộc fuho,hỏi coi ổng đủ tay,chân,mắt,mũi không",1
Đạo đức con người phải đi đầu thì mới dạy học người khác được,1
Vì thế các em hs thường có tâm lí không dám hỏi lại bài với gv,1
giang hồ Mõm,1
Chuẩn không phải chỉnh,1
@yeunghethuatvaamnhaccotruyen,1
Ủa mà học bỏ tiền chứ đâu phải miễn phí....??? Mắc mới gì thằng thầy này đuổi??? Thầy bà gì lạ nhỉ??,0
Có vậy mà cũg làm khó. V mà làm giáo viên được sao,0
Đuổi 1 mình thầy thì còn giữ lại được cả 100 sinh viên...còn giữ lại 1 mình thầy thì...mất toi 100 sinh viên....đuổi học sinh riết không còn ai học cả....,2
Thầy tiến sĩ đó nha,1
"@vantunghuynh853   
Đúg là có thầy khó thầy dễ. Nhưng mà ngta khó là do mình làm sai gì đó hơi trầm trọg, ngta làm khó cho mình không sai nữa. 
Chứ làm khó kiểu này là không được.",0
Đuổi hết một cái là lớp trống không luôn,1
Chính xác,1
Làm thầy giáo thì chưa chắc đã có tri thức@@,1
Quá chuẩn luôn,0
Thấm vc,0
Dc làm thấy tưỡng mình làm tướng.được học tri thức nên covid nên quên các bạn thông cảm,1
Nói quá hay,2
Cũng đúng đấy.,0
Van hoa nam coi,1
Chinh sac,1
"I
Hhdgatdhj      uggjv uggj",1
@Shen TN húuie,1
chính xác100% luôn,0
t toàn ngủ với chơi game  học làm gì,0
Quá chuẩn,0
Ok ban noi dung,1
Thầy giáo kì cục,2
Chính xác ông thầy này không có đạo đức,0
Quá chuẩn,0
Tán hành bờ ro,1
Ns sai rồi đúng là không cs đức thật nhưng ns chuyện v chắc gì đã cs tri thức,0
Chắc gì ông này cs tri thức ns chuyện kiểu này đã quá rõ,0
Thầy mắc dịch có não nhưng không có đức,1
Thà là có đạo đức còn hơn có tri thức mà không có đạo đức,1
Hay lắm Hảo huynh đệ,1
thầy này vấ vẩn,2
Chín sác,1
Nói  hay,1
Đúng đúng này hợp lí,0
@Shen TN chuẩn không cần chỉnh,1
Đr,1
Nó đó,0
Quá chính xác luôn,0
Người có tiền mua ô tô chắc gì mua được đạo đức.,1
Xuất xắc,0
Câu nói hay đấy,2
Quá đúng bạn ạ nói quá đúng không sai chỗ nào,0
Đúng,0
Có tri thức mà không có đức >,1
Cho like đê quá đúng,0
Đúng r,0
uk bạn này đúng nè,1
Mình có đạo đức nhưng không có tri thức  * đùa thôi*,1
bỏ quên tiết đạo đức r,1
Cái này bạn nói đúng này,0
"đúng rồi, có tài mà không có đức thì cũng như không",0
Quá đúng,0
Nói CHUẨN mà còn nói to:>>,1
Tui đồng ý,0
Ông thầy này nên đi  làm Giang hồ thì hơn,1
Hộp lí,1
Ừ,1
Hợp lí,1
Nói đúng luôn,0
Đúng r,0
Sống thiếu đạo đức thì sống làm gì nhỉ mn,1
Tùy vài người,1
Đúng,0
"Người ta sống tuy có tri thức nhưng nếu coi nó như một cục thịt lười biếng thì chắc chắn hậu quả sẽ như trên. Thầy chủ trì ở trên đáng bị lên án vì không tôn trọng ý kiến của sinh viên, mà còn dùng quyền lực để bắt bẻ các sinh viên khác tuân theo ""Luật nhân quả"" của mình.",2
"Ko, người vừa có kiến thức vừa có đạo đức mới gọi là người có tri thức, chứ chỉ có kiến thức mà không có đạo đức thì không gọi là có tri thức",1
Ý thức như ruồi,1
Đúng,0
Bạn nói rất đúng,0
OK,1
quá chính sác,0
quá chính xác,0
Chuẩn cách nói chuyện của ổng kiểu khó chịu vl,1
@nguyenthituyetanh5717  kk,1
Chuẩn không cần chỉnh,1
thầy thì thầu chứ ngoài đời là bik ăn đấm,0
"Nếu tôi thì thì chửi ổng cái đồ điên, nên học lại đạo đức đi khỏi làm thầy luôn đi",1
Có đạo đức khó gấp trăm nghìn lần có tri thức bạn ơi. Nếu đủ lớn thì bạn xem lại xem mình nói đúng không.,0
Bác Hồ nói rồi có trí thức mà không có đạo đức thì như không,1
Đúng,0
Quá chuẩn,0
Đúng thầy cái kiểu chi kì không dạy được thì cút,0
Đuổi việc ông luôn,0
Đúng vậy!,0
Đúng,0
nói đúng r,0
Quá đr cho 1 like,0
Đúng,0
Use this for,1
@nphuy6757  khung à?,1
Đúng,0
Cũng đúng,0
Quá đúng,0
Mỗi người phải có tránh nhiệm chứ thầy nói chuyện như vậy thì ai học nữa,0
Thầy giáo dạy như vậy thì nghĩ day đi,1
dét,1
Hayyyyyyy,1
Đúng rồi,0
Chuẩn không cần chỉnh,1
Đúng rồi đó bạn,0
đúng,0
Hay quá nhờ,0
"Đúng , chuẩn không cần chỉnh luôn",0
Chính xác,1
Mấy ông thầy giáo gây gắt là vì dễ quá sao mà học kiểu về không làm bài tập về nhà thầy bỏ qua thế dễ quá cơ,1
Đúng,0
đúng,0
Quá chuẩn luôn,0
Nhà tao không có tai nghe,1
@clcsqtpttc,1
Hợp lý,0
100%,1
không có chi thức chắc ngày xưa đõ được đại học,0
người việt mà !!!!! haizzza,0
@minhdien6228  học làm gì lớn lên làm thứ rác rưỡi của xh,1
quá đúng,0
(svgcghsvd,1
Chính xác,1
"""Không thầy đố mày làm nên""",0
@_@,1
Nice,1
Hôn lão vừa phải thôi mưa to không nghe,0
IQ vậy ghê,0
Chuẩn không cần chỉnh,1
@levy7233  xứng đáng đuổi không:/,1
@levy7233  chắc chắn:_,0
Phong Hulk  t cũng nghĩ v,1
@ShenTN / Calisthenics / Workout :':O,1
Hay đấy,1
Người đạo đức cần có tri thức,1
Ông thầy tui gặp chắc chắn xử ổng,2
chuan cmnr,1
bức xúc quá,0
quá chuẩn,0
Hs kêu không nghe rõ thì giảng lại chứ mắc gì kick nó ra. Chơi v là chết hs r. Nếu như có hiệu trưởng ở đây là bấm nút biếnnnnnn cho ổng cút ra khỏi trường khỏi dạy luôn,0
Quá đúng luôn,0
Quá đúng luôn@@,0
"bác nói chính xác: Người có tri thức chắc gì đã có đạo đức, người có đạo đức mới đúng là những người có tri thức. Tiên học lễ hậu học văn mà, lễ không có thì văn không cần học.",1
Hợp lý UwU,0
@nphuy6757   chính xác chứ không phải là chính sác,0
đúng này :>>>,0
Chuẩn không cần chỉnh,1
Cái câu này nên treo giữa cổng trường,1
Chuẩn không cần chỉnh,1
Chuẩn không cần chỉnh,1
Mình bị gặp thầy như này r,0
nói hay quá anh ơi,2
Đúng luôn . Ông này không nên được làm thầy,0
ê hello đâu CX gặp nè,1
@honganh5765   ik học thầy lộc phu hô,2
Quá hợp lí bạn ơi,0
Chính xác,1
Thầy mang nỗi khổ của cuộc sống vào bài giảng và trút lên những sinh viên của mình!,2
@minhdien6228  không học thì sao làm được cho đời:/,1
"@camquyt2272  úi sời,nhiều nguyên nhân,bọn nó sống thiếu đạo đức nhưng bọn nó kiểu ""ném đá giấu tay"" hoặc mua chuột mấy thằng vớ vẩn thì bọn thiếu đạo đức đấy ăn quả báo nhưng vẫn sống tốt",1
Um,1
Ủng hộ,1
Đúng quá chuẩn,0
Đù,1
Thầy giáo chưa có đạo đức rồi,1
Đúng chính xác,0
Quá. Chuẩn luôn,0
"Ko hẳn là vậy đâu
Cũng tùy người thôi á",0
Đúng luôn,0
"ông thầy:""người có đức chắc gì có tri thức""",1
đúng rồi e ạ,0
"Làm thầy phải có Ýe thức chứ nói như vậy dậy đó ,  tui mà là hiệu trưởng là tui đổi ông đi rồi không có việc xin lỗi không có lần sao đâu , mình là thầy dáo là có trách nhiệm dạy hc sinh chứa đâu mà nói như vậy.",0
Quá chuẩn,0
hợp lí,1
Đúng rồi,0
Chính xác,1
Đúng đúng có tri thức mà không đạo đức thì cũng bỏ thui,0
bạn nói hay quá,2
Tui là HS tui nghe ong nói mà đỡ tức,0
hợp lý quá hợp lý,0
bạn ơi quá đúng,0
"noi sai roi ,cai loai thay giao nay lam gi co tri t",1
Có tài mà không có đức,0
Quá chuẩn lun,0
Thầy có đủ miệng mắt tai như ng bình thường mà đạo đức của thầy chả bình thường,0
Giảng lại cho ngta nghe một câu thôi mà làm gì quát ầm lên rồi lại đuổi ra khỏi lớp nx rồi lại yêu cầu mấy người kia nói này nói kia đồ chả có tri thức tí nào,0
Đúng đấy người đâu mà không hiểu bình thường,0
@money3844  thôi mà thông cảm đi dạy học cũng mệt áp lực.vv... mà,0
Đúng luôn,0
Nếu gặp tui là tui đấm cho mấy nhát,0
quá đúng,0
Có trí thức mà không có nhân phẩm,0
Đúng rồi,0
Đúng luôn,0
"Chính xác
Thầy giáo không có đạo đức",2
Quá chuẩn,0
"Nghe bạn ns thấy ghét rồi nx tai iphone của ngta hư hay không có, ôg thầy vô duyên không có trí thức mất mớ gì đủi hs",1
Trường hợp này có tài mà không có đức,1
thầy bị gì ấy,0
"Học Với thầy này có khi qua lớp cũng nên, làm thầy giáo thì biết nhiều hơn học sinh nhưng học sinh có đạo đức nhưng thầy thì không biết có hay không!",2
Đồng ý,1
yep,1
Hay đấy,1
Chính xác,1
Chuẩn không cần chỉnh,1
Đúng rồi bạn ơi,0
quá hợp lí luôn,0
Đúng rồi!,0
Đúng vậy,0
"Ta nói ""tiên học lễ hậu học văn"" , ông này chắc học cho cố dô rồi quên luôn câu này",0
Quá hay!,2
Phong Hulk™  nhưng ngày xưa Giang hồ chỉ không có học thôi chứ toàn người có đức,0
Thật,0
trường đuổi lun đi >,1
"đúng vậy cô giáo mink có tri thức nhưng không có đạo đức lúc mink có để thử tờ 1000đ ở chân bàn cô và có nhờ 1 bạn nhìn giúp ai ngờ  cô nhặt xong giả vờ lấy đt : "" nghèo nàn thật nghèo nàn """,1
còn nhiều tội hơn nữa mink chưa kể,1
mink thì lúc đó học ở trường thì mink có cố tình không làm văn để cô đánh ai ngờ lằn chân thâm tím cả chân,1
Quá chuẩn,0
Thấm :(,0
Dung day,1
Đúng rồi bạn,0
Very TRUE,1
Nói chuẩn không cần chỉnh,1
Thấy giáo kiểu này thì đuổi việc ngay chứ sao nữa,1
Chính xác luôn,0
chuẩn  ông thầy này tưởng mình làm  mưa làm gió trong lớp mà lại chửi học sinh thậm tệ tới vây,1
Chắc gì đã có tri thức nữa ấy chứ. Nhiều giáo viên chạy nghề mà.,0
Ừ,1
Đúng rồi,0
Hợp lí,1
Chính xác,1
thầy này ngày xưa tự tin IQ cao quá nên bỏ môn đạo đức đấy mà thiếu kém đạo đức như này thì không đủ tư cách làm thầy tốt nhất để bọn học sinh dạy lại đạo đức cho lúc đấy thầy mới biết quê học đạo đức trước rồi mới học tri thức nha thầy đó mới là một đảng viên,2
"Tưởng mình là giáo viên mà dám nói như vậy,bạn nói đúng lắm",0
Đúg rồi,0
không sai,0
"có thi ms được vô dạy bạn , may ra nhân phẩm được trúng đề",1
nhà trường sẽ kiểm tra những người muốn vào nghề giáo viên nên bạn nói sai,2
đr,1
Đúng 100% luôn,0
Yesssss yesss yessss,1
Subscribe ê ê ê,1
Yes,1
Chắc là có tri thức không?,1
hợp lí,1
Tuỳ người thôi chứ đâu phải i cùng vậy?,0
quá chuẩn,0
Chuẩn không cần chỉnh,1
"Bro,đây là câu nói đi vào LỊCH SỬ đấy philehoang",0
"Đúng đúng, có đức mà không có tài là vô dụng còn có tài mà không có đức là nguy hiểm!",0
Hay lắm b ơi,1
Thấm quá bạn ơi,0
Xuất xắc,0
rất đúng có lý,0
​ @dogmemenhung...nolalam3612 nói ngu còn mạng miệng thì dạy dạy đoàn hoàn không dễ không khó dạy cho đúg phận làm thầy chí dạy mà chữi mà đuỗi ai coi ra gì nx?,0
"​ @HongNguyen-y5f tôi chỉ nói đa số trường hợp hiện nay thôi.Nếu thầy chỉ dạy để cho học sinh kiến thức thì bài tập là cái chứng minh cho thầy giáo bình thường là học sinh đó hiểu bài chứ không phải dạy xog rồi không quan tâm ai hiểu,không hiểu.
Nếu bạn giỏi để nhắn tin dạo như thế thì tôi mời bạn làm thầy tôi luôn cho lẹ?ok!",0
Chan chan phai cho ong nay không xin được viec gì het,1
giỏi mà không có đạo đức = Hitler,0
Hãy nhớ khi đi thi GDCD thường thì 90% là đạo đức giả,0
đúng,0
Đúng vậy,0
1 chữ tâm bằng 3 chữ tài,0
Thầy hiệu trưởng: tôi yêu cầu đuổi việc ông thầy này,2
Cái này goi là tha(`ng chu*' không thê? go.i là thâ`y,0
Good,1
@Thịnh14-đẹpzai  good là sao,1
@diemle2095  hay đó cha,1
Tui đang hc thầy nhưng thầy nài hiền lắm còn cho mng ún nước chung luôn và cho xem máy tính chung luonn,0
@Linhday9502 thầy của bạn vui tính thế .-.,1
@Chuộtbùn  hehe ai pit dou tự nhiên được học chung với thầy đó,1
tui là tui chửi luôn,0
"Người có trí thức chưa chắc có văn hóa. Mời thầy đi học lớp ứng xử. Thái độ khi mời hs ra khỏi lớp, ông ta còn hành xử với các hs còn lại bắt hs khác xưng tên, có đủ miệng và tai giác quan như 1 người bình thường… ôi xứng đáng được gọi là Thầy ư ???",1
Chắc gì đã có tri thức bạn ơi,0
Có tài nhưng không cks đức,1
ÔI HAYYYYYYYYYYYYYY,1
Dung,1
..không đâu ..tối qua vợ bỏ đói nên hnay soắn tới não ...,1
Cách nc của thầy giáo cũng không ra gì ạ.,1
cách nc của thầy hằn học không phải tư cách  ng làm gdục,1
